-- The C compiler identification is GNU 11.4.0
-- The CXX compiler identification is GNU 11.4.0
-- Detecting C compiler ABI info
-- Detecting C compiler ABI info - done
-- Check for working C compiler: /usr/bin/cc - skipped
-- Detecting C compile features
-- Detecting C compile features - done
-- Detecting CXX compiler ABI info
-- Detecting CXX compiler ABI info - done
-- Check for working CXX compiler: /usr/bin/c++ - skipped
-- Detecting CXX compile features
-- Detecting CXX compile features - done
-- Found ament_cmake: 1.3.11 (/opt/ros/humble/share/ament_cmake/cmake)
-- Found Python3: /usr/bin/python3 (found version "3.10.12") found components: Interpreter
-- Found ament_lint_auto: 0.12.12 (/opt/ros/humble/share/ament_lint_auto/cmake)
-- Added test 'cppcheck' to perform static code analysis on C / C++ code
-- Configured cppcheck include dirs: 
-- Configured cppcheck exclude dirs and/or files: 
-- Added test 'flake8' to check Python code syntax and style conventions
-- Added test 'lint_cmake' to check CMake code style
-- Added test 'pep257' to check Python code against some of the docstring style conventions in PEP 257
-- Added test 'uncrustify' to check C / C++ code style
-- Configured uncrustify additional arguments: 
-- Added test 'xmllint' to check XML markup files
-- Configuring done (0.9s)
-- Generating done (0.0s)
-- Build files have been written to: /home/ogan/ME461F25_LittleDaisies/project/ros_ws/build/mobile_sensor
-- Install configuration: ""
-- Installing: /home/ogan/ME461F25_LittleDaisies/project/ros_ws/install/mobile_sensor/share/ament_index/resource_index/package_run_dependencies/mobile_sensor
-- Installing: /home/ogan/ME461F25_LittleDaisies/project/ros_ws/install/mobile_sensor/share/ament_index/resource_index/parent_prefix_path/mobile_sensor
-- Installing: /home/ogan/ME461F25_LittleDaisies/project/ros_ws/install/mobile_sensor/share/mobile_sensor/environment/ament_prefix_path.sh
-- Installing: /home/ogan/ME461F25_LittleDaisies/project/ros_ws/install/mobile_sensor/share/mobile_sensor/environment/ament_prefix_path.dsv
-- Installing: /home/ogan/ME461F25_LittleDaisies/project/ros_ws/install/mobile_sensor/share/mobile_sensor/environment/path.sh
-- Installing: /home/ogan/ME461F25_LittleDaisies/project/ros_ws/install/mobile_sensor/share/mobile_sensor/environment/path.dsv
-- Installing: /home/ogan/ME461F25_LittleDaisies/project/ros_ws/install/mobile_sensor/share/mobile_sensor/local_setup.bash
-- Installing: /home/ogan/ME461F25_LittleDaisies/project/ros_ws/install/mobile_sensor/share/mobile_sensor/local_setup.sh
-- Installing: /home/ogan/ME461F25_LittleDaisies/project/ros_ws/install/mobile_sensor/share/mobile_sensor/local_setup.zsh
-- Installing: /home/ogan/ME461F25_LittleDaisies/project/ros_ws/install/mobile_sensor/share/mobile_sensor/local_setup.dsv
-- Installing: /home/ogan/ME461F25_LittleDaisies/project/ros_ws/install/mobile_sensor/share/mobile_sensor/package.dsv
-- Installing: /home/ogan/ME461F25_LittleDaisies/project/ros_ws/install/mobile_sensor/share/ament_index/resource_index/packages/mobile_sensor
-- Installing: /home/ogan/ME461F25_LittleDaisies/project/ros_ws/install/mobile_sensor/share/mobile_sensor/cmake/mobile_sensorConfig.cmake
-- Installing: /home/ogan/ME461F25_LittleDaisies/project/ros_ws/install/mobile_sensor/share/mobile_sensor/cmake/mobile_sensorConfig-version.cmake
-- Installing: /home/ogan/ME461F25_LittleDaisies/project/ros_ws/install/mobile_sensor/share/mobile_sensor/package.xml
-- Installing: /home/ogan/ME461F25_LittleDaisies/project/ros_ws/install/mobile_sensor/share/mobile_sensor/package.json
-- Installing: /home/ogan/ME461F25_LittleDaisies/project/ros_ws/install/mobile_sensor/share/mobile_sensor/dist
-- Installing: /home/ogan/ME461F25_LittleDaisies/project/ros_ws/install/mobile_sensor/share/mobile_sensor/dist/client
-- Installing: /home/ogan/ME461F25_LittleDaisies/project/ros_ws/install/mobile_sensor/share/mobile_sensor/dist/client/style.css
-- Installing: /home/ogan/ME461F25_LittleDaisies/project/ros_ws/install/mobile_sensor/share/mobile_sensor/dist/client/main.js
-- Installing: /home/ogan/ME461F25_LittleDaisies/project/ros_ws/install/mobile_sensor/share/mobile_sensor/dist/client/camera.js
-- Installing: /home/ogan/ME461F25_LittleDaisies/project/ros_ws/install/mobile_sensor/share/mobile_sensor/dist/client/speechRecognition.js
-- Installing: /home/ogan/ME461F25_LittleDaisies/project/ros_ws/install/mobile_sensor/share/mobile_sensor/dist/client/iosCameraManager.js
-- Installing: /home/ogan/ME461F25_LittleDaisies/project/ros_ws/install/mobile_sensor/share/mobile_sensor/dist/client/gpsWebSocket.js
-- Installing: /home/ogan/ME461F25_LittleDaisies/project/ros_ws/install/mobile_sensor/share/mobile_sensor/dist/client/audioPlayer.js
-- Installing: /home/ogan/ME461F25_LittleDaisies/project/ros_ws/install/mobile_sensor/share/mobile_sensor/dist/client/index.html
-- Installing: /home/ogan/ME461F25_LittleDaisies/project/ros_ws/install/mobile_sensor/share/mobile_sensor/dist/client/textToSpeech.js
-- Installing: /home/ogan/ME461F25_LittleDaisies/project/ros_ws/install/mobile_sensor/share/mobile_sensor/dist/client/test.html
-- Installing: /home/ogan/ME461F25_LittleDaisies/project/ros_ws/install/mobile_sensor/share/mobile_sensor/dist/client/gpsSensor.js
-- Installing: /home/ogan/ME461F25_LittleDaisies/project/ros_ws/install/mobile_sensor/share/mobile_sensor/dist/client/imuSensor.js
-- Installing: /home/ogan/ME461F25_LittleDaisies/project/ros_ws/install/mobile_sensor/share/mobile_sensor/dist/ssl
-- Installing: /home/ogan/ME461F25_LittleDaisies/project/ros_ws/install/mobile_sensor/share/mobile_sensor/dist/ssl/key.pem
-- Installing: /home/ogan/ME461F25_LittleDaisies/project/ros_ws/install/mobile_sensor/share/mobile_sensor/dist/ssl/cert.pem
-- Installing: /home/ogan/ME461F25_LittleDaisies/project/ros_ws/install/mobile_sensor/share/mobile_sensor/dist/generate_ssl_cert.sh
-- Installing: /home/ogan/ME461F25_LittleDaisies/project/ros_ws/install/mobile_sensor/share/mobile_sensor/dist/server
-- Installing: /home/ogan/ME461F25_LittleDaisies/project/ros_ws/install/mobile_sensor/share/mobile_sensor/dist/server/websocket_handlers.js
-- Installing: /home/ogan/ME461F25_LittleDaisies/project/ros_ws/install/mobile_sensor/share/mobile_sensor/dist/server/logger.js
-- Installing: /home/ogan/ME461F25_LittleDaisies/project/ros_ws/install/mobile_sensor/share/mobile_sensor/dist/server/express_server.js
-- Installing: /home/ogan/ME461F25_LittleDaisies/project/ros_ws/install/mobile_sensor/share/mobile_sensor/dist/server/ros_interface.js
-- Installing: /home/ogan/ME461F25_LittleDaisies/project/ros_ws/install/mobile_sensor/share/mobile_sensor/dist/server/index.js
-- Installing: /home/ogan/ME461F25_LittleDaisies/project/ros_ws/install/mobile_sensor/share/mobile_sensor//config
-- Installing: /home/ogan/ME461F25_LittleDaisies/project/ros_ws/install/mobile_sensor/share/mobile_sensor//config/config.yaml
-- Installing: /home/ogan/ME461F25_LittleDaisies/project/ros_ws/install/mobile_sensor/share/mobile_sensor//launch
-- Installing: /home/ogan/ME461F25_LittleDaisies/project/ros_ws/install/mobile_sensor/share/mobile_sensor//launch/mobile_sensors.launch.py
-- Installing: /home/ogan/ME461F25_LittleDaisies/project/ros_ws/install/mobile_sensor/share/mobile_sensor//node_modules
-- Installing: /home/ogan/ME461F25_LittleDaisies/project/ros_ws/install/mobile_sensor/share/mobile_sensor//node_modules/mime-db
-- Installing: /home/ogan/ME461F25_LittleDaisies/project/ros_ws/install/mobile_sensor/share/mobile_sensor//node_modules/mime-db/package.json
-- Installing: /home/ogan/ME461F25_LittleDaisies/project/ros_ws/install/mobile_sensor/share/mobile_sensor//node_modules/mime-db/LICENSE
-- Installing: /home/ogan/ME461F25_LittleDaisies/project/ros_ws/install/mobile_sensor/share/mobile_sensor//node_modules/mime-db/index.js
-- Installing: /home/ogan/ME461F25_LittleDaisies/project/ros_ws/install/mobile_sensor/share/mobile_sensor//node_modules/mime-db/db.json
-- Installing: /home/ogan/ME461F25_LittleDaisies/project/ros_ws/install/mobile_sensor/share/mobile_sensor//node_modules/mime-db/HISTORY.md
-- Installing: /home/ogan/ME461F25_LittleDaisies/project/ros_ws/install/mobile_sensor/share/mobile_sensor//node_modules/mime-db/README.md
-- Installing: /home/ogan/ME461F25_LittleDaisies/project/ros_ws/install/mobile_sensor/share/mobile_sensor//node_modules/serve-static
-- Installing: /home/ogan/ME461F25_LittleDaisies/project/ros_ws/install/mobile_sensor/share/mobile_sensor//node_modules/serve-static/package.json
-- Installing: /home/ogan/ME461F25_LittleDaisies/project/ros_ws/install/mobile_sensor/share/mobile_sensor//node_modules/serve-static/LICENSE
-- Installing: /home/ogan/ME461F25_LittleDaisies/project/ros_ws/install/mobile_sensor/share/mobile_sensor//node_modules/serve-static/index.js
-- Installing: /home/ogan/ME461F25_LittleDaisies/project/ros_ws/install/mobile_sensor/share/mobile_sensor//node_modules/serve-static/HISTORY.md
-- Installing: /home/ogan/ME461F25_LittleDaisies/project/ros_ws/install/mobile_sensor/share/mobile_sensor//node_modules/serve-static/README.md
-- Installing: /home/ogan/ME461F25_LittleDaisies/project/ros_ws/install/mobile_sensor/share/mobile_sensor//node_modules/array-flatten
-- Installing: /home/ogan/ME461F25_LittleDaisies/project/ros_ws/install/mobile_sensor/share/mobile_sensor//node_modules/array-flatten/array-flatten.js
-- Installing: /home/ogan/ME461F25_LittleDaisies/project/ros_ws/install/mobile_sensor/share/mobile_sensor//node_modules/array-flatten/package.json
-- Installing: /home/ogan/ME461F25_LittleDaisies/project/ros_ws/install/mobile_sensor/share/mobile_sensor//node_modules/array-flatten/LICENSE
-- Installing: /home/ogan/ME461F25_LittleDaisies/project/ros_ws/install/mobile_sensor/share/mobile_sensor//node_modules/array-flatten/README.md
-- Installing: /home/ogan/ME461F25_LittleDaisies/project/ros_ws/install/mobile_sensor/share/mobile_sensor//node_modules/acorn
-- Installing: /home/ogan/ME461F25_LittleDaisies/project/ros_ws/install/mobile_sensor/share/mobile_sensor//node_modules/acorn/dist
-- Installing: /home/ogan/ME461F25_LittleDaisies/project/ros_ws/install/mobile_sensor/share/mobile_sensor//node_modules/acorn/dist/acorn.d.mts
-- Installing: /home/ogan/ME461F25_LittleDaisies/project/ros_ws/install/mobile_sensor/share/mobile_sensor//node_modules/acorn/dist/acorn.mjs
-- Installing: /home/ogan/ME461F25_LittleDaisies/project/ros_ws/install/mobile_sensor/share/mobile_sensor//node_modules/acorn/dist/acorn.d.ts
-- Installing: /home/ogan/ME461F25_LittleDaisies/project/ros_ws/install/mobile_sensor/share/mobile_sensor//node_modules/acorn/dist/bin.js
-- Installing: /home/ogan/ME461F25_LittleDaisies/project/ros_ws/install/mobile_sensor/share/mobile_sensor//node_modules/acorn/dist/acorn.js
-- Installing: /home/ogan/ME461F25_LittleDaisies/project/ros_ws/install/mobile_sensor/share/mobile_sensor//node_modules/acorn/package.json
-- Installing: /home/ogan/ME461F25_LittleDaisies/project/ros_ws/install/mobile_sensor/share/mobile_sensor//node_modules/acorn/LICENSE
-- Installing: /home/ogan/ME461F25_LittleDaisies/project/ros_ws/install/mobile_sensor/share/mobile_sensor//node_modules/acorn/bin
-- Installing: /home/ogan/ME461F25_LittleDaisies/project/ros_ws/install/mobile_sensor/share/mobile_sensor//node_modules/acorn/bin/acorn
-- Installing: /home/ogan/ME461F25_LittleDaisies/project/ros_ws/install/mobile_sensor/share/mobile_sensor//node_modules/acorn/CHANGELOG.md
-- Installing: /home/ogan/ME461F25_LittleDaisies/project/ros_ws/install/mobile_sensor/share/mobile_sensor//node_modules/acorn/README.md
-- Installing: /home/ogan/ME461F25_LittleDaisies/project/ros_ws/install/mobile_sensor/share/mobile_sensor//node_modules/ipaddr.js
-- Installing: /home/ogan/ME461F25_LittleDaisies/project/ros_ws/install/mobile_sensor/share/mobile_sensor//node_modules/ipaddr.js/package.json
-- Installing: /home/ogan/ME461F25_LittleDaisies/project/ros_ws/install/mobile_sensor/share/mobile_sensor//node_modules/ipaddr.js/LICENSE
-- Installing: /home/ogan/ME461F25_LittleDaisies/project/ros_ws/install/mobile_sensor/share/mobile_sensor//node_modules/ipaddr.js/lib
-- Installing: /home/ogan/ME461F25_LittleDaisies/project/ros_ws/install/mobile_sensor/share/mobile_sensor//node_modules/ipaddr.js/lib/ipaddr.js
-- Installing: /home/ogan/ME461F25_LittleDaisies/project/ros_ws/install/mobile_sensor/share/mobile_sensor//node_modules/ipaddr.js/lib/ipaddr.js.d.ts
-- Installing: /home/ogan/ME461F25_LittleDaisies/project/ros_ws/install/mobile_sensor/share/mobile_sensor//node_modules/ipaddr.js/ipaddr.min.js
-- Installing: /home/ogan/ME461F25_LittleDaisies/project/ros_ws/install/mobile_sensor/share/mobile_sensor//node_modules/ipaddr.js/README.md
-- Installing: /home/ogan/ME461F25_LittleDaisies/project/ros_ws/install/mobile_sensor/share/mobile_sensor//node_modules/bytes
-- Installing: /home/ogan/ME461F25_LittleDaisies/project/ros_ws/install/mobile_sensor/share/mobile_sensor//node_modules/bytes/package.json
-- Installing: /home/ogan/ME461F25_LittleDaisies/project/ros_ws/install/mobile_sensor/share/mobile_sensor//node_modules/bytes/LICENSE
-- Installing: /home/ogan/ME461F25_LittleDaisies/project/ros_ws/install/mobile_sensor/share/mobile_sensor//node_modules/bytes/index.js
-- Installing: /home/ogan/ME461F25_LittleDaisies/project/ros_ws/install/mobile_sensor/share/mobile_sensor//node_modules/bytes/Readme.md
-- Installing: /home/ogan/ME461F25_LittleDaisies/project/ros_ws/install/mobile_sensor/share/mobile_sensor//node_modules/bytes/History.md
-- Installing: /home/ogan/ME461F25_LittleDaisies/project/ros_ws/install/mobile_sensor/share/mobile_sensor//node_modules/json-bigint
-- Installing: /home/ogan/ME461F25_LittleDaisies/project/ros_ws/install/mobile_sensor/share/mobile_sensor//node_modules/json-bigint/package.json
-- Installing: /home/ogan/ME461F25_LittleDaisies/project/ros_ws/install/mobile_sensor/share/mobile_sensor//node_modules/json-bigint/LICENSE
-- Installing: /home/ogan/ME461F25_LittleDaisies/project/ros_ws/install/mobile_sensor/share/mobile_sensor//node_modules/json-bigint/index.js
-- Installing: /home/ogan/ME461F25_LittleDaisies/project/ros_ws/install/mobile_sensor/share/mobile_sensor//node_modules/json-bigint/lib
-- Installing: /home/ogan/ME461F25_LittleDaisies/project/ros_ws/install/mobile_sensor/share/mobile_sensor//node_modules/json-bigint/lib/parse.js
-- Installing: /home/ogan/ME461F25_LittleDaisies/project/ros_ws/install/mobile_sensor/share/mobile_sensor//node_modules/json-bigint/lib/stringify.js
-- Installing: /home/ogan/ME461F25_LittleDaisies/project/ros_ws/install/mobile_sensor/share/mobile_sensor//node_modules/json-bigint/README.md
-- Installing: /home/ogan/ME461F25_LittleDaisies/project/ros_ws/install/mobile_sensor/share/mobile_sensor//node_modules/next-tick
-- Installing: /home/ogan/ME461F25_LittleDaisies/project/ros_ws/install/mobile_sensor/share/mobile_sensor//node_modules/next-tick/.editorconfig
-- Installing: /home/ogan/ME461F25_LittleDaisies/project/ros_ws/install/mobile_sensor/share/mobile_sensor//node_modules/next-tick/package.json
-- Installing: /home/ogan/ME461F25_LittleDaisies/project/ros_ws/install/mobile_sensor/share/mobile_sensor//node_modules/next-tick/LICENSE
-- Installing: /home/ogan/ME461F25_LittleDaisies/project/ros_ws/install/mobile_sensor/share/mobile_sensor//node_modules/next-tick/index.js
-- Installing: /home/ogan/ME461F25_LittleDaisies/project/ros_ws/install/mobile_sensor/share/mobile_sensor//node_modules/next-tick/CHANGELOG.md
-- Installing: /home/ogan/ME461F25_LittleDaisies/project/ros_ws/install/mobile_sensor/share/mobile_sensor//node_modules/next-tick/.lint
-- Installing: /home/ogan/ME461F25_LittleDaisies/project/ros_ws/install/mobile_sensor/share/mobile_sensor//node_modules/next-tick/test
-- Installing: /home/ogan/ME461F25_LittleDaisies/project/ros_ws/install/mobile_sensor/share/mobile_sensor//node_modules/next-tick/test/index.js
-- Installing: /home/ogan/ME461F25_LittleDaisies/project/ros_ws/install/mobile_sensor/share/mobile_sensor//node_modules/next-tick/README.md
-- Installing: /home/ogan/ME461F25_LittleDaisies/project/ros_ws/install/mobile_sensor/share/mobile_sensor//node_modules/next-tick/.github
-- Installing: /home/ogan/ME461F25_LittleDaisies/project/ros_ws/install/mobile_sensor/share/mobile_sensor//node_modules/next-tick/.github/FUNDING.yml
-- Installing: /home/ogan/ME461F25_LittleDaisies/project/ros_ws/install/mobile_sensor/share/mobile_sensor//node_modules/next-tick/CHANGES
-- Installing: /home/ogan/ME461F25_LittleDaisies/project/ros_ws/install/mobile_sensor/share/mobile_sensor//node_modules/fresh
-- Installing: /home/ogan/ME461F25_LittleDaisies/project/ros_ws/install/mobile_sensor/share/mobile_sensor//node_modules/fresh/package.json
-- Installing: /home/ogan/ME461F25_LittleDaisies/project/ros_ws/install/mobile_sensor/share/mobile_sensor//node_modules/fresh/LICENSE
-- Installing: /home/ogan/ME461F25_LittleDaisies/project/ros_ws/install/mobile_sensor/share/mobile_sensor//node_modules/fresh/index.js
-- Installing: /home/ogan/ME461F25_LittleDaisies/project/ros_ws/install/mobile_sensor/share/mobile_sensor//node_modules/fresh/HISTORY.md
-- Installing: /home/ogan/ME461F25_LittleDaisies/project/ros_ws/install/mobile_sensor/share/mobile_sensor//node_modules/fresh/README.md
-- Installing: /home/ogan/ME461F25_LittleDaisies/project/ros_ws/install/mobile_sensor/share/mobile_sensor//node_modules/graceful-fs
-- Installing: /home/ogan/ME461F25_LittleDaisies/project/ros_ws/install/mobile_sensor/share/mobile_sensor//node_modules/graceful-fs/graceful-fs.js
-- Installing: /home/ogan/ME461F25_LittleDaisies/project/ros_ws/install/mobile_sensor/share/mobile_sensor//node_modules/graceful-fs/package.json
-- Installing: /home/ogan/ME461F25_LittleDaisies/project/ros_ws/install/mobile_sensor/share/mobile_sensor//node_modules/graceful-fs/clone.js
-- Installing: /home/ogan/ME461F25_LittleDaisies/project/ros_ws/install/mobile_sensor/share/mobile_sensor//node_modules/graceful-fs/LICENSE
-- Installing: /home/ogan/ME461F25_LittleDaisies/project/ros_ws/install/mobile_sensor/share/mobile_sensor//node_modules/graceful-fs/legacy-streams.js
-- Installing: /home/ogan/ME461F25_LittleDaisies/project/ros_ws/install/mobile_sensor/share/mobile_sensor//node_modules/graceful-fs/polyfills.js
-- Installing: /home/ogan/ME461F25_LittleDaisies/project/ros_ws/install/mobile_sensor/share/mobile_sensor//node_modules/graceful-fs/README.md
-- Installing: /home/ogan/ME461F25_LittleDaisies/project/ros_ws/install/mobile_sensor/share/mobile_sensor//node_modules/.package-lock.json
-- Installing: /home/ogan/ME461F25_LittleDaisies/project/ros_ws/install/mobile_sensor/share/mobile_sensor//node_modules/content-disposition
-- Installing: /home/ogan/ME461F25_LittleDaisies/project/ros_ws/install/mobile_sensor/share/mobile_sensor//node_modules/content-disposition/package.json
-- Installing: /home/ogan/ME461F25_LittleDaisies/project/ros_ws/install/mobile_sensor/share/mobile_sensor//node_modules/content-disposition/LICENSE
-- Installing: /home/ogan/ME461F25_LittleDaisies/project/ros_ws/install/mobile_sensor/share/mobile_sensor//node_modules/content-disposition/index.js
-- Installing: /home/ogan/ME461F25_LittleDaisies/project/ros_ws/install/mobile_sensor/share/mobile_sensor//node_modules/content-disposition/HISTORY.md
-- Installing: /home/ogan/ME461F25_LittleDaisies/project/ros_ws/install/mobile_sensor/share/mobile_sensor//node_modules/content-disposition/README.md
-- Installing: /home/ogan/ME461F25_LittleDaisies/project/ros_ws/install/mobile_sensor/share/mobile_sensor//node_modules/es-define-property
-- Installing: /home/ogan/ME461F25_LittleDaisies/project/ros_ws/install/mobile_sensor/share/mobile_sensor//node_modules/es-define-property/.eslintrc
-- Installing: /home/ogan/ME461F25_LittleDaisies/project/ros_ws/install/mobile_sensor/share/mobile_sensor//node_modules/es-define-property/package.json
-- Installing: /home/ogan/ME461F25_LittleDaisies/project/ros_ws/install/mobile_sensor/share/mobile_sensor//node_modules/es-define-property/LICENSE
-- Installing: /home/ogan/ME461F25_LittleDaisies/project/ros_ws/install/mobile_sensor/share/mobile_sensor//node_modules/es-define-property/index.js
-- Installing: /home/ogan/ME461F25_LittleDaisies/project/ros_ws/install/mobile_sensor/share/mobile_sensor//node_modules/es-define-property/index.d.ts
-- Installing: /home/ogan/ME461F25_LittleDaisies/project/ros_ws/install/mobile_sensor/share/mobile_sensor//node_modules/es-define-property/CHANGELOG.md
-- Installing: /home/ogan/ME461F25_LittleDaisies/project/ros_ws/install/mobile_sensor/share/mobile_sensor//node_modules/es-define-property/tsconfig.json
-- Installing: /home/ogan/ME461F25_LittleDaisies/project/ros_ws/install/mobile_sensor/share/mobile_sensor//node_modules/es-define-property/test
-- Installing: /home/ogan/ME461F25_LittleDaisies/project/ros_ws/install/mobile_sensor/share/mobile_sensor//node_modules/es-define-property/test/index.js
-- Installing: /home/ogan/ME461F25_LittleDaisies/project/ros_ws/install/mobile_sensor/share/mobile_sensor//node_modules/es-define-property/README.md
-- Installing: /home/ogan/ME461F25_LittleDaisies/project/ros_ws/install/mobile_sensor/share/mobile_sensor//node_modules/es-define-property/.github
-- Installing: /home/ogan/ME461F25_LittleDaisies/project/ros_ws/install/mobile_sensor/share/mobile_sensor//node_modules/es-define-property/.github/FUNDING.yml
-- Installing: /home/ogan/ME461F25_LittleDaisies/project/ros_ws/install/mobile_sensor/share/mobile_sensor//node_modules/es-define-property/.nycrc
-- Installing: /home/ogan/ME461F25_LittleDaisies/project/ros_ws/install/mobile_sensor/share/mobile_sensor//node_modules/safer-buffer
-- Installing: /home/ogan/ME461F25_LittleDaisies/project/ros_ws/install/mobile_sensor/share/mobile_sensor//node_modules/safer-buffer/Porting-Buffer.md
-- Installing: /home/ogan/ME461F25_LittleDaisies/project/ros_ws/install/mobile_sensor/share/mobile_sensor//node_modules/safer-buffer/dangerous.js
-- Installing: /home/ogan/ME461F25_LittleDaisies/project/ros_ws/install/mobile_sensor/share/mobile_sensor//node_modules/safer-buffer/package.json
-- Installing: /home/ogan/ME461F25_LittleDaisies/project/ros_ws/install/mobile_sensor/share/mobile_sensor//node_modules/safer-buffer/LICENSE
-- Installing: /home/ogan/ME461F25_LittleDaisies/project/ros_ws/install/mobile_sensor/share/mobile_sensor//node_modules/safer-buffer/safer.js
-- Installing: /home/ogan/ME461F25_LittleDaisies/project/ros_ws/install/mobile_sensor/share/mobile_sensor//node_modules/safer-buffer/tests.js
-- Installing: /home/ogan/ME461F25_LittleDaisies/project/ros_ws/install/mobile_sensor/share/mobile_sensor//node_modules/safer-buffer/Readme.md
-- Installing: /home/ogan/ME461F25_LittleDaisies/project/ros_ws/install/mobile_sensor/share/mobile_sensor//node_modules/dot
-- Installing: /home/ogan/ME461F25_LittleDaisies/project/ros_ws/install/mobile_sensor/share/mobile_sensor//node_modules/dot/doT.min.js
-- Installing: /home/ogan/ME461F25_LittleDaisies/project/ros_ws/install/mobile_sensor/share/mobile_sensor//node_modules/dot/examples
-- Installing: /home/ogan/ME461F25_LittleDaisies/project/ros_ws/install/mobile_sensor/share/mobile_sensor//node_modules/dot/examples/withdoT.js
-- Installing: /home/ogan/ME461F25_LittleDaisies/project/ros_ws/install/mobile_sensor/share/mobile_sensor//node_modules/dot/examples/views
-- Installing: /home/ogan/ME461F25_LittleDaisies/project/ros_ws/install/mobile_sensor/share/mobile_sensor//node_modules/dot/examples/views/multidef.def.jst
-- Installing: /home/ogan/ME461F25_LittleDaisies/project/ros_ws/install/mobile_sensor/share/mobile_sensor//node_modules/dot/examples/views/two.dot.jst
-- Installing: /home/ogan/ME461F25_LittleDaisies/project/ros_ws/install/mobile_sensor/share/mobile_sensor//node_modules/dot/examples/views/one.def
-- Installing: /home/ogan/ME461F25_LittleDaisies/project/ros_ws/install/mobile_sensor/share/mobile_sensor//node_modules/dot/examples/snippet.txt
-- Installing: /home/ogan/ME461F25_LittleDaisies/project/ros_ws/install/mobile_sensor/share/mobile_sensor//node_modules/dot/examples/express
-- Installing: /home/ogan/ME461F25_LittleDaisies/project/ros_ws/install/mobile_sensor/share/mobile_sensor//node_modules/dot/examples/express/templates
-- Installing: /home/ogan/ME461F25_LittleDaisies/project/ros_ws/install/mobile_sensor/share/mobile_sensor//node_modules/dot/examples/express/templates/login.jst
-- Installing: /home/ogan/ME461F25_LittleDaisies/project/ros_ws/install/mobile_sensor/share/mobile_sensor//node_modules/dot/examples/express/templates/dashboard.jst
-- Installing: /home/ogan/ME461F25_LittleDaisies/project/ros_ws/install/mobile_sensor/share/mobile_sensor//node_modules/dot/examples/express/package.json
-- Installing: /home/ogan/ME461F25_LittleDaisies/project/ros_ws/install/mobile_sensor/share/mobile_sensor//node_modules/dot/examples/express/index.js
-- Installing: /home/ogan/ME461F25_LittleDaisies/project/ros_ws/install/mobile_sensor/share/mobile_sensor//node_modules/dot/examples/express/lib
-- Installing: /home/ogan/ME461F25_LittleDaisies/project/ros_ws/install/mobile_sensor/share/mobile_sensor//node_modules/dot/examples/express/lib/render
-- Installing: /home/ogan/ME461F25_LittleDaisies/project/ros_ws/install/mobile_sensor/share/mobile_sensor//node_modules/dot/examples/express/lib/render/index.js
-- Installing: /home/ogan/ME461F25_LittleDaisies/project/ros_ws/install/mobile_sensor/share/mobile_sensor//node_modules/dot/examples/express/lib/app.js
-- Installing: /home/ogan/ME461F25_LittleDaisies/project/ros_ws/install/mobile_sensor/share/mobile_sensor//node_modules/dot/examples/browsersample.html
-- Installing: /home/ogan/ME461F25_LittleDaisies/project/ros_ws/install/mobile_sensor/share/mobile_sensor//node_modules/dot/examples/advancedsnippet.txt
-- Installing: /home/ogan/ME461F25_LittleDaisies/project/ros_ws/install/mobile_sensor/share/mobile_sensor//node_modules/dot/examples/customdoT.js
-- Installing: /home/ogan/ME461F25_LittleDaisies/project/ros_ws/install/mobile_sensor/share/mobile_sensor//node_modules/dot/benchmarks
-- Installing: /home/ogan/ME461F25_LittleDaisies/project/ros_ws/install/mobile_sensor/share/mobile_sensor//node_modules/dot/benchmarks/templating
-- Installing: /home/ogan/ME461F25_LittleDaisies/project/ros_ws/install/mobile_sensor/share/mobile_sensor//node_modules/dot/benchmarks/templating/doT.js
-- Installing: /home/ogan/ME461F25_LittleDaisies/project/ros_ws/install/mobile_sensor/share/mobile_sensor//node_modules/dot/benchmarks/templating/doU.js
-- Installing: /home/ogan/ME461F25_LittleDaisies/project/ros_ws/install/mobile_sensor/share/mobile_sensor//node_modules/dot/benchmarks/compileBench.js
-- Installing: /home/ogan/ME461F25_LittleDaisies/project/ros_ws/install/mobile_sensor/share/mobile_sensor//node_modules/dot/benchmarks/index.html
-- Installing: /home/ogan/ME461F25_LittleDaisies/project/ros_ws/install/mobile_sensor/share/mobile_sensor//node_modules/dot/benchmarks/genspeed.html
-- Installing: /home/ogan/ME461F25_LittleDaisies/project/ros_ws/install/mobile_sensor/share/mobile_sensor//node_modules/dot/benchmarks/templatesBench.js
-- Installing: /home/ogan/ME461F25_LittleDaisies/project/ros_ws/install/mobile_sensor/share/mobile_sensor//node_modules/dot/benchmarks/jslitmus.js
-- Installing: /home/ogan/ME461F25_LittleDaisies/project/ros_ws/install/mobile_sensor/share/mobile_sensor//node_modules/dot/LICENSE-DOT.txt
-- Installing: /home/ogan/ME461F25_LittleDaisies/project/ros_ws/install/mobile_sensor/share/mobile_sensor//node_modules/dot/package.json
-- Installing: /home/ogan/ME461F25_LittleDaisies/project/ros_ws/install/mobile_sensor/share/mobile_sensor//node_modules/dot/index.js
-- Installing: /home/ogan/ME461F25_LittleDaisies/project/ros_ws/install/mobile_sensor/share/mobile_sensor//node_modules/dot/bin
-- Installing: /home/ogan/ME461F25_LittleDaisies/project/ros_ws/install/mobile_sensor/share/mobile_sensor//node_modules/dot/bin/dot-packer
-- Installing: /home/ogan/ME461F25_LittleDaisies/project/ros_ws/install/mobile_sensor/share/mobile_sensor//node_modules/dot/.eslintrc.yml
-- Installing: /home/ogan/ME461F25_LittleDaisies/project/ros_ws/install/mobile_sensor/share/mobile_sensor//node_modules/dot/doT.js
-- Installing: /home/ogan/ME461F25_LittleDaisies/project/ros_ws/install/mobile_sensor/share/mobile_sensor//node_modules/dot/test
-- Installing: /home/ogan/ME461F25_LittleDaisies/project/ros_ws/install/mobile_sensor/share/mobile_sensor//node_modules/dot/test/templates
-- Installing: /home/ogan/ME461F25_LittleDaisies/project/ros_ws/install/mobile_sensor/share/mobile_sensor//node_modules/dot/test/templates/test.dot
-- Installing: /home/ogan/ME461F25_LittleDaisies/project/ros_ws/install/mobile_sensor/share/mobile_sensor//node_modules/dot/test/templates/test.def
-- Installing: /home/ogan/ME461F25_LittleDaisies/project/ros_ws/install/mobile_sensor/share/mobile_sensor//node_modules/dot/test/templates/test.jst
-- Installing: /home/ogan/ME461F25_LittleDaisies/project/ros_ws/install/mobile_sensor/share/mobile_sensor//node_modules/dot/test/process.test.js
-- Installing: /home/ogan/ME461F25_LittleDaisies/project/ros_ws/install/mobile_sensor/share/mobile_sensor//node_modules/dot/test/iteration.test.js
-- Installing: /home/ogan/ME461F25_LittleDaisies/project/ros_ws/install/mobile_sensor/share/mobile_sensor//node_modules/dot/test/conditionals.test.js
-- Installing: /home/ogan/ME461F25_LittleDaisies/project/ros_ws/install/mobile_sensor/share/mobile_sensor//node_modules/dot/test/defines.test.js
-- Installing: /home/ogan/ME461F25_LittleDaisies/project/ros_ws/install/mobile_sensor/share/mobile_sensor//node_modules/dot/test/util.js
-- Installing: /home/ogan/ME461F25_LittleDaisies/project/ros_ws/install/mobile_sensor/share/mobile_sensor//node_modules/dot/test/dot.test.js
-- Installing: /home/ogan/ME461F25_LittleDaisies/project/ros_ws/install/mobile_sensor/share/mobile_sensor//node_modules/dot/doU.js
-- Installing: /home/ogan/ME461F25_LittleDaisies/project/ros_ws/install/mobile_sensor/share/mobile_sensor//node_modules/dot/README.md
-- Installing: /home/ogan/ME461F25_LittleDaisies/project/ros_ws/install/mobile_sensor/share/mobile_sensor//node_modules/dot/bower.json
-- Installing: /home/ogan/ME461F25_LittleDaisies/project/ros_ws/install/mobile_sensor/share/mobile_sensor//node_modules/dot/.travis.yml
-- Installing: /home/ogan/ME461F25_LittleDaisies/project/ros_ws/install/mobile_sensor/share/mobile_sensor//node_modules/bignumber.js
-- Installing: /home/ogan/ME461F25_LittleDaisies/project/ros_ws/install/mobile_sensor/share/mobile_sensor//node_modules/bignumber.js/bignumber.js
-- Installing: /home/ogan/ME461F25_LittleDaisies/project/ros_ws/install/mobile_sensor/share/mobile_sensor//node_modules/bignumber.js/bignumber.mjs
-- Installing: /home/ogan/ME461F25_LittleDaisies/project/ros_ws/install/mobile_sensor/share/mobile_sensor//node_modules/bignumber.js/package.json
-- Installing: /home/ogan/ME461F25_LittleDaisies/project/ros_ws/install/mobile_sensor/share/mobile_sensor//node_modules/bignumber.js/bignumber.d.ts
-- Installing: /home/ogan/ME461F25_LittleDaisies/project/ros_ws/install/mobile_sensor/share/mobile_sensor//node_modules/bignumber.js/bignumber.d.mts
-- Installing: /home/ogan/ME461F25_LittleDaisies/project/ros_ws/install/mobile_sensor/share/mobile_sensor//node_modules/bignumber.js/CHANGELOG.md
-- Installing: /home/ogan/ME461F25_LittleDaisies/project/ros_ws/install/mobile_sensor/share/mobile_sensor//node_modules/bignumber.js/LICENCE.md
-- Installing: /home/ogan/ME461F25_LittleDaisies/project/ros_ws/install/mobile_sensor/share/mobile_sensor//node_modules/bignumber.js/types.d.ts
-- Installing: /home/ogan/ME461F25_LittleDaisies/project/ros_ws/install/mobile_sensor/share/mobile_sensor//node_modules/bignumber.js/README.md
-- Installing: /home/ogan/ME461F25_LittleDaisies/project/ros_ws/install/mobile_sensor/share/mobile_sensor//node_modules/bignumber.js/doc
-- Installing: /home/ogan/ME461F25_LittleDaisies/project/ros_ws/install/mobile_sensor/share/mobile_sensor//node_modules/bignumber.js/doc/API.html
-- Installing: /home/ogan/ME461F25_LittleDaisies/project/ros_ws/install/mobile_sensor/share/mobile_sensor//node_modules/body-parser
-- Installing: /home/ogan/ME461F25_LittleDaisies/project/ros_ws/install/mobile_sensor/share/mobile_sensor//node_modules/body-parser/package.json
-- Installing: /home/ogan/ME461F25_LittleDaisies/project/ros_ws/install/mobile_sensor/share/mobile_sensor//node_modules/body-parser/LICENSE
-- Installing: /home/ogan/ME461F25_LittleDaisies/project/ros_ws/install/mobile_sensor/share/mobile_sensor//node_modules/body-parser/index.js
-- Installing: /home/ogan/ME461F25_LittleDaisies/project/ros_ws/install/mobile_sensor/share/mobile_sensor//node_modules/body-parser/lib
-- Installing: /home/ogan/ME461F25_LittleDaisies/project/ros_ws/install/mobile_sensor/share/mobile_sensor//node_modules/body-parser/lib/read.js
-- Installing: /home/ogan/ME461F25_LittleDaisies/project/ros_ws/install/mobile_sensor/share/mobile_sensor//node_modules/body-parser/lib/types
-- Installing: /home/ogan/ME461F25_LittleDaisies/project/ros_ws/install/mobile_sensor/share/mobile_sensor//node_modules/body-parser/lib/types/urlencoded.js
-- Installing: /home/ogan/ME461F25_LittleDaisies/project/ros_ws/install/mobile_sensor/share/mobile_sensor//node_modules/body-parser/lib/types/raw.js
-- Installing: /home/ogan/ME461F25_LittleDaisies/project/ros_ws/install/mobile_sensor/share/mobile_sensor//node_modules/body-parser/lib/types/text.js
-- Installing: /home/ogan/ME461F25_LittleDaisies/project/ros_ws/install/mobile_sensor/share/mobile_sensor//node_modules/body-parser/lib/types/json.js
-- Installing: /home/ogan/ME461F25_LittleDaisies/project/ros_ws/install/mobile_sensor/share/mobile_sensor//node_modules/body-parser/HISTORY.md
-- Installing: /home/ogan/ME461F25_LittleDaisies/project/ros_ws/install/mobile_sensor/share/mobile_sensor//node_modules/body-parser/README.md
-- Installing: /home/ogan/ME461F25_LittleDaisies/project/ros_ws/install/mobile_sensor/share/mobile_sensor//node_modules/node-gyp-build
-- Installing: /home/ogan/ME461F25_LittleDaisies/project/ros_ws/install/mobile_sensor/share/mobile_sensor//node_modules/node-gyp-build/optional.js
-- Installing: /home/ogan/ME461F25_LittleDaisies/project/ros_ws/install/mobile_sensor/share/mobile_sensor//node_modules/node-gyp-build/SECURITY.md
-- Installing: /home/ogan/ME461F25_LittleDaisies/project/ros_ws/install/mobile_sensor/share/mobile_sensor//node_modules/node-gyp-build/package.json
-- Installing: /home/ogan/ME461F25_LittleDaisies/project/ros_ws/install/mobile_sensor/share/mobile_sensor//node_modules/node-gyp-build/node-gyp-build.js
-- Installing: /home/ogan/ME461F25_LittleDaisies/project/ros_ws/install/mobile_sensor/share/mobile_sensor//node_modules/node-gyp-build/LICENSE
-- Installing: /home/ogan/ME461F25_LittleDaisies/project/ros_ws/install/mobile_sensor/share/mobile_sensor//node_modules/node-gyp-build/index.js
-- Installing: /home/ogan/ME461F25_LittleDaisies/project/ros_ws/install/mobile_sensor/share/mobile_sensor//node_modules/node-gyp-build/bin.js
-- Installing: /home/ogan/ME461F25_LittleDaisies/project/ros_ws/install/mobile_sensor/share/mobile_sensor//node_modules/node-gyp-build/README.md
-- Installing: /home/ogan/ME461F25_LittleDaisies/project/ros_ws/install/mobile_sensor/share/mobile_sensor//node_modules/node-gyp-build/build-test.js
-- Installing: /home/ogan/ME461F25_LittleDaisies/project/ros_ws/install/mobile_sensor/share/mobile_sensor//node_modules/encodeurl
-- Installing: /home/ogan/ME461F25_LittleDaisies/project/ros_ws/install/mobile_sensor/share/mobile_sensor//node_modules/encodeurl/package.json
-- Installing: /home/ogan/ME461F25_LittleDaisies/project/ros_ws/install/mobile_sensor/share/mobile_sensor//node_modules/encodeurl/LICENSE
-- Installing: /home/ogan/ME461F25_LittleDaisies/project/ros_ws/install/mobile_sensor/share/mobile_sensor//node_modules/encodeurl/index.js
-- Installing: /home/ogan/ME461F25_LittleDaisies/project/ros_ws/install/mobile_sensor/share/mobile_sensor//node_modules/encodeurl/README.md
-- Installing: /home/ogan/ME461F25_LittleDaisies/project/ros_ws/install/mobile_sensor/share/mobile_sensor//node_modules/has-symbols
-- Installing: /home/ogan/ME461F25_LittleDaisies/project/ros_ws/install/mobile_sensor/share/mobile_sensor//node_modules/has-symbols/.eslintrc
-- Installing: /home/ogan/ME461F25_LittleDaisies/project/ros_ws/install/mobile_sensor/share/mobile_sensor//node_modules/has-symbols/package.json
-- Installing: /home/ogan/ME461F25_LittleDaisies/project/ros_ws/install/mobile_sensor/share/mobile_sensor//node_modules/has-symbols/LICENSE
-- Installing: /home/ogan/ME461F25_LittleDaisies/project/ros_ws/install/mobile_sensor/share/mobile_sensor//node_modules/has-symbols/index.js
-- Installing: /home/ogan/ME461F25_LittleDaisies/project/ros_ws/install/mobile_sensor/share/mobile_sensor//node_modules/has-symbols/shams.js
-- Installing: /home/ogan/ME461F25_LittleDaisies/project/ros_ws/install/mobile_sensor/share/mobile_sensor//node_modules/has-symbols/index.d.ts
-- Installing: /home/ogan/ME461F25_LittleDaisies/project/ros_ws/install/mobile_sensor/share/mobile_sensor//node_modules/has-symbols/CHANGELOG.md
-- Installing: /home/ogan/ME461F25_LittleDaisies/project/ros_ws/install/mobile_sensor/share/mobile_sensor//node_modules/has-symbols/shams.d.ts
-- Installing: /home/ogan/ME461F25_LittleDaisies/project/ros_ws/install/mobile_sensor/share/mobile_sensor//node_modules/has-symbols/tsconfig.json
-- Installing: /home/ogan/ME461F25_LittleDaisies/project/ros_ws/install/mobile_sensor/share/mobile_sensor//node_modules/has-symbols/test
-- Installing: /home/ogan/ME461F25_LittleDaisies/project/ros_ws/install/mobile_sensor/share/mobile_sensor//node_modules/has-symbols/test/index.js
-- Installing: /home/ogan/ME461F25_LittleDaisies/project/ros_ws/install/mobile_sensor/share/mobile_sensor//node_modules/has-symbols/test/tests.js
-- Installing: /home/ogan/ME461F25_LittleDaisies/project/ros_ws/install/mobile_sensor/share/mobile_sensor//node_modules/has-symbols/test/shams
-- Installing: /home/ogan/ME461F25_LittleDaisies/project/ros_ws/install/mobile_sensor/share/mobile_sensor//node_modules/has-symbols/test/shams/core-js.js
-- Installing: /home/ogan/ME461F25_LittleDaisies/project/ros_ws/install/mobile_sensor/share/mobile_sensor//node_modules/has-symbols/test/shams/get-own-property-symbols.js
-- Installing: /home/ogan/ME461F25_LittleDaisies/project/ros_ws/install/mobile_sensor/share/mobile_sensor//node_modules/has-symbols/README.md
-- Installing: /home/ogan/ME461F25_LittleDaisies/project/ros_ws/install/mobile_sensor/share/mobile_sensor//node_modules/has-symbols/.github
-- Installing: /home/ogan/ME461F25_LittleDaisies/project/ros_ws/install/mobile_sensor/share/mobile_sensor//node_modules/has-symbols/.github/FUNDING.yml
-- Installing: /home/ogan/ME461F25_LittleDaisies/project/ros_ws/install/mobile_sensor/share/mobile_sensor//node_modules/has-symbols/.nycrc
-- Installing: /home/ogan/ME461F25_LittleDaisies/project/ros_ws/install/mobile_sensor/share/mobile_sensor//node_modules/compare-versions
-- Installing: /home/ogan/ME461F25_LittleDaisies/project/ros_ws/install/mobile_sensor/share/mobile_sensor//node_modules/compare-versions/package.json
-- Installing: /home/ogan/ME461F25_LittleDaisies/project/ros_ws/install/mobile_sensor/share/mobile_sensor//node_modules/compare-versions/src
-- Installing: /home/ogan/ME461F25_LittleDaisies/project/ros_ws/install/mobile_sensor/share/mobile_sensor//node_modules/compare-versions/src/index.ts
-- Installing: /home/ogan/ME461F25_LittleDaisies/project/ros_ws/install/mobile_sensor/share/mobile_sensor//node_modules/compare-versions/src/validate.ts
-- Installing: /home/ogan/ME461F25_LittleDaisies/project/ros_ws/install/mobile_sensor/share/mobile_sensor//node_modules/compare-versions/src/compare.ts
-- Installing: /home/ogan/ME461F25_LittleDaisies/project/ros_ws/install/mobile_sensor/share/mobile_sensor//node_modules/compare-versions/src/utils.ts
-- Installing: /home/ogan/ME461F25_LittleDaisies/project/ros_ws/install/mobile_sensor/share/mobile_sensor//node_modules/compare-versions/src/compareVersions.ts
-- Installing: /home/ogan/ME461F25_LittleDaisies/project/ros_ws/install/mobile_sensor/share/mobile_sensor//node_modules/compare-versions/src/satisfies.ts
-- Installing: /home/ogan/ME461F25_LittleDaisies/project/ros_ws/install/mobile_sensor/share/mobile_sensor//node_modules/compare-versions/LICENSE
-- Installing: /home/ogan/ME461F25_LittleDaisies/project/ros_ws/install/mobile_sensor/share/mobile_sensor//node_modules/compare-versions/lib
-- Installing: /home/ogan/ME461F25_LittleDaisies/project/ros_ws/install/mobile_sensor/share/mobile_sensor//node_modules/compare-versions/lib/esm
-- Installing: /home/ogan/ME461F25_LittleDaisies/project/ros_ws/install/mobile_sensor/share/mobile_sensor//node_modules/compare-versions/lib/esm/utils.js
-- Installing: /home/ogan/ME461F25_LittleDaisies/project/ros_ws/install/mobile_sensor/share/mobile_sensor//node_modules/compare-versions/lib/esm/utils.d.ts
-- Installing: /home/ogan/ME461F25_LittleDaisies/project/ros_ws/install/mobile_sensor/share/mobile_sensor//node_modules/compare-versions/lib/esm/index.js.map
-- Installing: /home/ogan/ME461F25_LittleDaisies/project/ros_ws/install/mobile_sensor/share/mobile_sensor//node_modules/compare-versions/lib/esm/compare.js
-- Installing: /home/ogan/ME461F25_LittleDaisies/project/ros_ws/install/mobile_sensor/share/mobile_sensor//node_modules/compare-versions/lib/esm/satisfies.d.ts
-- Installing: /home/ogan/ME461F25_LittleDaisies/project/ros_ws/install/mobile_sensor/share/mobile_sensor//node_modules/compare-versions/lib/esm/index.js
-- Installing: /home/ogan/ME461F25_LittleDaisies/project/ros_ws/install/mobile_sensor/share/mobile_sensor//node_modules/compare-versions/lib/esm/utils.js.map
-- Installing: /home/ogan/ME461F25_LittleDaisies/project/ros_ws/install/mobile_sensor/share/mobile_sensor//node_modules/compare-versions/lib/esm/validate.js.map
-- Installing: /home/ogan/ME461F25_LittleDaisies/project/ros_ws/install/mobile_sensor/share/mobile_sensor//node_modules/compare-versions/lib/esm/validate.d.ts
-- Installing: /home/ogan/ME461F25_LittleDaisies/project/ros_ws/install/mobile_sensor/share/mobile_sensor//node_modules/compare-versions/lib/esm/compareVersions.d.ts
-- Installing: /home/ogan/ME461F25_LittleDaisies/project/ros_ws/install/mobile_sensor/share/mobile_sensor//node_modules/compare-versions/lib/esm/index.d.ts
-- Installing: /home/ogan/ME461F25_LittleDaisies/project/ros_ws/install/mobile_sensor/share/mobile_sensor//node_modules/compare-versions/lib/esm/compare.js.map
-- Installing: /home/ogan/ME461F25_LittleDaisies/project/ros_ws/install/mobile_sensor/share/mobile_sensor//node_modules/compare-versions/lib/esm/satisfies.js
-- Installing: /home/ogan/ME461F25_LittleDaisies/project/ros_ws/install/mobile_sensor/share/mobile_sensor//node_modules/compare-versions/lib/esm/compare.d.ts
-- Installing: /home/ogan/ME461F25_LittleDaisies/project/ros_ws/install/mobile_sensor/share/mobile_sensor//node_modules/compare-versions/lib/esm/compareVersions.js
-- Installing: /home/ogan/ME461F25_LittleDaisies/project/ros_ws/install/mobile_sensor/share/mobile_sensor//node_modules/compare-versions/lib/esm/compareVersions.js.map
-- Installing: /home/ogan/ME461F25_LittleDaisies/project/ros_ws/install/mobile_sensor/share/mobile_sensor//node_modules/compare-versions/lib/esm/satisfies.js.map
-- Installing: /home/ogan/ME461F25_LittleDaisies/project/ros_ws/install/mobile_sensor/share/mobile_sensor//node_modules/compare-versions/lib/esm/validate.js
-- Installing: /home/ogan/ME461F25_LittleDaisies/project/ros_ws/install/mobile_sensor/share/mobile_sensor//node_modules/compare-versions/lib/umd
-- Installing: /home/ogan/ME461F25_LittleDaisies/project/ros_ws/install/mobile_sensor/share/mobile_sensor//node_modules/compare-versions/lib/umd/index.js.map
-- Installing: /home/ogan/ME461F25_LittleDaisies/project/ros_ws/install/mobile_sensor/share/mobile_sensor//node_modules/compare-versions/lib/umd/index.js
-- Installing: /home/ogan/ME461F25_LittleDaisies/project/ros_ws/install/mobile_sensor/share/mobile_sensor//node_modules/compare-versions/README.md
-- Installing: /home/ogan/ME461F25_LittleDaisies/project/ros_ws/install/mobile_sensor/share/mobile_sensor//node_modules/debug
-- Installing: /home/ogan/ME461F25_LittleDaisies/project/ros_ws/install/mobile_sensor/share/mobile_sensor//node_modules/debug/.npmignore
-- Installing: /home/ogan/ME461F25_LittleDaisies/project/ros_ws/install/mobile_sensor/share/mobile_sensor//node_modules/debug/karma.conf.js
-- Installing: /home/ogan/ME461F25_LittleDaisies/project/ros_ws/install/mobile_sensor/share/mobile_sensor//node_modules/debug/.eslintrc
-- Installing: /home/ogan/ME461F25_LittleDaisies/project/ros_ws/install/mobile_sensor/share/mobile_sensor//node_modules/debug/package.json
-- Installing: /home/ogan/ME461F25_LittleDaisies/project/ros_ws/install/mobile_sensor/share/mobile_sensor//node_modules/debug/src
-- Installing: /home/ogan/ME461F25_LittleDaisies/project/ros_ws/install/mobile_sensor/share/mobile_sensor//node_modules/debug/src/index.js
-- Installing: /home/ogan/ME461F25_LittleDaisies/project/ros_ws/install/mobile_sensor/share/mobile_sensor//node_modules/debug/src/browser.js
-- Installing: /home/ogan/ME461F25_LittleDaisies/project/ros_ws/install/mobile_sensor/share/mobile_sensor//node_modules/debug/src/debug.js
-- Installing: /home/ogan/ME461F25_LittleDaisies/project/ros_ws/install/mobile_sensor/share/mobile_sensor//node_modules/debug/src/inspector-log.js
-- Installing: /home/ogan/ME461F25_LittleDaisies/project/ros_ws/install/mobile_sensor/share/mobile_sensor//node_modules/debug/src/node.js
-- Installing: /home/ogan/ME461F25_LittleDaisies/project/ros_ws/install/mobile_sensor/share/mobile_sensor//node_modules/debug/LICENSE
-- Installing: /home/ogan/ME461F25_LittleDaisies/project/ros_ws/install/mobile_sensor/share/mobile_sensor//node_modules/debug/Makefile
-- Installing: /home/ogan/ME461F25_LittleDaisies/project/ros_ws/install/mobile_sensor/share/mobile_sensor//node_modules/debug/CHANGELOG.md
-- Installing: /home/ogan/ME461F25_LittleDaisies/project/ros_ws/install/mobile_sensor/share/mobile_sensor//node_modules/debug/component.json
-- Installing: /home/ogan/ME461F25_LittleDaisies/project/ros_ws/install/mobile_sensor/share/mobile_sensor//node_modules/debug/.coveralls.yml
-- Installing: /home/ogan/ME461F25_LittleDaisies/project/ros_ws/install/mobile_sensor/share/mobile_sensor//node_modules/debug/README.md
-- Installing: /home/ogan/ME461F25_LittleDaisies/project/ros_ws/install/mobile_sensor/share/mobile_sensor//node_modules/debug/.travis.yml
-- Installing: /home/ogan/ME461F25_LittleDaisies/project/ros_ws/install/mobile_sensor/share/mobile_sensor//node_modules/debug/node.js
-- Installing: /home/ogan/ME461F25_LittleDaisies/project/ros_ws/install/mobile_sensor/share/mobile_sensor//node_modules/es-errors
-- Installing: /home/ogan/ME461F25_LittleDaisies/project/ros_ws/install/mobile_sensor/share/mobile_sensor//node_modules/es-errors/ref.js
-- Installing: /home/ogan/ME461F25_LittleDaisies/project/ros_ws/install/mobile_sensor/share/mobile_sensor//node_modules/es-errors/syntax.d.ts
-- Installing: /home/ogan/ME461F25_LittleDaisies/project/ros_ws/install/mobile_sensor/share/mobile_sensor//node_modules/es-errors/.eslintrc
-- Installing: /home/ogan/ME461F25_LittleDaisies/project/ros_ws/install/mobile_sensor/share/mobile_sensor//node_modules/es-errors/package.json
-- Installing: /home/ogan/ME461F25_LittleDaisies/project/ros_ws/install/mobile_sensor/share/mobile_sensor//node_modules/es-errors/type.d.ts
-- Installing: /home/ogan/ME461F25_LittleDaisies/project/ros_ws/install/mobile_sensor/share/mobile_sensor//node_modules/es-errors/uri.js
-- Installing: /home/ogan/ME461F25_LittleDaisies/project/ros_ws/install/mobile_sensor/share/mobile_sensor//node_modules/es-errors/LICENSE
-- Installing: /home/ogan/ME461F25_LittleDaisies/project/ros_ws/install/mobile_sensor/share/mobile_sensor//node_modules/es-errors/eval.js
-- Installing: /home/ogan/ME461F25_LittleDaisies/project/ros_ws/install/mobile_sensor/share/mobile_sensor//node_modules/es-errors/index.js
-- Installing: /home/ogan/ME461F25_LittleDaisies/project/ros_ws/install/mobile_sensor/share/mobile_sensor//node_modules/es-errors/eval.d.ts
-- Installing: /home/ogan/ME461F25_LittleDaisies/project/ros_ws/install/mobile_sensor/share/mobile_sensor//node_modules/es-errors/syntax.js
-- Installing: /home/ogan/ME461F25_LittleDaisies/project/ros_ws/install/mobile_sensor/share/mobile_sensor//node_modules/es-errors/uri.d.ts
-- Installing: /home/ogan/ME461F25_LittleDaisies/project/ros_ws/install/mobile_sensor/share/mobile_sensor//node_modules/es-errors/index.d.ts
-- Installing: /home/ogan/ME461F25_LittleDaisies/project/ros_ws/install/mobile_sensor/share/mobile_sensor//node_modules/es-errors/CHANGELOG.md
-- Installing: /home/ogan/ME461F25_LittleDaisies/project/ros_ws/install/mobile_sensor/share/mobile_sensor//node_modules/es-errors/tsconfig.json
-- Installing: /home/ogan/ME461F25_LittleDaisies/project/ros_ws/install/mobile_sensor/share/mobile_sensor//node_modules/es-errors/range.js
-- Installing: /home/ogan/ME461F25_LittleDaisies/project/ros_ws/install/mobile_sensor/share/mobile_sensor//node_modules/es-errors/type.js
-- Installing: /home/ogan/ME461F25_LittleDaisies/project/ros_ws/install/mobile_sensor/share/mobile_sensor//node_modules/es-errors/test
-- Installing: /home/ogan/ME461F25_LittleDaisies/project/ros_ws/install/mobile_sensor/share/mobile_sensor//node_modules/es-errors/test/index.js
-- Installing: /home/ogan/ME461F25_LittleDaisies/project/ros_ws/install/mobile_sensor/share/mobile_sensor//node_modules/es-errors/ref.d.ts
-- Installing: /home/ogan/ME461F25_LittleDaisies/project/ros_ws/install/mobile_sensor/share/mobile_sensor//node_modules/es-errors/range.d.ts
-- Installing: /home/ogan/ME461F25_LittleDaisies/project/ros_ws/install/mobile_sensor/share/mobile_sensor//node_modules/es-errors/README.md
-- Installing: /home/ogan/ME461F25_LittleDaisies/project/ros_ws/install/mobile_sensor/share/mobile_sensor//node_modules/es-errors/.github
-- Installing: /home/ogan/ME461F25_LittleDaisies/project/ros_ws/install/mobile_sensor/share/mobile_sensor//node_modules/es-errors/.github/FUNDING.yml
-- Installing: /home/ogan/ME461F25_LittleDaisies/project/ros_ws/install/mobile_sensor/share/mobile_sensor//node_modules/rclnodejs
-- Installing: /home/ogan/ME461F25_LittleDaisies/project/ros_ws/install/mobile_sensor/share/mobile_sensor//node_modules/rclnodejs/node_modules
-- Installing: /home/ogan/ME461F25_LittleDaisies/project/ros_ws/install/mobile_sensor/share/mobile_sensor//node_modules/rclnodejs/node_modules/debug
-- Installing: /home/ogan/ME461F25_LittleDaisies/project/ros_ws/install/mobile_sensor/share/mobile_sensor//node_modules/rclnodejs/node_modules/debug/package.json
-- Installing: /home/ogan/ME461F25_LittleDaisies/project/ros_ws/install/mobile_sensor/share/mobile_sensor//node_modules/rclnodejs/node_modules/debug/src
-- Installing: /home/ogan/ME461F25_LittleDaisies/project/ros_ws/install/mobile_sensor/share/mobile_sensor//node_modules/rclnodejs/node_modules/debug/src/common.js
-- Installing: /home/ogan/ME461F25_LittleDaisies/project/ros_ws/install/mobile_sensor/share/mobile_sensor//node_modules/rclnodejs/node_modules/debug/src/index.js
-- Installing: /home/ogan/ME461F25_LittleDaisies/project/ros_ws/install/mobile_sensor/share/mobile_sensor//node_modules/rclnodejs/node_modules/debug/src/browser.js
-- Installing: /home/ogan/ME461F25_LittleDaisies/project/ros_ws/install/mobile_sensor/share/mobile_sensor//node_modules/rclnodejs/node_modules/debug/src/node.js
-- Installing: /home/ogan/ME461F25_LittleDaisies/project/ros_ws/install/mobile_sensor/share/mobile_sensor//node_modules/rclnodejs/node_modules/debug/LICENSE
-- Installing: /home/ogan/ME461F25_LittleDaisies/project/ros_ws/install/mobile_sensor/share/mobile_sensor//node_modules/rclnodejs/node_modules/debug/README.md
-- Installing: /home/ogan/ME461F25_LittleDaisies/project/ros_ws/install/mobile_sensor/share/mobile_sensor//node_modules/rclnodejs/node_modules/ms
-- Installing: /home/ogan/ME461F25_LittleDaisies/project/ros_ws/install/mobile_sensor/share/mobile_sensor//node_modules/rclnodejs/node_modules/ms/package.json
-- Installing: /home/ogan/ME461F25_LittleDaisies/project/ros_ws/install/mobile_sensor/share/mobile_sensor//node_modules/rclnodejs/node_modules/ms/index.js
-- Installing: /home/ogan/ME461F25_LittleDaisies/project/ros_ws/install/mobile_sensor/share/mobile_sensor//node_modules/rclnodejs/node_modules/ms/license.md
-- Installing: /home/ogan/ME461F25_LittleDaisies/project/ros_ws/install/mobile_sensor/share/mobile_sensor//node_modules/rclnodejs/node_modules/ms/readme.md
-- Installing: /home/ogan/ME461F25_LittleDaisies/project/ros_ws/install/mobile_sensor/share/mobile_sensor//node_modules/rclnodejs/generated
-- Installing: /home/ogan/ME461F25_LittleDaisies/project/ros_ws/install/mobile_sensor/share/mobile_sensor//node_modules/rclnodejs/generated/rosbag2_interfaces
-- Installing: /home/ogan/ME461F25_LittleDaisies/project/ros_ws/install/mobile_sensor/share/mobile_sensor//node_modules/rclnodejs/generated/rosbag2_interfaces/rosbag2_interfaces__srv__TogglePaused.js
-- Installing: /home/ogan/ME461F25_LittleDaisies/project/ros_ws/install/mobile_sensor/share/mobile_sensor//node_modules/rclnodejs/generated/rosbag2_interfaces/rosbag2_interfaces__srv__Seek_Request.js
-- Installing: /home/ogan/ME461F25_LittleDaisies/project/ros_ws/install/mobile_sensor/share/mobile_sensor//node_modules/rclnodejs/generated/rosbag2_interfaces/rosbag2_interfaces__srv__Snapshot_Request.js
-- Installing: /home/ogan/ME461F25_LittleDaisies/project/ros_ws/install/mobile_sensor/share/mobile_sensor//node_modules/rclnodejs/generated/rosbag2_interfaces/rosbag2_interfaces__srv__IsPaused.js
-- Installing: /home/ogan/ME461F25_LittleDaisies/project/ros_ws/install/mobile_sensor/share/mobile_sensor//node_modules/rclnodejs/generated/rosbag2_interfaces/rosbag2_interfaces__srv__Pause.js
-- Installing: /home/ogan/ME461F25_LittleDaisies/project/ros_ws/install/mobile_sensor/share/mobile_sensor//node_modules/rclnodejs/generated/rosbag2_interfaces/rosbag2_interfaces__srv__TogglePaused_Request.js
-- Installing: /home/ogan/ME461F25_LittleDaisies/project/ros_ws/install/mobile_sensor/share/mobile_sensor//node_modules/rclnodejs/generated/rosbag2_interfaces/rosbag2_interfaces__srv__Pause_Response.js
-- Installing: /home/ogan/ME461F25_LittleDaisies/project/ros_ws/install/mobile_sensor/share/mobile_sensor//node_modules/rclnodejs/generated/rosbag2_interfaces/rosbag2_interfaces__srv__SetRate.js
-- Installing: /home/ogan/ME461F25_LittleDaisies/project/ros_ws/install/mobile_sensor/share/mobile_sensor//node_modules/rclnodejs/generated/rosbag2_interfaces/rosbag2_interfaces__srv__PlayNext.js
-- Installing: /home/ogan/ME461F25_LittleDaisies/project/ros_ws/install/mobile_sensor/share/mobile_sensor//node_modules/rclnodejs/generated/rosbag2_interfaces/rosbag2_interfaces__srv__IsPaused_Response.js
-- Installing: /home/ogan/ME461F25_LittleDaisies/project/ros_ws/install/mobile_sensor/share/mobile_sensor//node_modules/rclnodejs/generated/rosbag2_interfaces/rosbag2_interfaces__srv__Seek.js
-- Installing: /home/ogan/ME461F25_LittleDaisies/project/ros_ws/install/mobile_sensor/share/mobile_sensor//node_modules/rclnodejs/generated/rosbag2_interfaces/rosbag2_interfaces__srv__Resume_Request.js
-- Installing: /home/ogan/ME461F25_LittleDaisies/project/ros_ws/install/mobile_sensor/share/mobile_sensor//node_modules/rclnodejs/generated/rosbag2_interfaces/rosbag2_interfaces__srv__Resume.js
-- Installing: /home/ogan/ME461F25_LittleDaisies/project/ros_ws/install/mobile_sensor/share/mobile_sensor//node_modules/rclnodejs/generated/rosbag2_interfaces/rosbag2_interfaces__srv__Burst_Request.js
-- Installing: /home/ogan/ME461F25_LittleDaisies/project/ros_ws/install/mobile_sensor/share/mobile_sensor//node_modules/rclnodejs/generated/rosbag2_interfaces/rosbag2_interfaces__msg__ReadSplitEvent.js
-- Installing: /home/ogan/ME461F25_LittleDaisies/project/ros_ws/install/mobile_sensor/share/mobile_sensor//node_modules/rclnodejs/generated/rosbag2_interfaces/rosbag2_interfaces__srv__Resume_Response.js
-- Installing: /home/ogan/ME461F25_LittleDaisies/project/ros_ws/install/mobile_sensor/share/mobile_sensor//node_modules/rclnodejs/generated/rosbag2_interfaces/rosbag2_interfaces__srv__SetRate_Response.js
-- Installing: /home/ogan/ME461F25_LittleDaisies/project/ros_ws/install/mobile_sensor/share/mobile_sensor//node_modules/rclnodejs/generated/rosbag2_interfaces/rosbag2_interfaces__srv__Seek_Response.js
-- Installing: /home/ogan/ME461F25_LittleDaisies/project/ros_ws/install/mobile_sensor/share/mobile_sensor//node_modules/rclnodejs/generated/rosbag2_interfaces/rosbag2_interfaces__srv__PlayNext_Response.js
-- Installing: /home/ogan/ME461F25_LittleDaisies/project/ros_ws/install/mobile_sensor/share/mobile_sensor//node_modules/rclnodejs/generated/rosbag2_interfaces/rosbag2_interfaces__srv__GetRate.js
-- Installing: /home/ogan/ME461F25_LittleDaisies/project/ros_ws/install/mobile_sensor/share/mobile_sensor//node_modules/rclnodejs/generated/rosbag2_interfaces/rosbag2_interfaces__srv__Pause_Request.js
-- Installing: /home/ogan/ME461F25_LittleDaisies/project/ros_ws/install/mobile_sensor/share/mobile_sensor//node_modules/rclnodejs/generated/rosbag2_interfaces/rosbag2_interfaces__srv__SetRate_Request.js
-- Installing: /home/ogan/ME461F25_LittleDaisies/project/ros_ws/install/mobile_sensor/share/mobile_sensor//node_modules/rclnodejs/generated/rosbag2_interfaces/rosbag2_interfaces__msg__WriteSplitEvent.js
-- Installing: /home/ogan/ME461F25_LittleDaisies/project/ros_ws/install/mobile_sensor/share/mobile_sensor//node_modules/rclnodejs/generated/rosbag2_interfaces/rosbag2_interfaces__srv__GetRate_Response.js
-- Installing: /home/ogan/ME461F25_LittleDaisies/project/ros_ws/install/mobile_sensor/share/mobile_sensor//node_modules/rclnodejs/generated/rosbag2_interfaces/rosbag2_interfaces__srv__GetRate_Request.js
-- Installing: /home/ogan/ME461F25_LittleDaisies/project/ros_ws/install/mobile_sensor/share/mobile_sensor//node_modules/rclnodejs/generated/rosbag2_interfaces/rosbag2_interfaces__srv__TogglePaused_Response.js
-- Installing: /home/ogan/ME461F25_LittleDaisies/project/ros_ws/install/mobile_sensor/share/mobile_sensor//node_modules/rclnodejs/generated/rosbag2_interfaces/rosbag2_interfaces__srv__PlayNext_Request.js
-- Installing: /home/ogan/ME461F25_LittleDaisies/project/ros_ws/install/mobile_sensor/share/mobile_sensor//node_modules/rclnodejs/generated/rosbag2_interfaces/rosbag2_interfaces__srv__IsPaused_Request.js
-- Installing: /home/ogan/ME461F25_LittleDaisies/project/ros_ws/install/mobile_sensor/share/mobile_sensor//node_modules/rclnodejs/generated/rosbag2_interfaces/rosbag2_interfaces__srv__Snapshot_Response.js
-- Installing: /home/ogan/ME461F25_LittleDaisies/project/ros_ws/install/mobile_sensor/share/mobile_sensor//node_modules/rclnodejs/generated/rosbag2_interfaces/rosbag2_interfaces__srv__Burst.js
-- Installing: /home/ogan/ME461F25_LittleDaisies/project/ros_ws/install/mobile_sensor/share/mobile_sensor//node_modules/rclnodejs/generated/rosbag2_interfaces/rosbag2_interfaces__srv__Snapshot.js
-- Installing: /home/ogan/ME461F25_LittleDaisies/project/ros_ws/install/mobile_sensor/share/mobile_sensor//node_modules/rclnodejs/generated/rosbag2_interfaces/rosbag2_interfaces__srv__Burst_Response.js
-- Installing: /home/ogan/ME461F25_LittleDaisies/project/ros_ws/install/mobile_sensor/share/mobile_sensor//node_modules/rclnodejs/generated/visualization_msgs
-- Installing: /home/ogan/ME461F25_LittleDaisies/project/ros_ws/install/mobile_sensor/share/mobile_sensor//node_modules/rclnodejs/generated/visualization_msgs/visualization_msgs__msg__MeshFile.js
-- Installing: /home/ogan/ME461F25_LittleDaisies/project/ros_ws/install/mobile_sensor/share/mobile_sensor//node_modules/rclnodejs/generated/visualization_msgs/visualization_msgs__srv__GetInteractiveMarkers.js
-- Installing: /home/ogan/ME461F25_LittleDaisies/project/ros_ws/install/mobile_sensor/share/mobile_sensor//node_modules/rclnodejs/generated/visualization_msgs/visualization_msgs__msg__UVCoordinate.js
-- Installing: /home/ogan/ME461F25_LittleDaisies/project/ros_ws/install/mobile_sensor/share/mobile_sensor//node_modules/rclnodejs/generated/visualization_msgs/visualization_msgs__msg__InteractiveMarkerControl.js
-- Installing: /home/ogan/ME461F25_LittleDaisies/project/ros_ws/install/mobile_sensor/share/mobile_sensor//node_modules/rclnodejs/generated/visualization_msgs/visualization_msgs__msg__InteractiveMarkerInit.js
-- Installing: /home/ogan/ME461F25_LittleDaisies/project/ros_ws/install/mobile_sensor/share/mobile_sensor//node_modules/rclnodejs/generated/visualization_msgs/visualization_msgs__msg__ImageMarker.js
-- Installing: /home/ogan/ME461F25_LittleDaisies/project/ros_ws/install/mobile_sensor/share/mobile_sensor//node_modules/rclnodejs/generated/visualization_msgs/visualization_msgs__msg__InteractiveMarkerPose.js
-- Installing: /home/ogan/ME461F25_LittleDaisies/project/ros_ws/install/mobile_sensor/share/mobile_sensor//node_modules/rclnodejs/generated/visualization_msgs/visualization_msgs__srv__GetInteractiveMarkers_Response.js
-- Installing: /home/ogan/ME461F25_LittleDaisies/project/ros_ws/install/mobile_sensor/share/mobile_sensor//node_modules/rclnodejs/generated/visualization_msgs/visualization_msgs__msg__InteractiveMarker.js
-- Installing: /home/ogan/ME461F25_LittleDaisies/project/ros_ws/install/mobile_sensor/share/mobile_sensor//node_modules/rclnodejs/generated/visualization_msgs/visualization_msgs__srv__GetInteractiveMarkers_Request.js
-- Installing: /home/ogan/ME461F25_LittleDaisies/project/ros_ws/install/mobile_sensor/share/mobile_sensor//node_modules/rclnodejs/generated/visualization_msgs/visualization_msgs__msg__MarkerArray.js
-- Installing: /home/ogan/ME461F25_LittleDaisies/project/ros_ws/install/mobile_sensor/share/mobile_sensor//node_modules/rclnodejs/generated/visualization_msgs/visualization_msgs__msg__Marker.js
-- Installing: /home/ogan/ME461F25_LittleDaisies/project/ros_ws/install/mobile_sensor/share/mobile_sensor//node_modules/rclnodejs/generated/visualization_msgs/visualization_msgs__msg__MenuEntry.js
-- Installing: /home/ogan/ME461F25_LittleDaisies/project/ros_ws/install/mobile_sensor/share/mobile_sensor//node_modules/rclnodejs/generated/visualization_msgs/visualization_msgs__msg__InteractiveMarkerFeedback.js
-- Installing: /home/ogan/ME461F25_LittleDaisies/project/ros_ws/install/mobile_sensor/share/mobile_sensor//node_modules/rclnodejs/generated/visualization_msgs/visualization_msgs__msg__InteractiveMarkerUpdate.js
-- Installing: /home/ogan/ME461F25_LittleDaisies/project/ros_ws/install/mobile_sensor/share/mobile_sensor//node_modules/rclnodejs/generated/std_srvs
-- Installing: /home/ogan/ME461F25_LittleDaisies/project/ros_ws/install/mobile_sensor/share/mobile_sensor//node_modules/rclnodejs/generated/std_srvs/std_srvs__srv__Trigger_Response.js
-- Installing: /home/ogan/ME461F25_LittleDaisies/project/ros_ws/install/mobile_sensor/share/mobile_sensor//node_modules/rclnodejs/generated/std_srvs/std_srvs__srv__Trigger_Request.js
-- Installing: /home/ogan/ME461F25_LittleDaisies/project/ros_ws/install/mobile_sensor/share/mobile_sensor//node_modules/rclnodejs/generated/std_srvs/std_srvs__srv__Empty.js
-- Installing: /home/ogan/ME461F25_LittleDaisies/project/ros_ws/install/mobile_sensor/share/mobile_sensor//node_modules/rclnodejs/generated/std_srvs/std_srvs__srv__Trigger.js
-- Installing: /home/ogan/ME461F25_LittleDaisies/project/ros_ws/install/mobile_sensor/share/mobile_sensor//node_modules/rclnodejs/generated/std_srvs/std_srvs__srv__Empty_Response.js
-- Installing: /home/ogan/ME461F25_LittleDaisies/project/ros_ws/install/mobile_sensor/share/mobile_sensor//node_modules/rclnodejs/generated/std_srvs/std_srvs__srv__SetBool_Response.js
-- Installing: /home/ogan/ME461F25_LittleDaisies/project/ros_ws/install/mobile_sensor/share/mobile_sensor//node_modules/rclnodejs/generated/std_srvs/std_srvs__srv__Empty_Request.js
-- Installing: /home/ogan/ME461F25_LittleDaisies/project/ros_ws/install/mobile_sensor/share/mobile_sensor//node_modules/rclnodejs/generated/std_srvs/std_srvs__srv__SetBool.js
-- Installing: /home/ogan/ME461F25_LittleDaisies/project/ros_ws/install/mobile_sensor/share/mobile_sensor//node_modules/rclnodejs/generated/std_srvs/std_srvs__srv__SetBool_Request.js
-- Installing: /home/ogan/ME461F25_LittleDaisies/project/ros_ws/install/mobile_sensor/share/mobile_sensor//node_modules/rclnodejs/generated/geometry_msgs
-- Installing: /home/ogan/ME461F25_LittleDaisies/project/ros_ws/install/mobile_sensor/share/mobile_sensor//node_modules/rclnodejs/generated/geometry_msgs/geometry_msgs__msg__TwistWithCovariance.js
-- Installing: /home/ogan/ME461F25_LittleDaisies/project/ros_ws/install/mobile_sensor/share/mobile_sensor//node_modules/rclnodejs/generated/geometry_msgs/geometry_msgs__msg__Vector3.js
-- Installing: /home/ogan/ME461F25_LittleDaisies/project/ros_ws/install/mobile_sensor/share/mobile_sensor//node_modules/rclnodejs/generated/geometry_msgs/geometry_msgs__msg__PoseWithCovarianceStamped.js
-- Installing: /home/ogan/ME461F25_LittleDaisies/project/ros_ws/install/mobile_sensor/share/mobile_sensor//node_modules/rclnodejs/generated/geometry_msgs/geometry_msgs__msg__PoseArray.js
-- Installing: /home/ogan/ME461F25_LittleDaisies/project/ros_ws/install/mobile_sensor/share/mobile_sensor//node_modules/rclnodejs/generated/geometry_msgs/geometry_msgs__msg__Twist.js
-- Installing: /home/ogan/ME461F25_LittleDaisies/project/ros_ws/install/mobile_sensor/share/mobile_sensor//node_modules/rclnodejs/generated/geometry_msgs/geometry_msgs__msg__InertiaStamped.js
-- Installing: /home/ogan/ME461F25_LittleDaisies/project/ros_ws/install/mobile_sensor/share/mobile_sensor//node_modules/rclnodejs/generated/geometry_msgs/geometry_msgs__msg__QuaternionStamped.js
-- Installing: /home/ogan/ME461F25_LittleDaisies/project/ros_ws/install/mobile_sensor/share/mobile_sensor//node_modules/rclnodejs/generated/geometry_msgs/geometry_msgs__msg__Accel.js
-- Installing: /home/ogan/ME461F25_LittleDaisies/project/ros_ws/install/mobile_sensor/share/mobile_sensor//node_modules/rclnodejs/generated/geometry_msgs/geometry_msgs__msg__Point.js
-- Installing: /home/ogan/ME461F25_LittleDaisies/project/ros_ws/install/mobile_sensor/share/mobile_sensor//node_modules/rclnodejs/generated/geometry_msgs/geometry_msgs__msg__Quaternion.js
-- Installing: /home/ogan/ME461F25_LittleDaisies/project/ros_ws/install/mobile_sensor/share/mobile_sensor//node_modules/rclnodejs/generated/geometry_msgs/geometry_msgs__msg__Point32.js
-- Installing: /home/ogan/ME461F25_LittleDaisies/project/ros_ws/install/mobile_sensor/share/mobile_sensor//node_modules/rclnodejs/generated/geometry_msgs/geometry_msgs__msg__Transform.js
-- Installing: /home/ogan/ME461F25_LittleDaisies/project/ros_ws/install/mobile_sensor/share/mobile_sensor//node_modules/rclnodejs/generated/geometry_msgs/geometry_msgs__msg__PointStamped.js
-- Installing: /home/ogan/ME461F25_LittleDaisies/project/ros_ws/install/mobile_sensor/share/mobile_sensor//node_modules/rclnodejs/generated/geometry_msgs/geometry_msgs__msg__Polygon.js
-- Installing: /home/ogan/ME461F25_LittleDaisies/project/ros_ws/install/mobile_sensor/share/mobile_sensor//node_modules/rclnodejs/generated/geometry_msgs/geometry_msgs__msg__PoseStamped.js
-- Installing: /home/ogan/ME461F25_LittleDaisies/project/ros_ws/install/mobile_sensor/share/mobile_sensor//node_modules/rclnodejs/generated/geometry_msgs/geometry_msgs__msg__AccelWithCovarianceStamped.js
-- Installing: /home/ogan/ME461F25_LittleDaisies/project/ros_ws/install/mobile_sensor/share/mobile_sensor//node_modules/rclnodejs/generated/geometry_msgs/geometry_msgs__msg__AccelStamped.js
-- Installing: /home/ogan/ME461F25_LittleDaisies/project/ros_ws/install/mobile_sensor/share/mobile_sensor//node_modules/rclnodejs/generated/geometry_msgs/geometry_msgs__msg__TwistWithCovarianceStamped.js
-- Installing: /home/ogan/ME461F25_LittleDaisies/project/ros_ws/install/mobile_sensor/share/mobile_sensor//node_modules/rclnodejs/generated/geometry_msgs/geometry_msgs__msg__VelocityStamped.js
-- Installing: /home/ogan/ME461F25_LittleDaisies/project/ros_ws/install/mobile_sensor/share/mobile_sensor//node_modules/rclnodejs/generated/geometry_msgs/geometry_msgs__msg__Pose.js
-- Installing: /home/ogan/ME461F25_LittleDaisies/project/ros_ws/install/mobile_sensor/share/mobile_sensor//node_modules/rclnodejs/generated/geometry_msgs/geometry_msgs__msg__AccelWithCovariance.js
-- Installing: /home/ogan/ME461F25_LittleDaisies/project/ros_ws/install/mobile_sensor/share/mobile_sensor//node_modules/rclnodejs/generated/geometry_msgs/geometry_msgs__msg__Inertia.js
-- Installing: /home/ogan/ME461F25_LittleDaisies/project/ros_ws/install/mobile_sensor/share/mobile_sensor//node_modules/rclnodejs/generated/geometry_msgs/geometry_msgs__msg__PoseWithCovariance.js
-- Installing: /home/ogan/ME461F25_LittleDaisies/project/ros_ws/install/mobile_sensor/share/mobile_sensor//node_modules/rclnodejs/generated/geometry_msgs/geometry_msgs__msg__Wrench.js
-- Installing: /home/ogan/ME461F25_LittleDaisies/project/ros_ws/install/mobile_sensor/share/mobile_sensor//node_modules/rclnodejs/generated/geometry_msgs/geometry_msgs__msg__Vector3Stamped.js
-- Installing: /home/ogan/ME461F25_LittleDaisies/project/ros_ws/install/mobile_sensor/share/mobile_sensor//node_modules/rclnodejs/generated/geometry_msgs/geometry_msgs__msg__WrenchStamped.js
-- Installing: /home/ogan/ME461F25_LittleDaisies/project/ros_ws/install/mobile_sensor/share/mobile_sensor//node_modules/rclnodejs/generated/geometry_msgs/geometry_msgs__msg__Pose2D.js
-- Installing: /home/ogan/ME461F25_LittleDaisies/project/ros_ws/install/mobile_sensor/share/mobile_sensor//node_modules/rclnodejs/generated/geometry_msgs/geometry_msgs__msg__PolygonStamped.js
-- Installing: /home/ogan/ME461F25_LittleDaisies/project/ros_ws/install/mobile_sensor/share/mobile_sensor//node_modules/rclnodejs/generated/geometry_msgs/geometry_msgs__msg__TwistStamped.js
-- Installing: /home/ogan/ME461F25_LittleDaisies/project/ros_ws/install/mobile_sensor/share/mobile_sensor//node_modules/rclnodejs/generated/geometry_msgs/geometry_msgs__msg__TransformStamped.js
-- Installing: /home/ogan/ME461F25_LittleDaisies/project/ros_ws/install/mobile_sensor/share/mobile_sensor//node_modules/rclnodejs/generated/lifecycle_msgs
-- Installing: /home/ogan/ME461F25_LittleDaisies/project/ros_ws/install/mobile_sensor/share/mobile_sensor//node_modules/rclnodejs/generated/lifecycle_msgs/lifecycle_msgs__srv__GetState_Request.js
-- Installing: /home/ogan/ME461F25_LittleDaisies/project/ros_ws/install/mobile_sensor/share/mobile_sensor//node_modules/rclnodejs/generated/lifecycle_msgs/lifecycle_msgs__srv__ChangeState_Response.js
-- Installing: /home/ogan/ME461F25_LittleDaisies/project/ros_ws/install/mobile_sensor/share/mobile_sensor//node_modules/rclnodejs/generated/lifecycle_msgs/lifecycle_msgs__msg__TransitionEvent.js
-- Installing: /home/ogan/ME461F25_LittleDaisies/project/ros_ws/install/mobile_sensor/share/mobile_sensor//node_modules/rclnodejs/generated/lifecycle_msgs/lifecycle_msgs__msg__Transition.js
-- Installing: /home/ogan/ME461F25_LittleDaisies/project/ros_ws/install/mobile_sensor/share/mobile_sensor//node_modules/rclnodejs/generated/lifecycle_msgs/lifecycle_msgs__srv__GetAvailableTransitions_Request.js
-- Installing: /home/ogan/ME461F25_LittleDaisies/project/ros_ws/install/mobile_sensor/share/mobile_sensor//node_modules/rclnodejs/generated/lifecycle_msgs/lifecycle_msgs__srv__GetAvailableStates_Response.js
-- Installing: /home/ogan/ME461F25_LittleDaisies/project/ros_ws/install/mobile_sensor/share/mobile_sensor//node_modules/rclnodejs/generated/lifecycle_msgs/lifecycle_msgs__srv__ChangeState_Request.js
-- Installing: /home/ogan/ME461F25_LittleDaisies/project/ros_ws/install/mobile_sensor/share/mobile_sensor//node_modules/rclnodejs/generated/lifecycle_msgs/lifecycle_msgs__srv__GetState.js
-- Installing: /home/ogan/ME461F25_LittleDaisies/project/ros_ws/install/mobile_sensor/share/mobile_sensor//node_modules/rclnodejs/generated/lifecycle_msgs/lifecycle_msgs__srv__GetAvailableStates_Request.js
-- Installing: /home/ogan/ME461F25_LittleDaisies/project/ros_ws/install/mobile_sensor/share/mobile_sensor//node_modules/rclnodejs/generated/lifecycle_msgs/lifecycle_msgs__srv__GetAvailableStates.js
-- Installing: /home/ogan/ME461F25_LittleDaisies/project/ros_ws/install/mobile_sensor/share/mobile_sensor//node_modules/rclnodejs/generated/lifecycle_msgs/lifecycle_msgs__msg__State.js
-- Installing: /home/ogan/ME461F25_LittleDaisies/project/ros_ws/install/mobile_sensor/share/mobile_sensor//node_modules/rclnodejs/generated/lifecycle_msgs/lifecycle_msgs__srv__GetAvailableTransitions_Response.js
-- Installing: /home/ogan/ME461F25_LittleDaisies/project/ros_ws/install/mobile_sensor/share/mobile_sensor//node_modules/rclnodejs/generated/lifecycle_msgs/lifecycle_msgs__srv__ChangeState.js
-- Installing: /home/ogan/ME461F25_LittleDaisies/project/ros_ws/install/mobile_sensor/share/mobile_sensor//node_modules/rclnodejs/generated/lifecycle_msgs/lifecycle_msgs__srv__GetAvailableTransitions.js
-- Installing: /home/ogan/ME461F25_LittleDaisies/project/ros_ws/install/mobile_sensor/share/mobile_sensor//node_modules/rclnodejs/generated/lifecycle_msgs/lifecycle_msgs__srv__GetState_Response.js
-- Installing: /home/ogan/ME461F25_LittleDaisies/project/ros_ws/install/mobile_sensor/share/mobile_sensor//node_modules/rclnodejs/generated/lifecycle_msgs/lifecycle_msgs__msg__TransitionDescription.js
-- Installing: /home/ogan/ME461F25_LittleDaisies/project/ros_ws/install/mobile_sensor/share/mobile_sensor//node_modules/rclnodejs/generated/composition_interfaces
-- Installing: /home/ogan/ME461F25_LittleDaisies/project/ros_ws/install/mobile_sensor/share/mobile_sensor//node_modules/rclnodejs/generated/composition_interfaces/composition_interfaces__srv__LoadNode_Response.js
-- Installing: /home/ogan/ME461F25_LittleDaisies/project/ros_ws/install/mobile_sensor/share/mobile_sensor//node_modules/rclnodejs/generated/composition_interfaces/composition_interfaces__srv__UnloadNode_Request.js
-- Installing: /home/ogan/ME461F25_LittleDaisies/project/ros_ws/install/mobile_sensor/share/mobile_sensor//node_modules/rclnodejs/generated/composition_interfaces/composition_interfaces__srv__LoadNode.js
-- Installing: /home/ogan/ME461F25_LittleDaisies/project/ros_ws/install/mobile_sensor/share/mobile_sensor//node_modules/rclnodejs/generated/composition_interfaces/composition_interfaces__srv__LoadNode_Request.js
-- Installing: /home/ogan/ME461F25_LittleDaisies/project/ros_ws/install/mobile_sensor/share/mobile_sensor//node_modules/rclnodejs/generated/composition_interfaces/composition_interfaces__srv__ListNodes_Request.js
-- Installing: /home/ogan/ME461F25_LittleDaisies/project/ros_ws/install/mobile_sensor/share/mobile_sensor//node_modules/rclnodejs/generated/composition_interfaces/composition_interfaces__srv__UnloadNode.js
-- Installing: /home/ogan/ME461F25_LittleDaisies/project/ros_ws/install/mobile_sensor/share/mobile_sensor//node_modules/rclnodejs/generated/composition_interfaces/composition_interfaces__srv__UnloadNode_Response.js
-- Installing: /home/ogan/ME461F25_LittleDaisies/project/ros_ws/install/mobile_sensor/share/mobile_sensor//node_modules/rclnodejs/generated/composition_interfaces/composition_interfaces__srv__ListNodes_Response.js
-- Installing: /home/ogan/ME461F25_LittleDaisies/project/ros_ws/install/mobile_sensor/share/mobile_sensor//node_modules/rclnodejs/generated/composition_interfaces/composition_interfaces__srv__ListNodes.js
-- Installing: /home/ogan/ME461F25_LittleDaisies/project/ros_ws/install/mobile_sensor/share/mobile_sensor//node_modules/rclnodejs/generated/control_msgs
-- Installing: /home/ogan/ME461F25_LittleDaisies/project/ros_ws/install/mobile_sensor/share/mobile_sensor//node_modules/rclnodejs/generated/control_msgs/control_msgs__action__ParallelGripperCommand_SendGoal_Request.js
-- Installing: /home/ogan/ME461F25_LittleDaisies/project/ros_ws/install/mobile_sensor/share/mobile_sensor//node_modules/rclnodejs/generated/control_msgs/control_msgs__action__SingleJointPosition_Feedback.js
-- Installing: /home/ogan/ME461F25_LittleDaisies/project/ros_ws/install/mobile_sensor/share/mobile_sensor//node_modules/rclnodejs/generated/control_msgs/control_msgs__srv__QueryTrajectoryState_Request.js
-- Installing: /home/ogan/ME461F25_LittleDaisies/project/ros_ws/install/mobile_sensor/share/mobile_sensor//node_modules/rclnodejs/generated/control_msgs/control_msgs__action__SingleJointPosition_GetResult_Response.js
-- Installing: /home/ogan/ME461F25_LittleDaisies/project/ros_ws/install/mobile_sensor/share/mobile_sensor//node_modules/rclnodejs/generated/control_msgs/control_msgs__action__GripperCommand_FeedbackMessage.js
-- Installing: /home/ogan/ME461F25_LittleDaisies/project/ros_ws/install/mobile_sensor/share/mobile_sensor//node_modules/rclnodejs/generated/control_msgs/control_msgs__action__FollowJointTrajectory.js
-- Installing: /home/ogan/ME461F25_LittleDaisies/project/ros_ws/install/mobile_sensor/share/mobile_sensor//node_modules/rclnodejs/generated/control_msgs/control_msgs__msg__JointTolerance.js
-- Installing: /home/ogan/ME461F25_LittleDaisies/project/ros_ws/install/mobile_sensor/share/mobile_sensor//node_modules/rclnodejs/generated/control_msgs/control_msgs__srv__QueryTrajectoryState_Response.js
-- Installing: /home/ogan/ME461F25_LittleDaisies/project/ros_ws/install/mobile_sensor/share/mobile_sensor//node_modules/rclnodejs/generated/control_msgs/control_msgs__action__FollowJointTrajectory_FeedbackMessage.js
-- Installing: /home/ogan/ME461F25_LittleDaisies/project/ros_ws/install/mobile_sensor/share/mobile_sensor//node_modules/rclnodejs/generated/control_msgs/control_msgs__action__ParallelGripperCommand_Goal.js
-- Installing: /home/ogan/ME461F25_LittleDaisies/project/ros_ws/install/mobile_sensor/share/mobile_sensor//node_modules/rclnodejs/generated/control_msgs/control_msgs__action__GripperCommand_GetResult_Request.js
-- Installing: /home/ogan/ME461F25_LittleDaisies/project/ros_ws/install/mobile_sensor/share/mobile_sensor//node_modules/rclnodejs/generated/control_msgs/control_msgs__action__ParallelGripperCommand_Feedback.js
-- Installing: /home/ogan/ME461F25_LittleDaisies/project/ros_ws/install/mobile_sensor/share/mobile_sensor//node_modules/rclnodejs/generated/control_msgs/control_msgs__action__JointTrajectory.js
-- Installing: /home/ogan/ME461F25_LittleDaisies/project/ros_ws/install/mobile_sensor/share/mobile_sensor//node_modules/rclnodejs/generated/control_msgs/control_msgs__action__FollowJointTrajectory_SendGoal_Request.js
-- Installing: /home/ogan/ME461F25_LittleDaisies/project/ros_ws/install/mobile_sensor/share/mobile_sensor//node_modules/rclnodejs/generated/control_msgs/control_msgs__msg__DynamicJointState.js
-- Installing: /home/ogan/ME461F25_LittleDaisies/project/ros_ws/install/mobile_sensor/share/mobile_sensor//node_modules/rclnodejs/generated/control_msgs/control_msgs__action__GripperCommand_SendGoal_Response.js
-- Installing: /home/ogan/ME461F25_LittleDaisies/project/ros_ws/install/mobile_sensor/share/mobile_sensor//node_modules/rclnodejs/generated/control_msgs/control_msgs__action__SingleJointPosition_Goal.js
-- Installing: /home/ogan/ME461F25_LittleDaisies/project/ros_ws/install/mobile_sensor/share/mobile_sensor//node_modules/rclnodejs/generated/control_msgs/control_msgs__action__PointHead_GetResult_Request.js
-- Installing: /home/ogan/ME461F25_LittleDaisies/project/ros_ws/install/mobile_sensor/share/mobile_sensor//node_modules/rclnodejs/generated/control_msgs/control_msgs__action__ParallelGripperCommand_GetResult.js
-- Installing: /home/ogan/ME461F25_LittleDaisies/project/ros_ws/install/mobile_sensor/share/mobile_sensor//node_modules/rclnodejs/generated/control_msgs/control_msgs__action__GripperCommand_SendGoal.js
-- Installing: /home/ogan/ME461F25_LittleDaisies/project/ros_ws/install/mobile_sensor/share/mobile_sensor//node_modules/rclnodejs/generated/control_msgs/control_msgs__action__PointHead_Feedback.js
-- Installing: /home/ogan/ME461F25_LittleDaisies/project/ros_ws/install/mobile_sensor/share/mobile_sensor//node_modules/rclnodejs/generated/control_msgs/control_msgs__action__FollowJointTrajectory_SendGoal_Response.js
-- Installing: /home/ogan/ME461F25_LittleDaisies/project/ros_ws/install/mobile_sensor/share/mobile_sensor//node_modules/rclnodejs/generated/control_msgs/control_msgs__action__PointHead_SendGoal_Request.js
-- Installing: /home/ogan/ME461F25_LittleDaisies/project/ros_ws/install/mobile_sensor/share/mobile_sensor//node_modules/rclnodejs/generated/control_msgs/control_msgs__msg__DynamicInterfaceGroupValues.js
-- Installing: /home/ogan/ME461F25_LittleDaisies/project/ros_ws/install/mobile_sensor/share/mobile_sensor//node_modules/rclnodejs/generated/control_msgs/control_msgs__action__GripperCommand.js
-- Installing: /home/ogan/ME461F25_LittleDaisies/project/ros_ws/install/mobile_sensor/share/mobile_sensor//node_modules/rclnodejs/generated/control_msgs/control_msgs__action__FollowJointTrajectory_GetResult.js
-- Installing: /home/ogan/ME461F25_LittleDaisies/project/ros_ws/install/mobile_sensor/share/mobile_sensor//node_modules/rclnodejs/generated/control_msgs/control_msgs__action__JointTrajectory_FeedbackMessage.js
-- Installing: /home/ogan/ME461F25_LittleDaisies/project/ros_ws/install/mobile_sensor/share/mobile_sensor//node_modules/rclnodejs/generated/control_msgs/control_msgs__action__GripperCommand_GetResult.js
-- Installing: /home/ogan/ME461F25_LittleDaisies/project/ros_ws/install/mobile_sensor/share/mobile_sensor//node_modules/rclnodejs/generated/control_msgs/control_msgs__msg__SingleDOFStateStamped.js
-- Installing: /home/ogan/ME461F25_LittleDaisies/project/ros_ws/install/mobile_sensor/share/mobile_sensor//node_modules/rclnodejs/generated/control_msgs/control_msgs__action__GripperCommand_GetResult_Response.js
-- Installing: /home/ogan/ME461F25_LittleDaisies/project/ros_ws/install/mobile_sensor/share/mobile_sensor//node_modules/rclnodejs/generated/control_msgs/control_msgs__action__GripperCommand_Feedback.js
-- Installing: /home/ogan/ME461F25_LittleDaisies/project/ros_ws/install/mobile_sensor/share/mobile_sensor//node_modules/rclnodejs/generated/control_msgs/control_msgs__action__FollowJointTrajectory_GetResult_Response.js
-- Installing: /home/ogan/ME461F25_LittleDaisies/project/ros_ws/install/mobile_sensor/share/mobile_sensor//node_modules/rclnodejs/generated/control_msgs/control_msgs__action__JointTrajectory_Feedback.js
-- Installing: /home/ogan/ME461F25_LittleDaisies/project/ros_ws/install/mobile_sensor/share/mobile_sensor//node_modules/rclnodejs/generated/control_msgs/control_msgs__msg__JointComponentTolerance.js
-- Installing: /home/ogan/ME461F25_LittleDaisies/project/ros_ws/install/mobile_sensor/share/mobile_sensor//node_modules/rclnodejs/generated/control_msgs/control_msgs__action__PointHead_Goal.js
-- Installing: /home/ogan/ME461F25_LittleDaisies/project/ros_ws/install/mobile_sensor/share/mobile_sensor//node_modules/rclnodejs/generated/control_msgs/control_msgs__action__ParallelGripperCommand_SendGoal_Response.js
-- Installing: /home/ogan/ME461F25_LittleDaisies/project/ros_ws/install/mobile_sensor/share/mobile_sensor//node_modules/rclnodejs/generated/control_msgs/control_msgs__srv__QueryTrajectoryState.js
-- Installing: /home/ogan/ME461F25_LittleDaisies/project/ros_ws/install/mobile_sensor/share/mobile_sensor//node_modules/rclnodejs/generated/control_msgs/control_msgs__action__SingleJointPosition_SendGoal_Request.js
-- Installing: /home/ogan/ME461F25_LittleDaisies/project/ros_ws/install/mobile_sensor/share/mobile_sensor//node_modules/rclnodejs/generated/control_msgs/control_msgs__action__ParallelGripperCommand_SendGoal.js
-- Installing: /home/ogan/ME461F25_LittleDaisies/project/ros_ws/install/mobile_sensor/share/mobile_sensor//node_modules/rclnodejs/generated/control_msgs/control_msgs__action__ParallelGripperCommand_Result.js
-- Installing: /home/ogan/ME461F25_LittleDaisies/project/ros_ws/install/mobile_sensor/share/mobile_sensor//node_modules/rclnodejs/generated/control_msgs/control_msgs__msg__AdmittanceControllerState.js
-- Installing: /home/ogan/ME461F25_LittleDaisies/project/ros_ws/install/mobile_sensor/share/mobile_sensor//node_modules/rclnodejs/generated/control_msgs/control_msgs__srv__QueryCalibrationState_Request.js
-- Installing: /home/ogan/ME461F25_LittleDaisies/project/ros_ws/install/mobile_sensor/share/mobile_sensor//node_modules/rclnodejs/generated/control_msgs/control_msgs__action__PointHead_SendGoal_Response.js
-- Installing: /home/ogan/ME461F25_LittleDaisies/project/ros_ws/install/mobile_sensor/share/mobile_sensor//node_modules/rclnodejs/generated/control_msgs/control_msgs__action__PointHead_GetResult.js
-- Installing: /home/ogan/ME461F25_LittleDaisies/project/ros_ws/install/mobile_sensor/share/mobile_sensor//node_modules/rclnodejs/generated/control_msgs/control_msgs__action__SingleJointPosition.js
-- Installing: /home/ogan/ME461F25_LittleDaisies/project/ros_ws/install/mobile_sensor/share/mobile_sensor//node_modules/rclnodejs/generated/control_msgs/control_msgs__msg__GripperCommand.js
-- Installing: /home/ogan/ME461F25_LittleDaisies/project/ros_ws/install/mobile_sensor/share/mobile_sensor//node_modules/rclnodejs/generated/control_msgs/control_msgs__action__FollowJointTrajectory_Goal.js
-- Installing: /home/ogan/ME461F25_LittleDaisies/project/ros_ws/install/mobile_sensor/share/mobile_sensor//node_modules/rclnodejs/generated/control_msgs/control_msgs__action__GripperCommand_Goal.js
-- Installing: /home/ogan/ME461F25_LittleDaisies/project/ros_ws/install/mobile_sensor/share/mobile_sensor//node_modules/rclnodejs/generated/control_msgs/control_msgs__msg__PidState.js
-- Installing: /home/ogan/ME461F25_LittleDaisies/project/ros_ws/install/mobile_sensor/share/mobile_sensor//node_modules/rclnodejs/generated/control_msgs/control_msgs__action__FollowJointTrajectory_SendGoal.js
-- Installing: /home/ogan/ME461F25_LittleDaisies/project/ros_ws/install/mobile_sensor/share/mobile_sensor//node_modules/rclnodejs/generated/control_msgs/control_msgs__action__JointTrajectory_SendGoal_Request.js
-- Installing: /home/ogan/ME461F25_LittleDaisies/project/ros_ws/install/mobile_sensor/share/mobile_sensor//node_modules/rclnodejs/generated/control_msgs/control_msgs__action__SingleJointPosition_SendGoal.js
-- Installing: /home/ogan/ME461F25_LittleDaisies/project/ros_ws/install/mobile_sensor/share/mobile_sensor//node_modules/rclnodejs/generated/control_msgs/control_msgs__msg__InterfaceValue.js
-- Installing: /home/ogan/ME461F25_LittleDaisies/project/ros_ws/install/mobile_sensor/share/mobile_sensor//node_modules/rclnodejs/generated/control_msgs/control_msgs__msg__JointControllerState.js
-- Installing: /home/ogan/ME461F25_LittleDaisies/project/ros_ws/install/mobile_sensor/share/mobile_sensor//node_modules/rclnodejs/generated/control_msgs/control_msgs__action__ParallelGripperCommand_FeedbackMessage.js
-- Installing: /home/ogan/ME461F25_LittleDaisies/project/ros_ws/install/mobile_sensor/share/mobile_sensor//node_modules/rclnodejs/generated/control_msgs/control_msgs__msg__SingleDOFState.js
-- Installing: /home/ogan/ME461F25_LittleDaisies/project/ros_ws/install/mobile_sensor/share/mobile_sensor//node_modules/rclnodejs/generated/control_msgs/control_msgs__action__SingleJointPosition_GetResult.js
-- Installing: /home/ogan/ME461F25_LittleDaisies/project/ros_ws/install/mobile_sensor/share/mobile_sensor//node_modules/rclnodejs/generated/control_msgs/control_msgs__action__SingleJointPosition_GetResult_Request.js
-- Installing: /home/ogan/ME461F25_LittleDaisies/project/ros_ws/install/mobile_sensor/share/mobile_sensor//node_modules/rclnodejs/generated/control_msgs/control_msgs__action__JointTrajectory_GetResult_Response.js
-- Installing: /home/ogan/ME461F25_LittleDaisies/project/ros_ws/install/mobile_sensor/share/mobile_sensor//node_modules/rclnodejs/generated/control_msgs/control_msgs__action__GripperCommand_Result.js
-- Installing: /home/ogan/ME461F25_LittleDaisies/project/ros_ws/install/mobile_sensor/share/mobile_sensor//node_modules/rclnodejs/generated/control_msgs/control_msgs__msg__MecanumDriveControllerState.js
-- Installing: /home/ogan/ME461F25_LittleDaisies/project/ros_ws/install/mobile_sensor/share/mobile_sensor//node_modules/rclnodejs/generated/control_msgs/control_msgs__action__SingleJointPosition_SendGoal_Response.js
-- Installing: /home/ogan/ME461F25_LittleDaisies/project/ros_ws/install/mobile_sensor/share/mobile_sensor//node_modules/rclnodejs/generated/control_msgs/control_msgs__action__JointTrajectory_Result.js
-- Installing: /home/ogan/ME461F25_LittleDaisies/project/ros_ws/install/mobile_sensor/share/mobile_sensor//node_modules/rclnodejs/generated/control_msgs/control_msgs__action__JointTrajectory_SendGoal_Response.js
-- Installing: /home/ogan/ME461F25_LittleDaisies/project/ros_ws/install/mobile_sensor/share/mobile_sensor//node_modules/rclnodejs/generated/control_msgs/control_msgs__msg__MultiDOFStateStamped.js
-- Installing: /home/ogan/ME461F25_LittleDaisies/project/ros_ws/install/mobile_sensor/share/mobile_sensor//node_modules/rclnodejs/generated/control_msgs/control_msgs__action__FollowJointTrajectory_GetResult_Request.js
-- Installing: /home/ogan/ME461F25_LittleDaisies/project/ros_ws/install/mobile_sensor/share/mobile_sensor//node_modules/rclnodejs/generated/control_msgs/control_msgs__action__ParallelGripperCommand_GetResult_Request.js
-- Installing: /home/ogan/ME461F25_LittleDaisies/project/ros_ws/install/mobile_sensor/share/mobile_sensor//node_modules/rclnodejs/generated/control_msgs/control_msgs__action__JointTrajectory_Goal.js
-- Installing: /home/ogan/ME461F25_LittleDaisies/project/ros_ws/install/mobile_sensor/share/mobile_sensor//node_modules/rclnodejs/generated/control_msgs/control_msgs__action__PointHead.js
-- Installing: /home/ogan/ME461F25_LittleDaisies/project/ros_ws/install/mobile_sensor/share/mobile_sensor//node_modules/rclnodejs/generated/control_msgs/control_msgs__action__FollowJointTrajectory_Feedback.js
-- Installing: /home/ogan/ME461F25_LittleDaisies/project/ros_ws/install/mobile_sensor/share/mobile_sensor//node_modules/rclnodejs/generated/control_msgs/control_msgs__action__PointHead_SendGoal.js
-- Installing: /home/ogan/ME461F25_LittleDaisies/project/ros_ws/install/mobile_sensor/share/mobile_sensor//node_modules/rclnodejs/generated/control_msgs/control_msgs__action__SingleJointPosition_Result.js
-- Installing: /home/ogan/ME461F25_LittleDaisies/project/ros_ws/install/mobile_sensor/share/mobile_sensor//node_modules/rclnodejs/generated/control_msgs/control_msgs__action__PointHead_Result.js
-- Installing: /home/ogan/ME461F25_LittleDaisies/project/ros_ws/install/mobile_sensor/share/mobile_sensor//node_modules/rclnodejs/generated/control_msgs/control_msgs__msg__JointJog.js
-- Installing: /home/ogan/ME461F25_LittleDaisies/project/ros_ws/install/mobile_sensor/share/mobile_sensor//node_modules/rclnodejs/generated/control_msgs/control_msgs__srv__QueryCalibrationState.js
-- Installing: /home/ogan/ME461F25_LittleDaisies/project/ros_ws/install/mobile_sensor/share/mobile_sensor//node_modules/rclnodejs/generated/control_msgs/control_msgs__action__JointTrajectory_GetResult_Request.js
-- Installing: /home/ogan/ME461F25_LittleDaisies/project/ros_ws/install/mobile_sensor/share/mobile_sensor//node_modules/rclnodejs/generated/control_msgs/control_msgs__action__PointHead_GetResult_Response.js
-- Installing: /home/ogan/ME461F25_LittleDaisies/project/ros_ws/install/mobile_sensor/share/mobile_sensor//node_modules/rclnodejs/generated/control_msgs/control_msgs__action__ParallelGripperCommand_GetResult_Response.js
-- Installing: /home/ogan/ME461F25_LittleDaisies/project/ros_ws/install/mobile_sensor/share/mobile_sensor//node_modules/rclnodejs/generated/control_msgs/control_msgs__msg__MultiDOFCommand.js
-- Installing: /home/ogan/ME461F25_LittleDaisies/project/ros_ws/install/mobile_sensor/share/mobile_sensor//node_modules/rclnodejs/generated/control_msgs/control_msgs__srv__QueryCalibrationState_Response.js
-- Installing: /home/ogan/ME461F25_LittleDaisies/project/ros_ws/install/mobile_sensor/share/mobile_sensor//node_modules/rclnodejs/generated/control_msgs/control_msgs__action__SingleJointPosition_FeedbackMessage.js
-- Installing: /home/ogan/ME461F25_LittleDaisies/project/ros_ws/install/mobile_sensor/share/mobile_sensor//node_modules/rclnodejs/generated/control_msgs/control_msgs__msg__SteeringControllerStatus.js
-- Installing: /home/ogan/ME461F25_LittleDaisies/project/ros_ws/install/mobile_sensor/share/mobile_sensor//node_modules/rclnodejs/generated/control_msgs/control_msgs__action__FollowJointTrajectory_Result.js
-- Installing: /home/ogan/ME461F25_LittleDaisies/project/ros_ws/install/mobile_sensor/share/mobile_sensor//node_modules/rclnodejs/generated/control_msgs/control_msgs__action__PointHead_FeedbackMessage.js
-- Installing: /home/ogan/ME461F25_LittleDaisies/project/ros_ws/install/mobile_sensor/share/mobile_sensor//node_modules/rclnodejs/generated/control_msgs/control_msgs__action__GripperCommand_SendGoal_Request.js
-- Installing: /home/ogan/ME461F25_LittleDaisies/project/ros_ws/install/mobile_sensor/share/mobile_sensor//node_modules/rclnodejs/generated/control_msgs/control_msgs__action__ParallelGripperCommand.js
-- Installing: /home/ogan/ME461F25_LittleDaisies/project/ros_ws/install/mobile_sensor/share/mobile_sensor//node_modules/rclnodejs/generated/control_msgs/control_msgs__action__JointTrajectory_GetResult.js
-- Installing: /home/ogan/ME461F25_LittleDaisies/project/ros_ws/install/mobile_sensor/share/mobile_sensor//node_modules/rclnodejs/generated/control_msgs/control_msgs__action__JointTrajectory_SendGoal.js
-- Installing: /home/ogan/ME461F25_LittleDaisies/project/ros_ws/install/mobile_sensor/share/mobile_sensor//node_modules/rclnodejs/generated/control_msgs/control_msgs__msg__JointTrajectoryControllerState.js
-- Installing: /home/ogan/ME461F25_LittleDaisies/project/ros_ws/install/mobile_sensor/share/mobile_sensor//node_modules/rclnodejs/generated/builtin_interfaces
-- Installing: /home/ogan/ME461F25_LittleDaisies/project/ros_ws/install/mobile_sensor/share/mobile_sensor//node_modules/rclnodejs/generated/builtin_interfaces/builtin_interfaces__msg__Time.js
-- Installing: /home/ogan/ME461F25_LittleDaisies/project/ros_ws/install/mobile_sensor/share/mobile_sensor//node_modules/rclnodejs/generated/builtin_interfaces/builtin_interfaces__msg__Duration.js
-- Installing: /home/ogan/ME461F25_LittleDaisies/project/ros_ws/install/mobile_sensor/share/mobile_sensor//node_modules/rclnodejs/generated/statistics_msgs
-- Installing: /home/ogan/ME461F25_LittleDaisies/project/ros_ws/install/mobile_sensor/share/mobile_sensor//node_modules/rclnodejs/generated/statistics_msgs/statistics_msgs__msg__StatisticDataType.js
-- Installing: /home/ogan/ME461F25_LittleDaisies/project/ros_ws/install/mobile_sensor/share/mobile_sensor//node_modules/rclnodejs/generated/statistics_msgs/statistics_msgs__msg__MetricsMessage.js
-- Installing: /home/ogan/ME461F25_LittleDaisies/project/ros_ws/install/mobile_sensor/share/mobile_sensor//node_modules/rclnodejs/generated/statistics_msgs/statistics_msgs__msg__StatisticDataPoint.js
-- Installing: /home/ogan/ME461F25_LittleDaisies/project/ros_ws/install/mobile_sensor/share/mobile_sensor//node_modules/rclnodejs/generated/stereo_msgs
-- Installing: /home/ogan/ME461F25_LittleDaisies/project/ros_ws/install/mobile_sensor/share/mobile_sensor//node_modules/rclnodejs/generated/stereo_msgs/stereo_msgs__msg__DisparityImage.js
-- Installing: /home/ogan/ME461F25_LittleDaisies/project/ros_ws/install/mobile_sensor/share/mobile_sensor//node_modules/rclnodejs/generated/gps_msgs
-- Installing: /home/ogan/ME461F25_LittleDaisies/project/ros_ws/install/mobile_sensor/share/mobile_sensor//node_modules/rclnodejs/generated/gps_msgs/gps_msgs__msg__GPSStatus.js
-- Installing: /home/ogan/ME461F25_LittleDaisies/project/ros_ws/install/mobile_sensor/share/mobile_sensor//node_modules/rclnodejs/generated/gps_msgs/gps_msgs__msg__GPSFix.js
-- Installing: /home/ogan/ME461F25_LittleDaisies/project/ros_ws/install/mobile_sensor/share/mobile_sensor//node_modules/rclnodejs/generated/action_msgs
-- Installing: /home/ogan/ME461F25_LittleDaisies/project/ros_ws/install/mobile_sensor/share/mobile_sensor//node_modules/rclnodejs/generated/action_msgs/action_msgs__msg__GoalStatus.js
-- Installing: /home/ogan/ME461F25_LittleDaisies/project/ros_ws/install/mobile_sensor/share/mobile_sensor//node_modules/rclnodejs/generated/action_msgs/action_msgs__msg__GoalStatusArray.js
-- Installing: /home/ogan/ME461F25_LittleDaisies/project/ros_ws/install/mobile_sensor/share/mobile_sensor//node_modules/rclnodejs/generated/action_msgs/action_msgs__msg__GoalInfo.js
-- Installing: /home/ogan/ME461F25_LittleDaisies/project/ros_ws/install/mobile_sensor/share/mobile_sensor//node_modules/rclnodejs/generated/action_msgs/action_msgs__srv__CancelGoal_Response.js
-- Installing: /home/ogan/ME461F25_LittleDaisies/project/ros_ws/install/mobile_sensor/share/mobile_sensor//node_modules/rclnodejs/generated/action_msgs/action_msgs__srv__CancelGoal.js
-- Installing: /home/ogan/ME461F25_LittleDaisies/project/ros_ws/install/mobile_sensor/share/mobile_sensor//node_modules/rclnodejs/generated/action_msgs/action_msgs__srv__CancelGoal_Request.js
-- Installing: /home/ogan/ME461F25_LittleDaisies/project/ros_ws/install/mobile_sensor/share/mobile_sensor//node_modules/rclnodejs/generated/rmw_dds_common
-- Installing: /home/ogan/ME461F25_LittleDaisies/project/ros_ws/install/mobile_sensor/share/mobile_sensor//node_modules/rclnodejs/generated/rmw_dds_common/rmw_dds_common__msg__Gid.js
-- Installing: /home/ogan/ME461F25_LittleDaisies/project/ros_ws/install/mobile_sensor/share/mobile_sensor//node_modules/rclnodejs/generated/rmw_dds_common/rmw_dds_common__msg__NodeEntitiesInfo.js
-- Installing: /home/ogan/ME461F25_LittleDaisies/project/ros_ws/install/mobile_sensor/share/mobile_sensor//node_modules/rclnodejs/generated/rmw_dds_common/rmw_dds_common__msg__ParticipantEntitiesInfo.js
-- Installing: /home/ogan/ME461F25_LittleDaisies/project/ros_ws/install/mobile_sensor/share/mobile_sensor//node_modules/rclnodejs/generated/srv_msg
-- Installing: /home/ogan/ME461F25_LittleDaisies/project/ros_ws/install/mobile_sensor/share/mobile_sensor//node_modules/rclnodejs/generated/rcl_interfaces
-- Installing: /home/ogan/ME461F25_LittleDaisies/project/ros_ws/install/mobile_sensor/share/mobile_sensor//node_modules/rclnodejs/generated/rcl_interfaces/rcl_interfaces__msg__IntegerRange.js
-- Installing: /home/ogan/ME461F25_LittleDaisies/project/ros_ws/install/mobile_sensor/share/mobile_sensor//node_modules/rclnodejs/generated/rcl_interfaces/rcl_interfaces__msg__SetParametersResult.js
-- Installing: /home/ogan/ME461F25_LittleDaisies/project/ros_ws/install/mobile_sensor/share/mobile_sensor//node_modules/rclnodejs/generated/rcl_interfaces/rcl_interfaces__msg__ParameterEvent.js
-- Installing: /home/ogan/ME461F25_LittleDaisies/project/ros_ws/install/mobile_sensor/share/mobile_sensor//node_modules/rclnodejs/generated/rcl_interfaces/rcl_interfaces__msg__Log.js
-- Installing: /home/ogan/ME461F25_LittleDaisies/project/ros_ws/install/mobile_sensor/share/mobile_sensor//node_modules/rclnodejs/generated/rcl_interfaces/rcl_interfaces__msg__ParameterDescriptor.js
-- Installing: /home/ogan/ME461F25_LittleDaisies/project/ros_ws/install/mobile_sensor/share/mobile_sensor//node_modules/rclnodejs/generated/rcl_interfaces/rcl_interfaces__srv__SetParameters_Response.js
-- Installing: /home/ogan/ME461F25_LittleDaisies/project/ros_ws/install/mobile_sensor/share/mobile_sensor//node_modules/rclnodejs/generated/rcl_interfaces/rcl_interfaces__srv__SetParametersAtomically_Response.js
-- Installing: /home/ogan/ME461F25_LittleDaisies/project/ros_ws/install/mobile_sensor/share/mobile_sensor//node_modules/rclnodejs/generated/rcl_interfaces/rcl_interfaces__srv__GetParameterTypes_Response.js
-- Installing: /home/ogan/ME461F25_LittleDaisies/project/ros_ws/install/mobile_sensor/share/mobile_sensor//node_modules/rclnodejs/generated/rcl_interfaces/rcl_interfaces__srv__ListParameters_Response.js
-- Installing: /home/ogan/ME461F25_LittleDaisies/project/ros_ws/install/mobile_sensor/share/mobile_sensor//node_modules/rclnodejs/generated/rcl_interfaces/rcl_interfaces__srv__GetParameterTypes_Request.js
-- Installing: /home/ogan/ME461F25_LittleDaisies/project/ros_ws/install/mobile_sensor/share/mobile_sensor//node_modules/rclnodejs/generated/rcl_interfaces/rcl_interfaces__msg__ParameterType.js
-- Installing: /home/ogan/ME461F25_LittleDaisies/project/ros_ws/install/mobile_sensor/share/mobile_sensor//node_modules/rclnodejs/generated/rcl_interfaces/rcl_interfaces__msg__ParameterValue.js
-- Installing: /home/ogan/ME461F25_LittleDaisies/project/ros_ws/install/mobile_sensor/share/mobile_sensor//node_modules/rclnodejs/generated/rcl_interfaces/rcl_interfaces__srv__GetParameters_Request.js
-- Installing: /home/ogan/ME461F25_LittleDaisies/project/ros_ws/install/mobile_sensor/share/mobile_sensor//node_modules/rclnodejs/generated/rcl_interfaces/rcl_interfaces__srv__GetParameterTypes.js
-- Installing: /home/ogan/ME461F25_LittleDaisies/project/ros_ws/install/mobile_sensor/share/mobile_sensor//node_modules/rclnodejs/generated/rcl_interfaces/rcl_interfaces__srv__DescribeParameters.js
-- Installing: /home/ogan/ME461F25_LittleDaisies/project/ros_ws/install/mobile_sensor/share/mobile_sensor//node_modules/rclnodejs/generated/rcl_interfaces/rcl_interfaces__msg__Parameter.js
-- Installing: /home/ogan/ME461F25_LittleDaisies/project/ros_ws/install/mobile_sensor/share/mobile_sensor//node_modules/rclnodejs/generated/rcl_interfaces/rcl_interfaces__srv__SetParameters_Request.js
-- Installing: /home/ogan/ME461F25_LittleDaisies/project/ros_ws/install/mobile_sensor/share/mobile_sensor//node_modules/rclnodejs/generated/rcl_interfaces/rcl_interfaces__srv__SetParametersAtomically_Request.js
-- Installing: /home/ogan/ME461F25_LittleDaisies/project/ros_ws/install/mobile_sensor/share/mobile_sensor//node_modules/rclnodejs/generated/rcl_interfaces/rcl_interfaces__msg__ListParametersResult.js
-- Installing: /home/ogan/ME461F25_LittleDaisies/project/ros_ws/install/mobile_sensor/share/mobile_sensor//node_modules/rclnodejs/generated/rcl_interfaces/rcl_interfaces__srv__SetParameters.js
-- Installing: /home/ogan/ME461F25_LittleDaisies/project/ros_ws/install/mobile_sensor/share/mobile_sensor//node_modules/rclnodejs/generated/rcl_interfaces/rcl_interfaces__srv__DescribeParameters_Request.js
-- Installing: /home/ogan/ME461F25_LittleDaisies/project/ros_ws/install/mobile_sensor/share/mobile_sensor//node_modules/rclnodejs/generated/rcl_interfaces/rcl_interfaces__srv__ListParameters_Request.js
-- Installing: /home/ogan/ME461F25_LittleDaisies/project/ros_ws/install/mobile_sensor/share/mobile_sensor//node_modules/rclnodejs/generated/rcl_interfaces/rcl_interfaces__msg__ParameterEventDescriptors.js
-- Installing: /home/ogan/ME461F25_LittleDaisies/project/ros_ws/install/mobile_sensor/share/mobile_sensor//node_modules/rclnodejs/generated/rcl_interfaces/rcl_interfaces__srv__DescribeParameters_Response.js
-- Installing: /home/ogan/ME461F25_LittleDaisies/project/ros_ws/install/mobile_sensor/share/mobile_sensor//node_modules/rclnodejs/generated/rcl_interfaces/rcl_interfaces__msg__FloatingPointRange.js
-- Installing: /home/ogan/ME461F25_LittleDaisies/project/ros_ws/install/mobile_sensor/share/mobile_sensor//node_modules/rclnodejs/generated/rcl_interfaces/rcl_interfaces__srv__GetParameters.js
-- Installing: /home/ogan/ME461F25_LittleDaisies/project/ros_ws/install/mobile_sensor/share/mobile_sensor//node_modules/rclnodejs/generated/rcl_interfaces/rcl_interfaces__srv__GetParameters_Response.js
-- Installing: /home/ogan/ME461F25_LittleDaisies/project/ros_ws/install/mobile_sensor/share/mobile_sensor//node_modules/rclnodejs/generated/rcl_interfaces/rcl_interfaces__srv__ListParameters.js
-- Installing: /home/ogan/ME461F25_LittleDaisies/project/ros_ws/install/mobile_sensor/share/mobile_sensor//node_modules/rclnodejs/generated/rcl_interfaces/rcl_interfaces__srv__SetParametersAtomically.js
-- Installing: /home/ogan/ME461F25_LittleDaisies/project/ros_ws/install/mobile_sensor/share/mobile_sensor//node_modules/rclnodejs/generated/unique_identifier_msgs
-- Installing: /home/ogan/ME461F25_LittleDaisies/project/ros_ws/install/mobile_sensor/share/mobile_sensor//node_modules/rclnodejs/generated/unique_identifier_msgs/unique_identifier_msgs__msg__UUID.js
-- Installing: /home/ogan/ME461F25_LittleDaisies/project/ros_ws/install/mobile_sensor/share/mobile_sensor//node_modules/rclnodejs/generated/shape_msgs
-- Installing: /home/ogan/ME461F25_LittleDaisies/project/ros_ws/install/mobile_sensor/share/mobile_sensor//node_modules/rclnodejs/generated/shape_msgs/shape_msgs__msg__SolidPrimitive.js
-- Installing: /home/ogan/ME461F25_LittleDaisies/project/ros_ws/install/mobile_sensor/share/mobile_sensor//node_modules/rclnodejs/generated/shape_msgs/shape_msgs__msg__Mesh.js
-- Installing: /home/ogan/ME461F25_LittleDaisies/project/ros_ws/install/mobile_sensor/share/mobile_sensor//node_modules/rclnodejs/generated/shape_msgs/shape_msgs__msg__MeshTriangle.js
-- Installing: /home/ogan/ME461F25_LittleDaisies/project/ros_ws/install/mobile_sensor/share/mobile_sensor//node_modules/rclnodejs/generated/shape_msgs/shape_msgs__msg__Plane.js
-- Installing: /home/ogan/ME461F25_LittleDaisies/project/ros_ws/install/mobile_sensor/share/mobile_sensor//node_modules/rclnodejs/generated/pendulum_msgs
-- Installing: /home/ogan/ME461F25_LittleDaisies/project/ros_ws/install/mobile_sensor/share/mobile_sensor//node_modules/rclnodejs/generated/pendulum_msgs/pendulum_msgs__msg__JointCommand.js
-- Installing: /home/ogan/ME461F25_LittleDaisies/project/ros_ws/install/mobile_sensor/share/mobile_sensor//node_modules/rclnodejs/generated/pendulum_msgs/pendulum_msgs__msg__JointState.js
-- Installing: /home/ogan/ME461F25_LittleDaisies/project/ros_ws/install/mobile_sensor/share/mobile_sensor//node_modules/rclnodejs/generated/pendulum_msgs/pendulum_msgs__msg__RttestResults.js
-- Installing: /home/ogan/ME461F25_LittleDaisies/project/ros_ws/install/mobile_sensor/share/mobile_sensor//node_modules/rclnodejs/generated/mocap4r2_control_msgs
-- Installing: /home/ogan/ME461F25_LittleDaisies/project/ros_ws/install/mobile_sensor/share/mobile_sensor//node_modules/rclnodejs/generated/mocap4r2_control_msgs/mocap4r2_control_msgs__msg__MocapInfo.js
-- Installing: /home/ogan/ME461F25_LittleDaisies/project/ros_ws/install/mobile_sensor/share/mobile_sensor//node_modules/rclnodejs/generated/mocap4r2_control_msgs/mocap4r2_control_msgs__msg__Control.js
-- Installing: /home/ogan/ME461F25_LittleDaisies/project/ros_ws/install/mobile_sensor/share/mobile_sensor//node_modules/rclnodejs/generated/turtlesim
-- Installing: /home/ogan/ME461F25_LittleDaisies/project/ros_ws/install/mobile_sensor/share/mobile_sensor//node_modules/rclnodejs/generated/turtlesim/turtlesim__srv__TeleportAbsolute_Response.js
-- Installing: /home/ogan/ME461F25_LittleDaisies/project/ros_ws/install/mobile_sensor/share/mobile_sensor//node_modules/rclnodejs/generated/turtlesim/turtlesim__srv__Kill_Response.js
-- Installing: /home/ogan/ME461F25_LittleDaisies/project/ros_ws/install/mobile_sensor/share/mobile_sensor//node_modules/rclnodejs/generated/turtlesim/turtlesim__srv__SetPen.js
-- Installing: /home/ogan/ME461F25_LittleDaisies/project/ros_ws/install/mobile_sensor/share/mobile_sensor//node_modules/rclnodejs/generated/turtlesim/turtlesim__msg__Pose.js
-- Installing: /home/ogan/ME461F25_LittleDaisies/project/ros_ws/install/mobile_sensor/share/mobile_sensor//node_modules/rclnodejs/generated/turtlesim/turtlesim__action__RotateAbsolute_Feedback.js
-- Installing: /home/ogan/ME461F25_LittleDaisies/project/ros_ws/install/mobile_sensor/share/mobile_sensor//node_modules/rclnodejs/generated/turtlesim/turtlesim__action__RotateAbsolute_SendGoal.js
-- Installing: /home/ogan/ME461F25_LittleDaisies/project/ros_ws/install/mobile_sensor/share/mobile_sensor//node_modules/rclnodejs/generated/turtlesim/turtlesim__srv__Kill.js
-- Installing: /home/ogan/ME461F25_LittleDaisies/project/ros_ws/install/mobile_sensor/share/mobile_sensor//node_modules/rclnodejs/generated/turtlesim/turtlesim__srv__SetPen_Request.js
-- Installing: /home/ogan/ME461F25_LittleDaisies/project/ros_ws/install/mobile_sensor/share/mobile_sensor//node_modules/rclnodejs/generated/turtlesim/turtlesim__srv__TeleportAbsolute_Request.js
-- Installing: /home/ogan/ME461F25_LittleDaisies/project/ros_ws/install/mobile_sensor/share/mobile_sensor//node_modules/rclnodejs/generated/turtlesim/turtlesim__action__RotateAbsolute_Result.js
-- Installing: /home/ogan/ME461F25_LittleDaisies/project/ros_ws/install/mobile_sensor/share/mobile_sensor//node_modules/rclnodejs/generated/turtlesim/turtlesim__srv__TeleportRelative.js
-- Installing: /home/ogan/ME461F25_LittleDaisies/project/ros_ws/install/mobile_sensor/share/mobile_sensor//node_modules/rclnodejs/generated/turtlesim/turtlesim__action__RotateAbsolute_FeedbackMessage.js
-- Installing: /home/ogan/ME461F25_LittleDaisies/project/ros_ws/install/mobile_sensor/share/mobile_sensor//node_modules/rclnodejs/generated/turtlesim/turtlesim__action__RotateAbsolute_GetResult_Request.js
-- Installing: /home/ogan/ME461F25_LittleDaisies/project/ros_ws/install/mobile_sensor/share/mobile_sensor//node_modules/rclnodejs/generated/turtlesim/turtlesim__srv__TeleportAbsolute.js
-- Installing: /home/ogan/ME461F25_LittleDaisies/project/ros_ws/install/mobile_sensor/share/mobile_sensor//node_modules/rclnodejs/generated/turtlesim/turtlesim__action__RotateAbsolute.js
-- Installing: /home/ogan/ME461F25_LittleDaisies/project/ros_ws/install/mobile_sensor/share/mobile_sensor//node_modules/rclnodejs/generated/turtlesim/turtlesim__action__RotateAbsolute_Goal.js
-- Installing: /home/ogan/ME461F25_LittleDaisies/project/ros_ws/install/mobile_sensor/share/mobile_sensor//node_modules/rclnodejs/generated/turtlesim/turtlesim__msg__Color.js
-- Installing: /home/ogan/ME461F25_LittleDaisies/project/ros_ws/install/mobile_sensor/share/mobile_sensor//node_modules/rclnodejs/generated/turtlesim/turtlesim__srv__Kill_Request.js
-- Installing: /home/ogan/ME461F25_LittleDaisies/project/ros_ws/install/mobile_sensor/share/mobile_sensor//node_modules/rclnodejs/generated/turtlesim/turtlesim__srv__TeleportRelative_Response.js
-- Installing: /home/ogan/ME461F25_LittleDaisies/project/ros_ws/install/mobile_sensor/share/mobile_sensor//node_modules/rclnodejs/generated/turtlesim/turtlesim__action__RotateAbsolute_GetResult.js
-- Installing: /home/ogan/ME461F25_LittleDaisies/project/ros_ws/install/mobile_sensor/share/mobile_sensor//node_modules/rclnodejs/generated/turtlesim/turtlesim__action__RotateAbsolute_GetResult_Response.js
-- Installing: /home/ogan/ME461F25_LittleDaisies/project/ros_ws/install/mobile_sensor/share/mobile_sensor//node_modules/rclnodejs/generated/turtlesim/turtlesim__srv__Spawn_Request.js
-- Installing: /home/ogan/ME461F25_LittleDaisies/project/ros_ws/install/mobile_sensor/share/mobile_sensor//node_modules/rclnodejs/generated/turtlesim/turtlesim__srv__TeleportRelative_Request.js
-- Installing: /home/ogan/ME461F25_LittleDaisies/project/ros_ws/install/mobile_sensor/share/mobile_sensor//node_modules/rclnodejs/generated/turtlesim/turtlesim__srv__Spawn.js
-- Installing: /home/ogan/ME461F25_LittleDaisies/project/ros_ws/install/mobile_sensor/share/mobile_sensor//node_modules/rclnodejs/generated/turtlesim/turtlesim__action__RotateAbsolute_SendGoal_Response.js
-- Installing: /home/ogan/ME461F25_LittleDaisies/project/ros_ws/install/mobile_sensor/share/mobile_sensor//node_modules/rclnodejs/generated/turtlesim/turtlesim__action__RotateAbsolute_SendGoal_Request.js
-- Installing: /home/ogan/ME461F25_LittleDaisies/project/ros_ws/install/mobile_sensor/share/mobile_sensor//node_modules/rclnodejs/generated/turtlesim/turtlesim__srv__SetPen_Response.js
-- Installing: /home/ogan/ME461F25_LittleDaisies/project/ros_ws/install/mobile_sensor/share/mobile_sensor//node_modules/rclnodejs/generated/turtlesim/turtlesim__srv__Spawn_Response.js
-- Installing: /home/ogan/ME461F25_LittleDaisies/project/ros_ws/install/mobile_sensor/share/mobile_sensor//node_modules/rclnodejs/generated/kobot_msgs
-- Installing: /home/ogan/ME461F25_LittleDaisies/project/ros_ws/install/mobile_sensor/share/mobile_sensor//node_modules/rclnodejs/generated/kobot_msgs/kobot_msgs__msg__PheromoneGrid.js
-- Installing: /home/ogan/ME461F25_LittleDaisies/project/ros_ws/install/mobile_sensor/share/mobile_sensor//node_modules/rclnodejs/generated/kobot_msgs/kobot_msgs__msg__ToF.js
-- Installing: /home/ogan/ME461F25_LittleDaisies/project/ros_ws/install/mobile_sensor/share/mobile_sensor//node_modules/rclnodejs/generated/kobot_msgs/kobot_msgs__msg__ToFArray.js
-- Installing: /home/ogan/ME461F25_LittleDaisies/project/ros_ws/install/mobile_sensor/share/mobile_sensor//node_modules/rclnodejs/generated/kobot_msgs/kobot_msgs__msg__LandmarkArray.js
-- Installing: /home/ogan/ME461F25_LittleDaisies/project/ros_ws/install/mobile_sensor/share/mobile_sensor//node_modules/rclnodejs/generated/kobot_msgs/kobot_msgs__msg__Landmark.js
-- Installing: /home/ogan/ME461F25_LittleDaisies/project/ros_ws/install/mobile_sensor/share/mobile_sensor//node_modules/rclnodejs/generated/kobot_msgs/kobot_msgs__msg__FloorSensor.js
-- Installing: /home/ogan/ME461F25_LittleDaisies/project/ros_ws/install/mobile_sensor/share/mobile_sensor//node_modules/rclnodejs/generated/kobot_msgs/kobot_msgs__msg__RangeBearingSensor.js
-- Installing: /home/ogan/ME461F25_LittleDaisies/project/ros_ws/install/mobile_sensor/share/mobile_sensor//node_modules/rclnodejs/generated/kobot_msgs/kobot_msgs__msg__LandmarkPose.js
-- Installing: /home/ogan/ME461F25_LittleDaisies/project/ros_ws/install/mobile_sensor/share/mobile_sensor//node_modules/rclnodejs/generated/kobot_msgs/kobot_msgs__msg__VirtualSensor.js
-- Installing: /home/ogan/ME461F25_LittleDaisies/project/ros_ws/install/mobile_sensor/share/mobile_sensor//node_modules/rclnodejs/generated/kobot_msgs/kobot_msgs__msg__RangeRobotDetector.js
-- Installing: /home/ogan/ME461F25_LittleDaisies/project/ros_ws/install/mobile_sensor/share/mobile_sensor//node_modules/rclnodejs/generated/kobot_msgs/kobot_msgs__msg__PheromoneSensor.js
-- Installing: /home/ogan/ME461F25_LittleDaisies/project/ros_ws/install/mobile_sensor/share/mobile_sensor//node_modules/rclnodejs/generated/logging_demo
-- Installing: /home/ogan/ME461F25_LittleDaisies/project/ros_ws/install/mobile_sensor/share/mobile_sensor//node_modules/rclnodejs/generated/logging_demo/logging_demo__srv__ConfigLogger_Response.js
-- Installing: /home/ogan/ME461F25_LittleDaisies/project/ros_ws/install/mobile_sensor/share/mobile_sensor//node_modules/rclnodejs/generated/logging_demo/logging_demo__srv__ConfigLogger_Request.js
-- Installing: /home/ogan/ME461F25_LittleDaisies/project/ros_ws/install/mobile_sensor/share/mobile_sensor//node_modules/rclnodejs/generated/logging_demo/logging_demo__srv__ConfigLogger.js
-- Installing: /home/ogan/ME461F25_LittleDaisies/project/ros_ws/install/mobile_sensor/share/mobile_sensor//node_modules/rclnodejs/generated/std_msgs
-- Installing: /home/ogan/ME461F25_LittleDaisies/project/ros_ws/install/mobile_sensor/share/mobile_sensor//node_modules/rclnodejs/generated/std_msgs/std_msgs__msg__Int64.js
-- Installing: /home/ogan/ME461F25_LittleDaisies/project/ros_ws/install/mobile_sensor/share/mobile_sensor//node_modules/rclnodejs/generated/std_msgs/std_msgs__msg__UInt32MultiArray.js
-- Installing: /home/ogan/ME461F25_LittleDaisies/project/ros_ws/install/mobile_sensor/share/mobile_sensor//node_modules/rclnodejs/generated/std_msgs/std_msgs__msg__Float64MultiArray.js
-- Installing: /home/ogan/ME461F25_LittleDaisies/project/ros_ws/install/mobile_sensor/share/mobile_sensor//node_modules/rclnodejs/generated/std_msgs/std_msgs__msg__Empty.js
-- Installing: /home/ogan/ME461F25_LittleDaisies/project/ros_ws/install/mobile_sensor/share/mobile_sensor//node_modules/rclnodejs/generated/std_msgs/std_msgs__msg__Bool.js
-- Installing: /home/ogan/ME461F25_LittleDaisies/project/ros_ws/install/mobile_sensor/share/mobile_sensor//node_modules/rclnodejs/generated/std_msgs/std_msgs__msg__Header.js
-- Installing: /home/ogan/ME461F25_LittleDaisies/project/ros_ws/install/mobile_sensor/share/mobile_sensor//node_modules/rclnodejs/generated/std_msgs/std_msgs__msg__ColorRGBA.js
-- Installing: /home/ogan/ME461F25_LittleDaisies/project/ros_ws/install/mobile_sensor/share/mobile_sensor//node_modules/rclnodejs/generated/std_msgs/std_msgs__msg__Int32MultiArray.js
-- Installing: /home/ogan/ME461F25_LittleDaisies/project/ros_ws/install/mobile_sensor/share/mobile_sensor//node_modules/rclnodejs/generated/std_msgs/std_msgs__msg__Float32MultiArray.js
-- Installing: /home/ogan/ME461F25_LittleDaisies/project/ros_ws/install/mobile_sensor/share/mobile_sensor//node_modules/rclnodejs/generated/std_msgs/std_msgs__msg__UInt64.js
-- Installing: /home/ogan/ME461F25_LittleDaisies/project/ros_ws/install/mobile_sensor/share/mobile_sensor//node_modules/rclnodejs/generated/std_msgs/std_msgs__msg__UInt8MultiArray.js
-- Installing: /home/ogan/ME461F25_LittleDaisies/project/ros_ws/install/mobile_sensor/share/mobile_sensor//node_modules/rclnodejs/generated/std_msgs/std_msgs__msg__UInt32.js
-- Installing: /home/ogan/ME461F25_LittleDaisies/project/ros_ws/install/mobile_sensor/share/mobile_sensor//node_modules/rclnodejs/generated/std_msgs/std_msgs__msg__Char.js
-- Installing: /home/ogan/ME461F25_LittleDaisies/project/ros_ws/install/mobile_sensor/share/mobile_sensor//node_modules/rclnodejs/generated/std_msgs/std_msgs__msg__Int16MultiArray.js
-- Installing: /home/ogan/ME461F25_LittleDaisies/project/ros_ws/install/mobile_sensor/share/mobile_sensor//node_modules/rclnodejs/generated/std_msgs/std_msgs__msg__Byte.js
-- Installing: /home/ogan/ME461F25_LittleDaisies/project/ros_ws/install/mobile_sensor/share/mobile_sensor//node_modules/rclnodejs/generated/std_msgs/std_msgs__msg__UInt16.js
-- Installing: /home/ogan/ME461F25_LittleDaisies/project/ros_ws/install/mobile_sensor/share/mobile_sensor//node_modules/rclnodejs/generated/std_msgs/std_msgs__msg__Float64.js
-- Installing: /home/ogan/ME461F25_LittleDaisies/project/ros_ws/install/mobile_sensor/share/mobile_sensor//node_modules/rclnodejs/generated/std_msgs/std_msgs__msg__UInt64MultiArray.js
-- Installing: /home/ogan/ME461F25_LittleDaisies/project/ros_ws/install/mobile_sensor/share/mobile_sensor//node_modules/rclnodejs/generated/std_msgs/std_msgs__msg__Int16.js
-- Installing: /home/ogan/ME461F25_LittleDaisies/project/ros_ws/install/mobile_sensor/share/mobile_sensor//node_modules/rclnodejs/generated/std_msgs/std_msgs__msg__UInt8.js
-- Installing: /home/ogan/ME461F25_LittleDaisies/project/ros_ws/install/mobile_sensor/share/mobile_sensor//node_modules/rclnodejs/generated/std_msgs/std_msgs__msg__Int32.js
-- Installing: /home/ogan/ME461F25_LittleDaisies/project/ros_ws/install/mobile_sensor/share/mobile_sensor//node_modules/rclnodejs/generated/std_msgs/std_msgs__msg__MultiArrayDimension.js
-- Installing: /home/ogan/ME461F25_LittleDaisies/project/ros_ws/install/mobile_sensor/share/mobile_sensor//node_modules/rclnodejs/generated/std_msgs/std_msgs__msg__MultiArrayLayout.js
-- Installing: /home/ogan/ME461F25_LittleDaisies/project/ros_ws/install/mobile_sensor/share/mobile_sensor//node_modules/rclnodejs/generated/std_msgs/std_msgs__msg__ByteMultiArray.js
-- Installing: /home/ogan/ME461F25_LittleDaisies/project/ros_ws/install/mobile_sensor/share/mobile_sensor//node_modules/rclnodejs/generated/std_msgs/std_msgs__msg__UInt16MultiArray.js
-- Installing: /home/ogan/ME461F25_LittleDaisies/project/ros_ws/install/mobile_sensor/share/mobile_sensor//node_modules/rclnodejs/generated/std_msgs/std_msgs__msg__Int64MultiArray.js
-- Installing: /home/ogan/ME461F25_LittleDaisies/project/ros_ws/install/mobile_sensor/share/mobile_sensor//node_modules/rclnodejs/generated/std_msgs/std_msgs__msg__Int8MultiArray.js
-- Installing: /home/ogan/ME461F25_LittleDaisies/project/ros_ws/install/mobile_sensor/share/mobile_sensor//node_modules/rclnodejs/generated/std_msgs/std_msgs__msg__Int8.js
-- Installing: /home/ogan/ME461F25_LittleDaisies/project/ros_ws/install/mobile_sensor/share/mobile_sensor//node_modules/rclnodejs/generated/std_msgs/std_msgs__msg__Float32.js
-- Installing: /home/ogan/ME461F25_LittleDaisies/project/ros_ws/install/mobile_sensor/share/mobile_sensor//node_modules/rclnodejs/generated/std_msgs/std_msgs__msg__String.js
-- Installing: /home/ogan/ME461F25_LittleDaisies/project/ros_ws/install/mobile_sensor/share/mobile_sensor//node_modules/rclnodejs/generated/controller_manager_msgs
-- Installing: /home/ogan/ME461F25_LittleDaisies/project/ros_ws/install/mobile_sensor/share/mobile_sensor//node_modules/rclnodejs/generated/controller_manager_msgs/controller_manager_msgs__msg__HardwareComponentState.js
-- Installing: /home/ogan/ME461F25_LittleDaisies/project/ros_ws/install/mobile_sensor/share/mobile_sensor//node_modules/rclnodejs/generated/controller_manager_msgs/controller_manager_msgs__msg__HardwareInterface.js
-- Installing: /home/ogan/ME461F25_LittleDaisies/project/ros_ws/install/mobile_sensor/share/mobile_sensor//node_modules/rclnodejs/generated/controller_manager_msgs/controller_manager_msgs__srv__ListControllers_Response.js
-- Installing: /home/ogan/ME461F25_LittleDaisies/project/ros_ws/install/mobile_sensor/share/mobile_sensor//node_modules/rclnodejs/generated/controller_manager_msgs/controller_manager_msgs__msg__ChainConnection.js
-- Installing: /home/ogan/ME461F25_LittleDaisies/project/ros_ws/install/mobile_sensor/share/mobile_sensor//node_modules/rclnodejs/generated/controller_manager_msgs/controller_manager_msgs__srv__ListControllerTypes_Response.js
-- Installing: /home/ogan/ME461F25_LittleDaisies/project/ros_ws/install/mobile_sensor/share/mobile_sensor//node_modules/rclnodejs/generated/controller_manager_msgs/controller_manager_msgs__srv__SwitchController_Response.js
-- Installing: /home/ogan/ME461F25_LittleDaisies/project/ros_ws/install/mobile_sensor/share/mobile_sensor//node_modules/rclnodejs/generated/controller_manager_msgs/controller_manager_msgs__srv__SwitchController.js
-- Installing: /home/ogan/ME461F25_LittleDaisies/project/ros_ws/install/mobile_sensor/share/mobile_sensor//node_modules/rclnodejs/generated/controller_manager_msgs/controller_manager_msgs__srv__SetHardwareComponentState_Response.js
-- Installing: /home/ogan/ME461F25_LittleDaisies/project/ros_ws/install/mobile_sensor/share/mobile_sensor//node_modules/rclnodejs/generated/controller_manager_msgs/controller_manager_msgs__srv__SwitchController_Request.js
-- Installing: /home/ogan/ME461F25_LittleDaisies/project/ros_ws/install/mobile_sensor/share/mobile_sensor//node_modules/rclnodejs/generated/controller_manager_msgs/controller_manager_msgs__srv__ConfigureController.js
-- Installing: /home/ogan/ME461F25_LittleDaisies/project/ros_ws/install/mobile_sensor/share/mobile_sensor//node_modules/rclnodejs/generated/controller_manager_msgs/controller_manager_msgs__srv__ListHardwareInterfaces.js
-- Installing: /home/ogan/ME461F25_LittleDaisies/project/ros_ws/install/mobile_sensor/share/mobile_sensor//node_modules/rclnodejs/generated/controller_manager_msgs/controller_manager_msgs__srv__LoadController_Response.js
-- Installing: /home/ogan/ME461F25_LittleDaisies/project/ros_ws/install/mobile_sensor/share/mobile_sensor//node_modules/rclnodejs/generated/controller_manager_msgs/controller_manager_msgs__srv__SetHardwareComponentState.js
-- Installing: /home/ogan/ME461F25_LittleDaisies/project/ros_ws/install/mobile_sensor/share/mobile_sensor//node_modules/rclnodejs/generated/controller_manager_msgs/controller_manager_msgs__srv__ListControllerTypes_Request.js
-- Installing: /home/ogan/ME461F25_LittleDaisies/project/ros_ws/install/mobile_sensor/share/mobile_sensor//node_modules/rclnodejs/generated/controller_manager_msgs/controller_manager_msgs__msg__ControllerState.js
-- Installing: /home/ogan/ME461F25_LittleDaisies/project/ros_ws/install/mobile_sensor/share/mobile_sensor//node_modules/rclnodejs/generated/controller_manager_msgs/controller_manager_msgs__srv__LoadController_Request.js
-- Installing: /home/ogan/ME461F25_LittleDaisies/project/ros_ws/install/mobile_sensor/share/mobile_sensor//node_modules/rclnodejs/generated/controller_manager_msgs/controller_manager_msgs__srv__ConfigureController_Response.js
-- Installing: /home/ogan/ME461F25_LittleDaisies/project/ros_ws/install/mobile_sensor/share/mobile_sensor//node_modules/rclnodejs/generated/controller_manager_msgs/controller_manager_msgs__srv__ListHardwareInterfaces_Response.js
-- Installing: /home/ogan/ME461F25_LittleDaisies/project/ros_ws/install/mobile_sensor/share/mobile_sensor//node_modules/rclnodejs/generated/controller_manager_msgs/controller_manager_msgs__srv__UnloadController.js
-- Installing: /home/ogan/ME461F25_LittleDaisies/project/ros_ws/install/mobile_sensor/share/mobile_sensor//node_modules/rclnodejs/generated/controller_manager_msgs/controller_manager_msgs__srv__ReloadControllerLibraries.js
-- Installing: /home/ogan/ME461F25_LittleDaisies/project/ros_ws/install/mobile_sensor/share/mobile_sensor//node_modules/rclnodejs/generated/controller_manager_msgs/controller_manager_msgs__srv__ListHardwareComponents.js
-- Installing: /home/ogan/ME461F25_LittleDaisies/project/ros_ws/install/mobile_sensor/share/mobile_sensor//node_modules/rclnodejs/generated/controller_manager_msgs/controller_manager_msgs__srv__ListHardwareComponents_Response.js
-- Installing: /home/ogan/ME461F25_LittleDaisies/project/ros_ws/install/mobile_sensor/share/mobile_sensor//node_modules/rclnodejs/generated/controller_manager_msgs/controller_manager_msgs__srv__UnloadController_Response.js
-- Installing: /home/ogan/ME461F25_LittleDaisies/project/ros_ws/install/mobile_sensor/share/mobile_sensor//node_modules/rclnodejs/generated/controller_manager_msgs/controller_manager_msgs__srv__ListHardwareInterfaces_Request.js
-- Installing: /home/ogan/ME461F25_LittleDaisies/project/ros_ws/install/mobile_sensor/share/mobile_sensor//node_modules/rclnodejs/generated/controller_manager_msgs/controller_manager_msgs__srv__ReloadControllerLibraries_Response.js
-- Installing: /home/ogan/ME461F25_LittleDaisies/project/ros_ws/install/mobile_sensor/share/mobile_sensor//node_modules/rclnodejs/generated/controller_manager_msgs/controller_manager_msgs__srv__UnloadController_Request.js
-- Installing: /home/ogan/ME461F25_LittleDaisies/project/ros_ws/install/mobile_sensor/share/mobile_sensor//node_modules/rclnodejs/generated/controller_manager_msgs/controller_manager_msgs__srv__ConfigureController_Request.js
-- Installing: /home/ogan/ME461F25_LittleDaisies/project/ros_ws/install/mobile_sensor/share/mobile_sensor//node_modules/rclnodejs/generated/controller_manager_msgs/controller_manager_msgs__srv__ListControllers.js
-- Installing: /home/ogan/ME461F25_LittleDaisies/project/ros_ws/install/mobile_sensor/share/mobile_sensor//node_modules/rclnodejs/generated/controller_manager_msgs/controller_manager_msgs__srv__LoadController.js
-- Installing: /home/ogan/ME461F25_LittleDaisies/project/ros_ws/install/mobile_sensor/share/mobile_sensor//node_modules/rclnodejs/generated/controller_manager_msgs/controller_manager_msgs__srv__ListControllerTypes.js
-- Installing: /home/ogan/ME461F25_LittleDaisies/project/ros_ws/install/mobile_sensor/share/mobile_sensor//node_modules/rclnodejs/generated/controller_manager_msgs/controller_manager_msgs__srv__ReloadControllerLibraries_Request.js
-- Installing: /home/ogan/ME461F25_LittleDaisies/project/ros_ws/install/mobile_sensor/share/mobile_sensor//node_modules/rclnodejs/generated/controller_manager_msgs/controller_manager_msgs__srv__ListControllers_Request.js
-- Installing: /home/ogan/ME461F25_LittleDaisies/project/ros_ws/install/mobile_sensor/share/mobile_sensor//node_modules/rclnodejs/generated/controller_manager_msgs/controller_manager_msgs__srv__SetHardwareComponentState_Request.js
-- Installing: /home/ogan/ME461F25_LittleDaisies/project/ros_ws/install/mobile_sensor/share/mobile_sensor//node_modules/rclnodejs/generated/controller_manager_msgs/controller_manager_msgs__srv__ListHardwareComponents_Request.js
-- Installing: /home/ogan/ME461F25_LittleDaisies/project/ros_ws/install/mobile_sensor/share/mobile_sensor//node_modules/rclnodejs/generated/trajectory_msgs
-- Installing: /home/ogan/ME461F25_LittleDaisies/project/ros_ws/install/mobile_sensor/share/mobile_sensor//node_modules/rclnodejs/generated/trajectory_msgs/trajectory_msgs__msg__MultiDOFJointTrajectoryPoint.js
-- Installing: /home/ogan/ME461F25_LittleDaisies/project/ros_ws/install/mobile_sensor/share/mobile_sensor//node_modules/rclnodejs/generated/trajectory_msgs/trajectory_msgs__msg__JointTrajectory.js
-- Installing: /home/ogan/ME461F25_LittleDaisies/project/ros_ws/install/mobile_sensor/share/mobile_sensor//node_modules/rclnodejs/generated/trajectory_msgs/trajectory_msgs__msg__MultiDOFJointTrajectory.js
-- Installing: /home/ogan/ME461F25_LittleDaisies/project/ros_ws/install/mobile_sensor/share/mobile_sensor//node_modules/rclnodejs/generated/trajectory_msgs/trajectory_msgs__msg__JointTrajectoryPoint.js
-- Installing: /home/ogan/ME461F25_LittleDaisies/project/ros_ws/install/mobile_sensor/share/mobile_sensor//node_modules/rclnodejs/generated/tf2_msgs
-- Installing: /home/ogan/ME461F25_LittleDaisies/project/ros_ws/install/mobile_sensor/share/mobile_sensor//node_modules/rclnodejs/generated/tf2_msgs/tf2_msgs__action__LookupTransform_FeedbackMessage.js
-- Installing: /home/ogan/ME461F25_LittleDaisies/project/ros_ws/install/mobile_sensor/share/mobile_sensor//node_modules/rclnodejs/generated/tf2_msgs/tf2_msgs__action__LookupTransform_GetResult_Request.js
-- Installing: /home/ogan/ME461F25_LittleDaisies/project/ros_ws/install/mobile_sensor/share/mobile_sensor//node_modules/rclnodejs/generated/tf2_msgs/tf2_msgs__action__LookupTransform_SendGoal_Response.js
-- Installing: /home/ogan/ME461F25_LittleDaisies/project/ros_ws/install/mobile_sensor/share/mobile_sensor//node_modules/rclnodejs/generated/tf2_msgs/tf2_msgs__action__LookupTransform_SendGoal.js
-- Installing: /home/ogan/ME461F25_LittleDaisies/project/ros_ws/install/mobile_sensor/share/mobile_sensor//node_modules/rclnodejs/generated/tf2_msgs/tf2_msgs__action__LookupTransform.js
-- Installing: /home/ogan/ME461F25_LittleDaisies/project/ros_ws/install/mobile_sensor/share/mobile_sensor//node_modules/rclnodejs/generated/tf2_msgs/tf2_msgs__msg__TF2Error.js
-- Installing: /home/ogan/ME461F25_LittleDaisies/project/ros_ws/install/mobile_sensor/share/mobile_sensor//node_modules/rclnodejs/generated/tf2_msgs/tf2_msgs__msg__TFMessage.js
-- Installing: /home/ogan/ME461F25_LittleDaisies/project/ros_ws/install/mobile_sensor/share/mobile_sensor//node_modules/rclnodejs/generated/tf2_msgs/tf2_msgs__srv__FrameGraph_Request.js
-- Installing: /home/ogan/ME461F25_LittleDaisies/project/ros_ws/install/mobile_sensor/share/mobile_sensor//node_modules/rclnodejs/generated/tf2_msgs/tf2_msgs__action__LookupTransform_GetResult.js
-- Installing: /home/ogan/ME461F25_LittleDaisies/project/ros_ws/install/mobile_sensor/share/mobile_sensor//node_modules/rclnodejs/generated/tf2_msgs/tf2_msgs__action__LookupTransform_Result.js
-- Installing: /home/ogan/ME461F25_LittleDaisies/project/ros_ws/install/mobile_sensor/share/mobile_sensor//node_modules/rclnodejs/generated/tf2_msgs/tf2_msgs__srv__FrameGraph.js
-- Installing: /home/ogan/ME461F25_LittleDaisies/project/ros_ws/install/mobile_sensor/share/mobile_sensor//node_modules/rclnodejs/generated/tf2_msgs/tf2_msgs__action__LookupTransform_GetResult_Response.js
-- Installing: /home/ogan/ME461F25_LittleDaisies/project/ros_ws/install/mobile_sensor/share/mobile_sensor//node_modules/rclnodejs/generated/tf2_msgs/tf2_msgs__action__LookupTransform_Goal.js
-- Installing: /home/ogan/ME461F25_LittleDaisies/project/ros_ws/install/mobile_sensor/share/mobile_sensor//node_modules/rclnodejs/generated/tf2_msgs/tf2_msgs__action__LookupTransform_SendGoal_Request.js
-- Installing: /home/ogan/ME461F25_LittleDaisies/project/ros_ws/install/mobile_sensor/share/mobile_sensor//node_modules/rclnodejs/generated/tf2_msgs/tf2_msgs__srv__FrameGraph_Response.js
-- Installing: /home/ogan/ME461F25_LittleDaisies/project/ros_ws/install/mobile_sensor/share/mobile_sensor//node_modules/rclnodejs/generated/tf2_msgs/tf2_msgs__action__LookupTransform_Feedback.js
-- Installing: /home/ogan/ME461F25_LittleDaisies/project/ros_ws/install/mobile_sensor/share/mobile_sensor//node_modules/rclnodejs/generated/pcl_msgs
-- Installing: /home/ogan/ME461F25_LittleDaisies/project/ros_ws/install/mobile_sensor/share/mobile_sensor//node_modules/rclnodejs/generated/pcl_msgs/pcl_msgs__srv__UpdateFilename.js
-- Installing: /home/ogan/ME461F25_LittleDaisies/project/ros_ws/install/mobile_sensor/share/mobile_sensor//node_modules/rclnodejs/generated/pcl_msgs/pcl_msgs__srv__UpdateFilename_Request.js
-- Installing: /home/ogan/ME461F25_LittleDaisies/project/ros_ws/install/mobile_sensor/share/mobile_sensor//node_modules/rclnodejs/generated/pcl_msgs/pcl_msgs__msg__PointIndices.js
-- Installing: /home/ogan/ME461F25_LittleDaisies/project/ros_ws/install/mobile_sensor/share/mobile_sensor//node_modules/rclnodejs/generated/pcl_msgs/pcl_msgs__srv__UpdateFilename_Response.js
-- Installing: /home/ogan/ME461F25_LittleDaisies/project/ros_ws/install/mobile_sensor/share/mobile_sensor//node_modules/rclnodejs/generated/pcl_msgs/pcl_msgs__msg__Vertices.js
-- Installing: /home/ogan/ME461F25_LittleDaisies/project/ros_ws/install/mobile_sensor/share/mobile_sensor//node_modules/rclnodejs/generated/pcl_msgs/pcl_msgs__msg__ModelCoefficients.js
-- Installing: /home/ogan/ME461F25_LittleDaisies/project/ros_ws/install/mobile_sensor/share/mobile_sensor//node_modules/rclnodejs/generated/pcl_msgs/pcl_msgs__msg__PolygonMesh.js
-- Installing: /home/ogan/ME461F25_LittleDaisies/project/ros_ws/install/mobile_sensor/share/mobile_sensor//node_modules/rclnodejs/generated/diagnostic_msgs
-- Installing: /home/ogan/ME461F25_LittleDaisies/project/ros_ws/install/mobile_sensor/share/mobile_sensor//node_modules/rclnodejs/generated/diagnostic_msgs/diagnostic_msgs__srv__AddDiagnostics_Response.js
-- Installing: /home/ogan/ME461F25_LittleDaisies/project/ros_ws/install/mobile_sensor/share/mobile_sensor//node_modules/rclnodejs/generated/diagnostic_msgs/diagnostic_msgs__srv__AddDiagnostics_Request.js
-- Installing: /home/ogan/ME461F25_LittleDaisies/project/ros_ws/install/mobile_sensor/share/mobile_sensor//node_modules/rclnodejs/generated/diagnostic_msgs/diagnostic_msgs__srv__AddDiagnostics.js
-- Installing: /home/ogan/ME461F25_LittleDaisies/project/ros_ws/install/mobile_sensor/share/mobile_sensor//node_modules/rclnodejs/generated/diagnostic_msgs/diagnostic_msgs__srv__SelfTest_Response.js
-- Installing: /home/ogan/ME461F25_LittleDaisies/project/ros_ws/install/mobile_sensor/share/mobile_sensor//node_modules/rclnodejs/generated/diagnostic_msgs/diagnostic_msgs__msg__DiagnosticArray.js
-- Installing: /home/ogan/ME461F25_LittleDaisies/project/ros_ws/install/mobile_sensor/share/mobile_sensor//node_modules/rclnodejs/generated/diagnostic_msgs/diagnostic_msgs__srv__SelfTest_Request.js
-- Installing: /home/ogan/ME461F25_LittleDaisies/project/ros_ws/install/mobile_sensor/share/mobile_sensor//node_modules/rclnodejs/generated/diagnostic_msgs/diagnostic_msgs__srv__SelfTest.js
-- Installing: /home/ogan/ME461F25_LittleDaisies/project/ros_ws/install/mobile_sensor/share/mobile_sensor//node_modules/rclnodejs/generated/diagnostic_msgs/diagnostic_msgs__msg__DiagnosticStatus.js
-- Installing: /home/ogan/ME461F25_LittleDaisies/project/ros_ws/install/mobile_sensor/share/mobile_sensor//node_modules/rclnodejs/generated/diagnostic_msgs/diagnostic_msgs__msg__KeyValue.js
-- Installing: /home/ogan/ME461F25_LittleDaisies/project/ros_ws/install/mobile_sensor/share/mobile_sensor//node_modules/rclnodejs/generated/generator.json
-- Installing: /home/ogan/ME461F25_LittleDaisies/project/ros_ws/install/mobile_sensor/share/mobile_sensor//node_modules/rclnodejs/generated/theora_image_transport
-- Installing: /home/ogan/ME461F25_LittleDaisies/project/ros_ws/install/mobile_sensor/share/mobile_sensor//node_modules/rclnodejs/generated/theora_image_transport/theora_image_transport__msg__Packet.js
-- Installing: /home/ogan/ME461F25_LittleDaisies/project/ros_ws/install/mobile_sensor/share/mobile_sensor//node_modules/rclnodejs/generated/action_tutorials_interfaces
-- Installing: /home/ogan/ME461F25_LittleDaisies/project/ros_ws/install/mobile_sensor/share/mobile_sensor//node_modules/rclnodejs/generated/action_tutorials_interfaces/action_tutorials_interfaces__action__Fibonacci_SendGoal_Response.js
-- Installing: /home/ogan/ME461F25_LittleDaisies/project/ros_ws/install/mobile_sensor/share/mobile_sensor//node_modules/rclnodejs/generated/action_tutorials_interfaces/action_tutorials_interfaces__action__Fibonacci_Feedback.js
-- Installing: /home/ogan/ME461F25_LittleDaisies/project/ros_ws/install/mobile_sensor/share/mobile_sensor//node_modules/rclnodejs/generated/action_tutorials_interfaces/action_tutorials_interfaces__action__Fibonacci_GetResult_Request.js
-- Installing: /home/ogan/ME461F25_LittleDaisies/project/ros_ws/install/mobile_sensor/share/mobile_sensor//node_modules/rclnodejs/generated/action_tutorials_interfaces/action_tutorials_interfaces__action__Fibonacci_FeedbackMessage.js
-- Installing: /home/ogan/ME461F25_LittleDaisies/project/ros_ws/install/mobile_sensor/share/mobile_sensor//node_modules/rclnodejs/generated/action_tutorials_interfaces/action_tutorials_interfaces__action__Fibonacci_Goal.js
-- Installing: /home/ogan/ME461F25_LittleDaisies/project/ros_ws/install/mobile_sensor/share/mobile_sensor//node_modules/rclnodejs/generated/action_tutorials_interfaces/action_tutorials_interfaces__action__Fibonacci_SendGoal.js
-- Installing: /home/ogan/ME461F25_LittleDaisies/project/ros_ws/install/mobile_sensor/share/mobile_sensor//node_modules/rclnodejs/generated/action_tutorials_interfaces/action_tutorials_interfaces__action__Fibonacci_GetResult_Response.js
-- Installing: /home/ogan/ME461F25_LittleDaisies/project/ros_ws/install/mobile_sensor/share/mobile_sensor//node_modules/rclnodejs/generated/action_tutorials_interfaces/action_tutorials_interfaces__action__Fibonacci.js
-- Installing: /home/ogan/ME461F25_LittleDaisies/project/ros_ws/install/mobile_sensor/share/mobile_sensor//node_modules/rclnodejs/generated/action_tutorials_interfaces/action_tutorials_interfaces__action__Fibonacci_SendGoal_Request.js
-- Installing: /home/ogan/ME461F25_LittleDaisies/project/ros_ws/install/mobile_sensor/share/mobile_sensor//node_modules/rclnodejs/generated/action_tutorials_interfaces/action_tutorials_interfaces__action__Fibonacci_Result.js
-- Installing: /home/ogan/ME461F25_LittleDaisies/project/ros_ws/install/mobile_sensor/share/mobile_sensor//node_modules/rclnodejs/generated/action_tutorials_interfaces/action_tutorials_interfaces__action__Fibonacci_GetResult.js
-- Installing: /home/ogan/ME461F25_LittleDaisies/project/ros_ws/install/mobile_sensor/share/mobile_sensor//node_modules/rclnodejs/generated/example_interfaces
-- Installing: /home/ogan/ME461F25_LittleDaisies/project/ros_ws/install/mobile_sensor/share/mobile_sensor//node_modules/rclnodejs/generated/example_interfaces/example_interfaces__msg__UInt8MultiArray.js
-- Installing: /home/ogan/ME461F25_LittleDaisies/project/ros_ws/install/mobile_sensor/share/mobile_sensor//node_modules/rclnodejs/generated/example_interfaces/example_interfaces__msg__Int32.js
-- Installing: /home/ogan/ME461F25_LittleDaisies/project/ros_ws/install/mobile_sensor/share/mobile_sensor//node_modules/rclnodejs/generated/example_interfaces/example_interfaces__srv__Trigger_Request.js
-- Installing: /home/ogan/ME461F25_LittleDaisies/project/ros_ws/install/mobile_sensor/share/mobile_sensor//node_modules/rclnodejs/generated/example_interfaces/example_interfaces__msg__Byte.js
-- Installing: /home/ogan/ME461F25_LittleDaisies/project/ros_ws/install/mobile_sensor/share/mobile_sensor//node_modules/rclnodejs/generated/example_interfaces/example_interfaces__srv__SetBool_Response.js
-- Installing: /home/ogan/ME461F25_LittleDaisies/project/ros_ws/install/mobile_sensor/share/mobile_sensor//node_modules/rclnodejs/generated/example_interfaces/example_interfaces__msg__Char.js
-- Installing: /home/ogan/ME461F25_LittleDaisies/project/ros_ws/install/mobile_sensor/share/mobile_sensor//node_modules/rclnodejs/generated/example_interfaces/example_interfaces__msg__UInt32.js
-- Installing: /home/ogan/ME461F25_LittleDaisies/project/ros_ws/install/mobile_sensor/share/mobile_sensor//node_modules/rclnodejs/generated/example_interfaces/example_interfaces__srv__Trigger.js
-- Installing: /home/ogan/ME461F25_LittleDaisies/project/ros_ws/install/mobile_sensor/share/mobile_sensor//node_modules/rclnodejs/generated/example_interfaces/example_interfaces__msg__ByteMultiArray.js
-- Installing: /home/ogan/ME461F25_LittleDaisies/project/ros_ws/install/mobile_sensor/share/mobile_sensor//node_modules/rclnodejs/generated/example_interfaces/example_interfaces__msg__Float64MultiArray.js
-- Installing: /home/ogan/ME461F25_LittleDaisies/project/ros_ws/install/mobile_sensor/share/mobile_sensor//node_modules/rclnodejs/generated/example_interfaces/example_interfaces__action__Fibonacci_SendGoal_Request.js
-- Installing: /home/ogan/ME461F25_LittleDaisies/project/ros_ws/install/mobile_sensor/share/mobile_sensor//node_modules/rclnodejs/generated/example_interfaces/example_interfaces__msg__Int8.js
-- Installing: /home/ogan/ME461F25_LittleDaisies/project/ros_ws/install/mobile_sensor/share/mobile_sensor//node_modules/rclnodejs/generated/example_interfaces/example_interfaces__msg__UInt64MultiArray.js
-- Installing: /home/ogan/ME461F25_LittleDaisies/project/ros_ws/install/mobile_sensor/share/mobile_sensor//node_modules/rclnodejs/generated/example_interfaces/example_interfaces__action__Fibonacci_Feedback.js
-- Installing: /home/ogan/ME461F25_LittleDaisies/project/ros_ws/install/mobile_sensor/share/mobile_sensor//node_modules/rclnodejs/generated/example_interfaces/example_interfaces__msg__MultiArrayDimension.js
-- Installing: /home/ogan/ME461F25_LittleDaisies/project/ros_ws/install/mobile_sensor/share/mobile_sensor//node_modules/rclnodejs/generated/example_interfaces/example_interfaces__msg__Bool.js
-- Installing: /home/ogan/ME461F25_LittleDaisies/project/ros_ws/install/mobile_sensor/share/mobile_sensor//node_modules/rclnodejs/generated/example_interfaces/example_interfaces__action__Fibonacci_GetResult.js
-- Installing: /home/ogan/ME461F25_LittleDaisies/project/ros_ws/install/mobile_sensor/share/mobile_sensor//node_modules/rclnodejs/generated/example_interfaces/example_interfaces__srv__AddTwoInts_Request.js
-- Installing: /home/ogan/ME461F25_LittleDaisies/project/ros_ws/install/mobile_sensor/share/mobile_sensor//node_modules/rclnodejs/generated/example_interfaces/example_interfaces__srv__AddTwoInts_Response.js
-- Installing: /home/ogan/ME461F25_LittleDaisies/project/ros_ws/install/mobile_sensor/share/mobile_sensor//node_modules/rclnodejs/generated/example_interfaces/example_interfaces__action__Fibonacci_FeedbackMessage.js
-- Installing: /home/ogan/ME461F25_LittleDaisies/project/ros_ws/install/mobile_sensor/share/mobile_sensor//node_modules/rclnodejs/generated/example_interfaces/example_interfaces__msg__Float64.js
-- Installing: /home/ogan/ME461F25_LittleDaisies/project/ros_ws/install/mobile_sensor/share/mobile_sensor//node_modules/rclnodejs/generated/example_interfaces/example_interfaces__msg__Float32MultiArray.js
-- Installing: /home/ogan/ME461F25_LittleDaisies/project/ros_ws/install/mobile_sensor/share/mobile_sensor//node_modules/rclnodejs/generated/example_interfaces/example_interfaces__action__Fibonacci_GetResult_Response.js
-- Installing: /home/ogan/ME461F25_LittleDaisies/project/ros_ws/install/mobile_sensor/share/mobile_sensor//node_modules/rclnodejs/generated/example_interfaces/example_interfaces__action__Fibonacci_GetResult_Request.js
-- Installing: /home/ogan/ME461F25_LittleDaisies/project/ros_ws/install/mobile_sensor/share/mobile_sensor//node_modules/rclnodejs/generated/example_interfaces/example_interfaces__srv__Trigger_Response.js
-- Installing: /home/ogan/ME461F25_LittleDaisies/project/ros_ws/install/mobile_sensor/share/mobile_sensor//node_modules/rclnodejs/generated/example_interfaces/example_interfaces__msg__MultiArrayLayout.js
-- Installing: /home/ogan/ME461F25_LittleDaisies/project/ros_ws/install/mobile_sensor/share/mobile_sensor//node_modules/rclnodejs/generated/example_interfaces/example_interfaces__srv__SetBool.js
-- Installing: /home/ogan/ME461F25_LittleDaisies/project/ros_ws/install/mobile_sensor/share/mobile_sensor//node_modules/rclnodejs/generated/example_interfaces/example_interfaces__msg__Int8MultiArray.js
-- Installing: /home/ogan/ME461F25_LittleDaisies/project/ros_ws/install/mobile_sensor/share/mobile_sensor//node_modules/rclnodejs/generated/example_interfaces/example_interfaces__msg__WString.js
-- Installing: /home/ogan/ME461F25_LittleDaisies/project/ros_ws/install/mobile_sensor/share/mobile_sensor//node_modules/rclnodejs/generated/example_interfaces/example_interfaces__msg__UInt64.js
-- Installing: /home/ogan/ME461F25_LittleDaisies/project/ros_ws/install/mobile_sensor/share/mobile_sensor//node_modules/rclnodejs/generated/example_interfaces/example_interfaces__srv__AddTwoInts.js
-- Installing: /home/ogan/ME461F25_LittleDaisies/project/ros_ws/install/mobile_sensor/share/mobile_sensor//node_modules/rclnodejs/generated/example_interfaces/example_interfaces__msg__Float32.js
-- Installing: /home/ogan/ME461F25_LittleDaisies/project/ros_ws/install/mobile_sensor/share/mobile_sensor//node_modules/rclnodejs/generated/example_interfaces/example_interfaces__action__Fibonacci_SendGoal_Response.js
-- Installing: /home/ogan/ME461F25_LittleDaisies/project/ros_ws/install/mobile_sensor/share/mobile_sensor//node_modules/rclnodejs/generated/example_interfaces/example_interfaces__msg__Int16MultiArray.js
-- Installing: /home/ogan/ME461F25_LittleDaisies/project/ros_ws/install/mobile_sensor/share/mobile_sensor//node_modules/rclnodejs/generated/example_interfaces/example_interfaces__msg__UInt16MultiArray.js
-- Installing: /home/ogan/ME461F25_LittleDaisies/project/ros_ws/install/mobile_sensor/share/mobile_sensor//node_modules/rclnodejs/generated/example_interfaces/example_interfaces__msg__Int64MultiArray.js
-- Installing: /home/ogan/ME461F25_LittleDaisies/project/ros_ws/install/mobile_sensor/share/mobile_sensor//node_modules/rclnodejs/generated/example_interfaces/example_interfaces__action__Fibonacci.js
-- Installing: /home/ogan/ME461F25_LittleDaisies/project/ros_ws/install/mobile_sensor/share/mobile_sensor//node_modules/rclnodejs/generated/example_interfaces/example_interfaces__action__Fibonacci_Result.js
-- Installing: /home/ogan/ME461F25_LittleDaisies/project/ros_ws/install/mobile_sensor/share/mobile_sensor//node_modules/rclnodejs/generated/example_interfaces/example_interfaces__msg__Int32MultiArray.js
-- Installing: /home/ogan/ME461F25_LittleDaisies/project/ros_ws/install/mobile_sensor/share/mobile_sensor//node_modules/rclnodejs/generated/example_interfaces/example_interfaces__msg__UInt16.js
-- Installing: /home/ogan/ME461F25_LittleDaisies/project/ros_ws/install/mobile_sensor/share/mobile_sensor//node_modules/rclnodejs/generated/example_interfaces/example_interfaces__msg__UInt8.js
-- Installing: /home/ogan/ME461F25_LittleDaisies/project/ros_ws/install/mobile_sensor/share/mobile_sensor//node_modules/rclnodejs/generated/example_interfaces/example_interfaces__action__Fibonacci_SendGoal.js
-- Installing: /home/ogan/ME461F25_LittleDaisies/project/ros_ws/install/mobile_sensor/share/mobile_sensor//node_modules/rclnodejs/generated/example_interfaces/example_interfaces__msg__Int64.js
-- Installing: /home/ogan/ME461F25_LittleDaisies/project/ros_ws/install/mobile_sensor/share/mobile_sensor//node_modules/rclnodejs/generated/example_interfaces/example_interfaces__msg__Empty.js
-- Installing: /home/ogan/ME461F25_LittleDaisies/project/ros_ws/install/mobile_sensor/share/mobile_sensor//node_modules/rclnodejs/generated/example_interfaces/example_interfaces__action__Fibonacci_Goal.js
-- Installing: /home/ogan/ME461F25_LittleDaisies/project/ros_ws/install/mobile_sensor/share/mobile_sensor//node_modules/rclnodejs/generated/example_interfaces/example_interfaces__msg__Int16.js
-- Installing: /home/ogan/ME461F25_LittleDaisies/project/ros_ws/install/mobile_sensor/share/mobile_sensor//node_modules/rclnodejs/generated/example_interfaces/example_interfaces__msg__String.js
-- Installing: /home/ogan/ME461F25_LittleDaisies/project/ros_ws/install/mobile_sensor/share/mobile_sensor//node_modules/rclnodejs/generated/example_interfaces/example_interfaces__srv__SetBool_Request.js
-- Installing: /home/ogan/ME461F25_LittleDaisies/project/ros_ws/install/mobile_sensor/share/mobile_sensor//node_modules/rclnodejs/generated/example_interfaces/example_interfaces__msg__UInt32MultiArray.js
-- Installing: /home/ogan/ME461F25_LittleDaisies/project/ros_ws/install/mobile_sensor/share/mobile_sensor//node_modules/rclnodejs/generated/sensor_msgs
-- Installing: /home/ogan/ME461F25_LittleDaisies/project/ros_ws/install/mobile_sensor/share/mobile_sensor//node_modules/rclnodejs/generated/sensor_msgs/sensor_msgs__msg__CameraInfo.js
-- Installing: /home/ogan/ME461F25_LittleDaisies/project/ros_ws/install/mobile_sensor/share/mobile_sensor//node_modules/rclnodejs/generated/sensor_msgs/sensor_msgs__msg__RegionOfInterest.js
-- Installing: /home/ogan/ME461F25_LittleDaisies/project/ros_ws/install/mobile_sensor/share/mobile_sensor//node_modules/rclnodejs/generated/sensor_msgs/sensor_msgs__msg__Image.js
-- Installing: /home/ogan/ME461F25_LittleDaisies/project/ros_ws/install/mobile_sensor/share/mobile_sensor//node_modules/rclnodejs/generated/sensor_msgs/sensor_msgs__msg__Joy.js
-- Installing: /home/ogan/ME461F25_LittleDaisies/project/ros_ws/install/mobile_sensor/share/mobile_sensor//node_modules/rclnodejs/generated/sensor_msgs/sensor_msgs__msg__Imu.js
-- Installing: /home/ogan/ME461F25_LittleDaisies/project/ros_ws/install/mobile_sensor/share/mobile_sensor//node_modules/rclnodejs/generated/sensor_msgs/sensor_msgs__msg__JoyFeedbackArray.js
-- Installing: /home/ogan/ME461F25_LittleDaisies/project/ros_ws/install/mobile_sensor/share/mobile_sensor//node_modules/rclnodejs/generated/sensor_msgs/sensor_msgs__msg__FluidPressure.js
-- Installing: /home/ogan/ME461F25_LittleDaisies/project/ros_ws/install/mobile_sensor/share/mobile_sensor//node_modules/rclnodejs/generated/sensor_msgs/sensor_msgs__msg__PointCloud.js
-- Installing: /home/ogan/ME461F25_LittleDaisies/project/ros_ws/install/mobile_sensor/share/mobile_sensor//node_modules/rclnodejs/generated/sensor_msgs/sensor_msgs__msg__Illuminance.js
-- Installing: /home/ogan/ME461F25_LittleDaisies/project/ros_ws/install/mobile_sensor/share/mobile_sensor//node_modules/rclnodejs/generated/sensor_msgs/sensor_msgs__msg__CompressedImage.js
-- Installing: /home/ogan/ME461F25_LittleDaisies/project/ros_ws/install/mobile_sensor/share/mobile_sensor//node_modules/rclnodejs/generated/sensor_msgs/sensor_msgs__msg__ChannelFloat32.js
-- Installing: /home/ogan/ME461F25_LittleDaisies/project/ros_ws/install/mobile_sensor/share/mobile_sensor//node_modules/rclnodejs/generated/sensor_msgs/sensor_msgs__msg__LaserEcho.js
-- Installing: /home/ogan/ME461F25_LittleDaisies/project/ros_ws/install/mobile_sensor/share/mobile_sensor//node_modules/rclnodejs/generated/sensor_msgs/sensor_msgs__msg__JoyFeedback.js
-- Installing: /home/ogan/ME461F25_LittleDaisies/project/ros_ws/install/mobile_sensor/share/mobile_sensor//node_modules/rclnodejs/generated/sensor_msgs/sensor_msgs__msg__Temperature.js
-- Installing: /home/ogan/ME461F25_LittleDaisies/project/ros_ws/install/mobile_sensor/share/mobile_sensor//node_modules/rclnodejs/generated/sensor_msgs/sensor_msgs__msg__PointCloud2.js
-- Installing: /home/ogan/ME461F25_LittleDaisies/project/ros_ws/install/mobile_sensor/share/mobile_sensor//node_modules/rclnodejs/generated/sensor_msgs/sensor_msgs__msg__LaserScan.js
-- Installing: /home/ogan/ME461F25_LittleDaisies/project/ros_ws/install/mobile_sensor/share/mobile_sensor//node_modules/rclnodejs/generated/sensor_msgs/sensor_msgs__msg__PointField.js
-- Installing: /home/ogan/ME461F25_LittleDaisies/project/ros_ws/install/mobile_sensor/share/mobile_sensor//node_modules/rclnodejs/generated/sensor_msgs/sensor_msgs__msg__Range.js
-- Installing: /home/ogan/ME461F25_LittleDaisies/project/ros_ws/install/mobile_sensor/share/mobile_sensor//node_modules/rclnodejs/generated/sensor_msgs/sensor_msgs__msg__NavSatStatus.js
-- Installing: /home/ogan/ME461F25_LittleDaisies/project/ros_ws/install/mobile_sensor/share/mobile_sensor//node_modules/rclnodejs/generated/sensor_msgs/sensor_msgs__msg__TimeReference.js
-- Installing: /home/ogan/ME461F25_LittleDaisies/project/ros_ws/install/mobile_sensor/share/mobile_sensor//node_modules/rclnodejs/generated/sensor_msgs/sensor_msgs__srv__SetCameraInfo_Response.js
-- Installing: /home/ogan/ME461F25_LittleDaisies/project/ros_ws/install/mobile_sensor/share/mobile_sensor//node_modules/rclnodejs/generated/sensor_msgs/sensor_msgs__msg__JointState.js
-- Installing: /home/ogan/ME461F25_LittleDaisies/project/ros_ws/install/mobile_sensor/share/mobile_sensor//node_modules/rclnodejs/generated/sensor_msgs/sensor_msgs__msg__MultiEchoLaserScan.js
-- Installing: /home/ogan/ME461F25_LittleDaisies/project/ros_ws/install/mobile_sensor/share/mobile_sensor//node_modules/rclnodejs/generated/sensor_msgs/sensor_msgs__msg__BatteryState.js
-- Installing: /home/ogan/ME461F25_LittleDaisies/project/ros_ws/install/mobile_sensor/share/mobile_sensor//node_modules/rclnodejs/generated/sensor_msgs/sensor_msgs__msg__MultiDOFJointState.js
-- Installing: /home/ogan/ME461F25_LittleDaisies/project/ros_ws/install/mobile_sensor/share/mobile_sensor//node_modules/rclnodejs/generated/sensor_msgs/sensor_msgs__msg__MagneticField.js
-- Installing: /home/ogan/ME461F25_LittleDaisies/project/ros_ws/install/mobile_sensor/share/mobile_sensor//node_modules/rclnodejs/generated/sensor_msgs/sensor_msgs__srv__SetCameraInfo_Request.js
-- Installing: /home/ogan/ME461F25_LittleDaisies/project/ros_ws/install/mobile_sensor/share/mobile_sensor//node_modules/rclnodejs/generated/sensor_msgs/sensor_msgs__msg__NavSatFix.js
-- Installing: /home/ogan/ME461F25_LittleDaisies/project/ros_ws/install/mobile_sensor/share/mobile_sensor//node_modules/rclnodejs/generated/sensor_msgs/sensor_msgs__srv__SetCameraInfo.js
-- Installing: /home/ogan/ME461F25_LittleDaisies/project/ros_ws/install/mobile_sensor/share/mobile_sensor//node_modules/rclnodejs/generated/sensor_msgs/sensor_msgs__msg__RelativeHumidity.js
-- Installing: /home/ogan/ME461F25_LittleDaisies/project/ros_ws/install/mobile_sensor/share/mobile_sensor//node_modules/rclnodejs/generated/actuator_msgs
-- Installing: /home/ogan/ME461F25_LittleDaisies/project/ros_ws/install/mobile_sensor/share/mobile_sensor//node_modules/rclnodejs/generated/actuator_msgs/actuator_msgs__msg__ActuatorsPosition.js
-- Installing: /home/ogan/ME461F25_LittleDaisies/project/ros_ws/install/mobile_sensor/share/mobile_sensor//node_modules/rclnodejs/generated/actuator_msgs/actuator_msgs__msg__ActuatorsLinearPosition.js
-- Installing: /home/ogan/ME461F25_LittleDaisies/project/ros_ws/install/mobile_sensor/share/mobile_sensor//node_modules/rclnodejs/generated/actuator_msgs/actuator_msgs__msg__ActuatorsAngularVelocity.js
-- Installing: /home/ogan/ME461F25_LittleDaisies/project/ros_ws/install/mobile_sensor/share/mobile_sensor//node_modules/rclnodejs/generated/actuator_msgs/actuator_msgs__msg__ActuatorsVelocity.js
-- Installing: /home/ogan/ME461F25_LittleDaisies/project/ros_ws/install/mobile_sensor/share/mobile_sensor//node_modules/rclnodejs/generated/actuator_msgs/actuator_msgs__msg__ActuatorsAngularPosition.js
-- Installing: /home/ogan/ME461F25_LittleDaisies/project/ros_ws/install/mobile_sensor/share/mobile_sensor//node_modules/rclnodejs/generated/actuator_msgs/actuator_msgs__msg__ActuatorsLinearVelocity.js
-- Installing: /home/ogan/ME461F25_LittleDaisies/project/ros_ws/install/mobile_sensor/share/mobile_sensor//node_modules/rclnodejs/generated/actuator_msgs/actuator_msgs__msg__ActuatorsNormalized.js
-- Installing: /home/ogan/ME461F25_LittleDaisies/project/ros_ws/install/mobile_sensor/share/mobile_sensor//node_modules/rclnodejs/generated/actuator_msgs/actuator_msgs__msg__Actuators.js
-- Installing: /home/ogan/ME461F25_LittleDaisies/project/ros_ws/install/mobile_sensor/share/mobile_sensor//node_modules/rclnodejs/generated/actionlib_msgs
-- Installing: /home/ogan/ME461F25_LittleDaisies/project/ros_ws/install/mobile_sensor/share/mobile_sensor//node_modules/rclnodejs/generated/actionlib_msgs/actionlib_msgs__msg__GoalStatus.js
-- Installing: /home/ogan/ME461F25_LittleDaisies/project/ros_ws/install/mobile_sensor/share/mobile_sensor//node_modules/rclnodejs/generated/actionlib_msgs/actionlib_msgs__msg__GoalID.js
-- Installing: /home/ogan/ME461F25_LittleDaisies/project/ros_ws/install/mobile_sensor/share/mobile_sensor//node_modules/rclnodejs/generated/actionlib_msgs/actionlib_msgs__msg__GoalStatusArray.js
-- Installing: /home/ogan/ME461F25_LittleDaisies/project/ros_ws/install/mobile_sensor/share/mobile_sensor//node_modules/rclnodejs/generated/ros_ign_interfaces
-- Installing: /home/ogan/ME461F25_LittleDaisies/project/ros_ws/install/mobile_sensor/share/mobile_sensor//node_modules/rclnodejs/generated/ros_ign_interfaces/ros_ign_interfaces__srv__SpawnEntity_Response.js
-- Installing: /home/ogan/ME461F25_LittleDaisies/project/ros_ws/install/mobile_sensor/share/mobile_sensor//node_modules/rclnodejs/generated/ros_ign_interfaces/ros_ign_interfaces__msg__WorldControl.js
-- Installing: /home/ogan/ME461F25_LittleDaisies/project/ros_ws/install/mobile_sensor/share/mobile_sensor//node_modules/rclnodejs/generated/ros_ign_interfaces/ros_ign_interfaces__srv__ControlWorld_Response.js
-- Installing: /home/ogan/ME461F25_LittleDaisies/project/ros_ws/install/mobile_sensor/share/mobile_sensor//node_modules/rclnodejs/generated/ros_ign_interfaces/ros_ign_interfaces__srv__SpawnEntity.js
-- Installing: /home/ogan/ME461F25_LittleDaisies/project/ros_ws/install/mobile_sensor/share/mobile_sensor//node_modules/rclnodejs/generated/ros_ign_interfaces/ros_ign_interfaces__srv__ControlWorld_Request.js
-- Installing: /home/ogan/ME461F25_LittleDaisies/project/ros_ws/install/mobile_sensor/share/mobile_sensor//node_modules/rclnodejs/generated/ros_ign_interfaces/ros_ign_interfaces__msg__Contact.js
-- Installing: /home/ogan/ME461F25_LittleDaisies/project/ros_ws/install/mobile_sensor/share/mobile_sensor//node_modules/rclnodejs/generated/ros_ign_interfaces/ros_ign_interfaces__msg__JointWrench.js
-- Installing: /home/ogan/ME461F25_LittleDaisies/project/ros_ws/install/mobile_sensor/share/mobile_sensor//node_modules/rclnodejs/generated/ros_ign_interfaces/ros_ign_interfaces__srv__ControlWorld.js
-- Installing: /home/ogan/ME461F25_LittleDaisies/project/ros_ws/install/mobile_sensor/share/mobile_sensor//node_modules/rclnodejs/generated/ros_ign_interfaces/ros_ign_interfaces__msg__VideoRecord.js
-- Installing: /home/ogan/ME461F25_LittleDaisies/project/ros_ws/install/mobile_sensor/share/mobile_sensor//node_modules/rclnodejs/generated/ros_ign_interfaces/ros_ign_interfaces__msg__TrackVisual.js
-- Installing: /home/ogan/ME461F25_LittleDaisies/project/ros_ws/install/mobile_sensor/share/mobile_sensor//node_modules/rclnodejs/generated/ros_ign_interfaces/ros_ign_interfaces__srv__DeleteEntity_Response.js
-- Installing: /home/ogan/ME461F25_LittleDaisies/project/ros_ws/install/mobile_sensor/share/mobile_sensor//node_modules/rclnodejs/generated/ros_ign_interfaces/ros_ign_interfaces__msg__Entity.js
-- Installing: /home/ogan/ME461F25_LittleDaisies/project/ros_ws/install/mobile_sensor/share/mobile_sensor//node_modules/rclnodejs/generated/ros_ign_interfaces/ros_ign_interfaces__srv__SetEntityPose.js
-- Installing: /home/ogan/ME461F25_LittleDaisies/project/ros_ws/install/mobile_sensor/share/mobile_sensor//node_modules/rclnodejs/generated/ros_ign_interfaces/ros_ign_interfaces__msg__Contacts.js
-- Installing: /home/ogan/ME461F25_LittleDaisies/project/ros_ws/install/mobile_sensor/share/mobile_sensor//node_modules/rclnodejs/generated/ros_ign_interfaces/ros_ign_interfaces__msg__EntityFactory.js
-- Installing: /home/ogan/ME461F25_LittleDaisies/project/ros_ws/install/mobile_sensor/share/mobile_sensor//node_modules/rclnodejs/generated/ros_ign_interfaces/ros_ign_interfaces__msg__WorldReset.js
-- Installing: /home/ogan/ME461F25_LittleDaisies/project/ros_ws/install/mobile_sensor/share/mobile_sensor//node_modules/rclnodejs/generated/ros_ign_interfaces/ros_ign_interfaces__srv__SpawnEntity_Request.js
-- Installing: /home/ogan/ME461F25_LittleDaisies/project/ros_ws/install/mobile_sensor/share/mobile_sensor//node_modules/rclnodejs/generated/ros_ign_interfaces/ros_ign_interfaces__msg__StringVec.js
-- Installing: /home/ogan/ME461F25_LittleDaisies/project/ros_ws/install/mobile_sensor/share/mobile_sensor//node_modules/rclnodejs/generated/ros_ign_interfaces/ros_ign_interfaces__msg__Light.js
-- Installing: /home/ogan/ME461F25_LittleDaisies/project/ros_ws/install/mobile_sensor/share/mobile_sensor//node_modules/rclnodejs/generated/ros_ign_interfaces/ros_ign_interfaces__srv__DeleteEntity_Request.js
-- Installing: /home/ogan/ME461F25_LittleDaisies/project/ros_ws/install/mobile_sensor/share/mobile_sensor//node_modules/rclnodejs/generated/ros_ign_interfaces/ros_ign_interfaces__srv__SetEntityPose_Request.js
-- Installing: /home/ogan/ME461F25_LittleDaisies/project/ros_ws/install/mobile_sensor/share/mobile_sensor//node_modules/rclnodejs/generated/ros_ign_interfaces/ros_ign_interfaces__srv__DeleteEntity.js
-- Installing: /home/ogan/ME461F25_LittleDaisies/project/ros_ws/install/mobile_sensor/share/mobile_sensor//node_modules/rclnodejs/generated/ros_ign_interfaces/ros_ign_interfaces__msg__GuiCamera.js
-- Installing: /home/ogan/ME461F25_LittleDaisies/project/ros_ws/install/mobile_sensor/share/mobile_sensor//node_modules/rclnodejs/generated/ros_ign_interfaces/ros_ign_interfaces__srv__SetEntityPose_Response.js
-- Installing: /home/ogan/ME461F25_LittleDaisies/project/ros_ws/install/mobile_sensor/share/mobile_sensor//node_modules/rclnodejs/generated/vision_msgs
-- Installing: /home/ogan/ME461F25_LittleDaisies/project/ros_ws/install/mobile_sensor/share/mobile_sensor//node_modules/rclnodejs/generated/vision_msgs/vision_msgs__msg__Detection2DArray.js
-- Installing: /home/ogan/ME461F25_LittleDaisies/project/ros_ws/install/mobile_sensor/share/mobile_sensor//node_modules/rclnodejs/generated/vision_msgs/vision_msgs__msg__Point2D.js
-- Installing: /home/ogan/ME461F25_LittleDaisies/project/ros_ws/install/mobile_sensor/share/mobile_sensor//node_modules/rclnodejs/generated/vision_msgs/vision_msgs__msg__VisionClass.js
-- Installing: /home/ogan/ME461F25_LittleDaisies/project/ros_ws/install/mobile_sensor/share/mobile_sensor//node_modules/rclnodejs/generated/vision_msgs/vision_msgs__msg__ObjectHypothesis.js
-- Installing: /home/ogan/ME461F25_LittleDaisies/project/ros_ws/install/mobile_sensor/share/mobile_sensor//node_modules/rclnodejs/generated/vision_msgs/vision_msgs__msg__BoundingBox2D.js
-- Installing: /home/ogan/ME461F25_LittleDaisies/project/ros_ws/install/mobile_sensor/share/mobile_sensor//node_modules/rclnodejs/generated/vision_msgs/vision_msgs__msg__BoundingBox3D.js
-- Installing: /home/ogan/ME461F25_LittleDaisies/project/ros_ws/install/mobile_sensor/share/mobile_sensor//node_modules/rclnodejs/generated/vision_msgs/vision_msgs__msg__Detection3DArray.js
-- Installing: /home/ogan/ME461F25_LittleDaisies/project/ros_ws/install/mobile_sensor/share/mobile_sensor//node_modules/rclnodejs/generated/vision_msgs/vision_msgs__msg__BoundingBox3DArray.js
-- Installing: /home/ogan/ME461F25_LittleDaisies/project/ros_ws/install/mobile_sensor/share/mobile_sensor//node_modules/rclnodejs/generated/vision_msgs/vision_msgs__msg__Pose2D.js
-- Installing: /home/ogan/ME461F25_LittleDaisies/project/ros_ws/install/mobile_sensor/share/mobile_sensor//node_modules/rclnodejs/generated/vision_msgs/vision_msgs__msg__ObjectHypothesisWithPose.js
-- Installing: /home/ogan/ME461F25_LittleDaisies/project/ros_ws/install/mobile_sensor/share/mobile_sensor//node_modules/rclnodejs/generated/vision_msgs/vision_msgs__msg__LabelInfo.js
-- Installing: /home/ogan/ME461F25_LittleDaisies/project/ros_ws/install/mobile_sensor/share/mobile_sensor//node_modules/rclnodejs/generated/vision_msgs/vision_msgs__msg__Detection2D.js
-- Installing: /home/ogan/ME461F25_LittleDaisies/project/ros_ws/install/mobile_sensor/share/mobile_sensor//node_modules/rclnodejs/generated/vision_msgs/vision_msgs__msg__VisionInfo.js
-- Installing: /home/ogan/ME461F25_LittleDaisies/project/ros_ws/install/mobile_sensor/share/mobile_sensor//node_modules/rclnodejs/generated/vision_msgs/vision_msgs__msg__BoundingBox2DArray.js
-- Installing: /home/ogan/ME461F25_LittleDaisies/project/ros_ws/install/mobile_sensor/share/mobile_sensor//node_modules/rclnodejs/generated/vision_msgs/vision_msgs__msg__Detection3D.js
-- Installing: /home/ogan/ME461F25_LittleDaisies/project/ros_ws/install/mobile_sensor/share/mobile_sensor//node_modules/rclnodejs/generated/vision_msgs/vision_msgs__msg__Classification.js
-- Installing: /home/ogan/ME461F25_LittleDaisies/project/ros_ws/install/mobile_sensor/share/mobile_sensor//node_modules/rclnodejs/generated/map_msgs
-- Installing: /home/ogan/ME461F25_LittleDaisies/project/ros_ws/install/mobile_sensor/share/mobile_sensor//node_modules/rclnodejs/generated/map_msgs/map_msgs__srv__GetPointMapROI_Request.js
-- Installing: /home/ogan/ME461F25_LittleDaisies/project/ros_ws/install/mobile_sensor/share/mobile_sensor//node_modules/rclnodejs/generated/map_msgs/map_msgs__srv__SetMapProjections_Request.js
-- Installing: /home/ogan/ME461F25_LittleDaisies/project/ros_ws/install/mobile_sensor/share/mobile_sensor//node_modules/rclnodejs/generated/map_msgs/map_msgs__srv__GetPointMapROI_Response.js
-- Installing: /home/ogan/ME461F25_LittleDaisies/project/ros_ws/install/mobile_sensor/share/mobile_sensor//node_modules/rclnodejs/generated/map_msgs/map_msgs__srv__SetMapProjections.js
-- Installing: /home/ogan/ME461F25_LittleDaisies/project/ros_ws/install/mobile_sensor/share/mobile_sensor//node_modules/rclnodejs/generated/map_msgs/map_msgs__srv__ProjectedMapsInfo_Response.js
-- Installing: /home/ogan/ME461F25_LittleDaisies/project/ros_ws/install/mobile_sensor/share/mobile_sensor//node_modules/rclnodejs/generated/map_msgs/map_msgs__srv__SetMapProjections_Response.js
-- Installing: /home/ogan/ME461F25_LittleDaisies/project/ros_ws/install/mobile_sensor/share/mobile_sensor//node_modules/rclnodejs/generated/map_msgs/map_msgs__srv__ProjectedMapsInfo_Request.js
-- Installing: /home/ogan/ME461F25_LittleDaisies/project/ros_ws/install/mobile_sensor/share/mobile_sensor//node_modules/rclnodejs/generated/map_msgs/map_msgs__msg__OccupancyGridUpdate.js
-- Installing: /home/ogan/ME461F25_LittleDaisies/project/ros_ws/install/mobile_sensor/share/mobile_sensor//node_modules/rclnodejs/generated/map_msgs/map_msgs__srv__SaveMap_Request.js
-- Installing: /home/ogan/ME461F25_LittleDaisies/project/ros_ws/install/mobile_sensor/share/mobile_sensor//node_modules/rclnodejs/generated/map_msgs/map_msgs__srv__GetMapROI_Response.js
-- Installing: /home/ogan/ME461F25_LittleDaisies/project/ros_ws/install/mobile_sensor/share/mobile_sensor//node_modules/rclnodejs/generated/map_msgs/map_msgs__srv__GetPointMap_Response.js
-- Installing: /home/ogan/ME461F25_LittleDaisies/project/ros_ws/install/mobile_sensor/share/mobile_sensor//node_modules/rclnodejs/generated/map_msgs/map_msgs__msg__PointCloud2Update.js
-- Installing: /home/ogan/ME461F25_LittleDaisies/project/ros_ws/install/mobile_sensor/share/mobile_sensor//node_modules/rclnodejs/generated/map_msgs/map_msgs__msg__ProjectedMap.js
-- Installing: /home/ogan/ME461F25_LittleDaisies/project/ros_ws/install/mobile_sensor/share/mobile_sensor//node_modules/rclnodejs/generated/map_msgs/map_msgs__srv__GetMapROI_Request.js
-- Installing: /home/ogan/ME461F25_LittleDaisies/project/ros_ws/install/mobile_sensor/share/mobile_sensor//node_modules/rclnodejs/generated/map_msgs/map_msgs__srv__SaveMap_Response.js
-- Installing: /home/ogan/ME461F25_LittleDaisies/project/ros_ws/install/mobile_sensor/share/mobile_sensor//node_modules/rclnodejs/generated/map_msgs/map_msgs__srv__GetPointMap.js
-- Installing: /home/ogan/ME461F25_LittleDaisies/project/ros_ws/install/mobile_sensor/share/mobile_sensor//node_modules/rclnodejs/generated/map_msgs/map_msgs__msg__ProjectedMapInfo.js
-- Installing: /home/ogan/ME461F25_LittleDaisies/project/ros_ws/install/mobile_sensor/share/mobile_sensor//node_modules/rclnodejs/generated/map_msgs/map_msgs__srv__GetMapROI.js
-- Installing: /home/ogan/ME461F25_LittleDaisies/project/ros_ws/install/mobile_sensor/share/mobile_sensor//node_modules/rclnodejs/generated/map_msgs/map_msgs__srv__GetPointMap_Request.js
-- Installing: /home/ogan/ME461F25_LittleDaisies/project/ros_ws/install/mobile_sensor/share/mobile_sensor//node_modules/rclnodejs/generated/map_msgs/map_msgs__srv__GetPointMapROI.js
-- Installing: /home/ogan/ME461F25_LittleDaisies/project/ros_ws/install/mobile_sensor/share/mobile_sensor//node_modules/rclnodejs/generated/map_msgs/map_msgs__srv__ProjectedMapsInfo.js
-- Installing: /home/ogan/ME461F25_LittleDaisies/project/ros_ws/install/mobile_sensor/share/mobile_sensor//node_modules/rclnodejs/generated/map_msgs/map_msgs__srv__SaveMap.js
-- Installing: /home/ogan/ME461F25_LittleDaisies/project/ros_ws/install/mobile_sensor/share/mobile_sensor//node_modules/rclnodejs/generated/nav_msgs
-- Installing: /home/ogan/ME461F25_LittleDaisies/project/ros_ws/install/mobile_sensor/share/mobile_sensor//node_modules/rclnodejs/generated/nav_msgs/nav_msgs__msg__Odometry.js
-- Installing: /home/ogan/ME461F25_LittleDaisies/project/ros_ws/install/mobile_sensor/share/mobile_sensor//node_modules/rclnodejs/generated/nav_msgs/nav_msgs__srv__GetMap_Request.js
-- Installing: /home/ogan/ME461F25_LittleDaisies/project/ros_ws/install/mobile_sensor/share/mobile_sensor//node_modules/rclnodejs/generated/nav_msgs/nav_msgs__srv__SetMap_Request.js
-- Installing: /home/ogan/ME461F25_LittleDaisies/project/ros_ws/install/mobile_sensor/share/mobile_sensor//node_modules/rclnodejs/generated/nav_msgs/nav_msgs__srv__GetPlan_Response.js
-- Installing: /home/ogan/ME461F25_LittleDaisies/project/ros_ws/install/mobile_sensor/share/mobile_sensor//node_modules/rclnodejs/generated/nav_msgs/nav_msgs__srv__SetMap.js
-- Installing: /home/ogan/ME461F25_LittleDaisies/project/ros_ws/install/mobile_sensor/share/mobile_sensor//node_modules/rclnodejs/generated/nav_msgs/nav_msgs__srv__GetPlan.js
-- Installing: /home/ogan/ME461F25_LittleDaisies/project/ros_ws/install/mobile_sensor/share/mobile_sensor//node_modules/rclnodejs/generated/nav_msgs/nav_msgs__msg__Path.js
-- Installing: /home/ogan/ME461F25_LittleDaisies/project/ros_ws/install/mobile_sensor/share/mobile_sensor//node_modules/rclnodejs/generated/nav_msgs/nav_msgs__srv__GetPlan_Request.js
-- Installing: /home/ogan/ME461F25_LittleDaisies/project/ros_ws/install/mobile_sensor/share/mobile_sensor//node_modules/rclnodejs/generated/nav_msgs/nav_msgs__srv__GetMap.js
-- Installing: /home/ogan/ME461F25_LittleDaisies/project/ros_ws/install/mobile_sensor/share/mobile_sensor//node_modules/rclnodejs/generated/nav_msgs/nav_msgs__msg__OccupancyGrid.js
-- Installing: /home/ogan/ME461F25_LittleDaisies/project/ros_ws/install/mobile_sensor/share/mobile_sensor//node_modules/rclnodejs/generated/nav_msgs/nav_msgs__msg__MapMetaData.js
-- Installing: /home/ogan/ME461F25_LittleDaisies/project/ros_ws/install/mobile_sensor/share/mobile_sensor//node_modules/rclnodejs/generated/nav_msgs/nav_msgs__srv__GetMap_Response.js
-- Installing: /home/ogan/ME461F25_LittleDaisies/project/ros_ws/install/mobile_sensor/share/mobile_sensor//node_modules/rclnodejs/generated/nav_msgs/nav_msgs__srv__LoadMap_Response.js
-- Installing: /home/ogan/ME461F25_LittleDaisies/project/ros_ws/install/mobile_sensor/share/mobile_sensor//node_modules/rclnodejs/generated/nav_msgs/nav_msgs__srv__SetMap_Response.js
-- Installing: /home/ogan/ME461F25_LittleDaisies/project/ros_ws/install/mobile_sensor/share/mobile_sensor//node_modules/rclnodejs/generated/nav_msgs/nav_msgs__srv__LoadMap.js
-- Installing: /home/ogan/ME461F25_LittleDaisies/project/ros_ws/install/mobile_sensor/share/mobile_sensor//node_modules/rclnodejs/generated/nav_msgs/nav_msgs__msg__Goals.js
-- Installing: /home/ogan/ME461F25_LittleDaisies/project/ros_ws/install/mobile_sensor/share/mobile_sensor//node_modules/rclnodejs/generated/nav_msgs/nav_msgs__srv__LoadMap_Request.js
-- Installing: /home/ogan/ME461F25_LittleDaisies/project/ros_ws/install/mobile_sensor/share/mobile_sensor//node_modules/rclnodejs/generated/nav_msgs/nav_msgs__msg__GridCells.js
-- Installing: /home/ogan/ME461F25_LittleDaisies/project/ros_ws/install/mobile_sensor/share/mobile_sensor//node_modules/rclnodejs/generated/ros_gz_interfaces
-- Installing: /home/ogan/ME461F25_LittleDaisies/project/ros_ws/install/mobile_sensor/share/mobile_sensor//node_modules/rclnodejs/generated/ros_gz_interfaces/ros_gz_interfaces__srv__DeleteEntity.js
-- Installing: /home/ogan/ME461F25_LittleDaisies/project/ros_ws/install/mobile_sensor/share/mobile_sensor//node_modules/rclnodejs/generated/ros_gz_interfaces/ros_gz_interfaces__msg__EntityFactory.js
-- Installing: /home/ogan/ME461F25_LittleDaisies/project/ros_ws/install/mobile_sensor/share/mobile_sensor//node_modules/rclnodejs/generated/ros_gz_interfaces/ros_gz_interfaces__srv__SpawnEntity_Request.js
-- Installing: /home/ogan/ME461F25_LittleDaisies/project/ros_ws/install/mobile_sensor/share/mobile_sensor//node_modules/rclnodejs/generated/ros_gz_interfaces/ros_gz_interfaces__srv__SetEntityPose_Request.js
-- Installing: /home/ogan/ME461F25_LittleDaisies/project/ros_ws/install/mobile_sensor/share/mobile_sensor//node_modules/rclnodejs/generated/ros_gz_interfaces/ros_gz_interfaces__msg__Altimeter.js
-- Installing: /home/ogan/ME461F25_LittleDaisies/project/ros_ws/install/mobile_sensor/share/mobile_sensor//node_modules/rclnodejs/generated/ros_gz_interfaces/ros_gz_interfaces__srv__SpawnEntity_Response.js
-- Installing: /home/ogan/ME461F25_LittleDaisies/project/ros_ws/install/mobile_sensor/share/mobile_sensor//node_modules/rclnodejs/generated/ros_gz_interfaces/ros_gz_interfaces__msg__GuiCamera.js
-- Installing: /home/ogan/ME461F25_LittleDaisies/project/ros_ws/install/mobile_sensor/share/mobile_sensor//node_modules/rclnodejs/generated/ros_gz_interfaces/ros_gz_interfaces__msg__JointWrench.js
-- Installing: /home/ogan/ME461F25_LittleDaisies/project/ros_ws/install/mobile_sensor/share/mobile_sensor//node_modules/rclnodejs/generated/ros_gz_interfaces/ros_gz_interfaces__msg__WorldReset.js
-- Installing: /home/ogan/ME461F25_LittleDaisies/project/ros_ws/install/mobile_sensor/share/mobile_sensor//node_modules/rclnodejs/generated/ros_gz_interfaces/ros_gz_interfaces__srv__ControlWorld_Request.js
-- Installing: /home/ogan/ME461F25_LittleDaisies/project/ros_ws/install/mobile_sensor/share/mobile_sensor//node_modules/rclnodejs/generated/ros_gz_interfaces/ros_gz_interfaces__srv__SpawnEntity.js
-- Installing: /home/ogan/ME461F25_LittleDaisies/project/ros_ws/install/mobile_sensor/share/mobile_sensor//node_modules/rclnodejs/generated/ros_gz_interfaces/ros_gz_interfaces__msg__Contacts.js
-- Installing: /home/ogan/ME461F25_LittleDaisies/project/ros_ws/install/mobile_sensor/share/mobile_sensor//node_modules/rclnodejs/generated/ros_gz_interfaces/ros_gz_interfaces__srv__DeleteEntity_Response.js
-- Installing: /home/ogan/ME461F25_LittleDaisies/project/ros_ws/install/mobile_sensor/share/mobile_sensor//node_modules/rclnodejs/generated/ros_gz_interfaces/ros_gz_interfaces__msg__SensorNoise.js
-- Installing: /home/ogan/ME461F25_LittleDaisies/project/ros_ws/install/mobile_sensor/share/mobile_sensor//node_modules/rclnodejs/generated/ros_gz_interfaces/ros_gz_interfaces__msg__Float32Array.js
-- Installing: /home/ogan/ME461F25_LittleDaisies/project/ros_ws/install/mobile_sensor/share/mobile_sensor//node_modules/rclnodejs/generated/ros_gz_interfaces/ros_gz_interfaces__srv__SetEntityPose_Response.js
-- Installing: /home/ogan/ME461F25_LittleDaisies/project/ros_ws/install/mobile_sensor/share/mobile_sensor//node_modules/rclnodejs/generated/ros_gz_interfaces/ros_gz_interfaces__msg__MaterialColor.js
-- Installing: /home/ogan/ME461F25_LittleDaisies/project/ros_ws/install/mobile_sensor/share/mobile_sensor//node_modules/rclnodejs/generated/ros_gz_interfaces/ros_gz_interfaces__msg__Contact.js
-- Installing: /home/ogan/ME461F25_LittleDaisies/project/ros_ws/install/mobile_sensor/share/mobile_sensor//node_modules/rclnodejs/generated/ros_gz_interfaces/ros_gz_interfaces__msg__WorldControl.js
-- Installing: /home/ogan/ME461F25_LittleDaisies/project/ros_ws/install/mobile_sensor/share/mobile_sensor//node_modules/rclnodejs/generated/ros_gz_interfaces/ros_gz_interfaces__msg__Light.js
-- Installing: /home/ogan/ME461F25_LittleDaisies/project/ros_ws/install/mobile_sensor/share/mobile_sensor//node_modules/rclnodejs/generated/ros_gz_interfaces/ros_gz_interfaces__srv__ControlWorld_Response.js
-- Installing: /home/ogan/ME461F25_LittleDaisies/project/ros_ws/install/mobile_sensor/share/mobile_sensor//node_modules/rclnodejs/generated/ros_gz_interfaces/ros_gz_interfaces__msg__Dataframe.js
-- Installing: /home/ogan/ME461F25_LittleDaisies/project/ros_ws/install/mobile_sensor/share/mobile_sensor//node_modules/rclnodejs/generated/ros_gz_interfaces/ros_gz_interfaces__msg__TrackVisual.js
-- Installing: /home/ogan/ME461F25_LittleDaisies/project/ros_ws/install/mobile_sensor/share/mobile_sensor//node_modules/rclnodejs/generated/ros_gz_interfaces/ros_gz_interfaces__msg__EntityWrench.js
-- Installing: /home/ogan/ME461F25_LittleDaisies/project/ros_ws/install/mobile_sensor/share/mobile_sensor//node_modules/rclnodejs/generated/ros_gz_interfaces/ros_gz_interfaces__msg__ParamVec.js
-- Installing: /home/ogan/ME461F25_LittleDaisies/project/ros_ws/install/mobile_sensor/share/mobile_sensor//node_modules/rclnodejs/generated/ros_gz_interfaces/ros_gz_interfaces__srv__SetEntityPose.js
-- Installing: /home/ogan/ME461F25_LittleDaisies/project/ros_ws/install/mobile_sensor/share/mobile_sensor//node_modules/rclnodejs/generated/ros_gz_interfaces/ros_gz_interfaces__srv__ControlWorld.js
-- Installing: /home/ogan/ME461F25_LittleDaisies/project/ros_ws/install/mobile_sensor/share/mobile_sensor//node_modules/rclnodejs/generated/ros_gz_interfaces/ros_gz_interfaces__srv__DeleteEntity_Request.js
-- Installing: /home/ogan/ME461F25_LittleDaisies/project/ros_ws/install/mobile_sensor/share/mobile_sensor//node_modules/rclnodejs/generated/ros_gz_interfaces/ros_gz_interfaces__msg__VideoRecord.js
-- Installing: /home/ogan/ME461F25_LittleDaisies/project/ros_ws/install/mobile_sensor/share/mobile_sensor//node_modules/rclnodejs/generated/ros_gz_interfaces/ros_gz_interfaces__msg__Entity.js
-- Installing: /home/ogan/ME461F25_LittleDaisies/project/ros_ws/install/mobile_sensor/share/mobile_sensor//node_modules/rclnodejs/generated/ros_gz_interfaces/ros_gz_interfaces__msg__StringVec.js
-- Installing: /home/ogan/ME461F25_LittleDaisies/project/ros_ws/install/mobile_sensor/share/mobile_sensor//node_modules/rclnodejs/generated/rosgraph_msgs
-- Installing: /home/ogan/ME461F25_LittleDaisies/project/ros_ws/install/mobile_sensor/share/mobile_sensor//node_modules/rclnodejs/generated/rosgraph_msgs/rosgraph_msgs__msg__Clock.js
-- Installing: /home/ogan/ME461F25_LittleDaisies/project/ros_ws/install/mobile_sensor/share/mobile_sensor//node_modules/rclnodejs/package.json
-- Installing: /home/ogan/ME461F25_LittleDaisies/project/ros_ws/install/mobile_sensor/share/mobile_sensor//node_modules/rclnodejs/src
-- Installing: /home/ogan/ME461F25_LittleDaisies/project/ros_ws/install/mobile_sensor/share/mobile_sensor//node_modules/rclnodejs/src/executor.cpp
-- Installing: /home/ogan/ME461F25_LittleDaisies/project/ros_ws/install/mobile_sensor/share/mobile_sensor//node_modules/rclnodejs/src/rcl_utilities.hpp
-- Installing: /home/ogan/ME461F25_LittleDaisies/project/ros_ws/install/mobile_sensor/share/mobile_sensor//node_modules/rclnodejs/src/rcl_bindings.hpp
-- Installing: /home/ogan/ME461F25_LittleDaisies/project/ros_ws/install/mobile_sensor/share/mobile_sensor//node_modules/rclnodejs/src/handle_manager.cpp
-- Installing: /home/ogan/ME461F25_LittleDaisies/project/ros_ws/install/mobile_sensor/share/mobile_sensor//node_modules/rclnodejs/src/rcl_lifecycle_bindings.hpp
-- Installing: /home/ogan/ME461F25_LittleDaisies/project/ros_ws/install/mobile_sensor/share/mobile_sensor//node_modules/rclnodejs/src/handle_manager.hpp
-- Installing: /home/ogan/ME461F25_LittleDaisies/project/ros_ws/install/mobile_sensor/share/mobile_sensor//node_modules/rclnodejs/src/shadow_node.cpp
-- Installing: /home/ogan/ME461F25_LittleDaisies/project/ros_ws/install/mobile_sensor/share/mobile_sensor//node_modules/rclnodejs/src/rcl_action_bindings.hpp
-- Installing: /home/ogan/ME461F25_LittleDaisies/project/ros_ws/install/mobile_sensor/share/mobile_sensor//node_modules/rclnodejs/src/rcl_utilities.cpp
-- Installing: /home/ogan/ME461F25_LittleDaisies/project/ros_ws/install/mobile_sensor/share/mobile_sensor//node_modules/rclnodejs/src/rcl_handle.hpp
-- Installing: /home/ogan/ME461F25_LittleDaisies/project/ros_ws/install/mobile_sensor/share/mobile_sensor//node_modules/rclnodejs/src/rcl_bindings.cpp
-- Installing: /home/ogan/ME461F25_LittleDaisies/project/ros_ws/install/mobile_sensor/share/mobile_sensor//node_modules/rclnodejs/src/shadow_node.hpp
-- Installing: /home/ogan/ME461F25_LittleDaisies/project/ros_ws/install/mobile_sensor/share/mobile_sensor//node_modules/rclnodejs/src/addon.cpp
-- Installing: /home/ogan/ME461F25_LittleDaisies/project/ros_ws/install/mobile_sensor/share/mobile_sensor//node_modules/rclnodejs/src/rcl_lifecycle_bindings.cpp
-- Installing: /home/ogan/ME461F25_LittleDaisies/project/ros_ws/install/mobile_sensor/share/mobile_sensor//node_modules/rclnodejs/src/executor.hpp
-- Installing: /home/ogan/ME461F25_LittleDaisies/project/ros_ws/install/mobile_sensor/share/mobile_sensor//node_modules/rclnodejs/src/rcl_action_bindings.cpp
-- Installing: /home/ogan/ME461F25_LittleDaisies/project/ros_ws/install/mobile_sensor/share/mobile_sensor//node_modules/rclnodejs/src/rcl_handle.cpp
-- Installing: /home/ogan/ME461F25_LittleDaisies/project/ros_ws/install/mobile_sensor/share/mobile_sensor//node_modules/rclnodejs/src/macros.hpp
-- Installing: /home/ogan/ME461F25_LittleDaisies/project/ros_ws/install/mobile_sensor/share/mobile_sensor//node_modules/rclnodejs/LICENSE
-- Installing: /home/ogan/ME461F25_LittleDaisies/project/ros_ws/install/mobile_sensor/share/mobile_sensor//node_modules/rclnodejs/rosidl_parser
-- Installing: /home/ogan/ME461F25_LittleDaisies/project/ros_ws/install/mobile_sensor/share/mobile_sensor//node_modules/rclnodejs/rosidl_parser/py_utils.js
-- Installing: /home/ogan/ME461F25_LittleDaisies/project/ros_ws/install/mobile_sensor/share/mobile_sensor//node_modules/rclnodejs/rosidl_parser/rosidl_parser.js
-- Installing: /home/ogan/ME461F25_LittleDaisies/project/ros_ws/install/mobile_sensor/share/mobile_sensor//node_modules/rclnodejs/rosidl_parser/parser.py
-- Installing: /home/ogan/ME461F25_LittleDaisies/project/ros_ws/install/mobile_sensor/share/mobile_sensor//node_modules/rclnodejs/binding.gyp
-- Installing: /home/ogan/ME461F25_LittleDaisies/project/ros_ws/install/mobile_sensor/share/mobile_sensor//node_modules/rclnodejs/index.js
-- Installing: /home/ogan/ME461F25_LittleDaisies/project/ros_ws/install/mobile_sensor/share/mobile_sensor//node_modules/rclnodejs/types
-- Installing: /home/ogan/ME461F25_LittleDaisies/project/ros_ws/install/mobile_sensor/share/mobile_sensor//node_modules/rclnodejs/types/distro.d.ts
-- Installing: /home/ogan/ME461F25_LittleDaisies/project/ros_ws/install/mobile_sensor/share/mobile_sensor//node_modules/rclnodejs/types/rate.d.ts
-- Installing: /home/ogan/ME461F25_LittleDaisies/project/ros_ws/install/mobile_sensor/share/mobile_sensor//node_modules/rclnodejs/types/logging.d.ts
-- Installing: /home/ogan/ME461F25_LittleDaisies/project/ros_ws/install/mobile_sensor/share/mobile_sensor//node_modules/rclnodejs/types/qos.d.ts
-- Installing: /home/ogan/ME461F25_LittleDaisies/project/ros_ws/install/mobile_sensor/share/mobile_sensor//node_modules/rclnodejs/types/duration.d.ts
-- Installing: /home/ogan/ME461F25_LittleDaisies/project/ros_ws/install/mobile_sensor/share/mobile_sensor//node_modules/rclnodejs/types/context.d.ts
-- Installing: /home/ogan/ME461F25_LittleDaisies/project/ros_ws/install/mobile_sensor/share/mobile_sensor//node_modules/rclnodejs/types/timer.d.ts
-- Installing: /home/ogan/ME461F25_LittleDaisies/project/ros_ws/install/mobile_sensor/share/mobile_sensor//node_modules/rclnodejs/types/interfaces.d.ts
-- Installing: /home/ogan/ME461F25_LittleDaisies/project/ros_ws/install/mobile_sensor/share/mobile_sensor//node_modules/rclnodejs/types/entity.d.ts
-- Installing: /home/ogan/ME461F25_LittleDaisies/project/ros_ws/install/mobile_sensor/share/mobile_sensor//node_modules/rclnodejs/types/service.d.ts
-- Installing: /home/ogan/ME461F25_LittleDaisies/project/ros_ws/install/mobile_sensor/share/mobile_sensor//node_modules/rclnodejs/types/lifecycle_publisher.d.ts
-- Installing: /home/ogan/ME461F25_LittleDaisies/project/ros_ws/install/mobile_sensor/share/mobile_sensor//node_modules/rclnodejs/types/action_server.d.ts
-- Installing: /home/ogan/ME461F25_LittleDaisies/project/ros_ws/install/mobile_sensor/share/mobile_sensor//node_modules/rclnodejs/types/guard_condition.d.ts
-- Installing: /home/ogan/ME461F25_LittleDaisies/project/ros_ws/install/mobile_sensor/share/mobile_sensor//node_modules/rclnodejs/types/node_options.d.ts
-- Installing: /home/ogan/ME461F25_LittleDaisies/project/ros_ws/install/mobile_sensor/share/mobile_sensor//node_modules/rclnodejs/types/publisher.d.ts
-- Installing: /home/ogan/ME461F25_LittleDaisies/project/ros_ws/install/mobile_sensor/share/mobile_sensor//node_modules/rclnodejs/types/parameter.d.ts
-- Installing: /home/ogan/ME461F25_LittleDaisies/project/ros_ws/install/mobile_sensor/share/mobile_sensor//node_modules/rclnodejs/types/action_client.d.ts
-- Installing: /home/ogan/ME461F25_LittleDaisies/project/ros_ws/install/mobile_sensor/share/mobile_sensor//node_modules/rclnodejs/types/base.d.ts
-- Installing: /home/ogan/ME461F25_LittleDaisies/project/ros_ws/install/mobile_sensor/share/mobile_sensor//node_modules/rclnodejs/types/node.d.ts
-- Installing: /home/ogan/ME461F25_LittleDaisies/project/ros_ws/install/mobile_sensor/share/mobile_sensor//node_modules/rclnodejs/types/index.d.ts
-- Installing: /home/ogan/ME461F25_LittleDaisies/project/ros_ws/install/mobile_sensor/share/mobile_sensor//node_modules/rclnodejs/types/time.d.ts
-- Installing: /home/ogan/ME461F25_LittleDaisies/project/ros_ws/install/mobile_sensor/share/mobile_sensor//node_modules/rclnodejs/types/client.d.ts
-- Installing: /home/ogan/ME461F25_LittleDaisies/project/ros_ws/install/mobile_sensor/share/mobile_sensor//node_modules/rclnodejs/types/subscription.d.ts
-- Installing: /home/ogan/ME461F25_LittleDaisies/project/ros_ws/install/mobile_sensor/share/mobile_sensor//node_modules/rclnodejs/types/action_uuid.d.ts
-- Installing: /home/ogan/ME461F25_LittleDaisies/project/ros_ws/install/mobile_sensor/share/mobile_sensor//node_modules/rclnodejs/types/service_introspection.d.ts
-- Installing: /home/ogan/ME461F25_LittleDaisies/project/ros_ws/install/mobile_sensor/share/mobile_sensor//node_modules/rclnodejs/types/time_source.d.ts
-- Installing: /home/ogan/ME461F25_LittleDaisies/project/ros_ws/install/mobile_sensor/share/mobile_sensor//node_modules/rclnodejs/types/clock_type.d.ts
-- Installing: /home/ogan/ME461F25_LittleDaisies/project/ros_ws/install/mobile_sensor/share/mobile_sensor//node_modules/rclnodejs/types/clock.d.ts
-- Installing: /home/ogan/ME461F25_LittleDaisies/project/ros_ws/install/mobile_sensor/share/mobile_sensor//node_modules/rclnodejs/types/lifecycle.d.ts
-- Installing: /home/ogan/ME461F25_LittleDaisies/project/ros_ws/install/mobile_sensor/share/mobile_sensor//node_modules/rclnodejs/lib
-- Installing: /home/ogan/ME461F25_LittleDaisies/project/ros_ws/install/mobile_sensor/share/mobile_sensor//node_modules/rclnodejs/lib/subscription.js
-- Installing: /home/ogan/ME461F25_LittleDaisies/project/ros_ws/install/mobile_sensor/share/mobile_sensor//node_modules/rclnodejs/lib/qos.js
-- Installing: /home/ogan/ME461F25_LittleDaisies/project/ros_ws/install/mobile_sensor/share/mobile_sensor//node_modules/rclnodejs/lib/clock_type.js
-- Installing: /home/ogan/ME461F25_LittleDaisies/project/ros_ws/install/mobile_sensor/share/mobile_sensor//node_modules/rclnodejs/lib/interface_loader.js
-- Installing: /home/ogan/ME461F25_LittleDaisies/project/ros_ws/install/mobile_sensor/share/mobile_sensor//node_modules/rclnodejs/lib/time_source.js
-- Installing: /home/ogan/ME461F25_LittleDaisies/project/ros_ws/install/mobile_sensor/share/mobile_sensor//node_modules/rclnodejs/lib/rmw.js
-- Installing: /home/ogan/ME461F25_LittleDaisies/project/ros_ws/install/mobile_sensor/share/mobile_sensor//node_modules/rclnodejs/lib/distro.js
-- Installing: /home/ogan/ME461F25_LittleDaisies/project/ros_ws/install/mobile_sensor/share/mobile_sensor//node_modules/rclnodejs/lib/logging.js
-- Installing: /home/ogan/ME461F25_LittleDaisies/project/ros_ws/install/mobile_sensor/share/mobile_sensor//node_modules/rclnodejs/lib/lifecycle_publisher.js
-- Installing: /home/ogan/ME461F25_LittleDaisies/project/ros_ws/install/mobile_sensor/share/mobile_sensor//node_modules/rclnodejs/lib/context.js
-- Installing: /home/ogan/ME461F25_LittleDaisies/project/ros_ws/install/mobile_sensor/share/mobile_sensor//node_modules/rclnodejs/lib/service_introspection.js
-- Installing: /home/ogan/ME461F25_LittleDaisies/project/ros_ws/install/mobile_sensor/share/mobile_sensor//node_modules/rclnodejs/lib/clock.js
-- Installing: /home/ogan/ME461F25_LittleDaisies/project/ros_ws/install/mobile_sensor/share/mobile_sensor//node_modules/rclnodejs/lib/client.js
-- Installing: /home/ogan/ME461F25_LittleDaisies/project/ros_ws/install/mobile_sensor/share/mobile_sensor//node_modules/rclnodejs/lib/parameter_service.js
-- Installing: /home/ogan/ME461F25_LittleDaisies/project/ros_ws/install/mobile_sensor/share/mobile_sensor//node_modules/rclnodejs/lib/entity.js
-- Installing: /home/ogan/ME461F25_LittleDaisies/project/ros_ws/install/mobile_sensor/share/mobile_sensor//node_modules/rclnodejs/lib/node_options.js
-- Installing: /home/ogan/ME461F25_LittleDaisies/project/ros_ws/install/mobile_sensor/share/mobile_sensor//node_modules/rclnodejs/lib/rate.js
-- Installing: /home/ogan/ME461F25_LittleDaisies/project/ros_ws/install/mobile_sensor/share/mobile_sensor//node_modules/rclnodejs/lib/timer.js
-- Installing: /home/ogan/ME461F25_LittleDaisies/project/ros_ws/install/mobile_sensor/share/mobile_sensor//node_modules/rclnodejs/lib/guard_condition.js
-- Installing: /home/ogan/ME461F25_LittleDaisies/project/ros_ws/install/mobile_sensor/share/mobile_sensor//node_modules/rclnodejs/lib/lifecycle.js
-- Installing: /home/ogan/ME461F25_LittleDaisies/project/ros_ws/install/mobile_sensor/share/mobile_sensor//node_modules/rclnodejs/lib/time.js
-- Installing: /home/ogan/ME461F25_LittleDaisies/project/ros_ws/install/mobile_sensor/share/mobile_sensor//node_modules/rclnodejs/lib/action
-- Installing: /home/ogan/ME461F25_LittleDaisies/project/ros_ws/install/mobile_sensor/share/mobile_sensor//node_modules/rclnodejs/lib/action/interfaces.js
-- Installing: /home/ogan/ME461F25_LittleDaisies/project/ros_ws/install/mobile_sensor/share/mobile_sensor//node_modules/rclnodejs/lib/action/client.js
-- Installing: /home/ogan/ME461F25_LittleDaisies/project/ros_ws/install/mobile_sensor/share/mobile_sensor//node_modules/rclnodejs/lib/action/graph.js
-- Installing: /home/ogan/ME461F25_LittleDaisies/project/ros_ws/install/mobile_sensor/share/mobile_sensor//node_modules/rclnodejs/lib/action/deferred.js
-- Installing: /home/ogan/ME461F25_LittleDaisies/project/ros_ws/install/mobile_sensor/share/mobile_sensor//node_modules/rclnodejs/lib/action/uuid.js
-- Installing: /home/ogan/ME461F25_LittleDaisies/project/ros_ws/install/mobile_sensor/share/mobile_sensor//node_modules/rclnodejs/lib/action/client_goal_handle.js
-- Installing: /home/ogan/ME461F25_LittleDaisies/project/ros_ws/install/mobile_sensor/share/mobile_sensor//node_modules/rclnodejs/lib/action/response.js
-- Installing: /home/ogan/ME461F25_LittleDaisies/project/ros_ws/install/mobile_sensor/share/mobile_sensor//node_modules/rclnodejs/lib/action/server.js
-- Installing: /home/ogan/ME461F25_LittleDaisies/project/ros_ws/install/mobile_sensor/share/mobile_sensor//node_modules/rclnodejs/lib/action/server_goal_handle.js
-- Installing: /home/ogan/ME461F25_LittleDaisies/project/ros_ws/install/mobile_sensor/share/mobile_sensor//node_modules/rclnodejs/lib/duration.js
-- Installing: /home/ogan/ME461F25_LittleDaisies/project/ros_ws/install/mobile_sensor/share/mobile_sensor//node_modules/rclnodejs/lib/parameter.js
-- Installing: /home/ogan/ME461F25_LittleDaisies/project/ros_ws/install/mobile_sensor/share/mobile_sensor//node_modules/rclnodejs/lib/validator.js
-- Installing: /home/ogan/ME461F25_LittleDaisies/project/ros_ws/install/mobile_sensor/share/mobile_sensor//node_modules/rclnodejs/lib/publisher.js
-- Installing: /home/ogan/ME461F25_LittleDaisies/project/ros_ws/install/mobile_sensor/share/mobile_sensor//node_modules/rclnodejs/lib/service.js
-- Installing: /home/ogan/ME461F25_LittleDaisies/project/ros_ws/install/mobile_sensor/share/mobile_sensor//node_modules/rclnodejs/lib/node.js
-- Installing: /home/ogan/ME461F25_LittleDaisies/project/ros_ws/install/mobile_sensor/share/mobile_sensor//node_modules/rclnodejs/build
-- Installing: /home/ogan/ME461F25_LittleDaisies/project/ros_ws/install/mobile_sensor/share/mobile_sensor//node_modules/rclnodejs/build/config.gypi
-- Installing: /home/ogan/ME461F25_LittleDaisies/project/ros_ws/install/mobile_sensor/share/mobile_sensor//node_modules/rclnodejs/build/Release
-- Installing: /home/ogan/ME461F25_LittleDaisies/project/ros_ws/install/mobile_sensor/share/mobile_sensor//node_modules/rclnodejs/build/Release/obj.target
-- Installing: /home/ogan/ME461F25_LittleDaisies/project/ros_ws/install/mobile_sensor/share/mobile_sensor//node_modules/rclnodejs/build/Release/obj.target/rclnodejs
-- Installing: /home/ogan/ME461F25_LittleDaisies/project/ros_ws/install/mobile_sensor/share/mobile_sensor//node_modules/rclnodejs/build/Release/obj.target/rclnodejs/src
-- Installing: /home/ogan/ME461F25_LittleDaisies/project/ros_ws/install/mobile_sensor/share/mobile_sensor//node_modules/rclnodejs/build/Release/obj.target/rclnodejs/src/rcl_utilities.o
-- Installing: /home/ogan/ME461F25_LittleDaisies/project/ros_ws/install/mobile_sensor/share/mobile_sensor//node_modules/rclnodejs/build/Release/obj.target/rclnodejs/src/shadow_node.o
-- Installing: /home/ogan/ME461F25_LittleDaisies/project/ros_ws/install/mobile_sensor/share/mobile_sensor//node_modules/rclnodejs/build/Release/obj.target/rclnodejs/src/addon.o
-- Installing: /home/ogan/ME461F25_LittleDaisies/project/ros_ws/install/mobile_sensor/share/mobile_sensor//node_modules/rclnodejs/build/Release/obj.target/rclnodejs/src/rcl_action_bindings.o
-- Installing: /home/ogan/ME461F25_LittleDaisies/project/ros_ws/install/mobile_sensor/share/mobile_sensor//node_modules/rclnodejs/build/Release/obj.target/rclnodejs/src/rcl_lifecycle_bindings.o
-- Installing: /home/ogan/ME461F25_LittleDaisies/project/ros_ws/install/mobile_sensor/share/mobile_sensor//node_modules/rclnodejs/build/Release/obj.target/rclnodejs/src/rcl_bindings.o
-- Installing: /home/ogan/ME461F25_LittleDaisies/project/ros_ws/install/mobile_sensor/share/mobile_sensor//node_modules/rclnodejs/build/Release/obj.target/rclnodejs/src/handle_manager.o
-- Installing: /home/ogan/ME461F25_LittleDaisies/project/ros_ws/install/mobile_sensor/share/mobile_sensor//node_modules/rclnodejs/build/Release/obj.target/rclnodejs/src/rcl_handle.o
-- Installing: /home/ogan/ME461F25_LittleDaisies/project/ros_ws/install/mobile_sensor/share/mobile_sensor//node_modules/rclnodejs/build/Release/obj.target/rclnodejs/src/executor.o
-- Installing: /home/ogan/ME461F25_LittleDaisies/project/ros_ws/install/mobile_sensor/share/mobile_sensor//node_modules/rclnodejs/build/Release/obj.target/rclnodejs.node
-- Installing: /home/ogan/ME461F25_LittleDaisies/project/ros_ws/install/mobile_sensor/share/mobile_sensor//node_modules/rclnodejs/build/Release/.deps
-- Installing: /home/ogan/ME461F25_LittleDaisies/project/ros_ws/install/mobile_sensor/share/mobile_sensor//node_modules/rclnodejs/build/Release/.deps/Release
-- Installing: /home/ogan/ME461F25_LittleDaisies/project/ros_ws/install/mobile_sensor/share/mobile_sensor//node_modules/rclnodejs/build/Release/.deps/Release/obj.target
-- Installing: /home/ogan/ME461F25_LittleDaisies/project/ros_ws/install/mobile_sensor/share/mobile_sensor//node_modules/rclnodejs/build/Release/.deps/Release/obj.target/rclnodejs
-- Installing: /home/ogan/ME461F25_LittleDaisies/project/ros_ws/install/mobile_sensor/share/mobile_sensor//node_modules/rclnodejs/build/Release/.deps/Release/obj.target/rclnodejs/src
-- Installing: /home/ogan/ME461F25_LittleDaisies/project/ros_ws/install/mobile_sensor/share/mobile_sensor//node_modules/rclnodejs/build/Release/.deps/Release/obj.target/rclnodejs/src/rcl_utilities.o.d
-- Installing: /home/ogan/ME461F25_LittleDaisies/project/ros_ws/install/mobile_sensor/share/mobile_sensor//node_modules/rclnodejs/build/Release/.deps/Release/obj.target/rclnodejs/src/rcl_action_bindings.o.d
-- Installing: /home/ogan/ME461F25_LittleDaisies/project/ros_ws/install/mobile_sensor/share/mobile_sensor//node_modules/rclnodejs/build/Release/.deps/Release/obj.target/rclnodejs/src/shadow_node.o.d
-- Installing: /home/ogan/ME461F25_LittleDaisies/project/ros_ws/install/mobile_sensor/share/mobile_sensor//node_modules/rclnodejs/build/Release/.deps/Release/obj.target/rclnodejs/src/rcl_bindings.o.d
-- Installing: /home/ogan/ME461F25_LittleDaisies/project/ros_ws/install/mobile_sensor/share/mobile_sensor//node_modules/rclnodejs/build/Release/.deps/Release/obj.target/rclnodejs/src/addon.o.d
-- Installing: /home/ogan/ME461F25_LittleDaisies/project/ros_ws/install/mobile_sensor/share/mobile_sensor//node_modules/rclnodejs/build/Release/.deps/Release/obj.target/rclnodejs/src/rcl_lifecycle_bindings.o.d
-- Installing: /home/ogan/ME461F25_LittleDaisies/project/ros_ws/install/mobile_sensor/share/mobile_sensor//node_modules/rclnodejs/build/Release/.deps/Release/obj.target/rclnodejs/src/executor.o.d
-- Installing: /home/ogan/ME461F25_LittleDaisies/project/ros_ws/install/mobile_sensor/share/mobile_sensor//node_modules/rclnodejs/build/Release/.deps/Release/obj.target/rclnodejs/src/rcl_handle.o.d
-- Installing: /home/ogan/ME461F25_LittleDaisies/project/ros_ws/install/mobile_sensor/share/mobile_sensor//node_modules/rclnodejs/build/Release/.deps/Release/obj.target/rclnodejs/src/handle_manager.o.d
-- Installing: /home/ogan/ME461F25_LittleDaisies/project/ros_ws/install/mobile_sensor/share/mobile_sensor//node_modules/rclnodejs/build/Release/.deps/Release/obj.target/rclnodejs.node.d
-- Installing: /home/ogan/ME461F25_LittleDaisies/project/ros_ws/install/mobile_sensor/share/mobile_sensor//node_modules/rclnodejs/build/Release/.deps/Release/rclnodejs.node.d
-- Installing: /home/ogan/ME461F25_LittleDaisies/project/ros_ws/install/mobile_sensor/share/mobile_sensor//node_modules/rclnodejs/build/Release/rclnodejs.node
-- Installing: /home/ogan/ME461F25_LittleDaisies/project/ros_ws/install/mobile_sensor/share/mobile_sensor//node_modules/rclnodejs/build/binding.Makefile
-- Installing: /home/ogan/ME461F25_LittleDaisies/project/ros_ws/install/mobile_sensor/share/mobile_sensor//node_modules/rclnodejs/build/Makefile
-- Installing: /home/ogan/ME461F25_LittleDaisies/project/ros_ws/install/mobile_sensor/share/mobile_sensor//node_modules/rclnodejs/build/rclnodejs.target.mk
-- Installing: /home/ogan/ME461F25_LittleDaisies/project/ros_ws/install/mobile_sensor/share/mobile_sensor//node_modules/rclnodejs/tsconfig.json
-- Installing: /home/ogan/ME461F25_LittleDaisies/project/ros_ws/install/mobile_sensor/share/mobile_sensor//node_modules/rclnodejs/rosidl_gen
-- Installing: /home/ogan/ME461F25_LittleDaisies/project/ros_ws/install/mobile_sensor/share/mobile_sensor//node_modules/rclnodejs/rosidl_gen/filter.js
-- Installing: /home/ogan/ME461F25_LittleDaisies/project/ros_ws/install/mobile_sensor/share/mobile_sensor//node_modules/rclnodejs/rosidl_gen/templates
-- Installing: /home/ogan/ME461F25_LittleDaisies/project/ros_ws/install/mobile_sensor/share/mobile_sensor//node_modules/rclnodejs/rosidl_gen/templates/action.dot
-- Installing: /home/ogan/ME461F25_LittleDaisies/project/ros_ws/install/mobile_sensor/share/mobile_sensor//node_modules/rclnodejs/rosidl_gen/templates/service.dot
-- Installing: /home/ogan/ME461F25_LittleDaisies/project/ros_ws/install/mobile_sensor/share/mobile_sensor//node_modules/rclnodejs/rosidl_gen/templates/message.dot
-- Installing: /home/ogan/ME461F25_LittleDaisies/project/ros_ws/install/mobile_sensor/share/mobile_sensor//node_modules/rclnodejs/rosidl_gen/templates/package.dot
-- Installing: /home/ogan/ME461F25_LittleDaisies/project/ros_ws/install/mobile_sensor/share/mobile_sensor//node_modules/rclnodejs/rosidl_gen/templates/CMakeLists.dot
-- Installing: /home/ogan/ME461F25_LittleDaisies/project/ros_ws/install/mobile_sensor/share/mobile_sensor//node_modules/rclnodejs/rosidl_gen/templates/service_event.dot
-- Installing: /home/ogan/ME461F25_LittleDaisies/project/ros_ws/install/mobile_sensor/share/mobile_sensor//node_modules/rclnodejs/rosidl_gen/message_translator.js
-- Installing: /home/ogan/ME461F25_LittleDaisies/project/ros_ws/install/mobile_sensor/share/mobile_sensor//node_modules/rclnodejs/rosidl_gen/index.js
-- Installing: /home/ogan/ME461F25_LittleDaisies/project/ros_ws/install/mobile_sensor/share/mobile_sensor//node_modules/rclnodejs/rosidl_gen/blocklist.json
-- Installing: /home/ogan/ME461F25_LittleDaisies/project/ros_ws/install/mobile_sensor/share/mobile_sensor//node_modules/rclnodejs/rosidl_gen/primitive_types.js
-- Installing: /home/ogan/ME461F25_LittleDaisies/project/ros_ws/install/mobile_sensor/share/mobile_sensor//node_modules/rclnodejs/rosidl_gen/idl_generator.js
-- Installing: /home/ogan/ME461F25_LittleDaisies/project/ros_ws/install/mobile_sensor/share/mobile_sensor//node_modules/rclnodejs/rosidl_gen/action_msgs.js
-- Installing: /home/ogan/ME461F25_LittleDaisies/project/ros_ws/install/mobile_sensor/share/mobile_sensor//node_modules/rclnodejs/rosidl_gen/deallocator.js
-- Installing: /home/ogan/ME461F25_LittleDaisies/project/ros_ws/install/mobile_sensor/share/mobile_sensor//node_modules/rclnodejs/rosidl_gen/generator.json
-- Installing: /home/ogan/ME461F25_LittleDaisies/project/ros_ws/install/mobile_sensor/share/mobile_sensor//node_modules/rclnodejs/rosidl_gen/packages.js
-- Installing: /home/ogan/ME461F25_LittleDaisies/project/ros_ws/install/mobile_sensor/share/mobile_sensor//node_modules/rclnodejs/scripts
-- Installing: /home/ogan/ME461F25_LittleDaisies/project/ros_ws/install/mobile_sensor/share/mobile_sensor//node_modules/rclnodejs/scripts/cpplint.js
-- Installing: /home/ogan/ME461F25_LittleDaisies/project/ros_ws/install/mobile_sensor/share/mobile_sensor//node_modules/rclnodejs/scripts/generate_tsd.js
-- Installing: /home/ogan/ME461F25_LittleDaisies/project/ros_ws/install/mobile_sensor/share/mobile_sensor//node_modules/rclnodejs/scripts/npmjs-readme.md
-- Installing: /home/ogan/ME461F25_LittleDaisies/project/ros_ws/install/mobile_sensor/share/mobile_sensor//node_modules/rclnodejs/scripts/ros_distro.js
-- Installing: /home/ogan/ME461F25_LittleDaisies/project/ros_ws/install/mobile_sensor/share/mobile_sensor//node_modules/rclnodejs/scripts/generate_messages.js
-- Installing: /home/ogan/ME461F25_LittleDaisies/project/ros_ws/install/mobile_sensor/share/mobile_sensor//node_modules/rclnodejs/scripts/run_test.js
-- Installing: /home/ogan/ME461F25_LittleDaisies/project/ros_ws/install/mobile_sensor/share/mobile_sensor//node_modules/rclnodejs/scripts/npm-pack.sh
-- Installing: /home/ogan/ME461F25_LittleDaisies/project/ros_ws/install/mobile_sensor/share/mobile_sensor//node_modules/rclnodejs/scripts/build.sh
-- Installing: /home/ogan/ME461F25_LittleDaisies/project/ros_ws/install/mobile_sensor/share/mobile_sensor//node_modules/rclnodejs/scripts/config.js
-- Installing: /home/ogan/ME461F25_LittleDaisies/project/ros_ws/install/mobile_sensor/share/mobile_sensor//node_modules/rclnodejs/README.md
-- Installing: /home/ogan/ME461F25_LittleDaisies/project/ros_ws/install/mobile_sensor/share/mobile_sensor//node_modules/rclnodejs/rostsd_gen
-- Installing: /home/ogan/ME461F25_LittleDaisies/project/ros_ws/install/mobile_sensor/share/mobile_sensor//node_modules/rclnodejs/rostsd_gen/index.js
-- Installing: /home/ogan/ME461F25_LittleDaisies/project/ros_ws/install/mobile_sensor/share/mobile_sensor//node_modules/rclnodejs/rostsd_gen/readme.md
-- Installing: /home/ogan/ME461F25_LittleDaisies/project/ros_ws/install/mobile_sensor/share/mobile_sensor//node_modules/commander
-- Installing: /home/ogan/ME461F25_LittleDaisies/project/ros_ws/install/mobile_sensor/share/mobile_sensor//node_modules/commander/package.json
-- Installing: /home/ogan/ME461F25_LittleDaisies/project/ros_ws/install/mobile_sensor/share/mobile_sensor//node_modules/commander/typings
-- Installing: /home/ogan/ME461F25_LittleDaisies/project/ros_ws/install/mobile_sensor/share/mobile_sensor//node_modules/commander/typings/index.d.ts
-- Installing: /home/ogan/ME461F25_LittleDaisies/project/ros_ws/install/mobile_sensor/share/mobile_sensor//node_modules/commander/LICENSE
-- Installing: /home/ogan/ME461F25_LittleDaisies/project/ros_ws/install/mobile_sensor/share/mobile_sensor//node_modules/commander/index.js
-- Installing: /home/ogan/ME461F25_LittleDaisies/project/ros_ws/install/mobile_sensor/share/mobile_sensor//node_modules/commander/CHANGELOG.md
-- Installing: /home/ogan/ME461F25_LittleDaisies/project/ros_ws/install/mobile_sensor/share/mobile_sensor//node_modules/commander/Readme.md
-- Installing: /home/ogan/ME461F25_LittleDaisies/project/ros_ws/install/mobile_sensor/share/mobile_sensor//node_modules/unpipe
-- Installing: /home/ogan/ME461F25_LittleDaisies/project/ros_ws/install/mobile_sensor/share/mobile_sensor//node_modules/unpipe/package.json
-- Installing: /home/ogan/ME461F25_LittleDaisies/project/ros_ws/install/mobile_sensor/share/mobile_sensor//node_modules/unpipe/LICENSE
-- Installing: /home/ogan/ME461F25_LittleDaisies/project/ros_ws/install/mobile_sensor/share/mobile_sensor//node_modules/unpipe/index.js
-- Installing: /home/ogan/ME461F25_LittleDaisies/project/ros_ws/install/mobile_sensor/share/mobile_sensor//node_modules/unpipe/HISTORY.md
-- Installing: /home/ogan/ME461F25_LittleDaisies/project/ros_ws/install/mobile_sensor/share/mobile_sensor//node_modules/unpipe/README.md
-- Installing: /home/ogan/ME461F25_LittleDaisies/project/ros_ws/install/mobile_sensor/share/mobile_sensor//node_modules/type-is
-- Installing: /home/ogan/ME461F25_LittleDaisies/project/ros_ws/install/mobile_sensor/share/mobile_sensor//node_modules/type-is/package.json
-- Installing: /home/ogan/ME461F25_LittleDaisies/project/ros_ws/install/mobile_sensor/share/mobile_sensor//node_modules/type-is/LICENSE
-- Installing: /home/ogan/ME461F25_LittleDaisies/project/ros_ws/install/mobile_sensor/share/mobile_sensor//node_modules/type-is/index.js
-- Installing: /home/ogan/ME461F25_LittleDaisies/project/ros_ws/install/mobile_sensor/share/mobile_sensor//node_modules/type-is/HISTORY.md
-- Installing: /home/ogan/ME461F25_LittleDaisies/project/ros_ws/install/mobile_sensor/share/mobile_sensor//node_modules/type-is/README.md
-- Installing: /home/ogan/ME461F25_LittleDaisies/project/ros_ws/install/mobile_sensor/share/mobile_sensor//node_modules/util
-- Installing: /home/ogan/ME461F25_LittleDaisies/project/ros_ws/install/mobile_sensor/share/mobile_sensor//node_modules/util/node_modules
-- Installing: /home/ogan/ME461F25_LittleDaisies/project/ros_ws/install/mobile_sensor/share/mobile_sensor//node_modules/util/node_modules/inherits
-- Installing: /home/ogan/ME461F25_LittleDaisies/project/ros_ws/install/mobile_sensor/share/mobile_sensor//node_modules/util/node_modules/inherits/inherits_browser.js
-- Installing: /home/ogan/ME461F25_LittleDaisies/project/ros_ws/install/mobile_sensor/share/mobile_sensor//node_modules/util/node_modules/inherits/inherits.js
-- Installing: /home/ogan/ME461F25_LittleDaisies/project/ros_ws/install/mobile_sensor/share/mobile_sensor//node_modules/util/node_modules/inherits/package.json
-- Installing: /home/ogan/ME461F25_LittleDaisies/project/ros_ws/install/mobile_sensor/share/mobile_sensor//node_modules/util/node_modules/inherits/LICENSE
-- Installing: /home/ogan/ME461F25_LittleDaisies/project/ros_ws/install/mobile_sensor/share/mobile_sensor//node_modules/util/node_modules/inherits/README.md
-- Installing: /home/ogan/ME461F25_LittleDaisies/project/ros_ws/install/mobile_sensor/share/mobile_sensor//node_modules/util/package.json
-- Installing: /home/ogan/ME461F25_LittleDaisies/project/ros_ws/install/mobile_sensor/share/mobile_sensor//node_modules/util/LICENSE
-- Installing: /home/ogan/ME461F25_LittleDaisies/project/ros_ws/install/mobile_sensor/share/mobile_sensor//node_modules/util/support
-- Installing: /home/ogan/ME461F25_LittleDaisies/project/ros_ws/install/mobile_sensor/share/mobile_sensor//node_modules/util/support/isBufferBrowser.js
-- Installing: /home/ogan/ME461F25_LittleDaisies/project/ros_ws/install/mobile_sensor/share/mobile_sensor//node_modules/util/support/isBuffer.js
-- Installing: /home/ogan/ME461F25_LittleDaisies/project/ros_ws/install/mobile_sensor/share/mobile_sensor//node_modules/util/util.js
-- Installing: /home/ogan/ME461F25_LittleDaisies/project/ros_ws/install/mobile_sensor/share/mobile_sensor//node_modules/util/README.md
-- Installing: /home/ogan/ME461F25_LittleDaisies/project/ros_ws/install/mobile_sensor/share/mobile_sensor//node_modules/safe-buffer
-- Installing: /home/ogan/ME461F25_LittleDaisies/project/ros_ws/install/mobile_sensor/share/mobile_sensor//node_modules/safe-buffer/package.json
-- Installing: /home/ogan/ME461F25_LittleDaisies/project/ros_ws/install/mobile_sensor/share/mobile_sensor//node_modules/safe-buffer/LICENSE
-- Installing: /home/ogan/ME461F25_LittleDaisies/project/ros_ws/install/mobile_sensor/share/mobile_sensor//node_modules/safe-buffer/index.js
-- Installing: /home/ogan/ME461F25_LittleDaisies/project/ros_ws/install/mobile_sensor/share/mobile_sensor//node_modules/safe-buffer/index.d.ts
-- Installing: /home/ogan/ME461F25_LittleDaisies/project/ros_ws/install/mobile_sensor/share/mobile_sensor//node_modules/safe-buffer/README.md
-- Installing: /home/ogan/ME461F25_LittleDaisies/project/ros_ws/install/mobile_sensor/share/mobile_sensor//node_modules/destroy
-- Installing: /home/ogan/ME461F25_LittleDaisies/project/ros_ws/install/mobile_sensor/share/mobile_sensor//node_modules/destroy/package.json
-- Installing: /home/ogan/ME461F25_LittleDaisies/project/ros_ws/install/mobile_sensor/share/mobile_sensor//node_modules/destroy/LICENSE
-- Installing: /home/ogan/ME461F25_LittleDaisies/project/ros_ws/install/mobile_sensor/share/mobile_sensor//node_modules/destroy/index.js
-- Installing: /home/ogan/ME461F25_LittleDaisies/project/ros_ws/install/mobile_sensor/share/mobile_sensor//node_modules/destroy/README.md
-- Installing: /home/ogan/ME461F25_LittleDaisies/project/ros_ws/install/mobile_sensor/share/mobile_sensor//node_modules/jsonfile
-- Installing: /home/ogan/ME461F25_LittleDaisies/project/ros_ws/install/mobile_sensor/share/mobile_sensor//node_modules/jsonfile/utils.js
-- Installing: /home/ogan/ME461F25_LittleDaisies/project/ros_ws/install/mobile_sensor/share/mobile_sensor//node_modules/jsonfile/package.json
-- Installing: /home/ogan/ME461F25_LittleDaisies/project/ros_ws/install/mobile_sensor/share/mobile_sensor//node_modules/jsonfile/LICENSE
-- Installing: /home/ogan/ME461F25_LittleDaisies/project/ros_ws/install/mobile_sensor/share/mobile_sensor//node_modules/jsonfile/index.js
-- Installing: /home/ogan/ME461F25_LittleDaisies/project/ros_ws/install/mobile_sensor/share/mobile_sensor//node_modules/jsonfile/README.md
-- Installing: /home/ogan/ME461F25_LittleDaisies/project/ros_ws/install/mobile_sensor/share/mobile_sensor//node_modules/get-proto
-- Installing: /home/ogan/ME461F25_LittleDaisies/project/ros_ws/install/mobile_sensor/share/mobile_sensor//node_modules/get-proto/.eslintrc
-- Installing: /home/ogan/ME461F25_LittleDaisies/project/ros_ws/install/mobile_sensor/share/mobile_sensor//node_modules/get-proto/package.json
-- Installing: /home/ogan/ME461F25_LittleDaisies/project/ros_ws/install/mobile_sensor/share/mobile_sensor//node_modules/get-proto/LICENSE
-- Installing: /home/ogan/ME461F25_LittleDaisies/project/ros_ws/install/mobile_sensor/share/mobile_sensor//node_modules/get-proto/Object.getPrototypeOf.d.ts
-- Installing: /home/ogan/ME461F25_LittleDaisies/project/ros_ws/install/mobile_sensor/share/mobile_sensor//node_modules/get-proto/index.js
-- Installing: /home/ogan/ME461F25_LittleDaisies/project/ros_ws/install/mobile_sensor/share/mobile_sensor//node_modules/get-proto/Object.getPrototypeOf.js
-- Installing: /home/ogan/ME461F25_LittleDaisies/project/ros_ws/install/mobile_sensor/share/mobile_sensor//node_modules/get-proto/Reflect.getPrototypeOf.d.ts
-- Installing: /home/ogan/ME461F25_LittleDaisies/project/ros_ws/install/mobile_sensor/share/mobile_sensor//node_modules/get-proto/Reflect.getPrototypeOf.js
-- Installing: /home/ogan/ME461F25_LittleDaisies/project/ros_ws/install/mobile_sensor/share/mobile_sensor//node_modules/get-proto/index.d.ts
-- Installing: /home/ogan/ME461F25_LittleDaisies/project/ros_ws/install/mobile_sensor/share/mobile_sensor//node_modules/get-proto/CHANGELOG.md
-- Installing: /home/ogan/ME461F25_LittleDaisies/project/ros_ws/install/mobile_sensor/share/mobile_sensor//node_modules/get-proto/tsconfig.json
-- Installing: /home/ogan/ME461F25_LittleDaisies/project/ros_ws/install/mobile_sensor/share/mobile_sensor//node_modules/get-proto/test
-- Installing: /home/ogan/ME461F25_LittleDaisies/project/ros_ws/install/mobile_sensor/share/mobile_sensor//node_modules/get-proto/test/index.js
-- Installing: /home/ogan/ME461F25_LittleDaisies/project/ros_ws/install/mobile_sensor/share/mobile_sensor//node_modules/get-proto/README.md
-- Installing: /home/ogan/ME461F25_LittleDaisies/project/ros_ws/install/mobile_sensor/share/mobile_sensor//node_modules/get-proto/.github
-- Installing: /home/ogan/ME461F25_LittleDaisies/project/ros_ws/install/mobile_sensor/share/mobile_sensor//node_modules/get-proto/.github/FUNDING.yml
-- Installing: /home/ogan/ME461F25_LittleDaisies/project/ros_ws/install/mobile_sensor/share/mobile_sensor//node_modules/get-proto/.nycrc
-- Installing: /home/ogan/ME461F25_LittleDaisies/project/ros_ws/install/mobile_sensor/share/mobile_sensor//node_modules/dunder-proto
-- Installing: /home/ogan/ME461F25_LittleDaisies/project/ros_ws/install/mobile_sensor/share/mobile_sensor//node_modules/dunder-proto/get.d.ts
-- Installing: /home/ogan/ME461F25_LittleDaisies/project/ros_ws/install/mobile_sensor/share/mobile_sensor//node_modules/dunder-proto/set.js
-- Installing: /home/ogan/ME461F25_LittleDaisies/project/ros_ws/install/mobile_sensor/share/mobile_sensor//node_modules/dunder-proto/.eslintrc
-- Installing: /home/ogan/ME461F25_LittleDaisies/project/ros_ws/install/mobile_sensor/share/mobile_sensor//node_modules/dunder-proto/package.json
-- Installing: /home/ogan/ME461F25_LittleDaisies/project/ros_ws/install/mobile_sensor/share/mobile_sensor//node_modules/dunder-proto/LICENSE
-- Installing: /home/ogan/ME461F25_LittleDaisies/project/ros_ws/install/mobile_sensor/share/mobile_sensor//node_modules/dunder-proto/get.js
-- Installing: /home/ogan/ME461F25_LittleDaisies/project/ros_ws/install/mobile_sensor/share/mobile_sensor//node_modules/dunder-proto/CHANGELOG.md
-- Installing: /home/ogan/ME461F25_LittleDaisies/project/ros_ws/install/mobile_sensor/share/mobile_sensor//node_modules/dunder-proto/tsconfig.json
-- Installing: /home/ogan/ME461F25_LittleDaisies/project/ros_ws/install/mobile_sensor/share/mobile_sensor//node_modules/dunder-proto/set.d.ts
-- Installing: /home/ogan/ME461F25_LittleDaisies/project/ros_ws/install/mobile_sensor/share/mobile_sensor//node_modules/dunder-proto/test
-- Installing: /home/ogan/ME461F25_LittleDaisies/project/ros_ws/install/mobile_sensor/share/mobile_sensor//node_modules/dunder-proto/test/set.js
-- Installing: /home/ogan/ME461F25_LittleDaisies/project/ros_ws/install/mobile_sensor/share/mobile_sensor//node_modules/dunder-proto/test/index.js
-- Installing: /home/ogan/ME461F25_LittleDaisies/project/ros_ws/install/mobile_sensor/share/mobile_sensor//node_modules/dunder-proto/test/get.js
-- Installing: /home/ogan/ME461F25_LittleDaisies/project/ros_ws/install/mobile_sensor/share/mobile_sensor//node_modules/dunder-proto/README.md
-- Installing: /home/ogan/ME461F25_LittleDaisies/project/ros_ws/install/mobile_sensor/share/mobile_sensor//node_modules/dunder-proto/.github
-- Installing: /home/ogan/ME461F25_LittleDaisies/project/ros_ws/install/mobile_sensor/share/mobile_sensor//node_modules/dunder-proto/.github/FUNDING.yml
-- Installing: /home/ogan/ME461F25_LittleDaisies/project/ros_ws/install/mobile_sensor/share/mobile_sensor//node_modules/dunder-proto/.nycrc
-- Installing: /home/ogan/ME461F25_LittleDaisies/project/ros_ws/install/mobile_sensor/share/mobile_sensor//node_modules/@rclnodejs
-- Installing: /home/ogan/ME461F25_LittleDaisies/project/ros_ws/install/mobile_sensor/share/mobile_sensor//node_modules/@rclnodejs/ref-array-di
-- Installing: /home/ogan/ME461F25_LittleDaisies/project/ros_ws/install/mobile_sensor/share/mobile_sensor//node_modules/@rclnodejs/ref-array-di/node_modules
-- Installing: /home/ogan/ME461F25_LittleDaisies/project/ros_ws/install/mobile_sensor/share/mobile_sensor//node_modules/@rclnodejs/ref-array-di/node_modules/debug
-- Installing: /home/ogan/ME461F25_LittleDaisies/project/ros_ws/install/mobile_sensor/share/mobile_sensor//node_modules/@rclnodejs/ref-array-di/node_modules/debug/package.json
-- Installing: /home/ogan/ME461F25_LittleDaisies/project/ros_ws/install/mobile_sensor/share/mobile_sensor//node_modules/@rclnodejs/ref-array-di/node_modules/debug/src
-- Installing: /home/ogan/ME461F25_LittleDaisies/project/ros_ws/install/mobile_sensor/share/mobile_sensor//node_modules/@rclnodejs/ref-array-di/node_modules/debug/src/common.js
-- Installing: /home/ogan/ME461F25_LittleDaisies/project/ros_ws/install/mobile_sensor/share/mobile_sensor//node_modules/@rclnodejs/ref-array-di/node_modules/debug/src/index.js
-- Installing: /home/ogan/ME461F25_LittleDaisies/project/ros_ws/install/mobile_sensor/share/mobile_sensor//node_modules/@rclnodejs/ref-array-di/node_modules/debug/src/browser.js
-- Installing: /home/ogan/ME461F25_LittleDaisies/project/ros_ws/install/mobile_sensor/share/mobile_sensor//node_modules/@rclnodejs/ref-array-di/node_modules/debug/src/node.js
-- Installing: /home/ogan/ME461F25_LittleDaisies/project/ros_ws/install/mobile_sensor/share/mobile_sensor//node_modules/@rclnodejs/ref-array-di/node_modules/debug/LICENSE
-- Installing: /home/ogan/ME461F25_LittleDaisies/project/ros_ws/install/mobile_sensor/share/mobile_sensor//node_modules/@rclnodejs/ref-array-di/node_modules/debug/README.md
-- Installing: /home/ogan/ME461F25_LittleDaisies/project/ros_ws/install/mobile_sensor/share/mobile_sensor//node_modules/@rclnodejs/ref-array-di/node_modules/ms
-- Installing: /home/ogan/ME461F25_LittleDaisies/project/ros_ws/install/mobile_sensor/share/mobile_sensor//node_modules/@rclnodejs/ref-array-di/node_modules/ms/package.json
-- Installing: /home/ogan/ME461F25_LittleDaisies/project/ros_ws/install/mobile_sensor/share/mobile_sensor//node_modules/@rclnodejs/ref-array-di/node_modules/ms/index.js
-- Installing: /home/ogan/ME461F25_LittleDaisies/project/ros_ws/install/mobile_sensor/share/mobile_sensor//node_modules/@rclnodejs/ref-array-di/node_modules/ms/license.md
-- Installing: /home/ogan/ME461F25_LittleDaisies/project/ros_ws/install/mobile_sensor/share/mobile_sensor//node_modules/@rclnodejs/ref-array-di/node_modules/ms/readme.md
-- Installing: /home/ogan/ME461F25_LittleDaisies/project/ros_ws/install/mobile_sensor/share/mobile_sensor//node_modules/@rclnodejs/ref-array-di/package.json
-- Installing: /home/ogan/ME461F25_LittleDaisies/project/ros_ws/install/mobile_sensor/share/mobile_sensor//node_modules/@rclnodejs/ref-array-di/LICENSE
-- Installing: /home/ogan/ME461F25_LittleDaisies/project/ros_ws/install/mobile_sensor/share/mobile_sensor//node_modules/@rclnodejs/ref-array-di/lib
-- Installing: /home/ogan/ME461F25_LittleDaisies/project/ros_ws/install/mobile_sensor/share/mobile_sensor//node_modules/@rclnodejs/ref-array-di/lib/array.js
-- Installing: /home/ogan/ME461F25_LittleDaisies/project/ros_ws/install/mobile_sensor/share/mobile_sensor//node_modules/@rclnodejs/ref-array-di/.project
-- Installing: /home/ogan/ME461F25_LittleDaisies/project/ros_ws/install/mobile_sensor/share/mobile_sensor//node_modules/@rclnodejs/ref-array-di/History.md
-- Installing: /home/ogan/ME461F25_LittleDaisies/project/ros_ws/install/mobile_sensor/share/mobile_sensor//node_modules/@rclnodejs/ref-array-di/code-of-conduct.md
-- Installing: /home/ogan/ME461F25_LittleDaisies/project/ros_ws/install/mobile_sensor/share/mobile_sensor//node_modules/@rclnodejs/ref-array-di/test
-- Installing: /home/ogan/ME461F25_LittleDaisies/project/ros_ws/install/mobile_sensor/share/mobile_sensor//node_modules/@rclnodejs/ref-array-di/test/array.js
-- Installing: /home/ogan/ME461F25_LittleDaisies/project/ros_ws/install/mobile_sensor/share/mobile_sensor//node_modules/@rclnodejs/ref-array-di/test/binding.gyp
-- Installing: /home/ogan/ME461F25_LittleDaisies/project/ros_ws/install/mobile_sensor/share/mobile_sensor//node_modules/@rclnodejs/ref-array-di/test/array_test.cc
-- Installing: /home/ogan/ME461F25_LittleDaisies/project/ros_ws/install/mobile_sensor/share/mobile_sensor//node_modules/@rclnodejs/ref-array-di/README.md
-- Installing: /home/ogan/ME461F25_LittleDaisies/project/ros_ws/install/mobile_sensor/share/mobile_sensor//node_modules/@rclnodejs/ref-array-di/appveyor.yml
-- Installing: /home/ogan/ME461F25_LittleDaisies/project/ros_ws/install/mobile_sensor/share/mobile_sensor//node_modules/@rclnodejs/ref-array-di/.travis.yml
-- Installing: /home/ogan/ME461F25_LittleDaisies/project/ros_ws/install/mobile_sensor/share/mobile_sensor//node_modules/@rclnodejs/ref-struct-di
-- Installing: /home/ogan/ME461F25_LittleDaisies/project/ros_ws/install/mobile_sensor/share/mobile_sensor//node_modules/@rclnodejs/ref-struct-di/node_modules
-- Installing: /home/ogan/ME461F25_LittleDaisies/project/ros_ws/install/mobile_sensor/share/mobile_sensor//node_modules/@rclnodejs/ref-struct-di/node_modules/debug
-- Installing: /home/ogan/ME461F25_LittleDaisies/project/ros_ws/install/mobile_sensor/share/mobile_sensor//node_modules/@rclnodejs/ref-struct-di/node_modules/debug/package.json
-- Installing: /home/ogan/ME461F25_LittleDaisies/project/ros_ws/install/mobile_sensor/share/mobile_sensor//node_modules/@rclnodejs/ref-struct-di/node_modules/debug/src
-- Installing: /home/ogan/ME461F25_LittleDaisies/project/ros_ws/install/mobile_sensor/share/mobile_sensor//node_modules/@rclnodejs/ref-struct-di/node_modules/debug/src/common.js
-- Installing: /home/ogan/ME461F25_LittleDaisies/project/ros_ws/install/mobile_sensor/share/mobile_sensor//node_modules/@rclnodejs/ref-struct-di/node_modules/debug/src/index.js
-- Installing: /home/ogan/ME461F25_LittleDaisies/project/ros_ws/install/mobile_sensor/share/mobile_sensor//node_modules/@rclnodejs/ref-struct-di/node_modules/debug/src/browser.js
-- Installing: /home/ogan/ME461F25_LittleDaisies/project/ros_ws/install/mobile_sensor/share/mobile_sensor//node_modules/@rclnodejs/ref-struct-di/node_modules/debug/src/node.js
-- Installing: /home/ogan/ME461F25_LittleDaisies/project/ros_ws/install/mobile_sensor/share/mobile_sensor//node_modules/@rclnodejs/ref-struct-di/node_modules/debug/LICENSE
-- Installing: /home/ogan/ME461F25_LittleDaisies/project/ros_ws/install/mobile_sensor/share/mobile_sensor//node_modules/@rclnodejs/ref-struct-di/node_modules/debug/README.md
-- Installing: /home/ogan/ME461F25_LittleDaisies/project/ros_ws/install/mobile_sensor/share/mobile_sensor//node_modules/@rclnodejs/ref-struct-di/node_modules/ms
-- Installing: /home/ogan/ME461F25_LittleDaisies/project/ros_ws/install/mobile_sensor/share/mobile_sensor//node_modules/@rclnodejs/ref-struct-di/node_modules/ms/package.json
-- Installing: /home/ogan/ME461F25_LittleDaisies/project/ros_ws/install/mobile_sensor/share/mobile_sensor//node_modules/@rclnodejs/ref-struct-di/node_modules/ms/index.js
-- Installing: /home/ogan/ME461F25_LittleDaisies/project/ros_ws/install/mobile_sensor/share/mobile_sensor//node_modules/@rclnodejs/ref-struct-di/node_modules/ms/license.md
-- Installing: /home/ogan/ME461F25_LittleDaisies/project/ros_ws/install/mobile_sensor/share/mobile_sensor//node_modules/@rclnodejs/ref-struct-di/node_modules/ms/readme.md
-- Installing: /home/ogan/ME461F25_LittleDaisies/project/ros_ws/install/mobile_sensor/share/mobile_sensor//node_modules/@rclnodejs/ref-struct-di/package.json
-- Installing: /home/ogan/ME461F25_LittleDaisies/project/ros_ws/install/mobile_sensor/share/mobile_sensor//node_modules/@rclnodejs/ref-struct-di/LICENSE
-- Installing: /home/ogan/ME461F25_LittleDaisies/project/ros_ws/install/mobile_sensor/share/mobile_sensor//node_modules/@rclnodejs/ref-struct-di/lib
-- Installing: /home/ogan/ME461F25_LittleDaisies/project/ros_ws/install/mobile_sensor/share/mobile_sensor//node_modules/@rclnodejs/ref-struct-di/lib/struct.js
-- Installing: /home/ogan/ME461F25_LittleDaisies/project/ros_ws/install/mobile_sensor/share/mobile_sensor//node_modules/@rclnodejs/ref-struct-di/.project
-- Installing: /home/ogan/ME461F25_LittleDaisies/project/ros_ws/install/mobile_sensor/share/mobile_sensor//node_modules/@rclnodejs/ref-struct-di/CHANGELOG.md
-- Installing: /home/ogan/ME461F25_LittleDaisies/project/ros_ws/install/mobile_sensor/share/mobile_sensor//node_modules/@rclnodejs/ref-struct-di/code-of-conduct.md
-- Installing: /home/ogan/ME461F25_LittleDaisies/project/ros_ws/install/mobile_sensor/share/mobile_sensor//node_modules/@rclnodejs/ref-struct-di/README.md
-- Installing: /home/ogan/ME461F25_LittleDaisies/project/ros_ws/install/mobile_sensor/share/mobile_sensor//node_modules/@rclnodejs/ref-struct-di/appveyor.yml
-- Installing: /home/ogan/ME461F25_LittleDaisies/project/ros_ws/install/mobile_sensor/share/mobile_sensor//node_modules/@rclnodejs/ref-struct-di/.travis.yml
-- Installing: /home/ogan/ME461F25_LittleDaisies/project/ros_ws/install/mobile_sensor/share/mobile_sensor//node_modules/@rclnodejs/ref-struct-di/.jshintrc
-- Installing: /home/ogan/ME461F25_LittleDaisies/project/ros_ws/install/mobile_sensor/share/mobile_sensor//node_modules/@rclnodejs/node-addon-api
-- Installing: /home/ogan/ME461F25_LittleDaisies/project/ros_ws/install/mobile_sensor/share/mobile_sensor//node_modules/@rclnodejs/node-addon-api/nothing.target.mk
-- Installing: /home/ogan/ME461F25_LittleDaisies/project/ros_ws/install/mobile_sensor/share/mobile_sensor//node_modules/@rclnodejs/node-addon-api/node_api.Makefile
-- Installing: /home/ogan/ME461F25_LittleDaisies/project/ros_ws/install/mobile_sensor/share/mobile_sensor//node_modules/@rclnodejs/ref-napi
-- Installing: /home/ogan/ME461F25_LittleDaisies/project/ros_ws/install/mobile_sensor/share/mobile_sensor//node_modules/@rclnodejs/ref-napi/node_modules
-- Installing: /home/ogan/ME461F25_LittleDaisies/project/ros_ws/install/mobile_sensor/share/mobile_sensor//node_modules/@rclnodejs/ref-napi/node_modules/debug
-- Installing: /home/ogan/ME461F25_LittleDaisies/project/ros_ws/install/mobile_sensor/share/mobile_sensor//node_modules/@rclnodejs/ref-napi/node_modules/debug/package.json
-- Installing: /home/ogan/ME461F25_LittleDaisies/project/ros_ws/install/mobile_sensor/share/mobile_sensor//node_modules/@rclnodejs/ref-napi/node_modules/debug/src
-- Installing: /home/ogan/ME461F25_LittleDaisies/project/ros_ws/install/mobile_sensor/share/mobile_sensor//node_modules/@rclnodejs/ref-napi/node_modules/debug/src/common.js
-- Installing: /home/ogan/ME461F25_LittleDaisies/project/ros_ws/install/mobile_sensor/share/mobile_sensor//node_modules/@rclnodejs/ref-napi/node_modules/debug/src/index.js
-- Installing: /home/ogan/ME461F25_LittleDaisies/project/ros_ws/install/mobile_sensor/share/mobile_sensor//node_modules/@rclnodejs/ref-napi/node_modules/debug/src/browser.js
-- Installing: /home/ogan/ME461F25_LittleDaisies/project/ros_ws/install/mobile_sensor/share/mobile_sensor//node_modules/@rclnodejs/ref-napi/node_modules/debug/src/node.js
-- Installing: /home/ogan/ME461F25_LittleDaisies/project/ros_ws/install/mobile_sensor/share/mobile_sensor//node_modules/@rclnodejs/ref-napi/node_modules/debug/LICENSE
-- Installing: /home/ogan/ME461F25_LittleDaisies/project/ros_ws/install/mobile_sensor/share/mobile_sensor//node_modules/@rclnodejs/ref-napi/node_modules/debug/README.md
-- Installing: /home/ogan/ME461F25_LittleDaisies/project/ros_ws/install/mobile_sensor/share/mobile_sensor//node_modules/@rclnodejs/ref-napi/node_modules/ms
-- Installing: /home/ogan/ME461F25_LittleDaisies/project/ros_ws/install/mobile_sensor/share/mobile_sensor//node_modules/@rclnodejs/ref-napi/node_modules/ms/package.json
-- Installing: /home/ogan/ME461F25_LittleDaisies/project/ros_ws/install/mobile_sensor/share/mobile_sensor//node_modules/@rclnodejs/ref-napi/node_modules/ms/index.js
-- Installing: /home/ogan/ME461F25_LittleDaisies/project/ros_ws/install/mobile_sensor/share/mobile_sensor//node_modules/@rclnodejs/ref-napi/node_modules/ms/license.md
-- Installing: /home/ogan/ME461F25_LittleDaisies/project/ros_ws/install/mobile_sensor/share/mobile_sensor//node_modules/@rclnodejs/ref-napi/node_modules/ms/readme.md
-- Installing: /home/ogan/ME461F25_LittleDaisies/project/ros_ws/install/mobile_sensor/share/mobile_sensor//node_modules/@rclnodejs/ref-napi/package.json
-- Installing: /home/ogan/ME461F25_LittleDaisies/project/ros_ws/install/mobile_sensor/share/mobile_sensor//node_modules/@rclnodejs/ref-napi/src
-- Installing: /home/ogan/ME461F25_LittleDaisies/project/ros_ws/install/mobile_sensor/share/mobile_sensor//node_modules/@rclnodejs/ref-napi/src/binding.cc
-- Installing: /home/ogan/ME461F25_LittleDaisies/project/ros_ws/install/mobile_sensor/share/mobile_sensor//node_modules/@rclnodejs/ref-napi/include
-- Installing: /home/ogan/ME461F25_LittleDaisies/project/ros_ws/install/mobile_sensor/share/mobile_sensor//node_modules/@rclnodejs/ref-napi/include/ref-napi.h
-- Installing: /home/ogan/ME461F25_LittleDaisies/project/ros_ws/install/mobile_sensor/share/mobile_sensor//node_modules/@rclnodejs/ref-napi/LICENSE
-- Installing: /home/ogan/ME461F25_LittleDaisies/project/ros_ws/install/mobile_sensor/share/mobile_sensor//node_modules/@rclnodejs/ref-napi/binding.gyp
-- Installing: /home/ogan/ME461F25_LittleDaisies/project/ros_ws/install/mobile_sensor/share/mobile_sensor//node_modules/@rclnodejs/ref-napi/lib
-- Installing: /home/ogan/ME461F25_LittleDaisies/project/ros_ws/install/mobile_sensor/share/mobile_sensor//node_modules/@rclnodejs/ref-napi/lib/ref.js
-- Installing: /home/ogan/ME461F25_LittleDaisies/project/ros_ws/install/mobile_sensor/share/mobile_sensor//node_modules/@rclnodejs/ref-napi/lib/get-paths.js
-- Installing: /home/ogan/ME461F25_LittleDaisies/project/ros_ws/install/mobile_sensor/share/mobile_sensor//node_modules/@rclnodejs/ref-napi/build
-- Installing: /home/ogan/ME461F25_LittleDaisies/project/ros_ws/install/mobile_sensor/share/mobile_sensor//node_modules/@rclnodejs/ref-napi/build/config.gypi
-- Installing: /home/ogan/ME461F25_LittleDaisies/project/ros_ws/install/mobile_sensor/share/mobile_sensor//node_modules/@rclnodejs/ref-napi/build/Release
-- Installing: /home/ogan/ME461F25_LittleDaisies/project/ros_ws/install/mobile_sensor/share/mobile_sensor//node_modules/@rclnodejs/ref-napi/build/Release/obj.target
-- Installing: /home/ogan/ME461F25_LittleDaisies/project/ros_ws/install/mobile_sensor/share/mobile_sensor//node_modules/@rclnodejs/ref-napi/build/Release/obj.target/nothing
-- Installing: /home/ogan/ME461F25_LittleDaisies/project/ros_ws/install/mobile_sensor/share/mobile_sensor//node_modules/@rclnodejs/ref-napi/build/Release/obj.target/binding.node
-- Installing: /home/ogan/ME461F25_LittleDaisies/project/ros_ws/install/mobile_sensor/share/mobile_sensor//node_modules/@rclnodejs/ref-napi/build/Release/obj.target/binding
-- Installing: /home/ogan/ME461F25_LittleDaisies/project/ros_ws/install/mobile_sensor/share/mobile_sensor//node_modules/@rclnodejs/ref-napi/build/Release/obj.target/binding/src
-- Installing: /home/ogan/ME461F25_LittleDaisies/project/ros_ws/install/mobile_sensor/share/mobile_sensor//node_modules/@rclnodejs/ref-napi/build/Release/obj.target/binding/src/binding.o
-- Installing: /home/ogan/ME461F25_LittleDaisies/project/ros_ws/install/mobile_sensor/share/mobile_sensor//node_modules/@rclnodejs/ref-napi/build/Release/binding.node
-- Installing: /home/ogan/ME461F25_LittleDaisies/project/ros_ws/install/mobile_sensor/share/mobile_sensor//node_modules/@rclnodejs/ref-napi/build/Release/nothing.a
-- Installing: /home/ogan/ME461F25_LittleDaisies/project/ros_ws/install/mobile_sensor/share/mobile_sensor//node_modules/@rclnodejs/ref-napi/build/Release/.deps
-- Installing: /home/ogan/ME461F25_LittleDaisies/project/ros_ws/install/mobile_sensor/share/mobile_sensor//node_modules/@rclnodejs/ref-napi/build/Release/.deps/Release
-- Installing: /home/ogan/ME461F25_LittleDaisies/project/ros_ws/install/mobile_sensor/share/mobile_sensor//node_modules/@rclnodejs/ref-napi/build/Release/.deps/Release/nothing.a.d
-- Installing: /home/ogan/ME461F25_LittleDaisies/project/ros_ws/install/mobile_sensor/share/mobile_sensor//node_modules/@rclnodejs/ref-napi/build/Release/.deps/Release/obj.target
-- Installing: /home/ogan/ME461F25_LittleDaisies/project/ros_ws/install/mobile_sensor/share/mobile_sensor//node_modules/@rclnodejs/ref-napi/build/Release/.deps/Release/obj.target/nothing
-- Installing: /home/ogan/ME461F25_LittleDaisies/project/ros_ws/install/mobile_sensor/share/mobile_sensor//node_modules/@rclnodejs/ref-napi/build/Release/.deps/Release/obj.target/binding
-- Installing: /home/ogan/ME461F25_LittleDaisies/project/ros_ws/install/mobile_sensor/share/mobile_sensor//node_modules/@rclnodejs/ref-napi/build/Release/.deps/Release/obj.target/binding/src
-- Installing: /home/ogan/ME461F25_LittleDaisies/project/ros_ws/install/mobile_sensor/share/mobile_sensor//node_modules/@rclnodejs/ref-napi/build/Release/.deps/Release/obj.target/binding/src/binding.o.d
-- Installing: /home/ogan/ME461F25_LittleDaisies/project/ros_ws/install/mobile_sensor/share/mobile_sensor//node_modules/@rclnodejs/ref-napi/build/Release/.deps/Release/obj.target/binding.node.d
-- Installing: /home/ogan/ME461F25_LittleDaisies/project/ros_ws/install/mobile_sensor/share/mobile_sensor//node_modules/@rclnodejs/ref-napi/build/Release/.deps/Release/node-addon-api
-- Installing: /home/ogan/ME461F25_LittleDaisies/project/ros_ws/install/mobile_sensor/share/mobile_sensor//node_modules/@rclnodejs/ref-napi/build/Release/.deps/Release/node-addon-api/nothing.o.d
-- Installing: /home/ogan/ME461F25_LittleDaisies/project/ros_ws/install/mobile_sensor/share/mobile_sensor//node_modules/@rclnodejs/ref-napi/build/Release/.deps/Release/binding.node.d
-- Installing: /home/ogan/ME461F25_LittleDaisies/project/ros_ws/install/mobile_sensor/share/mobile_sensor//node_modules/@rclnodejs/ref-napi/build/Release/node-addon-api
-- Installing: /home/ogan/ME461F25_LittleDaisies/project/ros_ws/install/mobile_sensor/share/mobile_sensor//node_modules/@rclnodejs/ref-napi/build/Release/node-addon-api/nothing.o
-- Installing: /home/ogan/ME461F25_LittleDaisies/project/ros_ws/install/mobile_sensor/share/mobile_sensor//node_modules/@rclnodejs/ref-napi/build/binding.Makefile
-- Installing: /home/ogan/ME461F25_LittleDaisies/project/ros_ws/install/mobile_sensor/share/mobile_sensor//node_modules/@rclnodejs/ref-napi/build/node-addon-api
-- Installing: /home/ogan/ME461F25_LittleDaisies/project/ros_ws/install/mobile_sensor/share/mobile_sensor//node_modules/@rclnodejs/ref-napi/build/node-addon-api/nothing.a
-- Installing: /home/ogan/ME461F25_LittleDaisies/project/ros_ws/install/mobile_sensor/share/mobile_sensor//node_modules/@rclnodejs/ref-napi/build/node-addon-api/nothing.a.ar-file-list
-- Installing: /home/ogan/ME461F25_LittleDaisies/project/ros_ws/install/mobile_sensor/share/mobile_sensor//node_modules/@rclnodejs/ref-napi/build/binding.target.mk
-- Installing: /home/ogan/ME461F25_LittleDaisies/project/ros_ws/install/mobile_sensor/share/mobile_sensor//node_modules/@rclnodejs/ref-napi/build/Makefile
-- Installing: /home/ogan/ME461F25_LittleDaisies/project/ros_ws/install/mobile_sensor/share/mobile_sensor//node_modules/@rclnodejs/ref-napi/.project
-- Installing: /home/ogan/ME461F25_LittleDaisies/project/ros_ws/install/mobile_sensor/share/mobile_sensor//node_modules/@rclnodejs/ref-napi/docs
-- Installing: /home/ogan/ME461F25_LittleDaisies/project/ros_ws/install/mobile_sensor/share/mobile_sensor//node_modules/@rclnodejs/ref-napi/docs/gh-pages.sh
-- Installing: /home/ogan/ME461F25_LittleDaisies/project/ros_ws/install/mobile_sensor/share/mobile_sensor//node_modules/@rclnodejs/ref-napi/docs/index.jade
-- Installing: /home/ogan/ME461F25_LittleDaisies/project/ros_ws/install/mobile_sensor/share/mobile_sensor//node_modules/@rclnodejs/ref-napi/docs/compile.js
-- Installing: /home/ogan/ME461F25_LittleDaisies/project/ros_ws/install/mobile_sensor/share/mobile_sensor//node_modules/@rclnodejs/ref-napi/docs/stylesheets
-- Installing: /home/ogan/ME461F25_LittleDaisies/project/ros_ws/install/mobile_sensor/share/mobile_sensor//node_modules/@rclnodejs/ref-napi/docs/stylesheets/base.css
-- Installing: /home/ogan/ME461F25_LittleDaisies/project/ros_ws/install/mobile_sensor/share/mobile_sensor//node_modules/@rclnodejs/ref-napi/docs/stylesheets/layout.css
-- Installing: /home/ogan/ME461F25_LittleDaisies/project/ros_ws/install/mobile_sensor/share/mobile_sensor//node_modules/@rclnodejs/ref-napi/docs/stylesheets/skeleton.css
-- Installing: /home/ogan/ME461F25_LittleDaisies/project/ros_ws/install/mobile_sensor/share/mobile_sensor//node_modules/@rclnodejs/ref-napi/docs/images
-- Installing: /home/ogan/ME461F25_LittleDaisies/project/ros_ws/install/mobile_sensor/share/mobile_sensor//node_modules/@rclnodejs/ref-napi/docs/images/apple-touch-icon.png
-- Installing: /home/ogan/ME461F25_LittleDaisies/project/ros_ws/install/mobile_sensor/share/mobile_sensor//node_modules/@rclnodejs/ref-napi/docs/images/apple-touch-icon-72x72.png
-- Installing: /home/ogan/ME461F25_LittleDaisies/project/ros_ws/install/mobile_sensor/share/mobile_sensor//node_modules/@rclnodejs/ref-napi/docs/images/favicon.ico
-- Installing: /home/ogan/ME461F25_LittleDaisies/project/ros_ws/install/mobile_sensor/share/mobile_sensor//node_modules/@rclnodejs/ref-napi/docs/images/ref.pxm
-- Installing: /home/ogan/ME461F25_LittleDaisies/project/ros_ws/install/mobile_sensor/share/mobile_sensor//node_modules/@rclnodejs/ref-napi/docs/images/apple-touch-icon-114x114.png
-- Installing: /home/ogan/ME461F25_LittleDaisies/project/ros_ws/install/mobile_sensor/share/mobile_sensor//node_modules/@rclnodejs/ref-napi/docs/scripts
-- Installing: /home/ogan/ME461F25_LittleDaisies/project/ros_ws/install/mobile_sensor/share/mobile_sensor//node_modules/@rclnodejs/ref-napi/docs/scripts/main.js
-- Installing: /home/ogan/ME461F25_LittleDaisies/project/ros_ws/install/mobile_sensor/share/mobile_sensor//node_modules/@rclnodejs/ref-napi/docs/scripts/jquery-3.5.1.min.js
-- Installing: /home/ogan/ME461F25_LittleDaisies/project/ros_ws/install/mobile_sensor/share/mobile_sensor//node_modules/@rclnodejs/ref-napi/CHANGELOG.md
-- Installing: /home/ogan/ME461F25_LittleDaisies/project/ros_ws/install/mobile_sensor/share/mobile_sensor//node_modules/@rclnodejs/ref-napi/code-of-conduct.md
-- Installing: /home/ogan/ME461F25_LittleDaisies/project/ros_ws/install/mobile_sensor/share/mobile_sensor//node_modules/@rclnodejs/ref-napi/test
-- Installing: /home/ogan/ME461F25_LittleDaisies/project/ros_ws/install/mobile_sensor/share/mobile_sensor//node_modules/@rclnodejs/ref-napi/test/types.js
-- Installing: /home/ogan/ME461F25_LittleDaisies/project/ros_ws/install/mobile_sensor/share/mobile_sensor//node_modules/@rclnodejs/ref-napi/test/pointer.js
-- Installing: /home/ogan/ME461F25_LittleDaisies/project/ros_ws/install/mobile_sensor/share/mobile_sensor//node_modules/@rclnodejs/ref-napi/test/uint64.js
-- Installing: /home/ogan/ME461F25_LittleDaisies/project/ros_ws/install/mobile_sensor/share/mobile_sensor//node_modules/@rclnodejs/ref-napi/test/string.js
-- Installing: /home/ogan/ME461F25_LittleDaisies/project/ros_ws/install/mobile_sensor/share/mobile_sensor//node_modules/@rclnodejs/ref-napi/test/reinterpret.js
-- Installing: /home/ogan/ME461F25_LittleDaisies/project/ros_ws/install/mobile_sensor/share/mobile_sensor//node_modules/@rclnodejs/ref-napi/test/coerce.js
-- Installing: /home/ogan/ME461F25_LittleDaisies/project/ros_ws/install/mobile_sensor/share/mobile_sensor//node_modules/@rclnodejs/ref-napi/test/isNull.js
-- Installing: /home/ogan/ME461F25_LittleDaisies/project/ros_ws/install/mobile_sensor/share/mobile_sensor//node_modules/@rclnodejs/ref-napi/test/address.js
-- Installing: /home/ogan/ME461F25_LittleDaisies/project/ros_ws/install/mobile_sensor/share/mobile_sensor//node_modules/@rclnodejs/ref-napi/test/ref-deref.js
-- Installing: /home/ogan/ME461F25_LittleDaisies/project/ros_ws/install/mobile_sensor/share/mobile_sensor//node_modules/@rclnodejs/ref-napi/test/utf16le.bin
-- Installing: /home/ogan/ME461F25_LittleDaisies/project/ros_ws/install/mobile_sensor/share/mobile_sensor//node_modules/@rclnodejs/ref-napi/test/alloc.js
-- Installing: /home/ogan/ME461F25_LittleDaisies/project/ros_ws/install/mobile_sensor/share/mobile_sensor//node_modules/@rclnodejs/ref-napi/test/reinterpretUntilZeros.js
-- Installing: /home/ogan/ME461F25_LittleDaisies/project/ros_ws/install/mobile_sensor/share/mobile_sensor//node_modules/@rclnodejs/ref-napi/test/iojs3issue.js
-- Installing: /home/ogan/ME461F25_LittleDaisies/project/ros_ws/install/mobile_sensor/share/mobile_sensor//node_modules/@rclnodejs/ref-napi/test/bool.js
-- Installing: /home/ogan/ME461F25_LittleDaisies/project/ros_ws/install/mobile_sensor/share/mobile_sensor//node_modules/@rclnodejs/ref-napi/test/char.js
-- Installing: /home/ogan/ME461F25_LittleDaisies/project/ros_ws/install/mobile_sensor/share/mobile_sensor//node_modules/@rclnodejs/ref-napi/test/object.js
-- Installing: /home/ogan/ME461F25_LittleDaisies/project/ros_ws/install/mobile_sensor/share/mobile_sensor//node_modules/@rclnodejs/ref-napi/test/int64.js
-- Installing: /home/ogan/ME461F25_LittleDaisies/project/ros_ws/install/mobile_sensor/share/mobile_sensor//node_modules/@rclnodejs/ref-napi/README.md
-- Installing: /home/ogan/ME461F25_LittleDaisies/project/ros_ws/install/mobile_sensor/share/mobile_sensor//node_modules/@rclnodejs/ref-napi/appveyor.yml
-- Installing: /home/ogan/ME461F25_LittleDaisies/project/ros_ws/install/mobile_sensor/share/mobile_sensor//node_modules/@rclnodejs/ref-napi/.travis.yml
-- Installing: /home/ogan/ME461F25_LittleDaisies/project/ros_ws/install/mobile_sensor/share/mobile_sensor//node_modules/node-addon-api
-- Installing: /home/ogan/ME461F25_LittleDaisies/project/ros_ws/install/mobile_sensor/share/mobile_sensor//node_modules/node-addon-api/node_api.gyp
-- Installing: /home/ogan/ME461F25_LittleDaisies/project/ros_ws/install/mobile_sensor/share/mobile_sensor//node_modules/node-addon-api/except.gypi
-- Installing: /home/ogan/ME461F25_LittleDaisies/project/ros_ws/install/mobile_sensor/share/mobile_sensor//node_modules/node-addon-api/package.json
-- Installing: /home/ogan/ME461F25_LittleDaisies/project/ros_ws/install/mobile_sensor/share/mobile_sensor//node_modules/node-addon-api/common.gypi
-- Installing: /home/ogan/ME461F25_LittleDaisies/project/ros_ws/install/mobile_sensor/share/mobile_sensor//node_modules/node-addon-api/nothing.c
-- Installing: /home/ogan/ME461F25_LittleDaisies/project/ros_ws/install/mobile_sensor/share/mobile_sensor//node_modules/node-addon-api/LICENSE.md
-- Installing: /home/ogan/ME461F25_LittleDaisies/project/ros_ws/install/mobile_sensor/share/mobile_sensor//node_modules/node-addon-api/index.js
-- Installing: /home/ogan/ME461F25_LittleDaisies/project/ros_ws/install/mobile_sensor/share/mobile_sensor//node_modules/node-addon-api/tools
-- Installing: /home/ogan/ME461F25_LittleDaisies/project/ros_ws/install/mobile_sensor/share/mobile_sensor//node_modules/node-addon-api/tools/conversion.js
-- Installing: /home/ogan/ME461F25_LittleDaisies/project/ros_ws/install/mobile_sensor/share/mobile_sensor//node_modules/node-addon-api/tools/clang-format.js
-- Installing: /home/ogan/ME461F25_LittleDaisies/project/ros_ws/install/mobile_sensor/share/mobile_sensor//node_modules/node-addon-api/tools/eslint-format.js
-- Installing: /home/ogan/ME461F25_LittleDaisies/project/ros_ws/install/mobile_sensor/share/mobile_sensor//node_modules/node-addon-api/tools/check-napi.js
-- Installing: /home/ogan/ME461F25_LittleDaisies/project/ros_ws/install/mobile_sensor/share/mobile_sensor//node_modules/node-addon-api/tools/README.md
-- Installing: /home/ogan/ME461F25_LittleDaisies/project/ros_ws/install/mobile_sensor/share/mobile_sensor//node_modules/node-addon-api/napi-inl.h
-- Installing: /home/ogan/ME461F25_LittleDaisies/project/ros_ws/install/mobile_sensor/share/mobile_sensor//node_modules/node-addon-api/package-support.json
-- Installing: /home/ogan/ME461F25_LittleDaisies/project/ros_ws/install/mobile_sensor/share/mobile_sensor//node_modules/node-addon-api/noexcept.gypi
-- Installing: /home/ogan/ME461F25_LittleDaisies/project/ros_ws/install/mobile_sensor/share/mobile_sensor//node_modules/node-addon-api/napi.h
-- Installing: /home/ogan/ME461F25_LittleDaisies/project/ros_ws/install/mobile_sensor/share/mobile_sensor//node_modules/node-addon-api/napi-inl.deprecated.h
-- Installing: /home/ogan/ME461F25_LittleDaisies/project/ros_ws/install/mobile_sensor/share/mobile_sensor//node_modules/node-addon-api/README.md
-- Installing: /home/ogan/ME461F25_LittleDaisies/project/ros_ws/install/mobile_sensor/share/mobile_sensor//node_modules/source-map-support
-- Installing: /home/ogan/ME461F25_LittleDaisies/project/ros_ws/install/mobile_sensor/share/mobile_sensor//node_modules/source-map-support/browser-source-map-support.js
-- Installing: /home/ogan/ME461F25_LittleDaisies/project/ros_ws/install/mobile_sensor/share/mobile_sensor//node_modules/source-map-support/package.json
-- Installing: /home/ogan/ME461F25_LittleDaisies/project/ros_ws/install/mobile_sensor/share/mobile_sensor//node_modules/source-map-support/register-hook-require.js
-- Installing: /home/ogan/ME461F25_LittleDaisies/project/ros_ws/install/mobile_sensor/share/mobile_sensor//node_modules/source-map-support/LICENSE.md
-- Installing: /home/ogan/ME461F25_LittleDaisies/project/ros_ws/install/mobile_sensor/share/mobile_sensor//node_modules/source-map-support/register.js
-- Installing: /home/ogan/ME461F25_LittleDaisies/project/ros_ws/install/mobile_sensor/share/mobile_sensor//node_modules/source-map-support/README.md
-- Installing: /home/ogan/ME461F25_LittleDaisies/project/ros_ws/install/mobile_sensor/share/mobile_sensor//node_modules/source-map-support/source-map-support.js
-- Installing: /home/ogan/ME461F25_LittleDaisies/project/ros_ws/install/mobile_sensor/share/mobile_sensor//node_modules/argparse
-- Installing: /home/ogan/ME461F25_LittleDaisies/project/ros_ws/install/mobile_sensor/share/mobile_sensor//node_modules/argparse/argparse.js
-- Installing: /home/ogan/ME461F25_LittleDaisies/project/ros_ws/install/mobile_sensor/share/mobile_sensor//node_modules/argparse/package.json
-- Installing: /home/ogan/ME461F25_LittleDaisies/project/ros_ws/install/mobile_sensor/share/mobile_sensor//node_modules/argparse/LICENSE
-- Installing: /home/ogan/ME461F25_LittleDaisies/project/ros_ws/install/mobile_sensor/share/mobile_sensor//node_modules/argparse/lib
-- Installing: /home/ogan/ME461F25_LittleDaisies/project/ros_ws/install/mobile_sensor/share/mobile_sensor//node_modules/argparse/lib/sub.js
-- Installing: /home/ogan/ME461F25_LittleDaisies/project/ros_ws/install/mobile_sensor/share/mobile_sensor//node_modules/argparse/lib/textwrap.js
-- Installing: /home/ogan/ME461F25_LittleDaisies/project/ros_ws/install/mobile_sensor/share/mobile_sensor//node_modules/argparse/CHANGELOG.md
-- Installing: /home/ogan/ME461F25_LittleDaisies/project/ros_ws/install/mobile_sensor/share/mobile_sensor//node_modules/argparse/README.md
-- Installing: /home/ogan/ME461F25_LittleDaisies/project/ros_ws/install/mobile_sensor/share/mobile_sensor//node_modules/methods
-- Installing: /home/ogan/ME461F25_LittleDaisies/project/ros_ws/install/mobile_sensor/share/mobile_sensor//node_modules/methods/package.json
-- Installing: /home/ogan/ME461F25_LittleDaisies/project/ros_ws/install/mobile_sensor/share/mobile_sensor//node_modules/methods/LICENSE
-- Installing: /home/ogan/ME461F25_LittleDaisies/project/ros_ws/install/mobile_sensor/share/mobile_sensor//node_modules/methods/index.js
-- Installing: /home/ogan/ME461F25_LittleDaisies/project/ros_ws/install/mobile_sensor/share/mobile_sensor//node_modules/methods/HISTORY.md
-- Installing: /home/ogan/ME461F25_LittleDaisies/project/ros_ws/install/mobile_sensor/share/mobile_sensor//node_modules/methods/README.md
-- Installing: /home/ogan/ME461F25_LittleDaisies/project/ros_ws/install/mobile_sensor/share/mobile_sensor//node_modules/call-bound
-- Installing: /home/ogan/ME461F25_LittleDaisies/project/ros_ws/install/mobile_sensor/share/mobile_sensor//node_modules/call-bound/.eslintrc
-- Installing: /home/ogan/ME461F25_LittleDaisies/project/ros_ws/install/mobile_sensor/share/mobile_sensor//node_modules/call-bound/package.json
-- Installing: /home/ogan/ME461F25_LittleDaisies/project/ros_ws/install/mobile_sensor/share/mobile_sensor//node_modules/call-bound/LICENSE
-- Installing: /home/ogan/ME461F25_LittleDaisies/project/ros_ws/install/mobile_sensor/share/mobile_sensor//node_modules/call-bound/index.js
-- Installing: /home/ogan/ME461F25_LittleDaisies/project/ros_ws/install/mobile_sensor/share/mobile_sensor//node_modules/call-bound/index.d.ts
-- Installing: /home/ogan/ME461F25_LittleDaisies/project/ros_ws/install/mobile_sensor/share/mobile_sensor//node_modules/call-bound/CHANGELOG.md
-- Installing: /home/ogan/ME461F25_LittleDaisies/project/ros_ws/install/mobile_sensor/share/mobile_sensor//node_modules/call-bound/tsconfig.json
-- Installing: /home/ogan/ME461F25_LittleDaisies/project/ros_ws/install/mobile_sensor/share/mobile_sensor//node_modules/call-bound/test
-- Installing: /home/ogan/ME461F25_LittleDaisies/project/ros_ws/install/mobile_sensor/share/mobile_sensor//node_modules/call-bound/test/index.js
-- Installing: /home/ogan/ME461F25_LittleDaisies/project/ros_ws/install/mobile_sensor/share/mobile_sensor//node_modules/call-bound/README.md
-- Installing: /home/ogan/ME461F25_LittleDaisies/project/ros_ws/install/mobile_sensor/share/mobile_sensor//node_modules/call-bound/.github
-- Installing: /home/ogan/ME461F25_LittleDaisies/project/ros_ws/install/mobile_sensor/share/mobile_sensor//node_modules/call-bound/.github/FUNDING.yml
-- Installing: /home/ogan/ME461F25_LittleDaisies/project/ros_ws/install/mobile_sensor/share/mobile_sensor//node_modules/call-bound/.nycrc
-- Installing: /home/ogan/ME461F25_LittleDaisies/project/ros_ws/install/mobile_sensor/share/mobile_sensor//node_modules/side-channel-map
-- Installing: /home/ogan/ME461F25_LittleDaisies/project/ros_ws/install/mobile_sensor/share/mobile_sensor//node_modules/side-channel-map/.editorconfig
-- Installing: /home/ogan/ME461F25_LittleDaisies/project/ros_ws/install/mobile_sensor/share/mobile_sensor//node_modules/side-channel-map/.eslintrc
-- Installing: /home/ogan/ME461F25_LittleDaisies/project/ros_ws/install/mobile_sensor/share/mobile_sensor//node_modules/side-channel-map/package.json
-- Installing: /home/ogan/ME461F25_LittleDaisies/project/ros_ws/install/mobile_sensor/share/mobile_sensor//node_modules/side-channel-map/LICENSE
-- Installing: /home/ogan/ME461F25_LittleDaisies/project/ros_ws/install/mobile_sensor/share/mobile_sensor//node_modules/side-channel-map/index.js
-- Installing: /home/ogan/ME461F25_LittleDaisies/project/ros_ws/install/mobile_sensor/share/mobile_sensor//node_modules/side-channel-map/index.d.ts
-- Installing: /home/ogan/ME461F25_LittleDaisies/project/ros_ws/install/mobile_sensor/share/mobile_sensor//node_modules/side-channel-map/CHANGELOG.md
-- Installing: /home/ogan/ME461F25_LittleDaisies/project/ros_ws/install/mobile_sensor/share/mobile_sensor//node_modules/side-channel-map/tsconfig.json
-- Installing: /home/ogan/ME461F25_LittleDaisies/project/ros_ws/install/mobile_sensor/share/mobile_sensor//node_modules/side-channel-map/test
-- Installing: /home/ogan/ME461F25_LittleDaisies/project/ros_ws/install/mobile_sensor/share/mobile_sensor//node_modules/side-channel-map/test/index.js
-- Installing: /home/ogan/ME461F25_LittleDaisies/project/ros_ws/install/mobile_sensor/share/mobile_sensor//node_modules/side-channel-map/README.md
-- Installing: /home/ogan/ME461F25_LittleDaisies/project/ros_ws/install/mobile_sensor/share/mobile_sensor//node_modules/side-channel-map/.github
-- Installing: /home/ogan/ME461F25_LittleDaisies/project/ros_ws/install/mobile_sensor/share/mobile_sensor//node_modules/side-channel-map/.github/FUNDING.yml
-- Installing: /home/ogan/ME461F25_LittleDaisies/project/ros_ws/install/mobile_sensor/share/mobile_sensor//node_modules/side-channel-map/.nycrc
-- Installing: /home/ogan/ME461F25_LittleDaisies/project/ros_ws/install/mobile_sensor/share/mobile_sensor//node_modules/media-typer
-- Installing: /home/ogan/ME461F25_LittleDaisies/project/ros_ws/install/mobile_sensor/share/mobile_sensor//node_modules/media-typer/package.json
-- Installing: /home/ogan/ME461F25_LittleDaisies/project/ros_ws/install/mobile_sensor/share/mobile_sensor//node_modules/media-typer/LICENSE
-- Installing: /home/ogan/ME461F25_LittleDaisies/project/ros_ws/install/mobile_sensor/share/mobile_sensor//node_modules/media-typer/index.js
-- Installing: /home/ogan/ME461F25_LittleDaisies/project/ros_ws/install/mobile_sensor/share/mobile_sensor//node_modules/media-typer/HISTORY.md
-- Installing: /home/ogan/ME461F25_LittleDaisies/project/ros_ws/install/mobile_sensor/share/mobile_sensor//node_modules/media-typer/README.md
-- Installing: /home/ogan/ME461F25_LittleDaisies/project/ros_ws/install/mobile_sensor/share/mobile_sensor//node_modules/etag
-- Installing: /home/ogan/ME461F25_LittleDaisies/project/ros_ws/install/mobile_sensor/share/mobile_sensor//node_modules/etag/package.json
-- Installing: /home/ogan/ME461F25_LittleDaisies/project/ros_ws/install/mobile_sensor/share/mobile_sensor//node_modules/etag/LICENSE
-- Installing: /home/ogan/ME461F25_LittleDaisies/project/ros_ws/install/mobile_sensor/share/mobile_sensor//node_modules/etag/index.js
-- Installing: /home/ogan/ME461F25_LittleDaisies/project/ros_ws/install/mobile_sensor/share/mobile_sensor//node_modules/etag/HISTORY.md
-- Installing: /home/ogan/ME461F25_LittleDaisies/project/ros_ws/install/mobile_sensor/share/mobile_sensor//node_modules/etag/README.md
-- Installing: /home/ogan/ME461F25_LittleDaisies/project/ros_ws/install/mobile_sensor/share/mobile_sensor//node_modules/ee-first
-- Installing: /home/ogan/ME461F25_LittleDaisies/project/ros_ws/install/mobile_sensor/share/mobile_sensor//node_modules/ee-first/package.json
-- Installing: /home/ogan/ME461F25_LittleDaisies/project/ros_ws/install/mobile_sensor/share/mobile_sensor//node_modules/ee-first/LICENSE
-- Installing: /home/ogan/ME461F25_LittleDaisies/project/ros_ws/install/mobile_sensor/share/mobile_sensor//node_modules/ee-first/index.js
-- Installing: /home/ogan/ME461F25_LittleDaisies/project/ros_ws/install/mobile_sensor/share/mobile_sensor//node_modules/ee-first/README.md
-- Installing: /home/ogan/ME461F25_LittleDaisies/project/ros_ws/install/mobile_sensor/share/mobile_sensor//node_modules/ext
-- Installing: /home/ogan/ME461F25_LittleDaisies/project/ros_ws/install/mobile_sensor/share/mobile_sensor//node_modules/ext/math
-- Installing: /home/ogan/ME461F25_LittleDaisies/project/ros_ws/install/mobile_sensor/share/mobile_sensor//node_modules/ext/math/floor-10.js
-- Installing: /home/ogan/ME461F25_LittleDaisies/project/ros_ws/install/mobile_sensor/share/mobile_sensor//node_modules/ext/math/ceil-10.js
-- Installing: /home/ogan/ME461F25_LittleDaisies/project/ros_ws/install/mobile_sensor/share/mobile_sensor//node_modules/ext/math/round-10.js
-- Installing: /home/ogan/ME461F25_LittleDaisies/project/ros_ws/install/mobile_sensor/share/mobile_sensor//node_modules/ext/package.json
-- Installing: /home/ogan/ME461F25_LittleDaisies/project/ros_ws/install/mobile_sensor/share/mobile_sensor//node_modules/ext/string
-- Installing: /home/ogan/ME461F25_LittleDaisies/project/ros_ws/install/mobile_sensor/share/mobile_sensor//node_modules/ext/string/random.js
-- Installing: /home/ogan/ME461F25_LittleDaisies/project/ros_ws/install/mobile_sensor/share/mobile_sensor//node_modules/ext/LICENSE
-- Installing: /home/ogan/ME461F25_LittleDaisies/project/ros_ws/install/mobile_sensor/share/mobile_sensor//node_modules/ext/lib
-- Installing: /home/ogan/ME461F25_LittleDaisies/project/ros_ws/install/mobile_sensor/share/mobile_sensor//node_modules/ext/lib/private
-- Installing: /home/ogan/ME461F25_LittleDaisies/project/ros_ws/install/mobile_sensor/share/mobile_sensor//node_modules/ext/lib/private/decimal-adjust.js
-- Installing: /home/ogan/ME461F25_LittleDaisies/project/ros_ws/install/mobile_sensor/share/mobile_sensor//node_modules/ext/lib/private/define-function-length.js
-- Installing: /home/ogan/ME461F25_LittleDaisies/project/ros_ws/install/mobile_sensor/share/mobile_sensor//node_modules/ext/docs
-- Installing: /home/ogan/ME461F25_LittleDaisies/project/ros_ws/install/mobile_sensor/share/mobile_sensor//node_modules/ext/docs/math
-- Installing: /home/ogan/ME461F25_LittleDaisies/project/ros_ws/install/mobile_sensor/share/mobile_sensor//node_modules/ext/docs/math/ceil-10.md
-- Installing: /home/ogan/ME461F25_LittleDaisies/project/ros_ws/install/mobile_sensor/share/mobile_sensor//node_modules/ext/docs/math/round-10.md
-- Installing: /home/ogan/ME461F25_LittleDaisies/project/ros_ws/install/mobile_sensor/share/mobile_sensor//node_modules/ext/docs/math/floor-10.md
-- Installing: /home/ogan/ME461F25_LittleDaisies/project/ros_ws/install/mobile_sensor/share/mobile_sensor//node_modules/ext/docs/string
-- Installing: /home/ogan/ME461F25_LittleDaisies/project/ros_ws/install/mobile_sensor/share/mobile_sensor//node_modules/ext/docs/string/random.md
-- Installing: /home/ogan/ME461F25_LittleDaisies/project/ros_ws/install/mobile_sensor/share/mobile_sensor//node_modules/ext/docs/string_
-- Installing: /home/ogan/ME461F25_LittleDaisies/project/ros_ws/install/mobile_sensor/share/mobile_sensor//node_modules/ext/docs/string_/capitalize.md
-- Installing: /home/ogan/ME461F25_LittleDaisies/project/ros_ws/install/mobile_sensor/share/mobile_sensor//node_modules/ext/docs/string_/includes.md
-- Installing: /home/ogan/ME461F25_LittleDaisies/project/ros_ws/install/mobile_sensor/share/mobile_sensor//node_modules/ext/docs/string_/camel-to-hyphen.md
-- Installing: /home/ogan/ME461F25_LittleDaisies/project/ros_ws/install/mobile_sensor/share/mobile_sensor//node_modules/ext/docs/global-this.md
-- Installing: /home/ogan/ME461F25_LittleDaisies/project/ros_ws/install/mobile_sensor/share/mobile_sensor//node_modules/ext/docs/thenable_
-- Installing: /home/ogan/ME461F25_LittleDaisies/project/ros_ws/install/mobile_sensor/share/mobile_sensor//node_modules/ext/docs/thenable_/finally.md
-- Installing: /home/ogan/ME461F25_LittleDaisies/project/ros_ws/install/mobile_sensor/share/mobile_sensor//node_modules/ext/docs/function
-- Installing: /home/ogan/ME461F25_LittleDaisies/project/ros_ws/install/mobile_sensor/share/mobile_sensor//node_modules/ext/docs/function/identity.md
-- Installing: /home/ogan/ME461F25_LittleDaisies/project/ros_ws/install/mobile_sensor/share/mobile_sensor//node_modules/ext/docs/promise
-- Installing: /home/ogan/ME461F25_LittleDaisies/project/ros_ws/install/mobile_sensor/share/mobile_sensor//node_modules/ext/docs/promise/limit.md
-- Installing: /home/ogan/ME461F25_LittleDaisies/project/ros_ws/install/mobile_sensor/share/mobile_sensor//node_modules/ext/docs/object
-- Installing: /home/ogan/ME461F25_LittleDaisies/project/ros_ws/install/mobile_sensor/share/mobile_sensor//node_modules/ext/docs/object/entries.md
-- Installing: /home/ogan/ME461F25_LittleDaisies/project/ros_ws/install/mobile_sensor/share/mobile_sensor//node_modules/ext/docs/object/clear.md
-- Installing: /home/ogan/ME461F25_LittleDaisies/project/ros_ws/install/mobile_sensor/share/mobile_sensor//node_modules/ext/string_
-- Installing: /home/ogan/ME461F25_LittleDaisies/project/ros_ws/install/mobile_sensor/share/mobile_sensor//node_modules/ext/string_/includes
-- Installing: /home/ogan/ME461F25_LittleDaisies/project/ros_ws/install/mobile_sensor/share/mobile_sensor//node_modules/ext/string_/includes/is-implemented.js
-- Installing: /home/ogan/ME461F25_LittleDaisies/project/ros_ws/install/mobile_sensor/share/mobile_sensor//node_modules/ext/string_/includes/implementation.js
-- Installing: /home/ogan/ME461F25_LittleDaisies/project/ros_ws/install/mobile_sensor/share/mobile_sensor//node_modules/ext/string_/includes/index.js
-- Installing: /home/ogan/ME461F25_LittleDaisies/project/ros_ws/install/mobile_sensor/share/mobile_sensor//node_modules/ext/string_/camel-to-hyphen.js
-- Installing: /home/ogan/ME461F25_LittleDaisies/project/ros_ws/install/mobile_sensor/share/mobile_sensor//node_modules/ext/string_/capitalize.js
-- Installing: /home/ogan/ME461F25_LittleDaisies/project/ros_ws/install/mobile_sensor/share/mobile_sensor//node_modules/ext/global-this
-- Installing: /home/ogan/ME461F25_LittleDaisies/project/ros_ws/install/mobile_sensor/share/mobile_sensor//node_modules/ext/global-this/is-implemented.js
-- Installing: /home/ogan/ME461F25_LittleDaisies/project/ros_ws/install/mobile_sensor/share/mobile_sensor//node_modules/ext/global-this/implementation.js
-- Installing: /home/ogan/ME461F25_LittleDaisies/project/ros_ws/install/mobile_sensor/share/mobile_sensor//node_modules/ext/global-this/index.js
-- Installing: /home/ogan/ME461F25_LittleDaisies/project/ros_ws/install/mobile_sensor/share/mobile_sensor//node_modules/ext/CHANGELOG.md
-- Installing: /home/ogan/ME461F25_LittleDaisies/project/ros_ws/install/mobile_sensor/share/mobile_sensor//node_modules/ext/thenable_
-- Installing: /home/ogan/ME461F25_LittleDaisies/project/ros_ws/install/mobile_sensor/share/mobile_sensor//node_modules/ext/thenable_/finally.js
-- Installing: /home/ogan/ME461F25_LittleDaisies/project/ros_ws/install/mobile_sensor/share/mobile_sensor//node_modules/ext/function
-- Installing: /home/ogan/ME461F25_LittleDaisies/project/ros_ws/install/mobile_sensor/share/mobile_sensor//node_modules/ext/function/identity.js
-- Installing: /home/ogan/ME461F25_LittleDaisies/project/ros_ws/install/mobile_sensor/share/mobile_sensor//node_modules/ext/promise
-- Installing: /home/ogan/ME461F25_LittleDaisies/project/ros_ws/install/mobile_sensor/share/mobile_sensor//node_modules/ext/promise/limit.js
-- Installing: /home/ogan/ME461F25_LittleDaisies/project/ros_ws/install/mobile_sensor/share/mobile_sensor//node_modules/ext/object
-- Installing: /home/ogan/ME461F25_LittleDaisies/project/ros_ws/install/mobile_sensor/share/mobile_sensor//node_modules/ext/object/entries
-- Installing: /home/ogan/ME461F25_LittleDaisies/project/ros_ws/install/mobile_sensor/share/mobile_sensor//node_modules/ext/object/entries/is-implemented.js
-- Installing: /home/ogan/ME461F25_LittleDaisies/project/ros_ws/install/mobile_sensor/share/mobile_sensor//node_modules/ext/object/entries/implementation.js
-- Installing: /home/ogan/ME461F25_LittleDaisies/project/ros_ws/install/mobile_sensor/share/mobile_sensor//node_modules/ext/object/entries/index.js
-- Installing: /home/ogan/ME461F25_LittleDaisies/project/ros_ws/install/mobile_sensor/share/mobile_sensor//node_modules/ext/object/entries/implement.js
-- Installing: /home/ogan/ME461F25_LittleDaisies/project/ros_ws/install/mobile_sensor/share/mobile_sensor//node_modules/ext/object/clear.js
-- Installing: /home/ogan/ME461F25_LittleDaisies/project/ros_ws/install/mobile_sensor/share/mobile_sensor//node_modules/ext/README.md
-- Installing: /home/ogan/ME461F25_LittleDaisies/project/ros_ws/install/mobile_sensor/share/mobile_sensor//node_modules/get-symbol-from-current-process-h
-- Installing: /home/ogan/ME461F25_LittleDaisies/project/ros_ws/install/mobile_sensor/share/mobile_sensor//node_modules/get-symbol-from-current-process-h/package.json
-- Installing: /home/ogan/ME461F25_LittleDaisies/project/ros_ws/install/mobile_sensor/share/mobile_sensor//node_modules/get-symbol-from-current-process-h/include
-- Installing: /home/ogan/ME461F25_LittleDaisies/project/ros_ws/install/mobile_sensor/share/mobile_sensor//node_modules/get-symbol-from-current-process-h/include/get-symbol-from-current-process.h
-- Installing: /home/ogan/ME461F25_LittleDaisies/project/ros_ws/install/mobile_sensor/share/mobile_sensor//node_modules/get-symbol-from-current-process-h/LICENSE
-- Installing: /home/ogan/ME461F25_LittleDaisies/project/ros_ws/install/mobile_sensor/share/mobile_sensor//node_modules/get-symbol-from-current-process-h/get-paths.js
-- Installing: /home/ogan/ME461F25_LittleDaisies/project/ros_ws/install/mobile_sensor/share/mobile_sensor//node_modules/get-symbol-from-current-process-h/code-of-conduct.md
-- Installing: /home/ogan/ME461F25_LittleDaisies/project/ros_ws/install/mobile_sensor/share/mobile_sensor//node_modules/get-symbol-from-current-process-h/README.md
-- Installing: /home/ogan/ME461F25_LittleDaisies/project/ros_ws/install/mobile_sensor/share/mobile_sensor//node_modules/get-symbol-from-current-process-h/appveyor.yml
-- Installing: /home/ogan/ME461F25_LittleDaisies/project/ros_ws/install/mobile_sensor/share/mobile_sensor//node_modules/get-symbol-from-current-process-h/.travis.yml
-- Installing: /home/ogan/ME461F25_LittleDaisies/project/ros_ws/install/mobile_sensor/share/mobile_sensor//node_modules/terser
-- Installing: /home/ogan/ME461F25_LittleDaisies/project/ros_ws/install/mobile_sensor/share/mobile_sensor//node_modules/terser/dist
-- Installing: /home/ogan/ME461F25_LittleDaisies/project/ros_ws/install/mobile_sensor/share/mobile_sensor//node_modules/terser/dist/package.json
-- Installing: /home/ogan/ME461F25_LittleDaisies/project/ros_ws/install/mobile_sensor/share/mobile_sensor//node_modules/terser/dist/bundle.min.js
-- Installing: /home/ogan/ME461F25_LittleDaisies/project/ros_ws/install/mobile_sensor/share/mobile_sensor//node_modules/terser/dist/.gitkeep
-- Installing: /home/ogan/ME461F25_LittleDaisies/project/ros_ws/install/mobile_sensor/share/mobile_sensor//node_modules/terser/main.js
-- Installing: /home/ogan/ME461F25_LittleDaisies/project/ros_ws/install/mobile_sensor/share/mobile_sensor//node_modules/terser/package.json
-- Installing: /home/ogan/ME461F25_LittleDaisies/project/ros_ws/install/mobile_sensor/share/mobile_sensor//node_modules/terser/LICENSE
-- Installing: /home/ogan/ME461F25_LittleDaisies/project/ros_ws/install/mobile_sensor/share/mobile_sensor//node_modules/terser/lib
-- Installing: /home/ogan/ME461F25_LittleDaisies/project/ros_ws/install/mobile_sensor/share/mobile_sensor//node_modules/terser/lib/cli.js
-- Installing: /home/ogan/ME461F25_LittleDaisies/project/ros_ws/install/mobile_sensor/share/mobile_sensor//node_modules/terser/lib/sourcemap.js
-- Installing: /home/ogan/ME461F25_LittleDaisies/project/ros_ws/install/mobile_sensor/share/mobile_sensor//node_modules/terser/lib/mozilla-ast.js
-- Installing: /home/ogan/ME461F25_LittleDaisies/project/ros_ws/install/mobile_sensor/share/mobile_sensor//node_modules/terser/lib/propmangle.js
-- Installing: /home/ogan/ME461F25_LittleDaisies/project/ros_ws/install/mobile_sensor/share/mobile_sensor//node_modules/terser/lib/ast.js
-- Installing: /home/ogan/ME461F25_LittleDaisies/project/ros_ws/install/mobile_sensor/share/mobile_sensor//node_modules/terser/lib/parse.js
-- Installing: /home/ogan/ME461F25_LittleDaisies/project/ros_ws/install/mobile_sensor/share/mobile_sensor//node_modules/terser/lib/size.js
-- Installing: /home/ogan/ME461F25_LittleDaisies/project/ros_ws/install/mobile_sensor/share/mobile_sensor//node_modules/terser/lib/scope.js
-- Installing: /home/ogan/ME461F25_LittleDaisies/project/ros_ws/install/mobile_sensor/share/mobile_sensor//node_modules/terser/lib/minify.js
-- Installing: /home/ogan/ME461F25_LittleDaisies/project/ros_ws/install/mobile_sensor/share/mobile_sensor//node_modules/terser/lib/compress
-- Installing: /home/ogan/ME461F25_LittleDaisies/project/ros_ws/install/mobile_sensor/share/mobile_sensor//node_modules/terser/lib/compress/common.js
-- Installing: /home/ogan/ME461F25_LittleDaisies/project/ros_ws/install/mobile_sensor/share/mobile_sensor//node_modules/terser/lib/compress/index.js
-- Installing: /home/ogan/ME461F25_LittleDaisies/project/ros_ws/install/mobile_sensor/share/mobile_sensor//node_modules/terser/lib/compress/native-objects.js
-- Installing: /home/ogan/ME461F25_LittleDaisies/project/ros_ws/install/mobile_sensor/share/mobile_sensor//node_modules/terser/lib/compress/reduce-vars.js
-- Installing: /home/ogan/ME461F25_LittleDaisies/project/ros_ws/install/mobile_sensor/share/mobile_sensor//node_modules/terser/lib/compress/compressor-flags.js
-- Installing: /home/ogan/ME461F25_LittleDaisies/project/ros_ws/install/mobile_sensor/share/mobile_sensor//node_modules/terser/lib/compress/global-defs.js
-- Installing: /home/ogan/ME461F25_LittleDaisies/project/ros_ws/install/mobile_sensor/share/mobile_sensor//node_modules/terser/lib/compress/drop-unused.js
-- Installing: /home/ogan/ME461F25_LittleDaisies/project/ros_ws/install/mobile_sensor/share/mobile_sensor//node_modules/terser/lib/compress/tighten-body.js
-- Installing: /home/ogan/ME461F25_LittleDaisies/project/ros_ws/install/mobile_sensor/share/mobile_sensor//node_modules/terser/lib/compress/drop-side-effect-free.js
-- Installing: /home/ogan/ME461F25_LittleDaisies/project/ros_ws/install/mobile_sensor/share/mobile_sensor//node_modules/terser/lib/compress/evaluate.js
-- Installing: /home/ogan/ME461F25_LittleDaisies/project/ros_ws/install/mobile_sensor/share/mobile_sensor//node_modules/terser/lib/compress/inline.js
-- Installing: /home/ogan/ME461F25_LittleDaisies/project/ros_ws/install/mobile_sensor/share/mobile_sensor//node_modules/terser/lib/compress/inference.js
-- Installing: /home/ogan/ME461F25_LittleDaisies/project/ros_ws/install/mobile_sensor/share/mobile_sensor//node_modules/terser/lib/output.js
-- Installing: /home/ogan/ME461F25_LittleDaisies/project/ros_ws/install/mobile_sensor/share/mobile_sensor//node_modules/terser/lib/transform.js
-- Installing: /home/ogan/ME461F25_LittleDaisies/project/ros_ws/install/mobile_sensor/share/mobile_sensor//node_modules/terser/lib/equivalent-to.js
-- Installing: /home/ogan/ME461F25_LittleDaisies/project/ros_ws/install/mobile_sensor/share/mobile_sensor//node_modules/terser/lib/utils
-- Installing: /home/ogan/ME461F25_LittleDaisies/project/ros_ws/install/mobile_sensor/share/mobile_sensor//node_modules/terser/lib/utils/index.js
-- Installing: /home/ogan/ME461F25_LittleDaisies/project/ros_ws/install/mobile_sensor/share/mobile_sensor//node_modules/terser/lib/utils/first_in_statement.js
-- Installing: /home/ogan/ME461F25_LittleDaisies/project/ros_ws/install/mobile_sensor/share/mobile_sensor//node_modules/terser/bin
-- Installing: /home/ogan/ME461F25_LittleDaisies/project/ros_ws/install/mobile_sensor/share/mobile_sensor//node_modules/terser/bin/uglifyjs
-- Installing: /home/ogan/ME461F25_LittleDaisies/project/ros_ws/install/mobile_sensor/share/mobile_sensor//node_modules/terser/bin/package.json
-- Installing: /home/ogan/ME461F25_LittleDaisies/project/ros_ws/install/mobile_sensor/share/mobile_sensor//node_modules/terser/bin/terser
-- Installing: /home/ogan/ME461F25_LittleDaisies/project/ros_ws/install/mobile_sensor/share/mobile_sensor//node_modules/terser/tools
-- Installing: /home/ogan/ME461F25_LittleDaisies/project/ros_ws/install/mobile_sensor/share/mobile_sensor//node_modules/terser/tools/exit.cjs
-- Installing: /home/ogan/ME461F25_LittleDaisies/project/ros_ws/install/mobile_sensor/share/mobile_sensor//node_modules/terser/tools/terser.d.ts
-- Installing: /home/ogan/ME461F25_LittleDaisies/project/ros_ws/install/mobile_sensor/share/mobile_sensor//node_modules/terser/tools/props.html
-- Installing: /home/ogan/ME461F25_LittleDaisies/project/ros_ws/install/mobile_sensor/share/mobile_sensor//node_modules/terser/tools/domprops.js
-- Installing: /home/ogan/ME461F25_LittleDaisies/project/ros_ws/install/mobile_sensor/share/mobile_sensor//node_modules/terser/CHANGELOG.md
-- Installing: /home/ogan/ME461F25_LittleDaisies/project/ros_ws/install/mobile_sensor/share/mobile_sensor//node_modules/terser/PATRONS.md
-- Installing: /home/ogan/ME461F25_LittleDaisies/project/ros_ws/install/mobile_sensor/share/mobile_sensor//node_modules/terser/README.md
-- Installing: /home/ogan/ME461F25_LittleDaisies/project/ros_ws/install/mobile_sensor/share/mobile_sensor//node_modules/accepts
-- Installing: /home/ogan/ME461F25_LittleDaisies/project/ros_ws/install/mobile_sensor/share/mobile_sensor//node_modules/accepts/package.json
-- Installing: /home/ogan/ME461F25_LittleDaisies/project/ros_ws/install/mobile_sensor/share/mobile_sensor//node_modules/accepts/LICENSE
-- Installing: /home/ogan/ME461F25_LittleDaisies/project/ros_ws/install/mobile_sensor/share/mobile_sensor//node_modules/accepts/index.js
-- Installing: /home/ogan/ME461F25_LittleDaisies/project/ros_ws/install/mobile_sensor/share/mobile_sensor//node_modules/accepts/HISTORY.md
-- Installing: /home/ogan/ME461F25_LittleDaisies/project/ros_ws/install/mobile_sensor/share/mobile_sensor//node_modules/accepts/README.md
-- Installing: /home/ogan/ME461F25_LittleDaisies/project/ros_ws/install/mobile_sensor/share/mobile_sensor//node_modules/get-intrinsic
-- Installing: /home/ogan/ME461F25_LittleDaisies/project/ros_ws/install/mobile_sensor/share/mobile_sensor//node_modules/get-intrinsic/.eslintrc
-- Installing: /home/ogan/ME461F25_LittleDaisies/project/ros_ws/install/mobile_sensor/share/mobile_sensor//node_modules/get-intrinsic/package.json
-- Installing: /home/ogan/ME461F25_LittleDaisies/project/ros_ws/install/mobile_sensor/share/mobile_sensor//node_modules/get-intrinsic/LICENSE
-- Installing: /home/ogan/ME461F25_LittleDaisies/project/ros_ws/install/mobile_sensor/share/mobile_sensor//node_modules/get-intrinsic/index.js
-- Installing: /home/ogan/ME461F25_LittleDaisies/project/ros_ws/install/mobile_sensor/share/mobile_sensor//node_modules/get-intrinsic/CHANGELOG.md
-- Installing: /home/ogan/ME461F25_LittleDaisies/project/ros_ws/install/mobile_sensor/share/mobile_sensor//node_modules/get-intrinsic/test
-- Installing: /home/ogan/ME461F25_LittleDaisies/project/ros_ws/install/mobile_sensor/share/mobile_sensor//node_modules/get-intrinsic/test/GetIntrinsic.js
-- Installing: /home/ogan/ME461F25_LittleDaisies/project/ros_ws/install/mobile_sensor/share/mobile_sensor//node_modules/get-intrinsic/README.md
-- Installing: /home/ogan/ME461F25_LittleDaisies/project/ros_ws/install/mobile_sensor/share/mobile_sensor//node_modules/get-intrinsic/.github
-- Installing: /home/ogan/ME461F25_LittleDaisies/project/ros_ws/install/mobile_sensor/share/mobile_sensor//node_modules/get-intrinsic/.github/FUNDING.yml
-- Installing: /home/ogan/ME461F25_LittleDaisies/project/ros_ws/install/mobile_sensor/share/mobile_sensor//node_modules/get-intrinsic/.nycrc
-- Installing: /home/ogan/ME461F25_LittleDaisies/project/ros_ws/install/mobile_sensor/share/mobile_sensor//node_modules/hasown
-- Installing: /home/ogan/ME461F25_LittleDaisies/project/ros_ws/install/mobile_sensor/share/mobile_sensor//node_modules/hasown/.eslintrc
-- Installing: /home/ogan/ME461F25_LittleDaisies/project/ros_ws/install/mobile_sensor/share/mobile_sensor//node_modules/hasown/package.json
-- Installing: /home/ogan/ME461F25_LittleDaisies/project/ros_ws/install/mobile_sensor/share/mobile_sensor//node_modules/hasown/LICENSE
-- Installing: /home/ogan/ME461F25_LittleDaisies/project/ros_ws/install/mobile_sensor/share/mobile_sensor//node_modules/hasown/index.js
-- Installing: /home/ogan/ME461F25_LittleDaisies/project/ros_ws/install/mobile_sensor/share/mobile_sensor//node_modules/hasown/index.d.ts
-- Installing: /home/ogan/ME461F25_LittleDaisies/project/ros_ws/install/mobile_sensor/share/mobile_sensor//node_modules/hasown/CHANGELOG.md
-- Installing: /home/ogan/ME461F25_LittleDaisies/project/ros_ws/install/mobile_sensor/share/mobile_sensor//node_modules/hasown/tsconfig.json
-- Installing: /home/ogan/ME461F25_LittleDaisies/project/ros_ws/install/mobile_sensor/share/mobile_sensor//node_modules/hasown/README.md
-- Installing: /home/ogan/ME461F25_LittleDaisies/project/ros_ws/install/mobile_sensor/share/mobile_sensor//node_modules/hasown/.github
-- Installing: /home/ogan/ME461F25_LittleDaisies/project/ros_ws/install/mobile_sensor/share/mobile_sensor//node_modules/hasown/.github/FUNDING.yml
-- Installing: /home/ogan/ME461F25_LittleDaisies/project/ros_ws/install/mobile_sensor/share/mobile_sensor//node_modules/hasown/.nycrc
-- Installing: /home/ogan/ME461F25_LittleDaisies/project/ros_ws/install/mobile_sensor/share/mobile_sensor//node_modules/event-emitter
-- Installing: /home/ogan/ME461F25_LittleDaisies/project/ros_ws/install/mobile_sensor/share/mobile_sensor//node_modules/event-emitter/pipe.js
-- Installing: /home/ogan/ME461F25_LittleDaisies/project/ros_ws/install/mobile_sensor/share/mobile_sensor//node_modules/event-emitter/.npmignore
-- Installing: /home/ogan/ME461F25_LittleDaisies/project/ros_ws/install/mobile_sensor/share/mobile_sensor//node_modules/event-emitter/package.json
-- Installing: /home/ogan/ME461F25_LittleDaisies/project/ros_ws/install/mobile_sensor/share/mobile_sensor//node_modules/event-emitter/all-off.js
-- Installing: /home/ogan/ME461F25_LittleDaisies/project/ros_ws/install/mobile_sensor/share/mobile_sensor//node_modules/event-emitter/LICENSE
-- Installing: /home/ogan/ME461F25_LittleDaisies/project/ros_ws/install/mobile_sensor/share/mobile_sensor//node_modules/event-emitter/index.js
-- Installing: /home/ogan/ME461F25_LittleDaisies/project/ros_ws/install/mobile_sensor/share/mobile_sensor//node_modules/event-emitter/benchmark
-- Installing: /home/ogan/ME461F25_LittleDaisies/project/ros_ws/install/mobile_sensor/share/mobile_sensor//node_modules/event-emitter/benchmark/many-on.js
-- Installing: /home/ogan/ME461F25_LittleDaisies/project/ros_ws/install/mobile_sensor/share/mobile_sensor//node_modules/event-emitter/benchmark/single-on.js
-- Installing: /home/ogan/ME461F25_LittleDaisies/project/ros_ws/install/mobile_sensor/share/mobile_sensor//node_modules/event-emitter/.lint
-- Installing: /home/ogan/ME461F25_LittleDaisies/project/ros_ws/install/mobile_sensor/share/mobile_sensor//node_modules/event-emitter/unify.js
-- Installing: /home/ogan/ME461F25_LittleDaisies/project/ros_ws/install/mobile_sensor/share/mobile_sensor//node_modules/event-emitter/test
-- Installing: /home/ogan/ME461F25_LittleDaisies/project/ros_ws/install/mobile_sensor/share/mobile_sensor//node_modules/event-emitter/test/pipe.js
-- Installing: /home/ogan/ME461F25_LittleDaisies/project/ros_ws/install/mobile_sensor/share/mobile_sensor//node_modules/event-emitter/test/all-off.js
-- Installing: /home/ogan/ME461F25_LittleDaisies/project/ros_ws/install/mobile_sensor/share/mobile_sensor//node_modules/event-emitter/test/index.js
-- Installing: /home/ogan/ME461F25_LittleDaisies/project/ros_ws/install/mobile_sensor/share/mobile_sensor//node_modules/event-emitter/test/unify.js
-- Installing: /home/ogan/ME461F25_LittleDaisies/project/ros_ws/install/mobile_sensor/share/mobile_sensor//node_modules/event-emitter/test/emit-error.js
-- Installing: /home/ogan/ME461F25_LittleDaisies/project/ros_ws/install/mobile_sensor/share/mobile_sensor//node_modules/event-emitter/test/has-listeners.js
-- Installing: /home/ogan/ME461F25_LittleDaisies/project/ros_ws/install/mobile_sensor/share/mobile_sensor//node_modules/event-emitter/emit-error.js
-- Installing: /home/ogan/ME461F25_LittleDaisies/project/ros_ws/install/mobile_sensor/share/mobile_sensor//node_modules/event-emitter/README.md
-- Installing: /home/ogan/ME461F25_LittleDaisies/project/ros_ws/install/mobile_sensor/share/mobile_sensor//node_modules/event-emitter/.testignore
-- Installing: /home/ogan/ME461F25_LittleDaisies/project/ros_ws/install/mobile_sensor/share/mobile_sensor//node_modules/event-emitter/.travis.yml
-- Installing: /home/ogan/ME461F25_LittleDaisies/project/ros_ws/install/mobile_sensor/share/mobile_sensor//node_modules/event-emitter/CHANGES
-- Installing: /home/ogan/ME461F25_LittleDaisies/project/ros_ws/install/mobile_sensor/share/mobile_sensor//node_modules/event-emitter/has-listeners.js
-- Installing: /home/ogan/ME461F25_LittleDaisies/project/ros_ws/install/mobile_sensor/share/mobile_sensor//node_modules/is-close
-- Installing: /home/ogan/ME461F25_LittleDaisies/project/ros_ws/install/mobile_sensor/share/mobile_sensor//node_modules/is-close/dist
-- Installing: /home/ogan/ME461F25_LittleDaisies/project/ros_ws/install/mobile_sensor/share/mobile_sensor//node_modules/is-close/dist/isclose.scalers.js
-- Installing: /home/ogan/ME461F25_LittleDaisies/project/ros_ws/install/mobile_sensor/share/mobile_sensor//node_modules/is-close/dist/isclose.scalers.spec.js
-- Installing: /home/ogan/ME461F25_LittleDaisies/project/ros_ws/install/mobile_sensor/share/mobile_sensor//node_modules/is-close/dist/isclose.d.ts
-- Installing: /home/ogan/ME461F25_LittleDaisies/project/ros_ws/install/mobile_sensor/share/mobile_sensor//node_modules/is-close/dist/isclose.scalers.d.ts
-- Installing: /home/ogan/ME461F25_LittleDaisies/project/ros_ws/install/mobile_sensor/share/mobile_sensor//node_modules/is-close/dist/isclose.scaler.js
-- Installing: /home/ogan/ME461F25_LittleDaisies/project/ros_ws/install/mobile_sensor/share/mobile_sensor//node_modules/is-close/dist/isclose.spec.d.ts
-- Installing: /home/ogan/ME461F25_LittleDaisies/project/ros_ws/install/mobile_sensor/share/mobile_sensor//node_modules/is-close/dist/index.spec.js
-- Installing: /home/ogan/ME461F25_LittleDaisies/project/ros_ws/install/mobile_sensor/share/mobile_sensor//node_modules/is-close/dist/isclose.spec.js
-- Installing: /home/ogan/ME461F25_LittleDaisies/project/ros_ws/install/mobile_sensor/share/mobile_sensor//node_modules/is-close/dist/index.js
-- Installing: /home/ogan/ME461F25_LittleDaisies/project/ros_ws/install/mobile_sensor/share/mobile_sensor//node_modules/is-close/dist/isclose.scaler.d.ts
-- Installing: /home/ogan/ME461F25_LittleDaisies/project/ros_ws/install/mobile_sensor/share/mobile_sensor//node_modules/is-close/dist/isclose.scalers.spec.d.ts
-- Installing: /home/ogan/ME461F25_LittleDaisies/project/ros_ws/install/mobile_sensor/share/mobile_sensor//node_modules/is-close/dist/index.d.ts
-- Installing: /home/ogan/ME461F25_LittleDaisies/project/ros_ws/install/mobile_sensor/share/mobile_sensor//node_modules/is-close/dist/index.spec.d.ts
-- Installing: /home/ogan/ME461F25_LittleDaisies/project/ros_ws/install/mobile_sensor/share/mobile_sensor//node_modules/is-close/dist/isclose.js
-- Installing: /home/ogan/ME461F25_LittleDaisies/project/ros_ws/install/mobile_sensor/share/mobile_sensor//node_modules/is-close/package.json
-- Installing: /home/ogan/ME461F25_LittleDaisies/project/ros_ws/install/mobile_sensor/share/mobile_sensor//node_modules/is-close/LICENSE
-- Installing: /home/ogan/ME461F25_LittleDaisies/project/ros_ws/install/mobile_sensor/share/mobile_sensor//node_modules/is-close/tslint.json
-- Installing: /home/ogan/ME461F25_LittleDaisies/project/ros_ws/install/mobile_sensor/share/mobile_sensor//node_modules/is-close/README.md
-- Installing: /home/ogan/ME461F25_LittleDaisies/project/ros_ws/install/mobile_sensor/share/mobile_sensor//node_modules/qs
-- Installing: /home/ogan/ME461F25_LittleDaisies/project/ros_ws/install/mobile_sensor/share/mobile_sensor//node_modules/qs/dist
-- Installing: /home/ogan/ME461F25_LittleDaisies/project/ros_ws/install/mobile_sensor/share/mobile_sensor//node_modules/qs/dist/qs.js
-- Installing: /home/ogan/ME461F25_LittleDaisies/project/ros_ws/install/mobile_sensor/share/mobile_sensor//node_modules/qs/.editorconfig
-- Installing: /home/ogan/ME461F25_LittleDaisies/project/ros_ws/install/mobile_sensor/share/mobile_sensor//node_modules/qs/package.json
-- Installing: /home/ogan/ME461F25_LittleDaisies/project/ros_ws/install/mobile_sensor/share/mobile_sensor//node_modules/qs/LICENSE.md
-- Installing: /home/ogan/ME461F25_LittleDaisies/project/ros_ws/install/mobile_sensor/share/mobile_sensor//node_modules/qs/lib
-- Installing: /home/ogan/ME461F25_LittleDaisies/project/ros_ws/install/mobile_sensor/share/mobile_sensor//node_modules/qs/lib/formats.js
-- Installing: /home/ogan/ME461F25_LittleDaisies/project/ros_ws/install/mobile_sensor/share/mobile_sensor//node_modules/qs/lib/utils.js
-- Installing: /home/ogan/ME461F25_LittleDaisies/project/ros_ws/install/mobile_sensor/share/mobile_sensor//node_modules/qs/lib/parse.js
-- Installing: /home/ogan/ME461F25_LittleDaisies/project/ros_ws/install/mobile_sensor/share/mobile_sensor//node_modules/qs/lib/stringify.js
-- Installing: /home/ogan/ME461F25_LittleDaisies/project/ros_ws/install/mobile_sensor/share/mobile_sensor//node_modules/qs/lib/index.js
-- Installing: /home/ogan/ME461F25_LittleDaisies/project/ros_ws/install/mobile_sensor/share/mobile_sensor//node_modules/qs/CHANGELOG.md
-- Installing: /home/ogan/ME461F25_LittleDaisies/project/ros_ws/install/mobile_sensor/share/mobile_sensor//node_modules/qs/test
-- Installing: /home/ogan/ME461F25_LittleDaisies/project/ros_ws/install/mobile_sensor/share/mobile_sensor//node_modules/qs/test/utils.js
-- Installing: /home/ogan/ME461F25_LittleDaisies/project/ros_ws/install/mobile_sensor/share/mobile_sensor//node_modules/qs/test/empty-keys-cases.js
-- Installing: /home/ogan/ME461F25_LittleDaisies/project/ros_ws/install/mobile_sensor/share/mobile_sensor//node_modules/qs/test/parse.js
-- Installing: /home/ogan/ME461F25_LittleDaisies/project/ros_ws/install/mobile_sensor/share/mobile_sensor//node_modules/qs/test/stringify.js
-- Installing: /home/ogan/ME461F25_LittleDaisies/project/ros_ws/install/mobile_sensor/share/mobile_sensor//node_modules/qs/eslint.config.mjs
-- Installing: /home/ogan/ME461F25_LittleDaisies/project/ros_ws/install/mobile_sensor/share/mobile_sensor//node_modules/qs/README.md
-- Installing: /home/ogan/ME461F25_LittleDaisies/project/ros_ws/install/mobile_sensor/share/mobile_sensor//node_modules/qs/.github
-- Installing: /home/ogan/ME461F25_LittleDaisies/project/ros_ws/install/mobile_sensor/share/mobile_sensor//node_modules/qs/.github/SECURITY.md
-- Installing: /home/ogan/ME461F25_LittleDaisies/project/ros_ws/install/mobile_sensor/share/mobile_sensor//node_modules/qs/.github/FUNDING.yml
-- Installing: /home/ogan/ME461F25_LittleDaisies/project/ros_ws/install/mobile_sensor/share/mobile_sensor//node_modules/qs/.github/THREAT_MODEL.md
-- Installing: /home/ogan/ME461F25_LittleDaisies/project/ros_ws/install/mobile_sensor/share/mobile_sensor//node_modules/qs/.nycrc
-- Installing: /home/ogan/ME461F25_LittleDaisies/project/ros_ws/install/mobile_sensor/share/mobile_sensor//node_modules/esniff
-- Installing: /home/ogan/ME461F25_LittleDaisies/project/ros_ws/install/mobile_sensor/share/mobile_sensor//node_modules/esniff/.prettierignore
-- Installing: /home/ogan/ME461F25_LittleDaisies/project/ros_ws/install/mobile_sensor/share/mobile_sensor//node_modules/esniff/package.json
-- Installing: /home/ogan/ME461F25_LittleDaisies/project/ros_ws/install/mobile_sensor/share/mobile_sensor//node_modules/esniff/resolve-concat.js
-- Installing: /home/ogan/ME461F25_LittleDaisies/project/ros_ws/install/mobile_sensor/share/mobile_sensor//node_modules/esniff/LICENSE
-- Installing: /home/ogan/ME461F25_LittleDaisies/project/ros_ws/install/mobile_sensor/share/mobile_sensor//node_modules/esniff/index.js
-- Installing: /home/ogan/ME461F25_LittleDaisies/project/ros_ws/install/mobile_sensor/share/mobile_sensor//node_modules/esniff/lib
-- Installing: /home/ogan/ME461F25_LittleDaisies/project/ros_ws/install/mobile_sensor/share/mobile_sensor//node_modules/esniff/lib/ws.js
-- Installing: /home/ogan/ME461F25_LittleDaisies/project/ros_ws/install/mobile_sensor/share/mobile_sensor//node_modules/esniff/lib/ident-start-pattern.js
-- Installing: /home/ogan/ME461F25_LittleDaisies/project/ros_ws/install/mobile_sensor/share/mobile_sensor//node_modules/esniff/lib/ws-eol.js
-- Installing: /home/ogan/ME461F25_LittleDaisies/project/ros_ws/install/mobile_sensor/share/mobile_sensor//node_modules/esniff/lib/ident-next-pattern.js
-- Installing: /home/ogan/ME461F25_LittleDaisies/project/ros_ws/install/mobile_sensor/share/mobile_sensor//node_modules/esniff/lib/ws-inline.js
-- Installing: /home/ogan/ME461F25_LittleDaisies/project/ros_ws/install/mobile_sensor/share/mobile_sensor//node_modules/esniff/resolve-arguments.js
-- Installing: /home/ogan/ME461F25_LittleDaisies/project/ros_ws/install/mobile_sensor/share/mobile_sensor//node_modules/esniff/resolve-separated.js
-- Installing: /home/ogan/ME461F25_LittleDaisies/project/ros_ws/install/mobile_sensor/share/mobile_sensor//node_modules/esniff/CHANGELOG.md
-- Installing: /home/ogan/ME461F25_LittleDaisies/project/ros_ws/install/mobile_sensor/share/mobile_sensor//node_modules/esniff/function.js
-- Installing: /home/ogan/ME461F25_LittleDaisies/project/ros_ws/install/mobile_sensor/share/mobile_sensor//node_modules/esniff/accessed-properties.js
-- Installing: /home/ogan/ME461F25_LittleDaisies/project/ros_ws/install/mobile_sensor/share/mobile_sensor//node_modules/esniff/README.md
-- Installing: /home/ogan/ME461F25_LittleDaisies/project/ros_ws/install/mobile_sensor/share/mobile_sensor//node_modules/esniff/.testignore
-- Installing: /home/ogan/ME461F25_LittleDaisies/project/ros_ws/install/mobile_sensor/share/mobile_sensor//node_modules/esniff/strip-comments.js
-- Installing: /home/ogan/ME461F25_LittleDaisies/project/ros_ws/install/mobile_sensor/share/mobile_sensor//node_modules/esniff/utils
-- Installing: /home/ogan/ME461F25_LittleDaisies/project/ros_ws/install/mobile_sensor/share/mobile_sensor//node_modules/esniff/utils/is-variable-name.js
-- Installing: /home/ogan/ME461F25_LittleDaisies/project/ros_ws/install/mobile_sensor/share/mobile_sensor//node_modules/esniff/utils/is-string-literal.js
-- Installing: /home/ogan/ME461F25_LittleDaisies/project/ros_ws/install/mobile_sensor/share/mobile_sensor//node_modules/esniff/utils/ensure-string-literal.js
-- Installing: /home/ogan/ME461F25_LittleDaisies/project/ros_ws/install/mobile_sensor/share/mobile_sensor//node_modules/esniff/CHANGES
-- Installing: /home/ogan/ME461F25_LittleDaisies/project/ros_ws/install/mobile_sensor/share/mobile_sensor//node_modules/send
-- Installing: /home/ogan/ME461F25_LittleDaisies/project/ros_ws/install/mobile_sensor/share/mobile_sensor//node_modules/send/node_modules
-- Installing: /home/ogan/ME461F25_LittleDaisies/project/ros_ws/install/mobile_sensor/share/mobile_sensor//node_modules/send/node_modules/ms
-- Installing: /home/ogan/ME461F25_LittleDaisies/project/ros_ws/install/mobile_sensor/share/mobile_sensor//node_modules/send/node_modules/ms/package.json
-- Installing: /home/ogan/ME461F25_LittleDaisies/project/ros_ws/install/mobile_sensor/share/mobile_sensor//node_modules/send/node_modules/ms/index.js
-- Installing: /home/ogan/ME461F25_LittleDaisies/project/ros_ws/install/mobile_sensor/share/mobile_sensor//node_modules/send/node_modules/ms/license.md
-- Installing: /home/ogan/ME461F25_LittleDaisies/project/ros_ws/install/mobile_sensor/share/mobile_sensor//node_modules/send/node_modules/ms/readme.md
-- Installing: /home/ogan/ME461F25_LittleDaisies/project/ros_ws/install/mobile_sensor/share/mobile_sensor//node_modules/send/SECURITY.md
-- Installing: /home/ogan/ME461F25_LittleDaisies/project/ros_ws/install/mobile_sensor/share/mobile_sensor//node_modules/send/package.json
-- Installing: /home/ogan/ME461F25_LittleDaisies/project/ros_ws/install/mobile_sensor/share/mobile_sensor//node_modules/send/LICENSE
-- Installing: /home/ogan/ME461F25_LittleDaisies/project/ros_ws/install/mobile_sensor/share/mobile_sensor//node_modules/send/index.js
-- Installing: /home/ogan/ME461F25_LittleDaisies/project/ros_ws/install/mobile_sensor/share/mobile_sensor//node_modules/send/HISTORY.md
-- Installing: /home/ogan/ME461F25_LittleDaisies/project/ros_ws/install/mobile_sensor/share/mobile_sensor//node_modules/send/README.md
-- Installing: /home/ogan/ME461F25_LittleDaisies/project/ros_ws/install/mobile_sensor/share/mobile_sensor//node_modules/vary
-- Installing: /home/ogan/ME461F25_LittleDaisies/project/ros_ws/install/mobile_sensor/share/mobile_sensor//node_modules/vary/package.json
-- Installing: /home/ogan/ME461F25_LittleDaisies/project/ros_ws/install/mobile_sensor/share/mobile_sensor//node_modules/vary/LICENSE
-- Installing: /home/ogan/ME461F25_LittleDaisies/project/ros_ws/install/mobile_sensor/share/mobile_sensor//node_modules/vary/index.js
-- Installing: /home/ogan/ME461F25_LittleDaisies/project/ros_ws/install/mobile_sensor/share/mobile_sensor//node_modules/vary/HISTORY.md
-- Installing: /home/ogan/ME461F25_LittleDaisies/project/ros_ws/install/mobile_sensor/share/mobile_sensor//node_modules/vary/README.md
-- Installing: /home/ogan/ME461F25_LittleDaisies/project/ros_ws/install/mobile_sensor/share/mobile_sensor//node_modules/content-type
-- Installing: /home/ogan/ME461F25_LittleDaisies/project/ros_ws/install/mobile_sensor/share/mobile_sensor//node_modules/content-type/package.json
-- Installing: /home/ogan/ME461F25_LittleDaisies/project/ros_ws/install/mobile_sensor/share/mobile_sensor//node_modules/content-type/LICENSE
-- Installing: /home/ogan/ME461F25_LittleDaisies/project/ros_ws/install/mobile_sensor/share/mobile_sensor//node_modules/content-type/index.js
-- Installing: /home/ogan/ME461F25_LittleDaisies/project/ros_ws/install/mobile_sensor/share/mobile_sensor//node_modules/content-type/HISTORY.md
-- Installing: /home/ogan/ME461F25_LittleDaisies/project/ros_ws/install/mobile_sensor/share/mobile_sensor//node_modules/content-type/README.md
-- Installing: /home/ogan/ME461F25_LittleDaisies/project/ros_ws/install/mobile_sensor/share/mobile_sensor//node_modules/forwarded
-- Installing: /home/ogan/ME461F25_LittleDaisies/project/ros_ws/install/mobile_sensor/share/mobile_sensor//node_modules/forwarded/package.json
-- Installing: /home/ogan/ME461F25_LittleDaisies/project/ros_ws/install/mobile_sensor/share/mobile_sensor//node_modules/forwarded/LICENSE
-- Installing: /home/ogan/ME461F25_LittleDaisies/project/ros_ws/install/mobile_sensor/share/mobile_sensor//node_modules/forwarded/index.js
-- Installing: /home/ogan/ME461F25_LittleDaisies/project/ros_ws/install/mobile_sensor/share/mobile_sensor//node_modules/forwarded/HISTORY.md
-- Installing: /home/ogan/ME461F25_LittleDaisies/project/ros_ws/install/mobile_sensor/share/mobile_sensor//node_modules/forwarded/README.md
-- Installing: /home/ogan/ME461F25_LittleDaisies/project/ros_ws/install/mobile_sensor/share/mobile_sensor//node_modules/es6-iterator
-- Installing: /home/ogan/ME461F25_LittleDaisies/project/ros_ws/install/mobile_sensor/share/mobile_sensor//node_modules/es6-iterator/array.js
-- Installing: /home/ogan/ME461F25_LittleDaisies/project/ros_ws/install/mobile_sensor/share/mobile_sensor//node_modules/es6-iterator/.npmignore
-- Installing: /home/ogan/ME461F25_LittleDaisies/project/ros_ws/install/mobile_sensor/share/mobile_sensor//node_modules/es6-iterator/.editorconfig
-- Installing: /home/ogan/ME461F25_LittleDaisies/project/ros_ws/install/mobile_sensor/share/mobile_sensor//node_modules/es6-iterator/string.js
-- Installing: /home/ogan/ME461F25_LittleDaisies/project/ros_ws/install/mobile_sensor/share/mobile_sensor//node_modules/es6-iterator/for-of.js
-- Installing: /home/ogan/ME461F25_LittleDaisies/project/ros_ws/install/mobile_sensor/share/mobile_sensor//node_modules/es6-iterator/package.json
-- Installing: /home/ogan/ME461F25_LittleDaisies/project/ros_ws/install/mobile_sensor/share/mobile_sensor//node_modules/es6-iterator/LICENSE
-- Installing: /home/ogan/ME461F25_LittleDaisies/project/ros_ws/install/mobile_sensor/share/mobile_sensor//node_modules/es6-iterator/index.js
-- Installing: /home/ogan/ME461F25_LittleDaisies/project/ros_ws/install/mobile_sensor/share/mobile_sensor//node_modules/es6-iterator/is-iterable.js
-- Installing: /home/ogan/ME461F25_LittleDaisies/project/ros_ws/install/mobile_sensor/share/mobile_sensor//node_modules/es6-iterator/get.js
-- Installing: /home/ogan/ME461F25_LittleDaisies/project/ros_ws/install/mobile_sensor/share/mobile_sensor//node_modules/es6-iterator/valid-iterable.js
-- Installing: /home/ogan/ME461F25_LittleDaisies/project/ros_ws/install/mobile_sensor/share/mobile_sensor//node_modules/es6-iterator/CHANGELOG.md
-- Installing: /home/ogan/ME461F25_LittleDaisies/project/ros_ws/install/mobile_sensor/share/mobile_sensor//node_modules/es6-iterator/test
-- Installing: /home/ogan/ME461F25_LittleDaisies/project/ros_ws/install/mobile_sensor/share/mobile_sensor//node_modules/es6-iterator/test/.eslintrc.json
-- Installing: /home/ogan/ME461F25_LittleDaisies/project/ros_ws/install/mobile_sensor/share/mobile_sensor//node_modules/es6-iterator/test/array.js
-- Installing: /home/ogan/ME461F25_LittleDaisies/project/ros_ws/install/mobile_sensor/share/mobile_sensor//node_modules/es6-iterator/test/string.js
-- Installing: /home/ogan/ME461F25_LittleDaisies/project/ros_ws/install/mobile_sensor/share/mobile_sensor//node_modules/es6-iterator/test/for-of.js
-- Installing: /home/ogan/ME461F25_LittleDaisies/project/ros_ws/install/mobile_sensor/share/mobile_sensor//node_modules/es6-iterator/test/index.js
-- Installing: /home/ogan/ME461F25_LittleDaisies/project/ros_ws/install/mobile_sensor/share/mobile_sensor//node_modules/es6-iterator/test/is-iterable.js
-- Installing: /home/ogan/ME461F25_LittleDaisies/project/ros_ws/install/mobile_sensor/share/mobile_sensor//node_modules/es6-iterator/test/get.js
-- Installing: /home/ogan/ME461F25_LittleDaisies/project/ros_ws/install/mobile_sensor/share/mobile_sensor//node_modules/es6-iterator/test/valid-iterable.js
-- Installing: /home/ogan/ME461F25_LittleDaisies/project/ros_ws/install/mobile_sensor/share/mobile_sensor//node_modules/es6-iterator/test/#
-- Installing: /home/ogan/ME461F25_LittleDaisies/project/ros_ws/install/mobile_sensor/share/mobile_sensor//node_modules/es6-iterator/test/#/chain.js
-- Installing: /home/ogan/ME461F25_LittleDaisies/project/ros_ws/install/mobile_sensor/share/mobile_sensor//node_modules/es6-iterator/README.md
-- Installing: /home/ogan/ME461F25_LittleDaisies/project/ros_ws/install/mobile_sensor/share/mobile_sensor//node_modules/es6-iterator/appveyor.yml
-- Installing: /home/ogan/ME461F25_LittleDaisies/project/ros_ws/install/mobile_sensor/share/mobile_sensor//node_modules/es6-iterator/CHANGES
-- Installing: /home/ogan/ME461F25_LittleDaisies/project/ros_ws/install/mobile_sensor/share/mobile_sensor//node_modules/es6-iterator/#
-- Installing: /home/ogan/ME461F25_LittleDaisies/project/ros_ws/install/mobile_sensor/share/mobile_sensor//node_modules/es6-iterator/#/chain.js
-- Installing: /home/ogan/ME461F25_LittleDaisies/project/ros_ws/install/mobile_sensor/share/mobile_sensor//node_modules/range-parser
-- Installing: /home/ogan/ME461F25_LittleDaisies/project/ros_ws/install/mobile_sensor/share/mobile_sensor//node_modules/range-parser/package.json
-- Installing: /home/ogan/ME461F25_LittleDaisies/project/ros_ws/install/mobile_sensor/share/mobile_sensor//node_modules/range-parser/LICENSE
-- Installing: /home/ogan/ME461F25_LittleDaisies/project/ros_ws/install/mobile_sensor/share/mobile_sensor//node_modules/range-parser/index.js
-- Installing: /home/ogan/ME461F25_LittleDaisies/project/ros_ws/install/mobile_sensor/share/mobile_sensor//node_modules/range-parser/HISTORY.md
-- Installing: /home/ogan/ME461F25_LittleDaisies/project/ros_ws/install/mobile_sensor/share/mobile_sensor//node_modules/range-parser/README.md
-- Installing: /home/ogan/ME461F25_LittleDaisies/project/ros_ws/install/mobile_sensor/share/mobile_sensor//node_modules/call-bind-apply-helpers
-- Installing: /home/ogan/ME461F25_LittleDaisies/project/ros_ws/install/mobile_sensor/share/mobile_sensor//node_modules/call-bind-apply-helpers/actualApply.d.ts
-- Installing: /home/ogan/ME461F25_LittleDaisies/project/ros_ws/install/mobile_sensor/share/mobile_sensor//node_modules/call-bind-apply-helpers/actualApply.js
-- Installing: /home/ogan/ME461F25_LittleDaisies/project/ros_ws/install/mobile_sensor/share/mobile_sensor//node_modules/call-bind-apply-helpers/.eslintrc
-- Installing: /home/ogan/ME461F25_LittleDaisies/project/ros_ws/install/mobile_sensor/share/mobile_sensor//node_modules/call-bind-apply-helpers/package.json
-- Installing: /home/ogan/ME461F25_LittleDaisies/project/ros_ws/install/mobile_sensor/share/mobile_sensor//node_modules/call-bind-apply-helpers/functionApply.d.ts
-- Installing: /home/ogan/ME461F25_LittleDaisies/project/ros_ws/install/mobile_sensor/share/mobile_sensor//node_modules/call-bind-apply-helpers/LICENSE
-- Installing: /home/ogan/ME461F25_LittleDaisies/project/ros_ws/install/mobile_sensor/share/mobile_sensor//node_modules/call-bind-apply-helpers/index.js
-- Installing: /home/ogan/ME461F25_LittleDaisies/project/ros_ws/install/mobile_sensor/share/mobile_sensor//node_modules/call-bind-apply-helpers/reflectApply.d.ts
-- Installing: /home/ogan/ME461F25_LittleDaisies/project/ros_ws/install/mobile_sensor/share/mobile_sensor//node_modules/call-bind-apply-helpers/applyBind.js
-- Installing: /home/ogan/ME461F25_LittleDaisies/project/ros_ws/install/mobile_sensor/share/mobile_sensor//node_modules/call-bind-apply-helpers/functionApply.js
-- Installing: /home/ogan/ME461F25_LittleDaisies/project/ros_ws/install/mobile_sensor/share/mobile_sensor//node_modules/call-bind-apply-helpers/index.d.ts
-- Installing: /home/ogan/ME461F25_LittleDaisies/project/ros_ws/install/mobile_sensor/share/mobile_sensor//node_modules/call-bind-apply-helpers/CHANGELOG.md
-- Installing: /home/ogan/ME461F25_LittleDaisies/project/ros_ws/install/mobile_sensor/share/mobile_sensor//node_modules/call-bind-apply-helpers/tsconfig.json
-- Installing: /home/ogan/ME461F25_LittleDaisies/project/ros_ws/install/mobile_sensor/share/mobile_sensor//node_modules/call-bind-apply-helpers/functionCall.js
-- Installing: /home/ogan/ME461F25_LittleDaisies/project/ros_ws/install/mobile_sensor/share/mobile_sensor//node_modules/call-bind-apply-helpers/test
-- Installing: /home/ogan/ME461F25_LittleDaisies/project/ros_ws/install/mobile_sensor/share/mobile_sensor//node_modules/call-bind-apply-helpers/test/index.js
-- Installing: /home/ogan/ME461F25_LittleDaisies/project/ros_ws/install/mobile_sensor/share/mobile_sensor//node_modules/call-bind-apply-helpers/README.md
-- Installing: /home/ogan/ME461F25_LittleDaisies/project/ros_ws/install/mobile_sensor/share/mobile_sensor//node_modules/call-bind-apply-helpers/.github
-- Installing: /home/ogan/ME461F25_LittleDaisies/project/ros_ws/install/mobile_sensor/share/mobile_sensor//node_modules/call-bind-apply-helpers/.github/FUNDING.yml
-- Installing: /home/ogan/ME461F25_LittleDaisies/project/ros_ws/install/mobile_sensor/share/mobile_sensor//node_modules/call-bind-apply-helpers/.nycrc
-- Installing: /home/ogan/ME461F25_LittleDaisies/project/ros_ws/install/mobile_sensor/share/mobile_sensor//node_modules/call-bind-apply-helpers/applyBind.d.ts
-- Installing: /home/ogan/ME461F25_LittleDaisies/project/ros_ws/install/mobile_sensor/share/mobile_sensor//node_modules/call-bind-apply-helpers/functionCall.d.ts
-- Installing: /home/ogan/ME461F25_LittleDaisies/project/ros_ws/install/mobile_sensor/share/mobile_sensor//node_modules/call-bind-apply-helpers/reflectApply.js
-- Installing: /home/ogan/ME461F25_LittleDaisies/project/ros_ws/install/mobile_sensor/share/mobile_sensor//node_modules/proxy-addr
-- Installing: /home/ogan/ME461F25_LittleDaisies/project/ros_ws/install/mobile_sensor/share/mobile_sensor//node_modules/proxy-addr/package.json
-- Installing: /home/ogan/ME461F25_LittleDaisies/project/ros_ws/install/mobile_sensor/share/mobile_sensor//node_modules/proxy-addr/LICENSE
-- Installing: /home/ogan/ME461F25_LittleDaisies/project/ros_ws/install/mobile_sensor/share/mobile_sensor//node_modules/proxy-addr/index.js
-- Installing: /home/ogan/ME461F25_LittleDaisies/project/ros_ws/install/mobile_sensor/share/mobile_sensor//node_modules/proxy-addr/HISTORY.md
-- Installing: /home/ogan/ME461F25_LittleDaisies/project/ros_ws/install/mobile_sensor/share/mobile_sensor//node_modules/proxy-addr/README.md
-- Installing: /home/ogan/ME461F25_LittleDaisies/project/ros_ws/install/mobile_sensor/share/mobile_sensor//node_modules/buffer-from
-- Installing: /home/ogan/ME461F25_LittleDaisies/project/ros_ws/install/mobile_sensor/share/mobile_sensor//node_modules/buffer-from/package.json
-- Installing: /home/ogan/ME461F25_LittleDaisies/project/ros_ws/install/mobile_sensor/share/mobile_sensor//node_modules/buffer-from/LICENSE
-- Installing: /home/ogan/ME461F25_LittleDaisies/project/ros_ws/install/mobile_sensor/share/mobile_sensor//node_modules/buffer-from/index.js
-- Installing: /home/ogan/ME461F25_LittleDaisies/project/ros_ws/install/mobile_sensor/share/mobile_sensor//node_modules/buffer-from/readme.md
-- Installing: /home/ogan/ME461F25_LittleDaisies/project/ros_ws/install/mobile_sensor/share/mobile_sensor//node_modules/depd
-- Installing: /home/ogan/ME461F25_LittleDaisies/project/ros_ws/install/mobile_sensor/share/mobile_sensor//node_modules/depd/package.json
-- Installing: /home/ogan/ME461F25_LittleDaisies/project/ros_ws/install/mobile_sensor/share/mobile_sensor//node_modules/depd/LICENSE
-- Installing: /home/ogan/ME461F25_LittleDaisies/project/ros_ws/install/mobile_sensor/share/mobile_sensor//node_modules/depd/index.js
-- Installing: /home/ogan/ME461F25_LittleDaisies/project/ros_ws/install/mobile_sensor/share/mobile_sensor//node_modules/depd/lib
-- Installing: /home/ogan/ME461F25_LittleDaisies/project/ros_ws/install/mobile_sensor/share/mobile_sensor//node_modules/depd/lib/browser
-- Installing: /home/ogan/ME461F25_LittleDaisies/project/ros_ws/install/mobile_sensor/share/mobile_sensor//node_modules/depd/lib/browser/index.js
-- Installing: /home/ogan/ME461F25_LittleDaisies/project/ros_ws/install/mobile_sensor/share/mobile_sensor//node_modules/depd/Readme.md
-- Installing: /home/ogan/ME461F25_LittleDaisies/project/ros_ws/install/mobile_sensor/share/mobile_sensor//node_modules/depd/History.md
-- Installing: /home/ogan/ME461F25_LittleDaisies/project/ros_ws/install/mobile_sensor/share/mobile_sensor//node_modules/math-intrinsics
-- Installing: /home/ogan/ME461F25_LittleDaisies/project/ros_ws/install/mobile_sensor/share/mobile_sensor//node_modules/math-intrinsics/isFinite.d.ts
-- Installing: /home/ogan/ME461F25_LittleDaisies/project/ros_ws/install/mobile_sensor/share/mobile_sensor//node_modules/math-intrinsics/min.js
-- Installing: /home/ogan/ME461F25_LittleDaisies/project/ros_ws/install/mobile_sensor/share/mobile_sensor//node_modules/math-intrinsics/max.js
-- Installing: /home/ogan/ME461F25_LittleDaisies/project/ros_ws/install/mobile_sensor/share/mobile_sensor//node_modules/math-intrinsics/.eslintrc
-- Installing: /home/ogan/ME461F25_LittleDaisies/project/ros_ws/install/mobile_sensor/share/mobile_sensor//node_modules/math-intrinsics/package.json
-- Installing: /home/ogan/ME461F25_LittleDaisies/project/ros_ws/install/mobile_sensor/share/mobile_sensor//node_modules/math-intrinsics/constants
-- Installing: /home/ogan/ME461F25_LittleDaisies/project/ros_ws/install/mobile_sensor/share/mobile_sensor//node_modules/math-intrinsics/constants/maxSafeInteger.js
-- Installing: /home/ogan/ME461F25_LittleDaisies/project/ros_ws/install/mobile_sensor/share/mobile_sensor//node_modules/math-intrinsics/constants/maxArrayLength.d.ts
-- Installing: /home/ogan/ME461F25_LittleDaisies/project/ros_ws/install/mobile_sensor/share/mobile_sensor//node_modules/math-intrinsics/constants/maxSafeInteger.d.ts
-- Installing: /home/ogan/ME461F25_LittleDaisies/project/ros_ws/install/mobile_sensor/share/mobile_sensor//node_modules/math-intrinsics/constants/maxValue.d.ts
-- Installing: /home/ogan/ME461F25_LittleDaisies/project/ros_ws/install/mobile_sensor/share/mobile_sensor//node_modules/math-intrinsics/constants/maxValue.js
-- Installing: /home/ogan/ME461F25_LittleDaisies/project/ros_ws/install/mobile_sensor/share/mobile_sensor//node_modules/math-intrinsics/constants/maxArrayLength.js
-- Installing: /home/ogan/ME461F25_LittleDaisies/project/ros_ws/install/mobile_sensor/share/mobile_sensor//node_modules/math-intrinsics/sign.d.ts
-- Installing: /home/ogan/ME461F25_LittleDaisies/project/ros_ws/install/mobile_sensor/share/mobile_sensor//node_modules/math-intrinsics/pow.d.ts
-- Installing: /home/ogan/ME461F25_LittleDaisies/project/ros_ws/install/mobile_sensor/share/mobile_sensor//node_modules/math-intrinsics/max.d.ts
-- Installing: /home/ogan/ME461F25_LittleDaisies/project/ros_ws/install/mobile_sensor/share/mobile_sensor//node_modules/math-intrinsics/LICENSE
-- Installing: /home/ogan/ME461F25_LittleDaisies/project/ros_ws/install/mobile_sensor/share/mobile_sensor//node_modules/math-intrinsics/mod.d.ts
-- Installing: /home/ogan/ME461F25_LittleDaisies/project/ros_ws/install/mobile_sensor/share/mobile_sensor//node_modules/math-intrinsics/abs.js
-- Installing: /home/ogan/ME461F25_LittleDaisies/project/ros_ws/install/mobile_sensor/share/mobile_sensor//node_modules/math-intrinsics/isNegativeZero.d.ts
-- Installing: /home/ogan/ME461F25_LittleDaisies/project/ros_ws/install/mobile_sensor/share/mobile_sensor//node_modules/math-intrinsics/isNaN.js
-- Installing: /home/ogan/ME461F25_LittleDaisies/project/ros_ws/install/mobile_sensor/share/mobile_sensor//node_modules/math-intrinsics/isInteger.d.ts
-- Installing: /home/ogan/ME461F25_LittleDaisies/project/ros_ws/install/mobile_sensor/share/mobile_sensor//node_modules/math-intrinsics/round.d.ts
-- Installing: /home/ogan/ME461F25_LittleDaisies/project/ros_ws/install/mobile_sensor/share/mobile_sensor//node_modules/math-intrinsics/floor.d.ts
-- Installing: /home/ogan/ME461F25_LittleDaisies/project/ros_ws/install/mobile_sensor/share/mobile_sensor//node_modules/math-intrinsics/CHANGELOG.md
-- Installing: /home/ogan/ME461F25_LittleDaisies/project/ros_ws/install/mobile_sensor/share/mobile_sensor//node_modules/math-intrinsics/abs.d.ts
-- Installing: /home/ogan/ME461F25_LittleDaisies/project/ros_ws/install/mobile_sensor/share/mobile_sensor//node_modules/math-intrinsics/isFinite.js
-- Installing: /home/ogan/ME461F25_LittleDaisies/project/ros_ws/install/mobile_sensor/share/mobile_sensor//node_modules/math-intrinsics/tsconfig.json
-- Installing: /home/ogan/ME461F25_LittleDaisies/project/ros_ws/install/mobile_sensor/share/mobile_sensor//node_modules/math-intrinsics/isInteger.js
-- Installing: /home/ogan/ME461F25_LittleDaisies/project/ros_ws/install/mobile_sensor/share/mobile_sensor//node_modules/math-intrinsics/mod.js
-- Installing: /home/ogan/ME461F25_LittleDaisies/project/ros_ws/install/mobile_sensor/share/mobile_sensor//node_modules/math-intrinsics/isNegativeZero.js
-- Installing: /home/ogan/ME461F25_LittleDaisies/project/ros_ws/install/mobile_sensor/share/mobile_sensor//node_modules/math-intrinsics/floor.js
-- Installing: /home/ogan/ME461F25_LittleDaisies/project/ros_ws/install/mobile_sensor/share/mobile_sensor//node_modules/math-intrinsics/test
-- Installing: /home/ogan/ME461F25_LittleDaisies/project/ros_ws/install/mobile_sensor/share/mobile_sensor//node_modules/math-intrinsics/test/index.js
-- Installing: /home/ogan/ME461F25_LittleDaisies/project/ros_ws/install/mobile_sensor/share/mobile_sensor//node_modules/math-intrinsics/sign.js
-- Installing: /home/ogan/ME461F25_LittleDaisies/project/ros_ws/install/mobile_sensor/share/mobile_sensor//node_modules/math-intrinsics/README.md
-- Installing: /home/ogan/ME461F25_LittleDaisies/project/ros_ws/install/mobile_sensor/share/mobile_sensor//node_modules/math-intrinsics/.github
-- Installing: /home/ogan/ME461F25_LittleDaisies/project/ros_ws/install/mobile_sensor/share/mobile_sensor//node_modules/math-intrinsics/.github/FUNDING.yml
-- Installing: /home/ogan/ME461F25_LittleDaisies/project/ros_ws/install/mobile_sensor/share/mobile_sensor//node_modules/math-intrinsics/round.js
-- Installing: /home/ogan/ME461F25_LittleDaisies/project/ros_ws/install/mobile_sensor/share/mobile_sensor//node_modules/math-intrinsics/min.d.ts
-- Installing: /home/ogan/ME461F25_LittleDaisies/project/ros_ws/install/mobile_sensor/share/mobile_sensor//node_modules/math-intrinsics/pow.js
-- Installing: /home/ogan/ME461F25_LittleDaisies/project/ros_ws/install/mobile_sensor/share/mobile_sensor//node_modules/math-intrinsics/isNaN.d.ts
-- Installing: /home/ogan/ME461F25_LittleDaisies/project/ros_ws/install/mobile_sensor/share/mobile_sensor//node_modules/side-channel
-- Installing: /home/ogan/ME461F25_LittleDaisies/project/ros_ws/install/mobile_sensor/share/mobile_sensor//node_modules/side-channel/.editorconfig
-- Installing: /home/ogan/ME461F25_LittleDaisies/project/ros_ws/install/mobile_sensor/share/mobile_sensor//node_modules/side-channel/.eslintrc
-- Installing: /home/ogan/ME461F25_LittleDaisies/project/ros_ws/install/mobile_sensor/share/mobile_sensor//node_modules/side-channel/package.json
-- Installing: /home/ogan/ME461F25_LittleDaisies/project/ros_ws/install/mobile_sensor/share/mobile_sensor//node_modules/side-channel/LICENSE
-- Installing: /home/ogan/ME461F25_LittleDaisies/project/ros_ws/install/mobile_sensor/share/mobile_sensor//node_modules/side-channel/index.js
-- Installing: /home/ogan/ME461F25_LittleDaisies/project/ros_ws/install/mobile_sensor/share/mobile_sensor//node_modules/side-channel/index.d.ts
-- Installing: /home/ogan/ME461F25_LittleDaisies/project/ros_ws/install/mobile_sensor/share/mobile_sensor//node_modules/side-channel/CHANGELOG.md
-- Installing: /home/ogan/ME461F25_LittleDaisies/project/ros_ws/install/mobile_sensor/share/mobile_sensor//node_modules/side-channel/tsconfig.json
-- Installing: /home/ogan/ME461F25_LittleDaisies/project/ros_ws/install/mobile_sensor/share/mobile_sensor//node_modules/side-channel/test
-- Installing: /home/ogan/ME461F25_LittleDaisies/project/ros_ws/install/mobile_sensor/share/mobile_sensor//node_modules/side-channel/test/index.js
-- Installing: /home/ogan/ME461F25_LittleDaisies/project/ros_ws/install/mobile_sensor/share/mobile_sensor//node_modules/side-channel/README.md
-- Installing: /home/ogan/ME461F25_LittleDaisies/project/ros_ws/install/mobile_sensor/share/mobile_sensor//node_modules/side-channel/.github
-- Installing: /home/ogan/ME461F25_LittleDaisies/project/ros_ws/install/mobile_sensor/share/mobile_sensor//node_modules/side-channel/.github/FUNDING.yml
-- Installing: /home/ogan/ME461F25_LittleDaisies/project/ros_ws/install/mobile_sensor/share/mobile_sensor//node_modules/side-channel/.nycrc
-- Installing: /home/ogan/ME461F25_LittleDaisies/project/ros_ws/install/mobile_sensor/share/mobile_sensor//node_modules/es5-ext
-- Installing: /home/ogan/ME461F25_LittleDaisies/project/ros_ws/install/mobile_sensor/share/mobile_sensor//node_modules/es5-ext/_postinstall.js
-- Installing: /home/ogan/ME461F25_LittleDaisies/project/ros_ws/install/mobile_sensor/share/mobile_sensor//node_modules/es5-ext/json
-- Installing: /home/ogan/ME461F25_LittleDaisies/project/ros_ws/install/mobile_sensor/share/mobile_sensor//node_modules/es5-ext/json/safe-stringify.js
-- Installing: /home/ogan/ME461F25_LittleDaisies/project/ros_ws/install/mobile_sensor/share/mobile_sensor//node_modules/es5-ext/json/index.js
-- Installing: /home/ogan/ME461F25_LittleDaisies/project/ros_ws/install/mobile_sensor/share/mobile_sensor//node_modules/es5-ext/optional-chaining.js
-- Installing: /home/ogan/ME461F25_LittleDaisies/project/ros_ws/install/mobile_sensor/share/mobile_sensor//node_modules/es5-ext/math
-- Installing: /home/ogan/ME461F25_LittleDaisies/project/ros_ws/install/mobile_sensor/share/mobile_sensor//node_modules/es5-ext/math/imul
-- Installing: /home/ogan/ME461F25_LittleDaisies/project/ros_ws/install/mobile_sensor/share/mobile_sensor//node_modules/es5-ext/math/imul/shim.js
-- Installing: /home/ogan/ME461F25_LittleDaisies/project/ros_ws/install/mobile_sensor/share/mobile_sensor//node_modules/es5-ext/math/imul/is-implemented.js
-- Installing: /home/ogan/ME461F25_LittleDaisies/project/ros_ws/install/mobile_sensor/share/mobile_sensor//node_modules/es5-ext/math/imul/index.js
-- Installing: /home/ogan/ME461F25_LittleDaisies/project/ros_ws/install/mobile_sensor/share/mobile_sensor//node_modules/es5-ext/math/imul/implement.js
-- Installing: /home/ogan/ME461F25_LittleDaisies/project/ros_ws/install/mobile_sensor/share/mobile_sensor//node_modules/es5-ext/math/_pack-ieee754.js
-- Installing: /home/ogan/ME461F25_LittleDaisies/project/ros_ws/install/mobile_sensor/share/mobile_sensor//node_modules/es5-ext/math/cosh
-- Installing: /home/ogan/ME461F25_LittleDaisies/project/ros_ws/install/mobile_sensor/share/mobile_sensor//node_modules/es5-ext/math/cosh/shim.js
-- Installing: /home/ogan/ME461F25_LittleDaisies/project/ros_ws/install/mobile_sensor/share/mobile_sensor//node_modules/es5-ext/math/cosh/is-implemented.js
-- Installing: /home/ogan/ME461F25_LittleDaisies/project/ros_ws/install/mobile_sensor/share/mobile_sensor//node_modules/es5-ext/math/cosh/index.js
-- Installing: /home/ogan/ME461F25_LittleDaisies/project/ros_ws/install/mobile_sensor/share/mobile_sensor//node_modules/es5-ext/math/cosh/implement.js
-- Installing: /home/ogan/ME461F25_LittleDaisies/project/ros_ws/install/mobile_sensor/share/mobile_sensor//node_modules/es5-ext/math/floor-10.js
-- Installing: /home/ogan/ME461F25_LittleDaisies/project/ros_ws/install/mobile_sensor/share/mobile_sensor//node_modules/es5-ext/math/cbrt
-- Installing: /home/ogan/ME461F25_LittleDaisies/project/ros_ws/install/mobile_sensor/share/mobile_sensor//node_modules/es5-ext/math/cbrt/shim.js
-- Installing: /home/ogan/ME461F25_LittleDaisies/project/ros_ws/install/mobile_sensor/share/mobile_sensor//node_modules/es5-ext/math/cbrt/is-implemented.js
-- Installing: /home/ogan/ME461F25_LittleDaisies/project/ros_ws/install/mobile_sensor/share/mobile_sensor//node_modules/es5-ext/math/cbrt/index.js
-- Installing: /home/ogan/ME461F25_LittleDaisies/project/ros_ws/install/mobile_sensor/share/mobile_sensor//node_modules/es5-ext/math/cbrt/implement.js
-- Installing: /home/ogan/ME461F25_LittleDaisies/project/ros_ws/install/mobile_sensor/share/mobile_sensor//node_modules/es5-ext/math/log10
-- Installing: /home/ogan/ME461F25_LittleDaisies/project/ros_ws/install/mobile_sensor/share/mobile_sensor//node_modules/es5-ext/math/log10/shim.js
-- Installing: /home/ogan/ME461F25_LittleDaisies/project/ros_ws/install/mobile_sensor/share/mobile_sensor//node_modules/es5-ext/math/log10/is-implemented.js
-- Installing: /home/ogan/ME461F25_LittleDaisies/project/ros_ws/install/mobile_sensor/share/mobile_sensor//node_modules/es5-ext/math/log10/index.js
-- Installing: /home/ogan/ME461F25_LittleDaisies/project/ros_ws/install/mobile_sensor/share/mobile_sensor//node_modules/es5-ext/math/log10/implement.js
-- Installing: /home/ogan/ME461F25_LittleDaisies/project/ros_ws/install/mobile_sensor/share/mobile_sensor//node_modules/es5-ext/math/sign
-- Installing: /home/ogan/ME461F25_LittleDaisies/project/ros_ws/install/mobile_sensor/share/mobile_sensor//node_modules/es5-ext/math/sign/shim.js
-- Installing: /home/ogan/ME461F25_LittleDaisies/project/ros_ws/install/mobile_sensor/share/mobile_sensor//node_modules/es5-ext/math/sign/is-implemented.js
-- Installing: /home/ogan/ME461F25_LittleDaisies/project/ros_ws/install/mobile_sensor/share/mobile_sensor//node_modules/es5-ext/math/sign/index.js
-- Installing: /home/ogan/ME461F25_LittleDaisies/project/ros_ws/install/mobile_sensor/share/mobile_sensor//node_modules/es5-ext/math/sign/implement.js
-- Installing: /home/ogan/ME461F25_LittleDaisies/project/ros_ws/install/mobile_sensor/share/mobile_sensor//node_modules/es5-ext/math/fround
-- Installing: /home/ogan/ME461F25_LittleDaisies/project/ros_ws/install/mobile_sensor/share/mobile_sensor//node_modules/es5-ext/math/fround/shim.js
-- Installing: /home/ogan/ME461F25_LittleDaisies/project/ros_ws/install/mobile_sensor/share/mobile_sensor//node_modules/es5-ext/math/fround/is-implemented.js
-- Installing: /home/ogan/ME461F25_LittleDaisies/project/ros_ws/install/mobile_sensor/share/mobile_sensor//node_modules/es5-ext/math/fround/index.js
-- Installing: /home/ogan/ME461F25_LittleDaisies/project/ros_ws/install/mobile_sensor/share/mobile_sensor//node_modules/es5-ext/math/fround/implement.js
-- Installing: /home/ogan/ME461F25_LittleDaisies/project/ros_ws/install/mobile_sensor/share/mobile_sensor//node_modules/es5-ext/math/acosh
-- Installing: /home/ogan/ME461F25_LittleDaisies/project/ros_ws/install/mobile_sensor/share/mobile_sensor//node_modules/es5-ext/math/acosh/shim.js
-- Installing: /home/ogan/ME461F25_LittleDaisies/project/ros_ws/install/mobile_sensor/share/mobile_sensor//node_modules/es5-ext/math/acosh/is-implemented.js
-- Installing: /home/ogan/ME461F25_LittleDaisies/project/ros_ws/install/mobile_sensor/share/mobile_sensor//node_modules/es5-ext/math/acosh/index.js
-- Installing: /home/ogan/ME461F25_LittleDaisies/project/ros_ws/install/mobile_sensor/share/mobile_sensor//node_modules/es5-ext/math/acosh/implement.js
-- Installing: /home/ogan/ME461F25_LittleDaisies/project/ros_ws/install/mobile_sensor/share/mobile_sensor//node_modules/es5-ext/math/clz32
-- Installing: /home/ogan/ME461F25_LittleDaisies/project/ros_ws/install/mobile_sensor/share/mobile_sensor//node_modules/es5-ext/math/clz32/shim.js
-- Installing: /home/ogan/ME461F25_LittleDaisies/project/ros_ws/install/mobile_sensor/share/mobile_sensor//node_modules/es5-ext/math/clz32/is-implemented.js
-- Installing: /home/ogan/ME461F25_LittleDaisies/project/ros_ws/install/mobile_sensor/share/mobile_sensor//node_modules/es5-ext/math/clz32/index.js
-- Installing: /home/ogan/ME461F25_LittleDaisies/project/ros_ws/install/mobile_sensor/share/mobile_sensor//node_modules/es5-ext/math/clz32/implement.js
-- Installing: /home/ogan/ME461F25_LittleDaisies/project/ros_ws/install/mobile_sensor/share/mobile_sensor//node_modules/es5-ext/math/ceil-10.js
-- Installing: /home/ogan/ME461F25_LittleDaisies/project/ros_ws/install/mobile_sensor/share/mobile_sensor//node_modules/es5-ext/math/round-10.js
-- Installing: /home/ogan/ME461F25_LittleDaisies/project/ros_ws/install/mobile_sensor/share/mobile_sensor//node_modules/es5-ext/math/_decimal-adjust.js
-- Installing: /home/ogan/ME461F25_LittleDaisies/project/ros_ws/install/mobile_sensor/share/mobile_sensor//node_modules/es5-ext/math/trunc
-- Installing: /home/ogan/ME461F25_LittleDaisies/project/ros_ws/install/mobile_sensor/share/mobile_sensor//node_modules/es5-ext/math/trunc/shim.js
-- Installing: /home/ogan/ME461F25_LittleDaisies/project/ros_ws/install/mobile_sensor/share/mobile_sensor//node_modules/es5-ext/math/trunc/is-implemented.js
-- Installing: /home/ogan/ME461F25_LittleDaisies/project/ros_ws/install/mobile_sensor/share/mobile_sensor//node_modules/es5-ext/math/trunc/index.js
-- Installing: /home/ogan/ME461F25_LittleDaisies/project/ros_ws/install/mobile_sensor/share/mobile_sensor//node_modules/es5-ext/math/trunc/implement.js
-- Installing: /home/ogan/ME461F25_LittleDaisies/project/ros_ws/install/mobile_sensor/share/mobile_sensor//node_modules/es5-ext/math/index.js
-- Installing: /home/ogan/ME461F25_LittleDaisies/project/ros_ws/install/mobile_sensor/share/mobile_sensor//node_modules/es5-ext/math/asinh
-- Installing: /home/ogan/ME461F25_LittleDaisies/project/ros_ws/install/mobile_sensor/share/mobile_sensor//node_modules/es5-ext/math/asinh/shim.js
-- Installing: /home/ogan/ME461F25_LittleDaisies/project/ros_ws/install/mobile_sensor/share/mobile_sensor//node_modules/es5-ext/math/asinh/is-implemented.js
-- Installing: /home/ogan/ME461F25_LittleDaisies/project/ros_ws/install/mobile_sensor/share/mobile_sensor//node_modules/es5-ext/math/asinh/index.js
-- Installing: /home/ogan/ME461F25_LittleDaisies/project/ros_ws/install/mobile_sensor/share/mobile_sensor//node_modules/es5-ext/math/asinh/implement.js
-- Installing: /home/ogan/ME461F25_LittleDaisies/project/ros_ws/install/mobile_sensor/share/mobile_sensor//node_modules/es5-ext/math/log1p
-- Installing: /home/ogan/ME461F25_LittleDaisies/project/ros_ws/install/mobile_sensor/share/mobile_sensor//node_modules/es5-ext/math/log1p/shim.js
-- Installing: /home/ogan/ME461F25_LittleDaisies/project/ros_ws/install/mobile_sensor/share/mobile_sensor//node_modules/es5-ext/math/log1p/is-implemented.js
-- Installing: /home/ogan/ME461F25_LittleDaisies/project/ros_ws/install/mobile_sensor/share/mobile_sensor//node_modules/es5-ext/math/log1p/index.js
-- Installing: /home/ogan/ME461F25_LittleDaisies/project/ros_ws/install/mobile_sensor/share/mobile_sensor//node_modules/es5-ext/math/log1p/implement.js
-- Installing: /home/ogan/ME461F25_LittleDaisies/project/ros_ws/install/mobile_sensor/share/mobile_sensor//node_modules/es5-ext/math/sinh
-- Installing: /home/ogan/ME461F25_LittleDaisies/project/ros_ws/install/mobile_sensor/share/mobile_sensor//node_modules/es5-ext/math/sinh/shim.js
-- Installing: /home/ogan/ME461F25_LittleDaisies/project/ros_ws/install/mobile_sensor/share/mobile_sensor//node_modules/es5-ext/math/sinh/is-implemented.js
-- Installing: /home/ogan/ME461F25_LittleDaisies/project/ros_ws/install/mobile_sensor/share/mobile_sensor//node_modules/es5-ext/math/sinh/index.js
-- Installing: /home/ogan/ME461F25_LittleDaisies/project/ros_ws/install/mobile_sensor/share/mobile_sensor//node_modules/es5-ext/math/sinh/implement.js
-- Installing: /home/ogan/ME461F25_LittleDaisies/project/ros_ws/install/mobile_sensor/share/mobile_sensor//node_modules/es5-ext/math/tanh
-- Installing: /home/ogan/ME461F25_LittleDaisies/project/ros_ws/install/mobile_sensor/share/mobile_sensor//node_modules/es5-ext/math/tanh/shim.js
-- Installing: /home/ogan/ME461F25_LittleDaisies/project/ros_ws/install/mobile_sensor/share/mobile_sensor//node_modules/es5-ext/math/tanh/is-implemented.js
-- Installing: /home/ogan/ME461F25_LittleDaisies/project/ros_ws/install/mobile_sensor/share/mobile_sensor//node_modules/es5-ext/math/tanh/index.js
-- Installing: /home/ogan/ME461F25_LittleDaisies/project/ros_ws/install/mobile_sensor/share/mobile_sensor//node_modules/es5-ext/math/tanh/implement.js
-- Installing: /home/ogan/ME461F25_LittleDaisies/project/ros_ws/install/mobile_sensor/share/mobile_sensor//node_modules/es5-ext/math/hypot
-- Installing: /home/ogan/ME461F25_LittleDaisies/project/ros_ws/install/mobile_sensor/share/mobile_sensor//node_modules/es5-ext/math/hypot/shim.js
-- Installing: /home/ogan/ME461F25_LittleDaisies/project/ros_ws/install/mobile_sensor/share/mobile_sensor//node_modules/es5-ext/math/hypot/is-implemented.js
-- Installing: /home/ogan/ME461F25_LittleDaisies/project/ros_ws/install/mobile_sensor/share/mobile_sensor//node_modules/es5-ext/math/hypot/index.js
-- Installing: /home/ogan/ME461F25_LittleDaisies/project/ros_ws/install/mobile_sensor/share/mobile_sensor//node_modules/es5-ext/math/hypot/implement.js
-- Installing: /home/ogan/ME461F25_LittleDaisies/project/ros_ws/install/mobile_sensor/share/mobile_sensor//node_modules/es5-ext/math/atanh
-- Installing: /home/ogan/ME461F25_LittleDaisies/project/ros_ws/install/mobile_sensor/share/mobile_sensor//node_modules/es5-ext/math/atanh/shim.js
-- Installing: /home/ogan/ME461F25_LittleDaisies/project/ros_ws/install/mobile_sensor/share/mobile_sensor//node_modules/es5-ext/math/atanh/is-implemented.js
-- Installing: /home/ogan/ME461F25_LittleDaisies/project/ros_ws/install/mobile_sensor/share/mobile_sensor//node_modules/es5-ext/math/atanh/index.js
-- Installing: /home/ogan/ME461F25_LittleDaisies/project/ros_ws/install/mobile_sensor/share/mobile_sensor//node_modules/es5-ext/math/atanh/implement.js
-- Installing: /home/ogan/ME461F25_LittleDaisies/project/ros_ws/install/mobile_sensor/share/mobile_sensor//node_modules/es5-ext/math/log2
-- Installing: /home/ogan/ME461F25_LittleDaisies/project/ros_ws/install/mobile_sensor/share/mobile_sensor//node_modules/es5-ext/math/log2/shim.js
-- Installing: /home/ogan/ME461F25_LittleDaisies/project/ros_ws/install/mobile_sensor/share/mobile_sensor//node_modules/es5-ext/math/log2/is-implemented.js
-- Installing: /home/ogan/ME461F25_LittleDaisies/project/ros_ws/install/mobile_sensor/share/mobile_sensor//node_modules/es5-ext/math/log2/index.js
-- Installing: /home/ogan/ME461F25_LittleDaisies/project/ros_ws/install/mobile_sensor/share/mobile_sensor//node_modules/es5-ext/math/log2/implement.js
-- Installing: /home/ogan/ME461F25_LittleDaisies/project/ros_ws/install/mobile_sensor/share/mobile_sensor//node_modules/es5-ext/math/_unpack-ieee754.js
-- Installing: /home/ogan/ME461F25_LittleDaisies/project/ros_ws/install/mobile_sensor/share/mobile_sensor//node_modules/es5-ext/math/expm1
-- Installing: /home/ogan/ME461F25_LittleDaisies/project/ros_ws/install/mobile_sensor/share/mobile_sensor//node_modules/es5-ext/math/expm1/shim.js
-- Installing: /home/ogan/ME461F25_LittleDaisies/project/ros_ws/install/mobile_sensor/share/mobile_sensor//node_modules/es5-ext/math/expm1/is-implemented.js
-- Installing: /home/ogan/ME461F25_LittleDaisies/project/ros_ws/install/mobile_sensor/share/mobile_sensor//node_modules/es5-ext/math/expm1/index.js
-- Installing: /home/ogan/ME461F25_LittleDaisies/project/ros_ws/install/mobile_sensor/share/mobile_sensor//node_modules/es5-ext/math/expm1/implement.js
-- Installing: /home/ogan/ME461F25_LittleDaisies/project/ros_ws/install/mobile_sensor/share/mobile_sensor//node_modules/es5-ext/to-short-string-representation.js
-- Installing: /home/ogan/ME461F25_LittleDaisies/project/ros_ws/install/mobile_sensor/share/mobile_sensor//node_modules/es5-ext/package.json
-- Installing: /home/ogan/ME461F25_LittleDaisies/project/ros_ws/install/mobile_sensor/share/mobile_sensor//node_modules/es5-ext/boolean
-- Installing: /home/ogan/ME461F25_LittleDaisies/project/ros_ws/install/mobile_sensor/share/mobile_sensor//node_modules/es5-ext/boolean/index.js
-- Installing: /home/ogan/ME461F25_LittleDaisies/project/ros_ws/install/mobile_sensor/share/mobile_sensor//node_modules/es5-ext/boolean/is-boolean.js
-- Installing: /home/ogan/ME461F25_LittleDaisies/project/ros_ws/install/mobile_sensor/share/mobile_sensor//node_modules/es5-ext/safe-to-string.js
-- Installing: /home/ogan/ME461F25_LittleDaisies/project/ros_ws/install/mobile_sensor/share/mobile_sensor//node_modules/es5-ext/string
-- Installing: /home/ogan/ME461F25_LittleDaisies/project/ros_ws/install/mobile_sensor/share/mobile_sensor//node_modules/es5-ext/string/raw
-- Installing: /home/ogan/ME461F25_LittleDaisies/project/ros_ws/install/mobile_sensor/share/mobile_sensor//node_modules/es5-ext/string/raw/shim.js
-- Installing: /home/ogan/ME461F25_LittleDaisies/project/ros_ws/install/mobile_sensor/share/mobile_sensor//node_modules/es5-ext/string/raw/is-implemented.js
-- Installing: /home/ogan/ME461F25_LittleDaisies/project/ros_ws/install/mobile_sensor/share/mobile_sensor//node_modules/es5-ext/string/raw/index.js
-- Installing: /home/ogan/ME461F25_LittleDaisies/project/ros_ws/install/mobile_sensor/share/mobile_sensor//node_modules/es5-ext/string/raw/implement.js
-- Installing: /home/ogan/ME461F25_LittleDaisies/project/ros_ws/install/mobile_sensor/share/mobile_sensor//node_modules/es5-ext/string/format-method.js
-- Installing: /home/ogan/ME461F25_LittleDaisies/project/ros_ws/install/mobile_sensor/share/mobile_sensor//node_modules/es5-ext/string/random.js
-- Installing: /home/ogan/ME461F25_LittleDaisies/project/ros_ws/install/mobile_sensor/share/mobile_sensor//node_modules/es5-ext/string/index.js
-- Installing: /home/ogan/ME461F25_LittleDaisies/project/ros_ws/install/mobile_sensor/share/mobile_sensor//node_modules/es5-ext/string/from-code-point
-- Installing: /home/ogan/ME461F25_LittleDaisies/project/ros_ws/install/mobile_sensor/share/mobile_sensor//node_modules/es5-ext/string/from-code-point/shim.js
-- Installing: /home/ogan/ME461F25_LittleDaisies/project/ros_ws/install/mobile_sensor/share/mobile_sensor//node_modules/es5-ext/string/from-code-point/is-implemented.js
-- Installing: /home/ogan/ME461F25_LittleDaisies/project/ros_ws/install/mobile_sensor/share/mobile_sensor//node_modules/es5-ext/string/from-code-point/index.js
-- Installing: /home/ogan/ME461F25_LittleDaisies/project/ros_ws/install/mobile_sensor/share/mobile_sensor//node_modules/es5-ext/string/from-code-point/implement.js
-- Installing: /home/ogan/ME461F25_LittleDaisies/project/ros_ws/install/mobile_sensor/share/mobile_sensor//node_modules/es5-ext/string/random-uniq.js
-- Installing: /home/ogan/ME461F25_LittleDaisies/project/ros_ws/install/mobile_sensor/share/mobile_sensor//node_modules/es5-ext/string/is-string.js
-- Installing: /home/ogan/ME461F25_LittleDaisies/project/ros_ws/install/mobile_sensor/share/mobile_sensor//node_modules/es5-ext/string/#
-- Installing: /home/ogan/ME461F25_LittleDaisies/project/ros_ws/install/mobile_sensor/share/mobile_sensor//node_modules/es5-ext/string/#/count.js
-- Installing: /home/ogan/ME461F25_LittleDaisies/project/ros_ws/install/mobile_sensor/share/mobile_sensor//node_modules/es5-ext/string/#/contains
-- Installing: /home/ogan/ME461F25_LittleDaisies/project/ros_ws/install/mobile_sensor/share/mobile_sensor//node_modules/es5-ext/string/#/contains/shim.js
-- Installing: /home/ogan/ME461F25_LittleDaisies/project/ros_ws/install/mobile_sensor/share/mobile_sensor//node_modules/es5-ext/string/#/contains/is-implemented.js
-- Installing: /home/ogan/ME461F25_LittleDaisies/project/ros_ws/install/mobile_sensor/share/mobile_sensor//node_modules/es5-ext/string/#/contains/index.js
-- Installing: /home/ogan/ME461F25_LittleDaisies/project/ros_ws/install/mobile_sensor/share/mobile_sensor//node_modules/es5-ext/string/#/contains/implement.js
-- Installing: /home/ogan/ME461F25_LittleDaisies/project/ros_ws/install/mobile_sensor/share/mobile_sensor//node_modules/es5-ext/string/#/normalize
-- Installing: /home/ogan/ME461F25_LittleDaisies/project/ros_ws/install/mobile_sensor/share/mobile_sensor//node_modules/es5-ext/string/#/normalize/shim.js
-- Installing: /home/ogan/ME461F25_LittleDaisies/project/ros_ws/install/mobile_sensor/share/mobile_sensor//node_modules/es5-ext/string/#/normalize/is-implemented.js
-- Installing: /home/ogan/ME461F25_LittleDaisies/project/ros_ws/install/mobile_sensor/share/mobile_sensor//node_modules/es5-ext/string/#/normalize/_data.js
-- Installing: /home/ogan/ME461F25_LittleDaisies/project/ros_ws/install/mobile_sensor/share/mobile_sensor//node_modules/es5-ext/string/#/normalize/index.js
-- Installing: /home/ogan/ME461F25_LittleDaisies/project/ros_ws/install/mobile_sensor/share/mobile_sensor//node_modules/es5-ext/string/#/normalize/implement.js
-- Installing: /home/ogan/ME461F25_LittleDaisies/project/ros_ws/install/mobile_sensor/share/mobile_sensor//node_modules/es5-ext/string/#/@@iterator
-- Installing: /home/ogan/ME461F25_LittleDaisies/project/ros_ws/install/mobile_sensor/share/mobile_sensor//node_modules/es5-ext/string/#/@@iterator/shim.js
-- Installing: /home/ogan/ME461F25_LittleDaisies/project/ros_ws/install/mobile_sensor/share/mobile_sensor//node_modules/es5-ext/string/#/@@iterator/is-implemented.js
-- Installing: /home/ogan/ME461F25_LittleDaisies/project/ros_ws/install/mobile_sensor/share/mobile_sensor//node_modules/es5-ext/string/#/@@iterator/index.js
-- Installing: /home/ogan/ME461F25_LittleDaisies/project/ros_ws/install/mobile_sensor/share/mobile_sensor//node_modules/es5-ext/string/#/@@iterator/implement.js
-- Installing: /home/ogan/ME461F25_LittleDaisies/project/ros_ws/install/mobile_sensor/share/mobile_sensor//node_modules/es5-ext/string/#/case-insensitive-compare.js
-- Installing: /home/ogan/ME461F25_LittleDaisies/project/ros_ws/install/mobile_sensor/share/mobile_sensor//node_modules/es5-ext/string/#/at.js
-- Installing: /home/ogan/ME461F25_LittleDaisies/project/ros_ws/install/mobile_sensor/share/mobile_sensor//node_modules/es5-ext/string/#/ends-with
-- Installing: /home/ogan/ME461F25_LittleDaisies/project/ros_ws/install/mobile_sensor/share/mobile_sensor//node_modules/es5-ext/string/#/ends-with/shim.js
-- Installing: /home/ogan/ME461F25_LittleDaisies/project/ros_ws/install/mobile_sensor/share/mobile_sensor//node_modules/es5-ext/string/#/ends-with/is-implemented.js
-- Installing: /home/ogan/ME461F25_LittleDaisies/project/ros_ws/install/mobile_sensor/share/mobile_sensor//node_modules/es5-ext/string/#/ends-with/index.js
-- Installing: /home/ogan/ME461F25_LittleDaisies/project/ros_ws/install/mobile_sensor/share/mobile_sensor//node_modules/es5-ext/string/#/ends-with/implement.js
-- Installing: /home/ogan/ME461F25_LittleDaisies/project/ros_ws/install/mobile_sensor/share/mobile_sensor//node_modules/es5-ext/string/#/index.js
-- Installing: /home/ogan/ME461F25_LittleDaisies/project/ros_ws/install/mobile_sensor/share/mobile_sensor//node_modules/es5-ext/string/#/code-point-at
-- Installing: /home/ogan/ME461F25_LittleDaisies/project/ros_ws/install/mobile_sensor/share/mobile_sensor//node_modules/es5-ext/string/#/code-point-at/shim.js
-- Installing: /home/ogan/ME461F25_LittleDaisies/project/ros_ws/install/mobile_sensor/share/mobile_sensor//node_modules/es5-ext/string/#/code-point-at/is-implemented.js
-- Installing: /home/ogan/ME461F25_LittleDaisies/project/ros_ws/install/mobile_sensor/share/mobile_sensor//node_modules/es5-ext/string/#/code-point-at/index.js
-- Installing: /home/ogan/ME461F25_LittleDaisies/project/ros_ws/install/mobile_sensor/share/mobile_sensor//node_modules/es5-ext/string/#/code-point-at/implement.js
-- Installing: /home/ogan/ME461F25_LittleDaisies/project/ros_ws/install/mobile_sensor/share/mobile_sensor//node_modules/es5-ext/string/#/plain-replace-all.js
-- Installing: /home/ogan/ME461F25_LittleDaisies/project/ros_ws/install/mobile_sensor/share/mobile_sensor//node_modules/es5-ext/string/#/uncapitalize.js
-- Installing: /home/ogan/ME461F25_LittleDaisies/project/ros_ws/install/mobile_sensor/share/mobile_sensor//node_modules/es5-ext/string/#/starts-with
-- Installing: /home/ogan/ME461F25_LittleDaisies/project/ros_ws/install/mobile_sensor/share/mobile_sensor//node_modules/es5-ext/string/#/starts-with/shim.js
-- Installing: /home/ogan/ME461F25_LittleDaisies/project/ros_ws/install/mobile_sensor/share/mobile_sensor//node_modules/es5-ext/string/#/starts-with/is-implemented.js
-- Installing: /home/ogan/ME461F25_LittleDaisies/project/ros_ws/install/mobile_sensor/share/mobile_sensor//node_modules/es5-ext/string/#/starts-with/index.js
-- Installing: /home/ogan/ME461F25_LittleDaisies/project/ros_ws/install/mobile_sensor/share/mobile_sensor//node_modules/es5-ext/string/#/starts-with/implement.js
-- Installing: /home/ogan/ME461F25_LittleDaisies/project/ros_ws/install/mobile_sensor/share/mobile_sensor//node_modules/es5-ext/string/#/indent.js
-- Installing: /home/ogan/ME461F25_LittleDaisies/project/ros_ws/install/mobile_sensor/share/mobile_sensor//node_modules/es5-ext/string/#/repeat
-- Installing: /home/ogan/ME461F25_LittleDaisies/project/ros_ws/install/mobile_sensor/share/mobile_sensor//node_modules/es5-ext/string/#/repeat/shim.js
-- Installing: /home/ogan/ME461F25_LittleDaisies/project/ros_ws/install/mobile_sensor/share/mobile_sensor//node_modules/es5-ext/string/#/repeat/is-implemented.js
-- Installing: /home/ogan/ME461F25_LittleDaisies/project/ros_ws/install/mobile_sensor/share/mobile_sensor//node_modules/es5-ext/string/#/repeat/index.js
-- Installing: /home/ogan/ME461F25_LittleDaisies/project/ros_ws/install/mobile_sensor/share/mobile_sensor//node_modules/es5-ext/string/#/repeat/implement.js
-- Installing: /home/ogan/ME461F25_LittleDaisies/project/ros_ws/install/mobile_sensor/share/mobile_sensor//node_modules/es5-ext/string/#/plain-replace.js
-- Installing: /home/ogan/ME461F25_LittleDaisies/project/ros_ws/install/mobile_sensor/share/mobile_sensor//node_modules/es5-ext/string/#/pad.js
-- Installing: /home/ogan/ME461F25_LittleDaisies/project/ros_ws/install/mobile_sensor/share/mobile_sensor//node_modules/es5-ext/string/#/last.js
-- Installing: /home/ogan/ME461F25_LittleDaisies/project/ros_ws/install/mobile_sensor/share/mobile_sensor//node_modules/es5-ext/string/#/hyphen-to-camel.js
-- Installing: /home/ogan/ME461F25_LittleDaisies/project/ros_ws/install/mobile_sensor/share/mobile_sensor//node_modules/es5-ext/string/#/camel-to-hyphen.js
-- Installing: /home/ogan/ME461F25_LittleDaisies/project/ros_ws/install/mobile_sensor/share/mobile_sensor//node_modules/es5-ext/string/#/capitalize.js
-- Installing: /home/ogan/ME461F25_LittleDaisies/project/ros_ws/install/mobile_sensor/share/mobile_sensor//node_modules/es5-ext/LICENSE
-- Installing: /home/ogan/ME461F25_LittleDaisies/project/ros_ws/install/mobile_sensor/share/mobile_sensor//node_modules/es5-ext/index.js
-- Installing: /home/ogan/ME461F25_LittleDaisies/project/ros_ws/install/mobile_sensor/share/mobile_sensor//node_modules/es5-ext/date
-- Installing: /home/ogan/ME461F25_LittleDaisies/project/ros_ws/install/mobile_sensor/share/mobile_sensor//node_modules/es5-ext/date/is-time-value.js
-- Installing: /home/ogan/ME461F25_LittleDaisies/project/ros_ws/install/mobile_sensor/share/mobile_sensor//node_modules/es5-ext/date/index.js
-- Installing: /home/ogan/ME461F25_LittleDaisies/project/ros_ws/install/mobile_sensor/share/mobile_sensor//node_modules/es5-ext/date/is-date.js
-- Installing: /home/ogan/ME461F25_LittleDaisies/project/ros_ws/install/mobile_sensor/share/mobile_sensor//node_modules/es5-ext/date/ensure-time-value.js
-- Installing: /home/ogan/ME461F25_LittleDaisies/project/ros_ws/install/mobile_sensor/share/mobile_sensor//node_modules/es5-ext/date/#
-- Installing: /home/ogan/ME461F25_LittleDaisies/project/ros_ws/install/mobile_sensor/share/mobile_sensor//node_modules/es5-ext/date/#/floor-year.js
-- Installing: /home/ogan/ME461F25_LittleDaisies/project/ros_ws/install/mobile_sensor/share/mobile_sensor//node_modules/es5-ext/date/#/days-in-month.js
-- Installing: /home/ogan/ME461F25_LittleDaisies/project/ros_ws/install/mobile_sensor/share/mobile_sensor//node_modules/es5-ext/date/#/floor-month.js
-- Installing: /home/ogan/ME461F25_LittleDaisies/project/ros_ws/install/mobile_sensor/share/mobile_sensor//node_modules/es5-ext/date/#/index.js
-- Installing: /home/ogan/ME461F25_LittleDaisies/project/ros_ws/install/mobile_sensor/share/mobile_sensor//node_modules/es5-ext/date/#/copy.js
-- Installing: /home/ogan/ME461F25_LittleDaisies/project/ros_ws/install/mobile_sensor/share/mobile_sensor//node_modules/es5-ext/date/#/format.js
-- Installing: /home/ogan/ME461F25_LittleDaisies/project/ros_ws/install/mobile_sensor/share/mobile_sensor//node_modules/es5-ext/date/#/floor-day.js
-- Installing: /home/ogan/ME461F25_LittleDaisies/project/ros_ws/install/mobile_sensor/share/mobile_sensor//node_modules/es5-ext/date/valid-date.js
-- Installing: /home/ogan/ME461F25_LittleDaisies/project/ros_ws/install/mobile_sensor/share/mobile_sensor//node_modules/es5-ext/reg-exp
-- Installing: /home/ogan/ME461F25_LittleDaisies/project/ros_ws/install/mobile_sensor/share/mobile_sensor//node_modules/es5-ext/reg-exp/valid-reg-exp.js
-- Installing: /home/ogan/ME461F25_LittleDaisies/project/ros_ws/install/mobile_sensor/share/mobile_sensor//node_modules/es5-ext/reg-exp/escape.js
-- Installing: /home/ogan/ME461F25_LittleDaisies/project/ros_ws/install/mobile_sensor/share/mobile_sensor//node_modules/es5-ext/reg-exp/is-reg-exp.js
-- Installing: /home/ogan/ME461F25_LittleDaisies/project/ros_ws/install/mobile_sensor/share/mobile_sensor//node_modules/es5-ext/reg-exp/index.js
-- Installing: /home/ogan/ME461F25_LittleDaisies/project/ros_ws/install/mobile_sensor/share/mobile_sensor//node_modules/es5-ext/reg-exp/#
-- Installing: /home/ogan/ME461F25_LittleDaisies/project/ros_ws/install/mobile_sensor/share/mobile_sensor//node_modules/es5-ext/reg-exp/#/replace
-- Installing: /home/ogan/ME461F25_LittleDaisies/project/ros_ws/install/mobile_sensor/share/mobile_sensor//node_modules/es5-ext/reg-exp/#/replace/shim.js
-- Installing: /home/ogan/ME461F25_LittleDaisies/project/ros_ws/install/mobile_sensor/share/mobile_sensor//node_modules/es5-ext/reg-exp/#/replace/is-implemented.js
-- Installing: /home/ogan/ME461F25_LittleDaisies/project/ros_ws/install/mobile_sensor/share/mobile_sensor//node_modules/es5-ext/reg-exp/#/replace/index.js
-- Installing: /home/ogan/ME461F25_LittleDaisies/project/ros_ws/install/mobile_sensor/share/mobile_sensor//node_modules/es5-ext/reg-exp/#/replace/implement.js
-- Installing: /home/ogan/ME461F25_LittleDaisies/project/ros_ws/install/mobile_sensor/share/mobile_sensor//node_modules/es5-ext/reg-exp/#/is-unicode.js
-- Installing: /home/ogan/ME461F25_LittleDaisies/project/ros_ws/install/mobile_sensor/share/mobile_sensor//node_modules/es5-ext/reg-exp/#/unicode
-- Installing: /home/ogan/ME461F25_LittleDaisies/project/ros_ws/install/mobile_sensor/share/mobile_sensor//node_modules/es5-ext/reg-exp/#/unicode/is-implemented.js
-- Installing: /home/ogan/ME461F25_LittleDaisies/project/ros_ws/install/mobile_sensor/share/mobile_sensor//node_modules/es5-ext/reg-exp/#/unicode/implement.js
-- Installing: /home/ogan/ME461F25_LittleDaisies/project/ros_ws/install/mobile_sensor/share/mobile_sensor//node_modules/es5-ext/reg-exp/#/match
-- Installing: /home/ogan/ME461F25_LittleDaisies/project/ros_ws/install/mobile_sensor/share/mobile_sensor//node_modules/es5-ext/reg-exp/#/match/shim.js
-- Installing: /home/ogan/ME461F25_LittleDaisies/project/ros_ws/install/mobile_sensor/share/mobile_sensor//node_modules/es5-ext/reg-exp/#/match/is-implemented.js
-- Installing: /home/ogan/ME461F25_LittleDaisies/project/ros_ws/install/mobile_sensor/share/mobile_sensor//node_modules/es5-ext/reg-exp/#/match/index.js
-- Installing: /home/ogan/ME461F25_LittleDaisies/project/ros_ws/install/mobile_sensor/share/mobile_sensor//node_modules/es5-ext/reg-exp/#/match/implement.js
-- Installing: /home/ogan/ME461F25_LittleDaisies/project/ros_ws/install/mobile_sensor/share/mobile_sensor//node_modules/es5-ext/reg-exp/#/index.js
-- Installing: /home/ogan/ME461F25_LittleDaisies/project/ros_ws/install/mobile_sensor/share/mobile_sensor//node_modules/es5-ext/reg-exp/#/search
-- Installing: /home/ogan/ME461F25_LittleDaisies/project/ros_ws/install/mobile_sensor/share/mobile_sensor//node_modules/es5-ext/reg-exp/#/search/shim.js
-- Installing: /home/ogan/ME461F25_LittleDaisies/project/ros_ws/install/mobile_sensor/share/mobile_sensor//node_modules/es5-ext/reg-exp/#/search/is-implemented.js
-- Installing: /home/ogan/ME461F25_LittleDaisies/project/ros_ws/install/mobile_sensor/share/mobile_sensor//node_modules/es5-ext/reg-exp/#/search/index.js
-- Installing: /home/ogan/ME461F25_LittleDaisies/project/ros_ws/install/mobile_sensor/share/mobile_sensor//node_modules/es5-ext/reg-exp/#/search/implement.js
-- Installing: /home/ogan/ME461F25_LittleDaisies/project/ros_ws/install/mobile_sensor/share/mobile_sensor//node_modules/es5-ext/reg-exp/#/is-sticky.js
-- Installing: /home/ogan/ME461F25_LittleDaisies/project/ros_ws/install/mobile_sensor/share/mobile_sensor//node_modules/es5-ext/reg-exp/#/split
-- Installing: /home/ogan/ME461F25_LittleDaisies/project/ros_ws/install/mobile_sensor/share/mobile_sensor//node_modules/es5-ext/reg-exp/#/split/shim.js
-- Installing: /home/ogan/ME461F25_LittleDaisies/project/ros_ws/install/mobile_sensor/share/mobile_sensor//node_modules/es5-ext/reg-exp/#/split/is-implemented.js
-- Installing: /home/ogan/ME461F25_LittleDaisies/project/ros_ws/install/mobile_sensor/share/mobile_sensor//node_modules/es5-ext/reg-exp/#/split/index.js
-- Installing: /home/ogan/ME461F25_LittleDaisies/project/ros_ws/install/mobile_sensor/share/mobile_sensor//node_modules/es5-ext/reg-exp/#/split/implement.js
-- Installing: /home/ogan/ME461F25_LittleDaisies/project/ros_ws/install/mobile_sensor/share/mobile_sensor//node_modules/es5-ext/reg-exp/#/sticky
-- Installing: /home/ogan/ME461F25_LittleDaisies/project/ros_ws/install/mobile_sensor/share/mobile_sensor//node_modules/es5-ext/reg-exp/#/sticky/is-implemented.js
-- Installing: /home/ogan/ME461F25_LittleDaisies/project/ros_ws/install/mobile_sensor/share/mobile_sensor//node_modules/es5-ext/reg-exp/#/sticky/implement.js
-- Installing: /home/ogan/ME461F25_LittleDaisies/project/ros_ws/install/mobile_sensor/share/mobile_sensor//node_modules/es5-ext/iterable
-- Installing: /home/ogan/ME461F25_LittleDaisies/project/ros_ws/install/mobile_sensor/share/mobile_sensor//node_modules/es5-ext/iterable/validate-object.js
-- Installing: /home/ogan/ME461F25_LittleDaisies/project/ros_ws/install/mobile_sensor/share/mobile_sensor//node_modules/es5-ext/iterable/index.js
-- Installing: /home/ogan/ME461F25_LittleDaisies/project/ros_ws/install/mobile_sensor/share/mobile_sensor//node_modules/es5-ext/iterable/for-each.js
-- Installing: /home/ogan/ME461F25_LittleDaisies/project/ros_ws/install/mobile_sensor/share/mobile_sensor//node_modules/es5-ext/iterable/validate.js
-- Installing: /home/ogan/ME461F25_LittleDaisies/project/ros_ws/install/mobile_sensor/share/mobile_sensor//node_modules/es5-ext/iterable/is.js
-- Installing: /home/ogan/ME461F25_LittleDaisies/project/ros_ws/install/mobile_sensor/share/mobile_sensor//node_modules/es5-ext/global.js
-- Installing: /home/ogan/ME461F25_LittleDaisies/project/ros_ws/install/mobile_sensor/share/mobile_sensor//node_modules/es5-ext/CHANGELOG.md
-- Installing: /home/ogan/ME461F25_LittleDaisies/project/ros_ws/install/mobile_sensor/share/mobile_sensor//node_modules/es5-ext/number
-- Installing: /home/ogan/ME461F25_LittleDaisies/project/ros_ws/install/mobile_sensor/share/mobile_sensor//node_modules/es5-ext/number/to-uint32.js
-- Installing: /home/ogan/ME461F25_LittleDaisies/project/ros_ws/install/mobile_sensor/share/mobile_sensor//node_modules/es5-ext/number/is-safe-integer
-- Installing: /home/ogan/ME461F25_LittleDaisies/project/ros_ws/install/mobile_sensor/share/mobile_sensor//node_modules/es5-ext/number/is-safe-integer/shim.js
-- Installing: /home/ogan/ME461F25_LittleDaisies/project/ros_ws/install/mobile_sensor/share/mobile_sensor//node_modules/es5-ext/number/is-safe-integer/is-implemented.js
-- Installing: /home/ogan/ME461F25_LittleDaisies/project/ros_ws/install/mobile_sensor/share/mobile_sensor//node_modules/es5-ext/number/is-safe-integer/index.js
-- Installing: /home/ogan/ME461F25_LittleDaisies/project/ros_ws/install/mobile_sensor/share/mobile_sensor//node_modules/es5-ext/number/is-safe-integer/implement.js
-- Installing: /home/ogan/ME461F25_LittleDaisies/project/ros_ws/install/mobile_sensor/share/mobile_sensor//node_modules/es5-ext/number/is-natural.js
-- Installing: /home/ogan/ME461F25_LittleDaisies/project/ros_ws/install/mobile_sensor/share/mobile_sensor//node_modules/es5-ext/number/is-finite
-- Installing: /home/ogan/ME461F25_LittleDaisies/project/ros_ws/install/mobile_sensor/share/mobile_sensor//node_modules/es5-ext/number/is-finite/shim.js
-- Installing: /home/ogan/ME461F25_LittleDaisies/project/ros_ws/install/mobile_sensor/share/mobile_sensor//node_modules/es5-ext/number/is-finite/is-implemented.js
-- Installing: /home/ogan/ME461F25_LittleDaisies/project/ros_ws/install/mobile_sensor/share/mobile_sensor//node_modules/es5-ext/number/is-finite/index.js
-- Installing: /home/ogan/ME461F25_LittleDaisies/project/ros_ws/install/mobile_sensor/share/mobile_sensor//node_modules/es5-ext/number/is-finite/implement.js
-- Installing: /home/ogan/ME461F25_LittleDaisies/project/ros_ws/install/mobile_sensor/share/mobile_sensor//node_modules/es5-ext/number/max-safe-integer
-- Installing: /home/ogan/ME461F25_LittleDaisies/project/ros_ws/install/mobile_sensor/share/mobile_sensor//node_modules/es5-ext/number/max-safe-integer/is-implemented.js
-- Installing: /home/ogan/ME461F25_LittleDaisies/project/ros_ws/install/mobile_sensor/share/mobile_sensor//node_modules/es5-ext/number/max-safe-integer/index.js
-- Installing: /home/ogan/ME461F25_LittleDaisies/project/ros_ws/install/mobile_sensor/share/mobile_sensor//node_modules/es5-ext/number/max-safe-integer/implement.js
-- Installing: /home/ogan/ME461F25_LittleDaisies/project/ros_ws/install/mobile_sensor/share/mobile_sensor//node_modules/es5-ext/number/to-integer.js
-- Installing: /home/ogan/ME461F25_LittleDaisies/project/ros_ws/install/mobile_sensor/share/mobile_sensor//node_modules/es5-ext/number/is-integer
-- Installing: /home/ogan/ME461F25_LittleDaisies/project/ros_ws/install/mobile_sensor/share/mobile_sensor//node_modules/es5-ext/number/is-integer/shim.js
-- Installing: /home/ogan/ME461F25_LittleDaisies/project/ros_ws/install/mobile_sensor/share/mobile_sensor//node_modules/es5-ext/number/is-integer/is-implemented.js
-- Installing: /home/ogan/ME461F25_LittleDaisies/project/ros_ws/install/mobile_sensor/share/mobile_sensor//node_modules/es5-ext/number/is-integer/index.js
-- Installing: /home/ogan/ME461F25_LittleDaisies/project/ros_ws/install/mobile_sensor/share/mobile_sensor//node_modules/es5-ext/number/is-integer/implement.js
-- Installing: /home/ogan/ME461F25_LittleDaisies/project/ros_ws/install/mobile_sensor/share/mobile_sensor//node_modules/es5-ext/number/index.js
-- Installing: /home/ogan/ME461F25_LittleDaisies/project/ros_ws/install/mobile_sensor/share/mobile_sensor//node_modules/es5-ext/number/is-nan
-- Installing: /home/ogan/ME461F25_LittleDaisies/project/ros_ws/install/mobile_sensor/share/mobile_sensor//node_modules/es5-ext/number/is-nan/shim.js
-- Installing: /home/ogan/ME461F25_LittleDaisies/project/ros_ws/install/mobile_sensor/share/mobile_sensor//node_modules/es5-ext/number/is-nan/is-implemented.js
-- Installing: /home/ogan/ME461F25_LittleDaisies/project/ros_ws/install/mobile_sensor/share/mobile_sensor//node_modules/es5-ext/number/is-nan/index.js
-- Installing: /home/ogan/ME461F25_LittleDaisies/project/ros_ws/install/mobile_sensor/share/mobile_sensor//node_modules/es5-ext/number/is-nan/implement.js
-- Installing: /home/ogan/ME461F25_LittleDaisies/project/ros_ws/install/mobile_sensor/share/mobile_sensor//node_modules/es5-ext/number/to-pos-integer.js
-- Installing: /home/ogan/ME461F25_LittleDaisies/project/ros_ws/install/mobile_sensor/share/mobile_sensor//node_modules/es5-ext/number/is-number.js
-- Installing: /home/ogan/ME461F25_LittleDaisies/project/ros_ws/install/mobile_sensor/share/mobile_sensor//node_modules/es5-ext/number/epsilon
-- Installing: /home/ogan/ME461F25_LittleDaisies/project/ros_ws/install/mobile_sensor/share/mobile_sensor//node_modules/es5-ext/number/epsilon/is-implemented.js
-- Installing: /home/ogan/ME461F25_LittleDaisies/project/ros_ws/install/mobile_sensor/share/mobile_sensor//node_modules/es5-ext/number/epsilon/index.js
-- Installing: /home/ogan/ME461F25_LittleDaisies/project/ros_ws/install/mobile_sensor/share/mobile_sensor//node_modules/es5-ext/number/epsilon/implement.js
-- Installing: /home/ogan/ME461F25_LittleDaisies/project/ros_ws/install/mobile_sensor/share/mobile_sensor//node_modules/es5-ext/number/min-safe-integer
-- Installing: /home/ogan/ME461F25_LittleDaisies/project/ros_ws/install/mobile_sensor/share/mobile_sensor//node_modules/es5-ext/number/min-safe-integer/is-implemented.js
-- Installing: /home/ogan/ME461F25_LittleDaisies/project/ros_ws/install/mobile_sensor/share/mobile_sensor//node_modules/es5-ext/number/min-safe-integer/index.js
-- Installing: /home/ogan/ME461F25_LittleDaisies/project/ros_ws/install/mobile_sensor/share/mobile_sensor//node_modules/es5-ext/number/min-safe-integer/implement.js
-- Installing: /home/ogan/ME461F25_LittleDaisies/project/ros_ws/install/mobile_sensor/share/mobile_sensor//node_modules/es5-ext/number/#
-- Installing: /home/ogan/ME461F25_LittleDaisies/project/ros_ws/install/mobile_sensor/share/mobile_sensor//node_modules/es5-ext/number/#/index.js
-- Installing: /home/ogan/ME461F25_LittleDaisies/project/ros_ws/install/mobile_sensor/share/mobile_sensor//node_modules/es5-ext/number/#/pad.js
-- Installing: /home/ogan/ME461F25_LittleDaisies/project/ros_ws/install/mobile_sensor/share/mobile_sensor//node_modules/es5-ext/error
-- Installing: /home/ogan/ME461F25_LittleDaisies/project/ros_ws/install/mobile_sensor/share/mobile_sensor//node_modules/es5-ext/error/custom.js
-- Installing: /home/ogan/ME461F25_LittleDaisies/project/ros_ws/install/mobile_sensor/share/mobile_sensor//node_modules/es5-ext/error/index.js
-- Installing: /home/ogan/ME461F25_LittleDaisies/project/ros_ws/install/mobile_sensor/share/mobile_sensor//node_modules/es5-ext/error/valid-error.js
-- Installing: /home/ogan/ME461F25_LittleDaisies/project/ros_ws/install/mobile_sensor/share/mobile_sensor//node_modules/es5-ext/error/is-error.js
-- Installing: /home/ogan/ME461F25_LittleDaisies/project/ros_ws/install/mobile_sensor/share/mobile_sensor//node_modules/es5-ext/error/#
-- Installing: /home/ogan/ME461F25_LittleDaisies/project/ros_ws/install/mobile_sensor/share/mobile_sensor//node_modules/es5-ext/error/#/throw.js
-- Installing: /home/ogan/ME461F25_LittleDaisies/project/ros_ws/install/mobile_sensor/share/mobile_sensor//node_modules/es5-ext/error/#/index.js
-- Installing: /home/ogan/ME461F25_LittleDaisies/project/ros_ws/install/mobile_sensor/share/mobile_sensor//node_modules/es5-ext/function
-- Installing: /home/ogan/ME461F25_LittleDaisies/project/ros_ws/install/mobile_sensor/share/mobile_sensor//node_modules/es5-ext/function/is-function.js
-- Installing: /home/ogan/ME461F25_LittleDaisies/project/ros_ws/install/mobile_sensor/share/mobile_sensor//node_modules/es5-ext/function/pluck.js
-- Installing: /home/ogan/ME461F25_LittleDaisies/project/ros_ws/install/mobile_sensor/share/mobile_sensor//node_modules/es5-ext/function/invoke.js
-- Installing: /home/ogan/ME461F25_LittleDaisies/project/ros_ws/install/mobile_sensor/share/mobile_sensor//node_modules/es5-ext/function/_define-length.js
-- Installing: /home/ogan/ME461F25_LittleDaisies/project/ros_ws/install/mobile_sensor/share/mobile_sensor//node_modules/es5-ext/function/valid-function.js
-- Installing: /home/ogan/ME461F25_LittleDaisies/project/ros_ws/install/mobile_sensor/share/mobile_sensor//node_modules/es5-ext/function/is-arguments.js
-- Installing: /home/ogan/ME461F25_LittleDaisies/project/ros_ws/install/mobile_sensor/share/mobile_sensor//node_modules/es5-ext/function/index.js
-- Installing: /home/ogan/ME461F25_LittleDaisies/project/ros_ws/install/mobile_sensor/share/mobile_sensor//node_modules/es5-ext/function/constant.js
-- Installing: /home/ogan/ME461F25_LittleDaisies/project/ros_ws/install/mobile_sensor/share/mobile_sensor//node_modules/es5-ext/function/noop.js
-- Installing: /home/ogan/ME461F25_LittleDaisies/project/ros_ws/install/mobile_sensor/share/mobile_sensor//node_modules/es5-ext/function/identity.js
-- Installing: /home/ogan/ME461F25_LittleDaisies/project/ros_ws/install/mobile_sensor/share/mobile_sensor//node_modules/es5-ext/function/#
-- Installing: /home/ogan/ME461F25_LittleDaisies/project/ros_ws/install/mobile_sensor/share/mobile_sensor//node_modules/es5-ext/function/#/microtask-delay.js
-- Installing: /home/ogan/ME461F25_LittleDaisies/project/ros_ws/install/mobile_sensor/share/mobile_sensor//node_modules/es5-ext/function/#/to-string-tokens.js
-- Installing: /home/ogan/ME461F25_LittleDaisies/project/ros_ws/install/mobile_sensor/share/mobile_sensor//node_modules/es5-ext/function/#/partial.js
-- Installing: /home/ogan/ME461F25_LittleDaisies/project/ros_ws/install/mobile_sensor/share/mobile_sensor//node_modules/es5-ext/function/#/curry.js
-- Installing: /home/ogan/ME461F25_LittleDaisies/project/ros_ws/install/mobile_sensor/share/mobile_sensor//node_modules/es5-ext/function/#/not.js
-- Installing: /home/ogan/ME461F25_LittleDaisies/project/ros_ws/install/mobile_sensor/share/mobile_sensor//node_modules/es5-ext/function/#/index.js
-- Installing: /home/ogan/ME461F25_LittleDaisies/project/ros_ws/install/mobile_sensor/share/mobile_sensor//node_modules/es5-ext/function/#/compose.js
-- Installing: /home/ogan/ME461F25_LittleDaisies/project/ros_ws/install/mobile_sensor/share/mobile_sensor//node_modules/es5-ext/function/#/copy.js
-- Installing: /home/ogan/ME461F25_LittleDaisies/project/ros_ws/install/mobile_sensor/share/mobile_sensor//node_modules/es5-ext/function/#/spread.js
-- Installing: /home/ogan/ME461F25_LittleDaisies/project/ros_ws/install/mobile_sensor/share/mobile_sensor//node_modules/es5-ext/function/#/lock.js
-- Installing: /home/ogan/ME461F25_LittleDaisies/project/ros_ws/install/mobile_sensor/share/mobile_sensor//node_modules/es5-ext/promise
-- Installing: /home/ogan/ME461F25_LittleDaisies/project/ros_ws/install/mobile_sensor/share/mobile_sensor//node_modules/es5-ext/promise/.eslintrc.json
-- Installing: /home/ogan/ME461F25_LittleDaisies/project/ros_ws/install/mobile_sensor/share/mobile_sensor//node_modules/es5-ext/promise/index.js
-- Installing: /home/ogan/ME461F25_LittleDaisies/project/ros_ws/install/mobile_sensor/share/mobile_sensor//node_modules/es5-ext/promise/lazy.js
-- Installing: /home/ogan/ME461F25_LittleDaisies/project/ros_ws/install/mobile_sensor/share/mobile_sensor//node_modules/es5-ext/promise/#
-- Installing: /home/ogan/ME461F25_LittleDaisies/project/ros_ws/install/mobile_sensor/share/mobile_sensor//node_modules/es5-ext/promise/#/finally
-- Installing: /home/ogan/ME461F25_LittleDaisies/project/ros_ws/install/mobile_sensor/share/mobile_sensor//node_modules/es5-ext/promise/#/finally/shim.js
-- Installing: /home/ogan/ME461F25_LittleDaisies/project/ros_ws/install/mobile_sensor/share/mobile_sensor//node_modules/es5-ext/promise/#/finally/is-implemented.js
-- Installing: /home/ogan/ME461F25_LittleDaisies/project/ros_ws/install/mobile_sensor/share/mobile_sensor//node_modules/es5-ext/promise/#/finally/index.js
-- Installing: /home/ogan/ME461F25_LittleDaisies/project/ros_ws/install/mobile_sensor/share/mobile_sensor//node_modules/es5-ext/promise/#/finally/implement.js
-- Installing: /home/ogan/ME461F25_LittleDaisies/project/ros_ws/install/mobile_sensor/share/mobile_sensor//node_modules/es5-ext/promise/#/index.js
-- Installing: /home/ogan/ME461F25_LittleDaisies/project/ros_ws/install/mobile_sensor/share/mobile_sensor//node_modules/es5-ext/promise/#/as-callback.js
-- Installing: /home/ogan/ME461F25_LittleDaisies/project/ros_ws/install/mobile_sensor/share/mobile_sensor//node_modules/es5-ext/object
-- Installing: /home/ogan/ME461F25_LittleDaisies/project/ros_ws/install/mobile_sensor/share/mobile_sensor//node_modules/es5-ext/object/entries
-- Installing: /home/ogan/ME461F25_LittleDaisies/project/ros_ws/install/mobile_sensor/share/mobile_sensor//node_modules/es5-ext/object/entries/shim.js
-- Installing: /home/ogan/ME461F25_LittleDaisies/project/ros_ws/install/mobile_sensor/share/mobile_sensor//node_modules/es5-ext/object/entries/is-implemented.js
-- Installing: /home/ogan/ME461F25_LittleDaisies/project/ros_ws/install/mobile_sensor/share/mobile_sensor//node_modules/es5-ext/object/entries/index.js
-- Installing: /home/ogan/ME461F25_LittleDaisies/project/ros_ws/install/mobile_sensor/share/mobile_sensor//node_modules/es5-ext/object/entries/implement.js
-- Installing: /home/ogan/ME461F25_LittleDaisies/project/ros_ws/install/mobile_sensor/share/mobile_sensor//node_modules/es5-ext/object/is-empty.js
-- Installing: /home/ogan/ME461F25_LittleDaisies/project/ros_ws/install/mobile_sensor/share/mobile_sensor//node_modules/es5-ext/object/is-value.js
-- Installing: /home/ogan/ME461F25_LittleDaisies/project/ros_ws/install/mobile_sensor/share/mobile_sensor//node_modules/es5-ext/object/mixin-prototypes.js
-- Installing: /home/ogan/ME461F25_LittleDaisies/project/ros_ws/install/mobile_sensor/share/mobile_sensor//node_modules/es5-ext/object/is-callable.js
-- Installing: /home/ogan/ME461F25_LittleDaisies/project/ros_ws/install/mobile_sensor/share/mobile_sensor//node_modules/es5-ext/object/valid-callable.js
-- Installing: /home/ogan/ME461F25_LittleDaisies/project/ros_ws/install/mobile_sensor/share/mobile_sensor//node_modules/es5-ext/object/compact.js
-- Installing: /home/ogan/ME461F25_LittleDaisies/project/ros_ws/install/mobile_sensor/share/mobile_sensor//node_modules/es5-ext/object/is-copy-deep.js
-- Installing: /home/ogan/ME461F25_LittleDaisies/project/ros_ws/install/mobile_sensor/share/mobile_sensor//node_modules/es5-ext/object/get-property-names.js
-- Installing: /home/ogan/ME461F25_LittleDaisies/project/ros_ws/install/mobile_sensor/share/mobile_sensor//node_modules/es5-ext/object/count.js
-- Installing: /home/ogan/ME461F25_LittleDaisies/project/ros_ws/install/mobile_sensor/share/mobile_sensor//node_modules/es5-ext/object/assign-deep.js
-- Installing: /home/ogan/ME461F25_LittleDaisies/project/ros_ws/install/mobile_sensor/share/mobile_sensor//node_modules/es5-ext/object/create.js
-- Installing: /home/ogan/ME461F25_LittleDaisies/project/ros_ws/install/mobile_sensor/share/mobile_sensor//node_modules/es5-ext/object/is-number-value.js
-- Installing: /home/ogan/ME461F25_LittleDaisies/project/ros_ws/install/mobile_sensor/share/mobile_sensor//node_modules/es5-ext/object/is-natural-number-value.js
-- Installing: /home/ogan/ME461F25_LittleDaisies/project/ros_ws/install/mobile_sensor/share/mobile_sensor//node_modules/es5-ext/object/eq.js
-- Installing: /home/ogan/ME461F25_LittleDaisies/project/ros_ws/install/mobile_sensor/share/mobile_sensor//node_modules/es5-ext/object/filter.js
-- Installing: /home/ogan/ME461F25_LittleDaisies/project/ros_ws/install/mobile_sensor/share/mobile_sensor//node_modules/es5-ext/object/is-object.js
-- Installing: /home/ogan/ME461F25_LittleDaisies/project/ros_ws/install/mobile_sensor/share/mobile_sensor//node_modules/es5-ext/object/set-prototype-of
-- Installing: /home/ogan/ME461F25_LittleDaisies/project/ros_ws/install/mobile_sensor/share/mobile_sensor//node_modules/es5-ext/object/set-prototype-of/shim.js
-- Installing: /home/ogan/ME461F25_LittleDaisies/project/ros_ws/install/mobile_sensor/share/mobile_sensor//node_modules/es5-ext/object/set-prototype-of/is-implemented.js
-- Installing: /home/ogan/ME461F25_LittleDaisies/project/ros_ws/install/mobile_sensor/share/mobile_sensor//node_modules/es5-ext/object/set-prototype-of/index.js
-- Installing: /home/ogan/ME461F25_LittleDaisies/project/ros_ws/install/mobile_sensor/share/mobile_sensor//node_modules/es5-ext/object/set-prototype-of/implement.js
-- Installing: /home/ogan/ME461F25_LittleDaisies/project/ros_ws/install/mobile_sensor/share/mobile_sensor//node_modules/es5-ext/object/flatten.js
-- Installing: /home/ogan/ME461F25_LittleDaisies/project/ros_ws/install/mobile_sensor/share/mobile_sensor//node_modules/es5-ext/object/ensure-plain-object.js
-- Installing: /home/ogan/ME461F25_LittleDaisies/project/ros_ws/install/mobile_sensor/share/mobile_sensor//node_modules/es5-ext/object/is-integer.js
-- Installing: /home/ogan/ME461F25_LittleDaisies/project/ros_ws/install/mobile_sensor/share/mobile_sensor//node_modules/es5-ext/object/unserialize.js
-- Installing: /home/ogan/ME461F25_LittleDaisies/project/ros_ws/install/mobile_sensor/share/mobile_sensor//node_modules/es5-ext/object/ensure-promise.js
-- Installing: /home/ogan/ME461F25_LittleDaisies/project/ros_ws/install/mobile_sensor/share/mobile_sensor//node_modules/es5-ext/object/some.js
-- Installing: /home/ogan/ME461F25_LittleDaisies/project/ros_ws/install/mobile_sensor/share/mobile_sensor//node_modules/es5-ext/object/ensure-finite-number.js
-- Installing: /home/ogan/ME461F25_LittleDaisies/project/ros_ws/install/mobile_sensor/share/mobile_sensor//node_modules/es5-ext/object/validate-array-like-object.js
-- Installing: /home/ogan/ME461F25_LittleDaisies/project/ros_ws/install/mobile_sensor/share/mobile_sensor//node_modules/es5-ext/object/mixin.js
-- Installing: /home/ogan/ME461F25_LittleDaisies/project/ros_ws/install/mobile_sensor/share/mobile_sensor//node_modules/es5-ext/object/ensure-array.js
-- Installing: /home/ogan/ME461F25_LittleDaisies/project/ros_ws/install/mobile_sensor/share/mobile_sensor//node_modules/es5-ext/object/is-promise.js
-- Installing: /home/ogan/ME461F25_LittleDaisies/project/ros_ws/install/mobile_sensor/share/mobile_sensor//node_modules/es5-ext/object/compare.js
-- Installing: /home/ogan/ME461F25_LittleDaisies/project/ros_ws/install/mobile_sensor/share/mobile_sensor//node_modules/es5-ext/object/is-plain-object.js
-- Installing: /home/ogan/ME461F25_LittleDaisies/project/ros_ws/install/mobile_sensor/share/mobile_sensor//node_modules/es5-ext/object/validate-stringifiable.js
-- Installing: /home/ogan/ME461F25_LittleDaisies/project/ros_ws/install/mobile_sensor/share/mobile_sensor//node_modules/es5-ext/object/is-array-like.js
-- Installing: /home/ogan/ME461F25_LittleDaisies/project/ros_ws/install/mobile_sensor/share/mobile_sensor//node_modules/es5-ext/object/primitive-set.js
-- Installing: /home/ogan/ME461F25_LittleDaisies/project/ros_ws/install/mobile_sensor/share/mobile_sensor//node_modules/es5-ext/object/ensure-thenable.js
-- Installing: /home/ogan/ME461F25_LittleDaisies/project/ros_ws/install/mobile_sensor/share/mobile_sensor//node_modules/es5-ext/object/index.js
-- Installing: /home/ogan/ME461F25_LittleDaisies/project/ros_ws/install/mobile_sensor/share/mobile_sensor//node_modules/es5-ext/object/validate-stringifiable-value.js
-- Installing: /home/ogan/ME461F25_LittleDaisies/project/ros_ws/install/mobile_sensor/share/mobile_sensor//node_modules/es5-ext/object/serialize.js
-- Installing: /home/ogan/ME461F25_LittleDaisies/project/ros_ws/install/mobile_sensor/share/mobile_sensor//node_modules/es5-ext/object/to-array.js
-- Installing: /home/ogan/ME461F25_LittleDaisies/project/ros_ws/install/mobile_sensor/share/mobile_sensor//node_modules/es5-ext/object/map-keys.js
-- Installing: /home/ogan/ME461F25_LittleDaisies/project/ros_ws/install/mobile_sensor/share/mobile_sensor//node_modules/es5-ext/object/first-key.js
-- Installing: /home/ogan/ME461F25_LittleDaisies/project/ros_ws/install/mobile_sensor/share/mobile_sensor//node_modules/es5-ext/object/safe-traverse.js
-- Installing: /home/ogan/ME461F25_LittleDaisies/project/ros_ws/install/mobile_sensor/share/mobile_sensor//node_modules/es5-ext/object/copy-deep.js
-- Installing: /home/ogan/ME461F25_LittleDaisies/project/ros_ws/install/mobile_sensor/share/mobile_sensor//node_modules/es5-ext/object/find.js
-- Installing: /home/ogan/ME461F25_LittleDaisies/project/ros_ws/install/mobile_sensor/share/mobile_sensor//node_modules/es5-ext/object/key-of.js
-- Installing: /home/ogan/ME461F25_LittleDaisies/project/ros_ws/install/mobile_sensor/share/mobile_sensor//node_modules/es5-ext/object/is-natural-number.js
-- Installing: /home/ogan/ME461F25_LittleDaisies/project/ros_ws/install/mobile_sensor/share/mobile_sensor//node_modules/es5-ext/object/validate-array-like.js
-- Installing: /home/ogan/ME461F25_LittleDaisies/project/ros_ws/install/mobile_sensor/share/mobile_sensor//node_modules/es5-ext/object/_iterate.js
-- Installing: /home/ogan/ME461F25_LittleDaisies/project/ros_ws/install/mobile_sensor/share/mobile_sensor//node_modules/es5-ext/object/keys
-- Installing: /home/ogan/ME461F25_LittleDaisies/project/ros_ws/install/mobile_sensor/share/mobile_sensor//node_modules/es5-ext/object/keys/shim.js
-- Installing: /home/ogan/ME461F25_LittleDaisies/project/ros_ws/install/mobile_sensor/share/mobile_sensor//node_modules/es5-ext/object/keys/is-implemented.js
-- Installing: /home/ogan/ME461F25_LittleDaisies/project/ros_ws/install/mobile_sensor/share/mobile_sensor//node_modules/es5-ext/object/keys/index.js
-- Installing: /home/ogan/ME461F25_LittleDaisies/project/ros_ws/install/mobile_sensor/share/mobile_sensor//node_modules/es5-ext/object/keys/implement.js
-- Installing: /home/ogan/ME461F25_LittleDaisies/project/ros_ws/install/mobile_sensor/share/mobile_sensor//node_modules/es5-ext/object/ensure-plain-function.js
-- Installing: /home/ogan/ME461F25_LittleDaisies/project/ros_ws/install/mobile_sensor/share/mobile_sensor//node_modules/es5-ext/object/ensure-natural-number.js
-- Installing: /home/ogan/ME461F25_LittleDaisies/project/ros_ws/install/mobile_sensor/share/mobile_sensor//node_modules/es5-ext/object/map.js
-- Installing: /home/ogan/ME461F25_LittleDaisies/project/ros_ws/install/mobile_sensor/share/mobile_sensor//node_modules/es5-ext/object/copy.js
-- Installing: /home/ogan/ME461F25_LittleDaisies/project/ros_ws/install/mobile_sensor/share/mobile_sensor//node_modules/es5-ext/object/normalize-options.js
-- Installing: /home/ogan/ME461F25_LittleDaisies/project/ros_ws/install/mobile_sensor/share/mobile_sensor//node_modules/es5-ext/object/is-finite-number.js
-- Installing: /home/ogan/ME461F25_LittleDaisies/project/ros_ws/install/mobile_sensor/share/mobile_sensor//node_modules/es5-ext/object/ensure-integer.js
-- Installing: /home/ogan/ME461F25_LittleDaisies/project/ros_ws/install/mobile_sensor/share/mobile_sensor//node_modules/es5-ext/object/for-each.js
-- Installing: /home/ogan/ME461F25_LittleDaisies/project/ros_ws/install/mobile_sensor/share/mobile_sensor//node_modules/es5-ext/object/assign
-- Installing: /home/ogan/ME461F25_LittleDaisies/project/ros_ws/install/mobile_sensor/share/mobile_sensor//node_modules/es5-ext/object/assign/shim.js
-- Installing: /home/ogan/ME461F25_LittleDaisies/project/ros_ws/install/mobile_sensor/share/mobile_sensor//node_modules/es5-ext/object/assign/is-implemented.js
-- Installing: /home/ogan/ME461F25_LittleDaisies/project/ros_ws/install/mobile_sensor/share/mobile_sensor//node_modules/es5-ext/object/assign/index.js
-- Installing: /home/ogan/ME461F25_LittleDaisies/project/ros_ws/install/mobile_sensor/share/mobile_sensor//node_modules/es5-ext/object/assign/implement.js
-- Installing: /home/ogan/ME461F25_LittleDaisies/project/ros_ws/install/mobile_sensor/share/mobile_sensor//node_modules/es5-ext/object/valid-object.js
-- Installing: /home/ogan/ME461F25_LittleDaisies/project/ros_ws/install/mobile_sensor/share/mobile_sensor//node_modules/es5-ext/object/clear.js
-- Installing: /home/ogan/ME461F25_LittleDaisies/project/ros_ws/install/mobile_sensor/share/mobile_sensor//node_modules/es5-ext/object/every.js
-- Installing: /home/ogan/ME461F25_LittleDaisies/project/ros_ws/install/mobile_sensor/share/mobile_sensor//node_modules/es5-ext/object/find-key.js
-- Installing: /home/ogan/ME461F25_LittleDaisies/project/ros_ws/install/mobile_sensor/share/mobile_sensor//node_modules/es5-ext/object/is-copy.js
-- Installing: /home/ogan/ME461F25_LittleDaisies/project/ros_ws/install/mobile_sensor/share/mobile_sensor//node_modules/es5-ext/object/ensure-natural-number-value.js
-- Installing: /home/ogan/ME461F25_LittleDaisies/project/ros_ws/install/mobile_sensor/share/mobile_sensor//node_modules/es5-ext/object/valid-value.js
-- Installing: /home/ogan/ME461F25_LittleDaisies/project/ros_ws/install/mobile_sensor/share/mobile_sensor//node_modules/es5-ext/object/is-plain-function.js
-- Installing: /home/ogan/ME461F25_LittleDaisies/project/ros_ws/install/mobile_sensor/share/mobile_sensor//node_modules/es5-ext/object/is.js
-- Installing: /home/ogan/ME461F25_LittleDaisies/project/ros_ws/install/mobile_sensor/share/mobile_sensor//node_modules/es5-ext/object/is-thenable.js
-- Installing: /home/ogan/ME461F25_LittleDaisies/project/ros_ws/install/mobile_sensor/share/mobile_sensor//node_modules/es5-ext/README.md
-- Installing: /home/ogan/ME461F25_LittleDaisies/project/ros_ws/install/mobile_sensor/share/mobile_sensor//node_modules/es5-ext/array
-- Installing: /home/ogan/ME461F25_LittleDaisies/project/ros_ws/install/mobile_sensor/share/mobile_sensor//node_modules/es5-ext/array/_is-extensible.js
-- Installing: /home/ogan/ME461F25_LittleDaisies/project/ros_ws/install/mobile_sensor/share/mobile_sensor//node_modules/es5-ext/array/_sub-array-dummy.js
-- Installing: /home/ogan/ME461F25_LittleDaisies/project/ros_ws/install/mobile_sensor/share/mobile_sensor//node_modules/es5-ext/array/of
-- Installing: /home/ogan/ME461F25_LittleDaisies/project/ros_ws/install/mobile_sensor/share/mobile_sensor//node_modules/es5-ext/array/of/shim.js
-- Installing: /home/ogan/ME461F25_LittleDaisies/project/ros_ws/install/mobile_sensor/share/mobile_sensor//node_modules/es5-ext/array/of/is-implemented.js
-- Installing: /home/ogan/ME461F25_LittleDaisies/project/ros_ws/install/mobile_sensor/share/mobile_sensor//node_modules/es5-ext/array/of/index.js
-- Installing: /home/ogan/ME461F25_LittleDaisies/project/ros_ws/install/mobile_sensor/share/mobile_sensor//node_modules/es5-ext/array/of/implement.js
-- Installing: /home/ogan/ME461F25_LittleDaisies/project/ros_ws/install/mobile_sensor/share/mobile_sensor//node_modules/es5-ext/array/_sub-array-dummy-safe.js
-- Installing: /home/ogan/ME461F25_LittleDaisies/project/ros_ws/install/mobile_sensor/share/mobile_sensor//node_modules/es5-ext/array/index.js
-- Installing: /home/ogan/ME461F25_LittleDaisies/project/ros_ws/install/mobile_sensor/share/mobile_sensor//node_modules/es5-ext/array/valid-array.js
-- Installing: /home/ogan/ME461F25_LittleDaisies/project/ros_ws/install/mobile_sensor/share/mobile_sensor//node_modules/es5-ext/array/to-array.js
-- Installing: /home/ogan/ME461F25_LittleDaisies/project/ros_ws/install/mobile_sensor/share/mobile_sensor//node_modules/es5-ext/array/from
-- Installing: /home/ogan/ME461F25_LittleDaisies/project/ros_ws/install/mobile_sensor/share/mobile_sensor//node_modules/es5-ext/array/from/shim.js
-- Installing: /home/ogan/ME461F25_LittleDaisies/project/ros_ws/install/mobile_sensor/share/mobile_sensor//node_modules/es5-ext/array/from/is-implemented.js
-- Installing: /home/ogan/ME461F25_LittleDaisies/project/ros_ws/install/mobile_sensor/share/mobile_sensor//node_modules/es5-ext/array/from/index.js
-- Installing: /home/ogan/ME461F25_LittleDaisies/project/ros_ws/install/mobile_sensor/share/mobile_sensor//node_modules/es5-ext/array/from/implement.js
-- Installing: /home/ogan/ME461F25_LittleDaisies/project/ros_ws/install/mobile_sensor/share/mobile_sensor//node_modules/es5-ext/array/is-plain-array.js
-- Installing: /home/ogan/ME461F25_LittleDaisies/project/ros_ws/install/mobile_sensor/share/mobile_sensor//node_modules/es5-ext/array/generate.js
-- Installing: /home/ogan/ME461F25_LittleDaisies/project/ros_ws/install/mobile_sensor/share/mobile_sensor//node_modules/es5-ext/array/#
-- Installing: /home/ogan/ME461F25_LittleDaisies/project/ros_ws/install/mobile_sensor/share/mobile_sensor//node_modules/es5-ext/array/#/entries
-- Installing: /home/ogan/ME461F25_LittleDaisies/project/ros_ws/install/mobile_sensor/share/mobile_sensor//node_modules/es5-ext/array/#/entries/shim.js
-- Installing: /home/ogan/ME461F25_LittleDaisies/project/ros_ws/install/mobile_sensor/share/mobile_sensor//node_modules/es5-ext/array/#/entries/is-implemented.js
-- Installing: /home/ogan/ME461F25_LittleDaisies/project/ros_ws/install/mobile_sensor/share/mobile_sensor//node_modules/es5-ext/array/#/entries/index.js
-- Installing: /home/ogan/ME461F25_LittleDaisies/project/ros_ws/install/mobile_sensor/share/mobile_sensor//node_modules/es5-ext/array/#/entries/implement.js
-- Installing: /home/ogan/ME461F25_LittleDaisies/project/ros_ws/install/mobile_sensor/share/mobile_sensor//node_modules/es5-ext/array/#/is-empty.js
-- Installing: /home/ogan/ME461F25_LittleDaisies/project/ros_ws/install/mobile_sensor/share/mobile_sensor//node_modules/es5-ext/array/#/slice
-- Installing: /home/ogan/ME461F25_LittleDaisies/project/ros_ws/install/mobile_sensor/share/mobile_sensor//node_modules/es5-ext/array/#/slice/shim.js
-- Installing: /home/ogan/ME461F25_LittleDaisies/project/ros_ws/install/mobile_sensor/share/mobile_sensor//node_modules/es5-ext/array/#/slice/is-implemented.js
-- Installing: /home/ogan/ME461F25_LittleDaisies/project/ros_ws/install/mobile_sensor/share/mobile_sensor//node_modules/es5-ext/array/#/slice/index.js
-- Installing: /home/ogan/ME461F25_LittleDaisies/project/ros_ws/install/mobile_sensor/share/mobile_sensor//node_modules/es5-ext/array/#/slice/implement.js
-- Installing: /home/ogan/ME461F25_LittleDaisies/project/ros_ws/install/mobile_sensor/share/mobile_sensor//node_modules/es5-ext/array/#/concat
-- Installing: /home/ogan/ME461F25_LittleDaisies/project/ros_ws/install/mobile_sensor/share/mobile_sensor//node_modules/es5-ext/array/#/concat/shim.js
-- Installing: /home/ogan/ME461F25_LittleDaisies/project/ros_ws/install/mobile_sensor/share/mobile_sensor//node_modules/es5-ext/array/#/concat/is-implemented.js
-- Installing: /home/ogan/ME461F25_LittleDaisies/project/ros_ws/install/mobile_sensor/share/mobile_sensor//node_modules/es5-ext/array/#/concat/index.js
-- Installing: /home/ogan/ME461F25_LittleDaisies/project/ros_ws/install/mobile_sensor/share/mobile_sensor//node_modules/es5-ext/array/#/concat/implement.js
-- Installing: /home/ogan/ME461F25_LittleDaisies/project/ros_ws/install/mobile_sensor/share/mobile_sensor//node_modules/es5-ext/array/#/is-uniq.js
-- Installing: /home/ogan/ME461F25_LittleDaisies/project/ros_ws/install/mobile_sensor/share/mobile_sensor//node_modules/es5-ext/array/#/fill
-- Installing: /home/ogan/ME461F25_LittleDaisies/project/ros_ws/install/mobile_sensor/share/mobile_sensor//node_modules/es5-ext/array/#/fill/shim.js
-- Installing: /home/ogan/ME461F25_LittleDaisies/project/ros_ws/install/mobile_sensor/share/mobile_sensor//node_modules/es5-ext/array/#/fill/is-implemented.js
-- Installing: /home/ogan/ME461F25_LittleDaisies/project/ros_ws/install/mobile_sensor/share/mobile_sensor//node_modules/es5-ext/array/#/fill/index.js
-- Installing: /home/ogan/ME461F25_LittleDaisies/project/ros_ws/install/mobile_sensor/share/mobile_sensor//node_modules/es5-ext/array/#/fill/implement.js
-- Installing: /home/ogan/ME461F25_LittleDaisies/project/ros_ws/install/mobile_sensor/share/mobile_sensor//node_modules/es5-ext/array/#/first-index.js
-- Installing: /home/ogan/ME461F25_LittleDaisies/project/ros_ws/install/mobile_sensor/share/mobile_sensor//node_modules/es5-ext/array/#/first.js
-- Installing: /home/ogan/ME461F25_LittleDaisies/project/ros_ws/install/mobile_sensor/share/mobile_sensor//node_modules/es5-ext/array/#/compact.js
-- Installing: /home/ogan/ME461F25_LittleDaisies/project/ros_ws/install/mobile_sensor/share/mobile_sensor//node_modules/es5-ext/array/#/last-index.js
-- Installing: /home/ogan/ME461F25_LittleDaisies/project/ros_ws/install/mobile_sensor/share/mobile_sensor//node_modules/es5-ext/array/#/values
-- Installing: /home/ogan/ME461F25_LittleDaisies/project/ros_ws/install/mobile_sensor/share/mobile_sensor//node_modules/es5-ext/array/#/values/shim.js
-- Installing: /home/ogan/ME461F25_LittleDaisies/project/ros_ws/install/mobile_sensor/share/mobile_sensor//node_modules/es5-ext/array/#/values/is-implemented.js
-- Installing: /home/ogan/ME461F25_LittleDaisies/project/ros_ws/install/mobile_sensor/share/mobile_sensor//node_modules/es5-ext/array/#/values/index.js
-- Installing: /home/ogan/ME461F25_LittleDaisies/project/ros_ws/install/mobile_sensor/share/mobile_sensor//node_modules/es5-ext/array/#/values/implement.js
-- Installing: /home/ogan/ME461F25_LittleDaisies/project/ros_ws/install/mobile_sensor/share/mobile_sensor//node_modules/es5-ext/array/#/_compare-by-length.js
-- Installing: /home/ogan/ME461F25_LittleDaisies/project/ros_ws/install/mobile_sensor/share/mobile_sensor//node_modules/es5-ext/array/#/diff.js
-- Installing: /home/ogan/ME461F25_LittleDaisies/project/ros_ws/install/mobile_sensor/share/mobile_sensor//node_modules/es5-ext/array/#/binary-search.js
-- Installing: /home/ogan/ME461F25_LittleDaisies/project/ros_ws/install/mobile_sensor/share/mobile_sensor//node_modules/es5-ext/array/#/flatten.js
-- Installing: /home/ogan/ME461F25_LittleDaisies/project/ros_ws/install/mobile_sensor/share/mobile_sensor//node_modules/es5-ext/array/#/exclusion.js
-- Installing: /home/ogan/ME461F25_LittleDaisies/project/ros_ws/install/mobile_sensor/share/mobile_sensor//node_modules/es5-ext/array/#/@@iterator
-- Installing: /home/ogan/ME461F25_LittleDaisies/project/ros_ws/install/mobile_sensor/share/mobile_sensor//node_modules/es5-ext/array/#/@@iterator/shim.js
-- Installing: /home/ogan/ME461F25_LittleDaisies/project/ros_ws/install/mobile_sensor/share/mobile_sensor//node_modules/es5-ext/array/#/@@iterator/is-implemented.js
-- Installing: /home/ogan/ME461F25_LittleDaisies/project/ros_ws/install/mobile_sensor/share/mobile_sensor//node_modules/es5-ext/array/#/@@iterator/index.js
-- Installing: /home/ogan/ME461F25_LittleDaisies/project/ros_ws/install/mobile_sensor/share/mobile_sensor//node_modules/es5-ext/array/#/@@iterator/implement.js
-- Installing: /home/ogan/ME461F25_LittleDaisies/project/ros_ws/install/mobile_sensor/share/mobile_sensor//node_modules/es5-ext/array/#/map
-- Installing: /home/ogan/ME461F25_LittleDaisies/project/ros_ws/install/mobile_sensor/share/mobile_sensor//node_modules/es5-ext/array/#/map/shim.js
-- Installing: /home/ogan/ME461F25_LittleDaisies/project/ros_ws/install/mobile_sensor/share/mobile_sensor//node_modules/es5-ext/array/#/map/is-implemented.js
-- Installing: /home/ogan/ME461F25_LittleDaisies/project/ros_ws/install/mobile_sensor/share/mobile_sensor//node_modules/es5-ext/array/#/map/index.js
-- Installing: /home/ogan/ME461F25_LittleDaisies/project/ros_ws/install/mobile_sensor/share/mobile_sensor//node_modules/es5-ext/array/#/map/implement.js
-- Installing: /home/ogan/ME461F25_LittleDaisies/project/ros_ws/install/mobile_sensor/share/mobile_sensor//node_modules/es5-ext/array/#/uniq.js
-- Installing: /home/ogan/ME461F25_LittleDaisies/project/ros_ws/install/mobile_sensor/share/mobile_sensor//node_modules/es5-ext/array/#/index.js
-- Installing: /home/ogan/ME461F25_LittleDaisies/project/ros_ws/install/mobile_sensor/share/mobile_sensor//node_modules/es5-ext/array/#/filter
-- Installing: /home/ogan/ME461F25_LittleDaisies/project/ros_ws/install/mobile_sensor/share/mobile_sensor//node_modules/es5-ext/array/#/filter/shim.js
-- Installing: /home/ogan/ME461F25_LittleDaisies/project/ros_ws/install/mobile_sensor/share/mobile_sensor//node_modules/es5-ext/array/#/filter/is-implemented.js
-- Installing: /home/ogan/ME461F25_LittleDaisies/project/ros_ws/install/mobile_sensor/share/mobile_sensor//node_modules/es5-ext/array/#/filter/index.js
-- Installing: /home/ogan/ME461F25_LittleDaisies/project/ros_ws/install/mobile_sensor/share/mobile_sensor//node_modules/es5-ext/array/#/filter/implement.js
-- Installing: /home/ogan/ME461F25_LittleDaisies/project/ros_ws/install/mobile_sensor/share/mobile_sensor//node_modules/es5-ext/array/#/e-last-index-of.js
-- Installing: /home/ogan/ME461F25_LittleDaisies/project/ros_ws/install/mobile_sensor/share/mobile_sensor//node_modules/es5-ext/array/#/for-each-right.js
-- Installing: /home/ogan/ME461F25_LittleDaisies/project/ros_ws/install/mobile_sensor/share/mobile_sensor//node_modules/es5-ext/array/#/contains.js
-- Installing: /home/ogan/ME461F25_LittleDaisies/project/ros_ws/install/mobile_sensor/share/mobile_sensor//node_modules/es5-ext/array/#/find
-- Installing: /home/ogan/ME461F25_LittleDaisies/project/ros_ws/install/mobile_sensor/share/mobile_sensor//node_modules/es5-ext/array/#/find/shim.js
-- Installing: /home/ogan/ME461F25_LittleDaisies/project/ros_ws/install/mobile_sensor/share/mobile_sensor//node_modules/es5-ext/array/#/find/is-implemented.js
-- Installing: /home/ogan/ME461F25_LittleDaisies/project/ros_ws/install/mobile_sensor/share/mobile_sensor//node_modules/es5-ext/array/#/find/index.js
-- Installing: /home/ogan/ME461F25_LittleDaisies/project/ros_ws/install/mobile_sensor/share/mobile_sensor//node_modules/es5-ext/array/#/find/implement.js
-- Installing: /home/ogan/ME461F25_LittleDaisies/project/ros_ws/install/mobile_sensor/share/mobile_sensor//node_modules/es5-ext/array/#/group.js
-- Installing: /home/ogan/ME461F25_LittleDaisies/project/ros_ws/install/mobile_sensor/share/mobile_sensor//node_modules/es5-ext/array/#/keys
-- Installing: /home/ogan/ME461F25_LittleDaisies/project/ros_ws/install/mobile_sensor/share/mobile_sensor//node_modules/es5-ext/array/#/keys/shim.js
-- Installing: /home/ogan/ME461F25_LittleDaisies/project/ros_ws/install/mobile_sensor/share/mobile_sensor//node_modules/es5-ext/array/#/keys/is-implemented.js
-- Installing: /home/ogan/ME461F25_LittleDaisies/project/ros_ws/install/mobile_sensor/share/mobile_sensor//node_modules/es5-ext/array/#/keys/index.js
-- Installing: /home/ogan/ME461F25_LittleDaisies/project/ros_ws/install/mobile_sensor/share/mobile_sensor//node_modules/es5-ext/array/#/keys/implement.js
-- Installing: /home/ogan/ME461F25_LittleDaisies/project/ros_ws/install/mobile_sensor/share/mobile_sensor//node_modules/es5-ext/array/#/find-index
-- Installing: /home/ogan/ME461F25_LittleDaisies/project/ros_ws/install/mobile_sensor/share/mobile_sensor//node_modules/es5-ext/array/#/find-index/shim.js
-- Installing: /home/ogan/ME461F25_LittleDaisies/project/ros_ws/install/mobile_sensor/share/mobile_sensor//node_modules/es5-ext/array/#/find-index/is-implemented.js
-- Installing: /home/ogan/ME461F25_LittleDaisies/project/ros_ws/install/mobile_sensor/share/mobile_sensor//node_modules/es5-ext/array/#/find-index/index.js
-- Installing: /home/ogan/ME461F25_LittleDaisies/project/ros_ws/install/mobile_sensor/share/mobile_sensor//node_modules/es5-ext/array/#/find-index/implement.js
-- Installing: /home/ogan/ME461F25_LittleDaisies/project/ros_ws/install/mobile_sensor/share/mobile_sensor//node_modules/es5-ext/array/#/some-right.js
-- Installing: /home/ogan/ME461F25_LittleDaisies/project/ros_ws/install/mobile_sensor/share/mobile_sensor//node_modules/es5-ext/array/#/intersection.js
-- Installing: /home/ogan/ME461F25_LittleDaisies/project/ros_ws/install/mobile_sensor/share/mobile_sensor//node_modules/es5-ext/array/#/copy-within
-- Installing: /home/ogan/ME461F25_LittleDaisies/project/ros_ws/install/mobile_sensor/share/mobile_sensor//node_modules/es5-ext/array/#/copy-within/shim.js
-- Installing: /home/ogan/ME461F25_LittleDaisies/project/ros_ws/install/mobile_sensor/share/mobile_sensor//node_modules/es5-ext/array/#/copy-within/is-implemented.js
-- Installing: /home/ogan/ME461F25_LittleDaisies/project/ros_ws/install/mobile_sensor/share/mobile_sensor//node_modules/es5-ext/array/#/copy-within/index.js
-- Installing: /home/ogan/ME461F25_LittleDaisies/project/ros_ws/install/mobile_sensor/share/mobile_sensor//node_modules/es5-ext/array/#/copy-within/implement.js
-- Installing: /home/ogan/ME461F25_LittleDaisies/project/ros_ws/install/mobile_sensor/share/mobile_sensor//node_modules/es5-ext/array/#/splice
-- Installing: /home/ogan/ME461F25_LittleDaisies/project/ros_ws/install/mobile_sensor/share/mobile_sensor//node_modules/es5-ext/array/#/splice/shim.js
-- Installing: /home/ogan/ME461F25_LittleDaisies/project/ros_ws/install/mobile_sensor/share/mobile_sensor//node_modules/es5-ext/array/#/splice/is-implemented.js
-- Installing: /home/ogan/ME461F25_LittleDaisies/project/ros_ws/install/mobile_sensor/share/mobile_sensor//node_modules/es5-ext/array/#/splice/index.js
-- Installing: /home/ogan/ME461F25_LittleDaisies/project/ros_ws/install/mobile_sensor/share/mobile_sensor//node_modules/es5-ext/array/#/splice/implement.js
-- Installing: /home/ogan/ME461F25_LittleDaisies/project/ros_ws/install/mobile_sensor/share/mobile_sensor//node_modules/es5-ext/array/#/indexes-of.js
-- Installing: /home/ogan/ME461F25_LittleDaisies/project/ros_ws/install/mobile_sensor/share/mobile_sensor//node_modules/es5-ext/array/#/remove.js
-- Installing: /home/ogan/ME461F25_LittleDaisies/project/ros_ws/install/mobile_sensor/share/mobile_sensor//node_modules/es5-ext/array/#/separate.js
-- Installing: /home/ogan/ME461F25_LittleDaisies/project/ros_ws/install/mobile_sensor/share/mobile_sensor//node_modules/es5-ext/array/#/e-index-of.js
-- Installing: /home/ogan/ME461F25_LittleDaisies/project/ros_ws/install/mobile_sensor/share/mobile_sensor//node_modules/es5-ext/array/#/clear.js
-- Installing: /home/ogan/ME461F25_LittleDaisies/project/ros_ws/install/mobile_sensor/share/mobile_sensor//node_modules/es5-ext/array/#/is-copy.js
-- Installing: /home/ogan/ME461F25_LittleDaisies/project/ros_ws/install/mobile_sensor/share/mobile_sensor//node_modules/es5-ext/array/#/last.js
-- Installing: /home/ogan/ME461F25_LittleDaisies/project/ros_ws/install/mobile_sensor/share/mobile_sensor//node_modules/foreachasync
-- Installing: /home/ogan/ME461F25_LittleDaisies/project/ros_ws/install/mobile_sensor/share/mobile_sensor//node_modules/foreachasync/.npmignore
-- Installing: /home/ogan/ME461F25_LittleDaisies/project/ros_ws/install/mobile_sensor/share/mobile_sensor//node_modules/foreachasync/package.json
-- Installing: /home/ogan/ME461F25_LittleDaisies/project/ros_ws/install/mobile_sensor/share/mobile_sensor//node_modules/foreachasync/LICENSE
-- Installing: /home/ogan/ME461F25_LittleDaisies/project/ros_ws/install/mobile_sensor/share/mobile_sensor//node_modules/foreachasync/test.js
-- Installing: /home/ogan/ME461F25_LittleDaisies/project/ros_ws/install/mobile_sensor/share/mobile_sensor//node_modules/foreachasync/README.md
-- Installing: /home/ogan/ME461F25_LittleDaisies/project/ros_ws/install/mobile_sensor/share/mobile_sensor//node_modules/foreachasync/forEachAsync.js
-- Installing: /home/ogan/ME461F25_LittleDaisies/project/ros_ws/install/mobile_sensor/share/mobile_sensor//node_modules/foreachasync/bower.json
-- Installing: /home/ogan/ME461F25_LittleDaisies/project/ros_ws/install/mobile_sensor/share/mobile_sensor//node_modules/nan
-- Installing: /home/ogan/ME461F25_LittleDaisies/project/ros_ws/install/mobile_sensor/share/mobile_sensor//node_modules/nan/include_dirs.js
-- Installing: /home/ogan/ME461F25_LittleDaisies/project/ros_ws/install/mobile_sensor/share/mobile_sensor//node_modules/nan/nan_callbacks_pre_12_inl.h
-- Installing: /home/ogan/ME461F25_LittleDaisies/project/ros_ws/install/mobile_sensor/share/mobile_sensor//node_modules/nan/nan_maybe_43_inl.h
-- Installing: /home/ogan/ME461F25_LittleDaisies/project/ros_ws/install/mobile_sensor/share/mobile_sensor//node_modules/nan/nan_callbacks.h
-- Installing: /home/ogan/ME461F25_LittleDaisies/project/ros_ws/install/mobile_sensor/share/mobile_sensor//node_modules/nan/nan_persistent_pre_12_inl.h
-- Installing: /home/ogan/ME461F25_LittleDaisies/project/ros_ws/install/mobile_sensor/share/mobile_sensor//node_modules/nan/nan_converters_43_inl.h
-- Installing: /home/ogan/ME461F25_LittleDaisies/project/ros_ws/install/mobile_sensor/share/mobile_sensor//node_modules/nan/package.json
-- Installing: /home/ogan/ME461F25_LittleDaisies/project/ros_ws/install/mobile_sensor/share/mobile_sensor//node_modules/nan/nan_converters_pre_43_inl.h
-- Installing: /home/ogan/ME461F25_LittleDaisies/project/ros_ws/install/mobile_sensor/share/mobile_sensor//node_modules/nan/nan_scriptorigin.h
-- Installing: /home/ogan/ME461F25_LittleDaisies/project/ros_ws/install/mobile_sensor/share/mobile_sensor//node_modules/nan/LICENSE.md
-- Installing: /home/ogan/ME461F25_LittleDaisies/project/ros_ws/install/mobile_sensor/share/mobile_sensor//node_modules/nan/nan_persistent_12_inl.h
-- Installing: /home/ogan/ME461F25_LittleDaisies/project/ros_ws/install/mobile_sensor/share/mobile_sensor//node_modules/nan/nan_json.h
-- Installing: /home/ogan/ME461F25_LittleDaisies/project/ros_ws/install/mobile_sensor/share/mobile_sensor//node_modules/nan/nan_callbacks_12_inl.h
-- Installing: /home/ogan/ME461F25_LittleDaisies/project/ros_ws/install/mobile_sensor/share/mobile_sensor//node_modules/nan/nan_implementation_12_inl.h
-- Installing: /home/ogan/ME461F25_LittleDaisies/project/ros_ws/install/mobile_sensor/share/mobile_sensor//node_modules/nan/tools
-- Installing: /home/ogan/ME461F25_LittleDaisies/project/ros_ws/install/mobile_sensor/share/mobile_sensor//node_modules/nan/tools/package.json
-- Installing: /home/ogan/ME461F25_LittleDaisies/project/ros_ws/install/mobile_sensor/share/mobile_sensor//node_modules/nan/tools/1to2.js
-- Installing: /home/ogan/ME461F25_LittleDaisies/project/ros_ws/install/mobile_sensor/share/mobile_sensor//node_modules/nan/tools/README.md
-- Installing: /home/ogan/ME461F25_LittleDaisies/project/ros_ws/install/mobile_sensor/share/mobile_sensor//node_modules/nan/nan_define_own_property_helper.h
-- Installing: /home/ogan/ME461F25_LittleDaisies/project/ros_ws/install/mobile_sensor/share/mobile_sensor//node_modules/nan/nan_private.h
-- Installing: /home/ogan/ME461F25_LittleDaisies/project/ros_ws/install/mobile_sensor/share/mobile_sensor//node_modules/nan/nan_object_wrap.h
-- Installing: /home/ogan/ME461F25_LittleDaisies/project/ros_ws/install/mobile_sensor/share/mobile_sensor//node_modules/nan/CMakeLists.txt
-- Installing: /home/ogan/ME461F25_LittleDaisies/project/ros_ws/install/mobile_sensor/share/mobile_sensor//node_modules/nan/nan_typedarray_contents.h
-- Installing: /home/ogan/ME461F25_LittleDaisies/project/ros_ws/install/mobile_sensor/share/mobile_sensor//node_modules/nan/CHANGELOG.md
-- Installing: /home/ogan/ME461F25_LittleDaisies/project/ros_ws/install/mobile_sensor/share/mobile_sensor//node_modules/nan/nan_maybe_pre_43_inl.h
-- Installing: /home/ogan/ME461F25_LittleDaisies/project/ros_ws/install/mobile_sensor/share/mobile_sensor//node_modules/nan/.pre-commit-config.yaml
-- Installing: /home/ogan/ME461F25_LittleDaisies/project/ros_ws/install/mobile_sensor/share/mobile_sensor//node_modules/nan/nan_new.h
-- Installing: /home/ogan/ME461F25_LittleDaisies/project/ros_ws/install/mobile_sensor/share/mobile_sensor//node_modules/nan/nan_converters.h
-- Installing: /home/ogan/ME461F25_LittleDaisies/project/ros_ws/install/mobile_sensor/share/mobile_sensor//node_modules/nan/nan_weak.h
-- Installing: /home/ogan/ME461F25_LittleDaisies/project/ros_ws/install/mobile_sensor/share/mobile_sensor//node_modules/nan/nan_string_bytes.h
-- Installing: /home/ogan/ME461F25_LittleDaisies/project/ros_ws/install/mobile_sensor/share/mobile_sensor//node_modules/nan/README.md
-- Installing: /home/ogan/ME461F25_LittleDaisies/project/ros_ws/install/mobile_sensor/share/mobile_sensor//node_modules/nan/nan.h
-- Installing: /home/ogan/ME461F25_LittleDaisies/project/ros_ws/install/mobile_sensor/share/mobile_sensor//node_modules/nan/doc
-- Installing: /home/ogan/ME461F25_LittleDaisies/project/ros_ws/install/mobile_sensor/share/mobile_sensor//node_modules/nan/doc/buffers.md
-- Installing: /home/ogan/ME461F25_LittleDaisies/project/ros_ws/install/mobile_sensor/share/mobile_sensor//node_modules/nan/doc/v8_internals.md
-- Installing: /home/ogan/ME461F25_LittleDaisies/project/ros_ws/install/mobile_sensor/share/mobile_sensor//node_modules/nan/doc/methods.md
-- Installing: /home/ogan/ME461F25_LittleDaisies/project/ros_ws/install/mobile_sensor/share/mobile_sensor//node_modules/nan/doc/persistent.md
-- Installing: /home/ogan/ME461F25_LittleDaisies/project/ros_ws/install/mobile_sensor/share/mobile_sensor//node_modules/nan/doc/object_wrappers.md
-- Installing: /home/ogan/ME461F25_LittleDaisies/project/ros_ws/install/mobile_sensor/share/mobile_sensor//node_modules/nan/doc/json.md
-- Installing: /home/ogan/ME461F25_LittleDaisies/project/ros_ws/install/mobile_sensor/share/mobile_sensor//node_modules/nan/doc/script.md
-- Installing: /home/ogan/ME461F25_LittleDaisies/project/ros_ws/install/mobile_sensor/share/mobile_sensor//node_modules/nan/doc/asyncworker.md
-- Installing: /home/ogan/ME461F25_LittleDaisies/project/ros_ws/install/mobile_sensor/share/mobile_sensor//node_modules/nan/doc/new.md
-- Installing: /home/ogan/ME461F25_LittleDaisies/project/ros_ws/install/mobile_sensor/share/mobile_sensor//node_modules/nan/doc/callback.md
-- Installing: /home/ogan/ME461F25_LittleDaisies/project/ros_ws/install/mobile_sensor/share/mobile_sensor//node_modules/nan/doc/scopes.md
-- Installing: /home/ogan/ME461F25_LittleDaisies/project/ros_ws/install/mobile_sensor/share/mobile_sensor//node_modules/nan/doc/string_bytes.md
-- Installing: /home/ogan/ME461F25_LittleDaisies/project/ros_ws/install/mobile_sensor/share/mobile_sensor//node_modules/nan/doc/errors.md
-- Installing: /home/ogan/ME461F25_LittleDaisies/project/ros_ws/install/mobile_sensor/share/mobile_sensor//node_modules/nan/doc/maybe_types.md
-- Installing: /home/ogan/ME461F25_LittleDaisies/project/ros_ws/install/mobile_sensor/share/mobile_sensor//node_modules/nan/doc/node_misc.md
-- Installing: /home/ogan/ME461F25_LittleDaisies/project/ros_ws/install/mobile_sensor/share/mobile_sensor//node_modules/nan/doc/v8_misc.md
-- Installing: /home/ogan/ME461F25_LittleDaisies/project/ros_ws/install/mobile_sensor/share/mobile_sensor//node_modules/nan/doc/converters.md
-- Installing: /home/ogan/ME461F25_LittleDaisies/project/ros_ws/install/mobile_sensor/share/mobile_sensor//node_modules/nan/.github
-- Installing: /home/ogan/ME461F25_LittleDaisies/project/ros_ws/install/mobile_sensor/share/mobile_sensor//node_modules/nan/.github/workflows
-- Installing: /home/ogan/ME461F25_LittleDaisies/project/ros_ws/install/mobile_sensor/share/mobile_sensor//node_modules/nan/.github/workflows/ci.yml
-- Installing: /home/ogan/ME461F25_LittleDaisies/project/ros_ws/install/mobile_sensor/share/mobile_sensor//node_modules/nan/nan_implementation_pre_12_inl.h
-- Installing: /home/ogan/ME461F25_LittleDaisies/project/ros_ws/install/mobile_sensor/share/mobile_sensor//node_modules/universalify
-- Installing: /home/ogan/ME461F25_LittleDaisies/project/ros_ws/install/mobile_sensor/share/mobile_sensor//node_modules/universalify/package.json
-- Installing: /home/ogan/ME461F25_LittleDaisies/project/ros_ws/install/mobile_sensor/share/mobile_sensor//node_modules/universalify/LICENSE
-- Installing: /home/ogan/ME461F25_LittleDaisies/project/ros_ws/install/mobile_sensor/share/mobile_sensor//node_modules/universalify/index.js
-- Installing: /home/ogan/ME461F25_LittleDaisies/project/ros_ws/install/mobile_sensor/share/mobile_sensor//node_modules/universalify/README.md
-- Installing: /home/ogan/ME461F25_LittleDaisies/project/ros_ws/install/mobile_sensor/share/mobile_sensor//node_modules/express
-- Installing: /home/ogan/ME461F25_LittleDaisies/project/ros_ws/install/mobile_sensor/share/mobile_sensor//node_modules/express/package.json
-- Installing: /home/ogan/ME461F25_LittleDaisies/project/ros_ws/install/mobile_sensor/share/mobile_sensor//node_modules/express/LICENSE
-- Installing: /home/ogan/ME461F25_LittleDaisies/project/ros_ws/install/mobile_sensor/share/mobile_sensor//node_modules/express/index.js
-- Installing: /home/ogan/ME461F25_LittleDaisies/project/ros_ws/install/mobile_sensor/share/mobile_sensor//node_modules/express/lib
-- Installing: /home/ogan/ME461F25_LittleDaisies/project/ros_ws/install/mobile_sensor/share/mobile_sensor//node_modules/express/lib/utils.js
-- Installing: /home/ogan/ME461F25_LittleDaisies/project/ros_ws/install/mobile_sensor/share/mobile_sensor//node_modules/express/lib/view.js
-- Installing: /home/ogan/ME461F25_LittleDaisies/project/ros_ws/install/mobile_sensor/share/mobile_sensor//node_modules/express/lib/router
-- Installing: /home/ogan/ME461F25_LittleDaisies/project/ros_ws/install/mobile_sensor/share/mobile_sensor//node_modules/express/lib/router/route.js
-- Installing: /home/ogan/ME461F25_LittleDaisies/project/ros_ws/install/mobile_sensor/share/mobile_sensor//node_modules/express/lib/router/index.js
-- Installing: /home/ogan/ME461F25_LittleDaisies/project/ros_ws/install/mobile_sensor/share/mobile_sensor//node_modules/express/lib/router/layer.js
-- Installing: /home/ogan/ME461F25_LittleDaisies/project/ros_ws/install/mobile_sensor/share/mobile_sensor//node_modules/express/lib/request.js
-- Installing: /home/ogan/ME461F25_LittleDaisies/project/ros_ws/install/mobile_sensor/share/mobile_sensor//node_modules/express/lib/middleware
-- Installing: /home/ogan/ME461F25_LittleDaisies/project/ros_ws/install/mobile_sensor/share/mobile_sensor//node_modules/express/lib/middleware/query.js
-- Installing: /home/ogan/ME461F25_LittleDaisies/project/ros_ws/install/mobile_sensor/share/mobile_sensor//node_modules/express/lib/middleware/init.js
-- Installing: /home/ogan/ME461F25_LittleDaisies/project/ros_ws/install/mobile_sensor/share/mobile_sensor//node_modules/express/lib/express.js
-- Installing: /home/ogan/ME461F25_LittleDaisies/project/ros_ws/install/mobile_sensor/share/mobile_sensor//node_modules/express/lib/application.js
-- Installing: /home/ogan/ME461F25_LittleDaisies/project/ros_ws/install/mobile_sensor/share/mobile_sensor//node_modules/express/lib/response.js
-- Installing: /home/ogan/ME461F25_LittleDaisies/project/ros_ws/install/mobile_sensor/share/mobile_sensor//node_modules/express/Readme.md
-- Installing: /home/ogan/ME461F25_LittleDaisies/project/ros_ws/install/mobile_sensor/share/mobile_sensor//node_modules/express/History.md
-- Installing: /home/ogan/ME461F25_LittleDaisies/project/ros_ws/install/mobile_sensor/share/mobile_sensor//node_modules/@jridgewell
-- Installing: /home/ogan/ME461F25_LittleDaisies/project/ros_ws/install/mobile_sensor/share/mobile_sensor//node_modules/@jridgewell/sourcemap-codec
-- Installing: /home/ogan/ME461F25_LittleDaisies/project/ros_ws/install/mobile_sensor/share/mobile_sensor//node_modules/@jridgewell/sourcemap-codec/dist
-- Installing: /home/ogan/ME461F25_LittleDaisies/project/ros_ws/install/mobile_sensor/share/mobile_sensor//node_modules/@jridgewell/sourcemap-codec/dist/sourcemap-codec.mjs.map
-- Installing: /home/ogan/ME461F25_LittleDaisies/project/ros_ws/install/mobile_sensor/share/mobile_sensor//node_modules/@jridgewell/sourcemap-codec/dist/sourcemap-codec.umd.js
-- Installing: /home/ogan/ME461F25_LittleDaisies/project/ros_ws/install/mobile_sensor/share/mobile_sensor//node_modules/@jridgewell/sourcemap-codec/dist/sourcemap-codec.mjs
-- Installing: /home/ogan/ME461F25_LittleDaisies/project/ros_ws/install/mobile_sensor/share/mobile_sensor//node_modules/@jridgewell/sourcemap-codec/dist/sourcemap-codec.umd.js.map
-- Installing: /home/ogan/ME461F25_LittleDaisies/project/ros_ws/install/mobile_sensor/share/mobile_sensor//node_modules/@jridgewell/sourcemap-codec/package.json
-- Installing: /home/ogan/ME461F25_LittleDaisies/project/ros_ws/install/mobile_sensor/share/mobile_sensor//node_modules/@jridgewell/sourcemap-codec/src
-- Installing: /home/ogan/ME461F25_LittleDaisies/project/ros_ws/install/mobile_sensor/share/mobile_sensor//node_modules/@jridgewell/sourcemap-codec/src/strings.ts
-- Installing: /home/ogan/ME461F25_LittleDaisies/project/ros_ws/install/mobile_sensor/share/mobile_sensor//node_modules/@jridgewell/sourcemap-codec/src/scopes.ts
-- Installing: /home/ogan/ME461F25_LittleDaisies/project/ros_ws/install/mobile_sensor/share/mobile_sensor//node_modules/@jridgewell/sourcemap-codec/src/sourcemap-codec.ts
-- Installing: /home/ogan/ME461F25_LittleDaisies/project/ros_ws/install/mobile_sensor/share/mobile_sensor//node_modules/@jridgewell/sourcemap-codec/src/vlq.ts
-- Installing: /home/ogan/ME461F25_LittleDaisies/project/ros_ws/install/mobile_sensor/share/mobile_sensor//node_modules/@jridgewell/sourcemap-codec/LICENSE
-- Installing: /home/ogan/ME461F25_LittleDaisies/project/ros_ws/install/mobile_sensor/share/mobile_sensor//node_modules/@jridgewell/sourcemap-codec/types
-- Installing: /home/ogan/ME461F25_LittleDaisies/project/ros_ws/install/mobile_sensor/share/mobile_sensor//node_modules/@jridgewell/sourcemap-codec/types/scopes.d.cts
-- Installing: /home/ogan/ME461F25_LittleDaisies/project/ros_ws/install/mobile_sensor/share/mobile_sensor//node_modules/@jridgewell/sourcemap-codec/types/strings.d.cts
-- Installing: /home/ogan/ME461F25_LittleDaisies/project/ros_ws/install/mobile_sensor/share/mobile_sensor//node_modules/@jridgewell/sourcemap-codec/types/vlq.d.mts.map
-- Installing: /home/ogan/ME461F25_LittleDaisies/project/ros_ws/install/mobile_sensor/share/mobile_sensor//node_modules/@jridgewell/sourcemap-codec/types/vlq.d.mts
-- Installing: /home/ogan/ME461F25_LittleDaisies/project/ros_ws/install/mobile_sensor/share/mobile_sensor//node_modules/@jridgewell/sourcemap-codec/types/sourcemap-codec.d.mts.map
-- Installing: /home/ogan/ME461F25_LittleDaisies/project/ros_ws/install/mobile_sensor/share/mobile_sensor//node_modules/@jridgewell/sourcemap-codec/types/sourcemap-codec.d.cts.map
-- Installing: /home/ogan/ME461F25_LittleDaisies/project/ros_ws/install/mobile_sensor/share/mobile_sensor//node_modules/@jridgewell/sourcemap-codec/types/strings.d.cts.map
-- Installing: /home/ogan/ME461F25_LittleDaisies/project/ros_ws/install/mobile_sensor/share/mobile_sensor//node_modules/@jridgewell/sourcemap-codec/types/vlq.d.cts
-- Installing: /home/ogan/ME461F25_LittleDaisies/project/ros_ws/install/mobile_sensor/share/mobile_sensor//node_modules/@jridgewell/sourcemap-codec/types/sourcemap-codec.d.mts
-- Installing: /home/ogan/ME461F25_LittleDaisies/project/ros_ws/install/mobile_sensor/share/mobile_sensor//node_modules/@jridgewell/sourcemap-codec/types/sourcemap-codec.d.cts
-- Installing: /home/ogan/ME461F25_LittleDaisies/project/ros_ws/install/mobile_sensor/share/mobile_sensor//node_modules/@jridgewell/sourcemap-codec/types/strings.d.mts.map
-- Installing: /home/ogan/ME461F25_LittleDaisies/project/ros_ws/install/mobile_sensor/share/mobile_sensor//node_modules/@jridgewell/sourcemap-codec/types/scopes.d.cts.map
-- Installing: /home/ogan/ME461F25_LittleDaisies/project/ros_ws/install/mobile_sensor/share/mobile_sensor//node_modules/@jridgewell/sourcemap-codec/types/strings.d.mts
-- Installing: /home/ogan/ME461F25_LittleDaisies/project/ros_ws/install/mobile_sensor/share/mobile_sensor//node_modules/@jridgewell/sourcemap-codec/types/scopes.d.mts
-- Installing: /home/ogan/ME461F25_LittleDaisies/project/ros_ws/install/mobile_sensor/share/mobile_sensor//node_modules/@jridgewell/sourcemap-codec/types/scopes.d.mts.map
-- Installing: /home/ogan/ME461F25_LittleDaisies/project/ros_ws/install/mobile_sensor/share/mobile_sensor//node_modules/@jridgewell/sourcemap-codec/types/vlq.d.cts.map
-- Installing: /home/ogan/ME461F25_LittleDaisies/project/ros_ws/install/mobile_sensor/share/mobile_sensor//node_modules/@jridgewell/sourcemap-codec/README.md
-- Installing: /home/ogan/ME461F25_LittleDaisies/project/ros_ws/install/mobile_sensor/share/mobile_sensor//node_modules/@jridgewell/resolve-uri
-- Installing: /home/ogan/ME461F25_LittleDaisies/project/ros_ws/install/mobile_sensor/share/mobile_sensor//node_modules/@jridgewell/resolve-uri/dist
-- Installing: /home/ogan/ME461F25_LittleDaisies/project/ros_ws/install/mobile_sensor/share/mobile_sensor//node_modules/@jridgewell/resolve-uri/dist/resolve-uri.mjs
-- Installing: /home/ogan/ME461F25_LittleDaisies/project/ros_ws/install/mobile_sensor/share/mobile_sensor//node_modules/@jridgewell/resolve-uri/dist/resolve-uri.mjs.map
-- Installing: /home/ogan/ME461F25_LittleDaisies/project/ros_ws/install/mobile_sensor/share/mobile_sensor//node_modules/@jridgewell/resolve-uri/dist/types
-- Installing: /home/ogan/ME461F25_LittleDaisies/project/ros_ws/install/mobile_sensor/share/mobile_sensor//node_modules/@jridgewell/resolve-uri/dist/types/resolve-uri.d.ts
-- Installing: /home/ogan/ME461F25_LittleDaisies/project/ros_ws/install/mobile_sensor/share/mobile_sensor//node_modules/@jridgewell/resolve-uri/dist/resolve-uri.umd.js
-- Installing: /home/ogan/ME461F25_LittleDaisies/project/ros_ws/install/mobile_sensor/share/mobile_sensor//node_modules/@jridgewell/resolve-uri/dist/resolve-uri.umd.js.map
-- Installing: /home/ogan/ME461F25_LittleDaisies/project/ros_ws/install/mobile_sensor/share/mobile_sensor//node_modules/@jridgewell/resolve-uri/package.json
-- Installing: /home/ogan/ME461F25_LittleDaisies/project/ros_ws/install/mobile_sensor/share/mobile_sensor//node_modules/@jridgewell/resolve-uri/LICENSE
-- Installing: /home/ogan/ME461F25_LittleDaisies/project/ros_ws/install/mobile_sensor/share/mobile_sensor//node_modules/@jridgewell/resolve-uri/README.md
-- Installing: /home/ogan/ME461F25_LittleDaisies/project/ros_ws/install/mobile_sensor/share/mobile_sensor//node_modules/@jridgewell/trace-mapping
-- Installing: /home/ogan/ME461F25_LittleDaisies/project/ros_ws/install/mobile_sensor/share/mobile_sensor//node_modules/@jridgewell/trace-mapping/dist
-- Installing: /home/ogan/ME461F25_LittleDaisies/project/ros_ws/install/mobile_sensor/share/mobile_sensor//node_modules/@jridgewell/trace-mapping/dist/trace-mapping.umd.js
-- Installing: /home/ogan/ME461F25_LittleDaisies/project/ros_ws/install/mobile_sensor/share/mobile_sensor//node_modules/@jridgewell/trace-mapping/dist/trace-mapping.umd.js.map
-- Installing: /home/ogan/ME461F25_LittleDaisies/project/ros_ws/install/mobile_sensor/share/mobile_sensor//node_modules/@jridgewell/trace-mapping/dist/trace-mapping.mjs
-- Installing: /home/ogan/ME461F25_LittleDaisies/project/ros_ws/install/mobile_sensor/share/mobile_sensor//node_modules/@jridgewell/trace-mapping/dist/trace-mapping.mjs.map
-- Installing: /home/ogan/ME461F25_LittleDaisies/project/ros_ws/install/mobile_sensor/share/mobile_sensor//node_modules/@jridgewell/trace-mapping/package.json
-- Installing: /home/ogan/ME461F25_LittleDaisies/project/ros_ws/install/mobile_sensor/share/mobile_sensor//node_modules/@jridgewell/trace-mapping/src
-- Installing: /home/ogan/ME461F25_LittleDaisies/project/ros_ws/install/mobile_sensor/share/mobile_sensor//node_modules/@jridgewell/trace-mapping/src/sourcemap-segment.ts
-- Installing: /home/ogan/ME461F25_LittleDaisies/project/ros_ws/install/mobile_sensor/share/mobile_sensor//node_modules/@jridgewell/trace-mapping/src/types.ts
-- Installing: /home/ogan/ME461F25_LittleDaisies/project/ros_ws/install/mobile_sensor/share/mobile_sensor//node_modules/@jridgewell/trace-mapping/src/trace-mapping.ts
-- Installing: /home/ogan/ME461F25_LittleDaisies/project/ros_ws/install/mobile_sensor/share/mobile_sensor//node_modules/@jridgewell/trace-mapping/src/flatten-map.ts
-- Installing: /home/ogan/ME461F25_LittleDaisies/project/ros_ws/install/mobile_sensor/share/mobile_sensor//node_modules/@jridgewell/trace-mapping/src/by-source.ts
-- Installing: /home/ogan/ME461F25_LittleDaisies/project/ros_ws/install/mobile_sensor/share/mobile_sensor//node_modules/@jridgewell/trace-mapping/src/strip-filename.ts
-- Installing: /home/ogan/ME461F25_LittleDaisies/project/ros_ws/install/mobile_sensor/share/mobile_sensor//node_modules/@jridgewell/trace-mapping/src/resolve.ts
-- Installing: /home/ogan/ME461F25_LittleDaisies/project/ros_ws/install/mobile_sensor/share/mobile_sensor//node_modules/@jridgewell/trace-mapping/src/sort.ts
-- Installing: /home/ogan/ME461F25_LittleDaisies/project/ros_ws/install/mobile_sensor/share/mobile_sensor//node_modules/@jridgewell/trace-mapping/src/binary-search.ts
-- Installing: /home/ogan/ME461F25_LittleDaisies/project/ros_ws/install/mobile_sensor/share/mobile_sensor//node_modules/@jridgewell/trace-mapping/LICENSE
-- Installing: /home/ogan/ME461F25_LittleDaisies/project/ros_ws/install/mobile_sensor/share/mobile_sensor//node_modules/@jridgewell/trace-mapping/types
-- Installing: /home/ogan/ME461F25_LittleDaisies/project/ros_ws/install/mobile_sensor/share/mobile_sensor//node_modules/@jridgewell/trace-mapping/types/sourcemap-segment.d.cts.map
-- Installing: /home/ogan/ME461F25_LittleDaisies/project/ros_ws/install/mobile_sensor/share/mobile_sensor//node_modules/@jridgewell/trace-mapping/types/by-source.d.cts.map
-- Installing: /home/ogan/ME461F25_LittleDaisies/project/ros_ws/install/mobile_sensor/share/mobile_sensor//node_modules/@jridgewell/trace-mapping/types/trace-mapping.d.mts
-- Installing: /home/ogan/ME461F25_LittleDaisies/project/ros_ws/install/mobile_sensor/share/mobile_sensor//node_modules/@jridgewell/trace-mapping/types/types.d.mts.map
-- Installing: /home/ogan/ME461F25_LittleDaisies/project/ros_ws/install/mobile_sensor/share/mobile_sensor//node_modules/@jridgewell/trace-mapping/types/flatten-map.d.cts.map
-- Installing: /home/ogan/ME461F25_LittleDaisies/project/ros_ws/install/mobile_sensor/share/mobile_sensor//node_modules/@jridgewell/trace-mapping/types/binary-search.d.cts.map
-- Installing: /home/ogan/ME461F25_LittleDaisies/project/ros_ws/install/mobile_sensor/share/mobile_sensor//node_modules/@jridgewell/trace-mapping/types/flatten-map.d.mts
-- Installing: /home/ogan/ME461F25_LittleDaisies/project/ros_ws/install/mobile_sensor/share/mobile_sensor//node_modules/@jridgewell/trace-mapping/types/types.d.cts
-- Installing: /home/ogan/ME461F25_LittleDaisies/project/ros_ws/install/mobile_sensor/share/mobile_sensor//node_modules/@jridgewell/trace-mapping/types/sourcemap-segment.d.mts
-- Installing: /home/ogan/ME461F25_LittleDaisies/project/ros_ws/install/mobile_sensor/share/mobile_sensor//node_modules/@jridgewell/trace-mapping/types/flatten-map.d.mts.map
-- Installing: /home/ogan/ME461F25_LittleDaisies/project/ros_ws/install/mobile_sensor/share/mobile_sensor//node_modules/@jridgewell/trace-mapping/types/trace-mapping.d.mts.map
-- Installing: /home/ogan/ME461F25_LittleDaisies/project/ros_ws/install/mobile_sensor/share/mobile_sensor//node_modules/@jridgewell/trace-mapping/types/resolve.d.mts.map
-- Installing: /home/ogan/ME461F25_LittleDaisies/project/ros_ws/install/mobile_sensor/share/mobile_sensor//node_modules/@jridgewell/trace-mapping/types/strip-filename.d.cts
-- Installing: /home/ogan/ME461F25_LittleDaisies/project/ros_ws/install/mobile_sensor/share/mobile_sensor//node_modules/@jridgewell/trace-mapping/types/resolve.d.mts
-- Installing: /home/ogan/ME461F25_LittleDaisies/project/ros_ws/install/mobile_sensor/share/mobile_sensor//node_modules/@jridgewell/trace-mapping/types/by-source.d.cts
-- Installing: /home/ogan/ME461F25_LittleDaisies/project/ros_ws/install/mobile_sensor/share/mobile_sensor//node_modules/@jridgewell/trace-mapping/types/trace-mapping.d.cts.map
-- Installing: /home/ogan/ME461F25_LittleDaisies/project/ros_ws/install/mobile_sensor/share/mobile_sensor//node_modules/@jridgewell/trace-mapping/types/sourcemap-segment.d.mts.map
-- Installing: /home/ogan/ME461F25_LittleDaisies/project/ros_ws/install/mobile_sensor/share/mobile_sensor//node_modules/@jridgewell/trace-mapping/types/by-source.d.mts.map
-- Installing: /home/ogan/ME461F25_LittleDaisies/project/ros_ws/install/mobile_sensor/share/mobile_sensor//node_modules/@jridgewell/trace-mapping/types/binary-search.d.mts.map
-- Installing: /home/ogan/ME461F25_LittleDaisies/project/ros_ws/install/mobile_sensor/share/mobile_sensor//node_modules/@jridgewell/trace-mapping/types/strip-filename.d.mts.map
-- Installing: /home/ogan/ME461F25_LittleDaisies/project/ros_ws/install/mobile_sensor/share/mobile_sensor//node_modules/@jridgewell/trace-mapping/types/resolve.d.cts.map
-- Installing: /home/ogan/ME461F25_LittleDaisies/project/ros_ws/install/mobile_sensor/share/mobile_sensor//node_modules/@jridgewell/trace-mapping/types/by-source.d.mts
-- Installing: /home/ogan/ME461F25_LittleDaisies/project/ros_ws/install/mobile_sensor/share/mobile_sensor//node_modules/@jridgewell/trace-mapping/types/sort.d.mts.map
-- Installing: /home/ogan/ME461F25_LittleDaisies/project/ros_ws/install/mobile_sensor/share/mobile_sensor//node_modules/@jridgewell/trace-mapping/types/types.d.mts
-- Installing: /home/ogan/ME461F25_LittleDaisies/project/ros_ws/install/mobile_sensor/share/mobile_sensor//node_modules/@jridgewell/trace-mapping/types/flatten-map.d.cts
-- Installing: /home/ogan/ME461F25_LittleDaisies/project/ros_ws/install/mobile_sensor/share/mobile_sensor//node_modules/@jridgewell/trace-mapping/types/binary-search.d.cts
-- Installing: /home/ogan/ME461F25_LittleDaisies/project/ros_ws/install/mobile_sensor/share/mobile_sensor//node_modules/@jridgewell/trace-mapping/types/sort.d.cts
-- Installing: /home/ogan/ME461F25_LittleDaisies/project/ros_ws/install/mobile_sensor/share/mobile_sensor//node_modules/@jridgewell/trace-mapping/types/trace-mapping.d.cts
-- Installing: /home/ogan/ME461F25_LittleDaisies/project/ros_ws/install/mobile_sensor/share/mobile_sensor//node_modules/@jridgewell/trace-mapping/types/resolve.d.cts
-- Installing: /home/ogan/ME461F25_LittleDaisies/project/ros_ws/install/mobile_sensor/share/mobile_sensor//node_modules/@jridgewell/trace-mapping/types/sourcemap-segment.d.cts
-- Installing: /home/ogan/ME461F25_LittleDaisies/project/ros_ws/install/mobile_sensor/share/mobile_sensor//node_modules/@jridgewell/trace-mapping/types/sort.d.mts
-- Installing: /home/ogan/ME461F25_LittleDaisies/project/ros_ws/install/mobile_sensor/share/mobile_sensor//node_modules/@jridgewell/trace-mapping/types/types.d.cts.map
-- Installing: /home/ogan/ME461F25_LittleDaisies/project/ros_ws/install/mobile_sensor/share/mobile_sensor//node_modules/@jridgewell/trace-mapping/types/binary-search.d.mts
-- Installing: /home/ogan/ME461F25_LittleDaisies/project/ros_ws/install/mobile_sensor/share/mobile_sensor//node_modules/@jridgewell/trace-mapping/types/strip-filename.d.cts.map
-- Installing: /home/ogan/ME461F25_LittleDaisies/project/ros_ws/install/mobile_sensor/share/mobile_sensor//node_modules/@jridgewell/trace-mapping/types/sort.d.cts.map
-- Installing: /home/ogan/ME461F25_LittleDaisies/project/ros_ws/install/mobile_sensor/share/mobile_sensor//node_modules/@jridgewell/trace-mapping/types/strip-filename.d.mts
-- Installing: /home/ogan/ME461F25_LittleDaisies/project/ros_ws/install/mobile_sensor/share/mobile_sensor//node_modules/@jridgewell/trace-mapping/README.md
-- Installing: /home/ogan/ME461F25_LittleDaisies/project/ros_ws/install/mobile_sensor/share/mobile_sensor//node_modules/@jridgewell/source-map
-- Installing: /home/ogan/ME461F25_LittleDaisies/project/ros_ws/install/mobile_sensor/share/mobile_sensor//node_modules/@jridgewell/source-map/dist
-- Installing: /home/ogan/ME461F25_LittleDaisies/project/ros_ws/install/mobile_sensor/share/mobile_sensor//node_modules/@jridgewell/source-map/dist/source-map.umd.js
-- Installing: /home/ogan/ME461F25_LittleDaisies/project/ros_ws/install/mobile_sensor/share/mobile_sensor//node_modules/@jridgewell/source-map/dist/source-map.mjs
-- Installing: /home/ogan/ME461F25_LittleDaisies/project/ros_ws/install/mobile_sensor/share/mobile_sensor//node_modules/@jridgewell/source-map/dist/source-map.mjs.map
-- Installing: /home/ogan/ME461F25_LittleDaisies/project/ros_ws/install/mobile_sensor/share/mobile_sensor//node_modules/@jridgewell/source-map/dist/source-map.umd.js.map
-- Installing: /home/ogan/ME461F25_LittleDaisies/project/ros_ws/install/mobile_sensor/share/mobile_sensor//node_modules/@jridgewell/source-map/package.json
-- Installing: /home/ogan/ME461F25_LittleDaisies/project/ros_ws/install/mobile_sensor/share/mobile_sensor//node_modules/@jridgewell/source-map/src
-- Installing: /home/ogan/ME461F25_LittleDaisies/project/ros_ws/install/mobile_sensor/share/mobile_sensor//node_modules/@jridgewell/source-map/src/source-map.ts
-- Installing: /home/ogan/ME461F25_LittleDaisies/project/ros_ws/install/mobile_sensor/share/mobile_sensor//node_modules/@jridgewell/source-map/LICENSE
-- Installing: /home/ogan/ME461F25_LittleDaisies/project/ros_ws/install/mobile_sensor/share/mobile_sensor//node_modules/@jridgewell/source-map/types
-- Installing: /home/ogan/ME461F25_LittleDaisies/project/ros_ws/install/mobile_sensor/share/mobile_sensor//node_modules/@jridgewell/source-map/types/source-map.d.cts.map
-- Installing: /home/ogan/ME461F25_LittleDaisies/project/ros_ws/install/mobile_sensor/share/mobile_sensor//node_modules/@jridgewell/source-map/types/source-map.d.cts
-- Installing: /home/ogan/ME461F25_LittleDaisies/project/ros_ws/install/mobile_sensor/share/mobile_sensor//node_modules/@jridgewell/source-map/types/source-map.d.mts.map
-- Installing: /home/ogan/ME461F25_LittleDaisies/project/ros_ws/install/mobile_sensor/share/mobile_sensor//node_modules/@jridgewell/source-map/types/source-map.d.mts
-- Installing: /home/ogan/ME461F25_LittleDaisies/project/ros_ws/install/mobile_sensor/share/mobile_sensor//node_modules/@jridgewell/source-map/README.md
-- Installing: /home/ogan/ME461F25_LittleDaisies/project/ros_ws/install/mobile_sensor/share/mobile_sensor//node_modules/@jridgewell/gen-mapping
-- Installing: /home/ogan/ME461F25_LittleDaisies/project/ros_ws/install/mobile_sensor/share/mobile_sensor//node_modules/@jridgewell/gen-mapping/dist
-- Installing: /home/ogan/ME461F25_LittleDaisies/project/ros_ws/install/mobile_sensor/share/mobile_sensor//node_modules/@jridgewell/gen-mapping/dist/gen-mapping.mjs
-- Installing: /home/ogan/ME461F25_LittleDaisies/project/ros_ws/install/mobile_sensor/share/mobile_sensor//node_modules/@jridgewell/gen-mapping/dist/types
-- Installing: /home/ogan/ME461F25_LittleDaisies/project/ros_ws/install/mobile_sensor/share/mobile_sensor//node_modules/@jridgewell/gen-mapping/dist/types/sourcemap-segment.d.ts
-- Installing: /home/ogan/ME461F25_LittleDaisies/project/ros_ws/install/mobile_sensor/share/mobile_sensor//node_modules/@jridgewell/gen-mapping/dist/types/gen-mapping.d.ts
-- Installing: /home/ogan/ME461F25_LittleDaisies/project/ros_ws/install/mobile_sensor/share/mobile_sensor//node_modules/@jridgewell/gen-mapping/dist/types/set-array.d.ts
-- Installing: /home/ogan/ME461F25_LittleDaisies/project/ros_ws/install/mobile_sensor/share/mobile_sensor//node_modules/@jridgewell/gen-mapping/dist/types/types.d.ts
-- Installing: /home/ogan/ME461F25_LittleDaisies/project/ros_ws/install/mobile_sensor/share/mobile_sensor//node_modules/@jridgewell/gen-mapping/dist/gen-mapping.umd.js.map
-- Installing: /home/ogan/ME461F25_LittleDaisies/project/ros_ws/install/mobile_sensor/share/mobile_sensor//node_modules/@jridgewell/gen-mapping/dist/gen-mapping.mjs.map
-- Installing: /home/ogan/ME461F25_LittleDaisies/project/ros_ws/install/mobile_sensor/share/mobile_sensor//node_modules/@jridgewell/gen-mapping/dist/gen-mapping.umd.js
-- Installing: /home/ogan/ME461F25_LittleDaisies/project/ros_ws/install/mobile_sensor/share/mobile_sensor//node_modules/@jridgewell/gen-mapping/package.json
-- Installing: /home/ogan/ME461F25_LittleDaisies/project/ros_ws/install/mobile_sensor/share/mobile_sensor//node_modules/@jridgewell/gen-mapping/src
-- Installing: /home/ogan/ME461F25_LittleDaisies/project/ros_ws/install/mobile_sensor/share/mobile_sensor//node_modules/@jridgewell/gen-mapping/src/sourcemap-segment.ts
-- Installing: /home/ogan/ME461F25_LittleDaisies/project/ros_ws/install/mobile_sensor/share/mobile_sensor//node_modules/@jridgewell/gen-mapping/src/types.ts
-- Installing: /home/ogan/ME461F25_LittleDaisies/project/ros_ws/install/mobile_sensor/share/mobile_sensor//node_modules/@jridgewell/gen-mapping/src/gen-mapping.ts
-- Installing: /home/ogan/ME461F25_LittleDaisies/project/ros_ws/install/mobile_sensor/share/mobile_sensor//node_modules/@jridgewell/gen-mapping/src/set-array.ts
-- Installing: /home/ogan/ME461F25_LittleDaisies/project/ros_ws/install/mobile_sensor/share/mobile_sensor//node_modules/@jridgewell/gen-mapping/LICENSE
-- Installing: /home/ogan/ME461F25_LittleDaisies/project/ros_ws/install/mobile_sensor/share/mobile_sensor//node_modules/@jridgewell/gen-mapping/types
-- Installing: /home/ogan/ME461F25_LittleDaisies/project/ros_ws/install/mobile_sensor/share/mobile_sensor//node_modules/@jridgewell/gen-mapping/types/set-array.d.cts.map
-- Installing: /home/ogan/ME461F25_LittleDaisies/project/ros_ws/install/mobile_sensor/share/mobile_sensor//node_modules/@jridgewell/gen-mapping/types/sourcemap-segment.d.cts.map
-- Installing: /home/ogan/ME461F25_LittleDaisies/project/ros_ws/install/mobile_sensor/share/mobile_sensor//node_modules/@jridgewell/gen-mapping/types/gen-mapping.d.cts.map
-- Installing: /home/ogan/ME461F25_LittleDaisies/project/ros_ws/install/mobile_sensor/share/mobile_sensor//node_modules/@jridgewell/gen-mapping/types/types.d.mts.map
-- Installing: /home/ogan/ME461F25_LittleDaisies/project/ros_ws/install/mobile_sensor/share/mobile_sensor//node_modules/@jridgewell/gen-mapping/types/set-array.d.mts
-- Installing: /home/ogan/ME461F25_LittleDaisies/project/ros_ws/install/mobile_sensor/share/mobile_sensor//node_modules/@jridgewell/gen-mapping/types/gen-mapping.d.mts.map
-- Installing: /home/ogan/ME461F25_LittleDaisies/project/ros_ws/install/mobile_sensor/share/mobile_sensor//node_modules/@jridgewell/gen-mapping/types/types.d.cts
-- Installing: /home/ogan/ME461F25_LittleDaisies/project/ros_ws/install/mobile_sensor/share/mobile_sensor//node_modules/@jridgewell/gen-mapping/types/sourcemap-segment.d.mts
-- Installing: /home/ogan/ME461F25_LittleDaisies/project/ros_ws/install/mobile_sensor/share/mobile_sensor//node_modules/@jridgewell/gen-mapping/types/gen-mapping.d.cts
-- Installing: /home/ogan/ME461F25_LittleDaisies/project/ros_ws/install/mobile_sensor/share/mobile_sensor//node_modules/@jridgewell/gen-mapping/types/set-array.d.cts
-- Installing: /home/ogan/ME461F25_LittleDaisies/project/ros_ws/install/mobile_sensor/share/mobile_sensor//node_modules/@jridgewell/gen-mapping/types/sourcemap-segment.d.mts.map
-- Installing: /home/ogan/ME461F25_LittleDaisies/project/ros_ws/install/mobile_sensor/share/mobile_sensor//node_modules/@jridgewell/gen-mapping/types/gen-mapping.d.mts
-- Installing: /home/ogan/ME461F25_LittleDaisies/project/ros_ws/install/mobile_sensor/share/mobile_sensor//node_modules/@jridgewell/gen-mapping/types/types.d.mts
-- Installing: /home/ogan/ME461F25_LittleDaisies/project/ros_ws/install/mobile_sensor/share/mobile_sensor//node_modules/@jridgewell/gen-mapping/types/sourcemap-segment.d.cts
-- Installing: /home/ogan/ME461F25_LittleDaisies/project/ros_ws/install/mobile_sensor/share/mobile_sensor//node_modules/@jridgewell/gen-mapping/types/types.d.cts.map
-- Installing: /home/ogan/ME461F25_LittleDaisies/project/ros_ws/install/mobile_sensor/share/mobile_sensor//node_modules/@jridgewell/gen-mapping/types/set-array.d.mts.map
-- Installing: /home/ogan/ME461F25_LittleDaisies/project/ros_ws/install/mobile_sensor/share/mobile_sensor//node_modules/@jridgewell/gen-mapping/README.md
-- Installing: /home/ogan/ME461F25_LittleDaisies/project/ros_ws/install/mobile_sensor/share/mobile_sensor//node_modules/es6-symbol
-- Installing: /home/ogan/ME461F25_LittleDaisies/project/ros_ws/install/mobile_sensor/share/mobile_sensor//node_modules/es6-symbol/polyfill.js
-- Installing: /home/ogan/ME461F25_LittleDaisies/project/ros_ws/install/mobile_sensor/share/mobile_sensor//node_modules/es6-symbol/package.json
-- Installing: /home/ogan/ME461F25_LittleDaisies/project/ros_ws/install/mobile_sensor/share/mobile_sensor//node_modules/es6-symbol/is-native-implemented.js
-- Installing: /home/ogan/ME461F25_LittleDaisies/project/ros_ws/install/mobile_sensor/share/mobile_sensor//node_modules/es6-symbol/is-implemented.js
-- Installing: /home/ogan/ME461F25_LittleDaisies/project/ros_ws/install/mobile_sensor/share/mobile_sensor//node_modules/es6-symbol/is-symbol.js
-- Installing: /home/ogan/ME461F25_LittleDaisies/project/ros_ws/install/mobile_sensor/share/mobile_sensor//node_modules/es6-symbol/LICENSE
-- Installing: /home/ogan/ME461F25_LittleDaisies/project/ros_ws/install/mobile_sensor/share/mobile_sensor//node_modules/es6-symbol/index.js
-- Installing: /home/ogan/ME461F25_LittleDaisies/project/ros_ws/install/mobile_sensor/share/mobile_sensor//node_modules/es6-symbol/lib
-- Installing: /home/ogan/ME461F25_LittleDaisies/project/ros_ws/install/mobile_sensor/share/mobile_sensor//node_modules/es6-symbol/lib/private
-- Installing: /home/ogan/ME461F25_LittleDaisies/project/ros_ws/install/mobile_sensor/share/mobile_sensor//node_modules/es6-symbol/lib/private/setup
-- Installing: /home/ogan/ME461F25_LittleDaisies/project/ros_ws/install/mobile_sensor/share/mobile_sensor//node_modules/es6-symbol/lib/private/setup/standard-symbols.js
-- Installing: /home/ogan/ME461F25_LittleDaisies/project/ros_ws/install/mobile_sensor/share/mobile_sensor//node_modules/es6-symbol/lib/private/setup/symbol-registry.js
-- Installing: /home/ogan/ME461F25_LittleDaisies/project/ros_ws/install/mobile_sensor/share/mobile_sensor//node_modules/es6-symbol/lib/private/generate-name.js
-- Installing: /home/ogan/ME461F25_LittleDaisies/project/ros_ws/install/mobile_sensor/share/mobile_sensor//node_modules/es6-symbol/validate-symbol.js
-- Installing: /home/ogan/ME461F25_LittleDaisies/project/ros_ws/install/mobile_sensor/share/mobile_sensor//node_modules/es6-symbol/CHANGELOG.md
-- Installing: /home/ogan/ME461F25_LittleDaisies/project/ros_ws/install/mobile_sensor/share/mobile_sensor//node_modules/es6-symbol/implement.js
-- Installing: /home/ogan/ME461F25_LittleDaisies/project/ros_ws/install/mobile_sensor/share/mobile_sensor//node_modules/es6-symbol/README.md
-- Installing: /home/ogan/ME461F25_LittleDaisies/project/ros_ws/install/mobile_sensor/share/mobile_sensor//node_modules/es6-symbol/.testignore
-- Installing: /home/ogan/ME461F25_LittleDaisies/project/ros_ws/install/mobile_sensor/share/mobile_sensor//node_modules/es6-symbol/CHANGES
-- Installing: /home/ogan/ME461F25_LittleDaisies/project/ros_ws/install/mobile_sensor/share/mobile_sensor//node_modules/object-inspect
-- Installing: /home/ogan/ME461F25_LittleDaisies/project/ros_ws/install/mobile_sensor/share/mobile_sensor//node_modules/object-inspect/example
-- Installing: /home/ogan/ME461F25_LittleDaisies/project/ros_ws/install/mobile_sensor/share/mobile_sensor//node_modules/object-inspect/example/fn.js
-- Installing: /home/ogan/ME461F25_LittleDaisies/project/ros_ws/install/mobile_sensor/share/mobile_sensor//node_modules/object-inspect/example/inspect.js
-- Installing: /home/ogan/ME461F25_LittleDaisies/project/ros_ws/install/mobile_sensor/share/mobile_sensor//node_modules/object-inspect/example/circular.js
-- Installing: /home/ogan/ME461F25_LittleDaisies/project/ros_ws/install/mobile_sensor/share/mobile_sensor//node_modules/object-inspect/example/all.js
-- Installing: /home/ogan/ME461F25_LittleDaisies/project/ros_ws/install/mobile_sensor/share/mobile_sensor//node_modules/object-inspect/.eslintrc
-- Installing: /home/ogan/ME461F25_LittleDaisies/project/ros_ws/install/mobile_sensor/share/mobile_sensor//node_modules/object-inspect/package.json
-- Installing: /home/ogan/ME461F25_LittleDaisies/project/ros_ws/install/mobile_sensor/share/mobile_sensor//node_modules/object-inspect/LICENSE
-- Installing: /home/ogan/ME461F25_LittleDaisies/project/ros_ws/install/mobile_sensor/share/mobile_sensor//node_modules/object-inspect/test-core-js.js
-- Installing: /home/ogan/ME461F25_LittleDaisies/project/ros_ws/install/mobile_sensor/share/mobile_sensor//node_modules/object-inspect/index.js
-- Installing: /home/ogan/ME461F25_LittleDaisies/project/ros_ws/install/mobile_sensor/share/mobile_sensor//node_modules/object-inspect/util.inspect.js
-- Installing: /home/ogan/ME461F25_LittleDaisies/project/ros_ws/install/mobile_sensor/share/mobile_sensor//node_modules/object-inspect/CHANGELOG.md
-- Installing: /home/ogan/ME461F25_LittleDaisies/project/ros_ws/install/mobile_sensor/share/mobile_sensor//node_modules/object-inspect/package-support.json
-- Installing: /home/ogan/ME461F25_LittleDaisies/project/ros_ws/install/mobile_sensor/share/mobile_sensor//node_modules/object-inspect/test
-- Installing: /home/ogan/ME461F25_LittleDaisies/project/ros_ws/install/mobile_sensor/share/mobile_sensor//node_modules/object-inspect/test/undef.js
-- Installing: /home/ogan/ME461F25_LittleDaisies/project/ros_ws/install/mobile_sensor/share/mobile_sensor//node_modules/object-inspect/test/has.js
-- Installing: /home/ogan/ME461F25_LittleDaisies/project/ros_ws/install/mobile_sensor/share/mobile_sensor//node_modules/object-inspect/test/holes.js
-- Installing: /home/ogan/ME461F25_LittleDaisies/project/ros_ws/install/mobile_sensor/share/mobile_sensor//node_modules/object-inspect/test/number.js
-- Installing: /home/ogan/ME461F25_LittleDaisies/project/ros_ws/install/mobile_sensor/share/mobile_sensor//node_modules/object-inspect/test/fakes.js
-- Installing: /home/ogan/ME461F25_LittleDaisies/project/ros_ws/install/mobile_sensor/share/mobile_sensor//node_modules/object-inspect/test/err.js
-- Installing: /home/ogan/ME461F25_LittleDaisies/project/ros_ws/install/mobile_sensor/share/mobile_sensor//node_modules/object-inspect/test/fn.js
-- Installing: /home/ogan/ME461F25_LittleDaisies/project/ros_ws/install/mobile_sensor/share/mobile_sensor//node_modules/object-inspect/test/values.js
-- Installing: /home/ogan/ME461F25_LittleDaisies/project/ros_ws/install/mobile_sensor/share/mobile_sensor//node_modules/object-inspect/test/bigint.js
-- Installing: /home/ogan/ME461F25_LittleDaisies/project/ros_ws/install/mobile_sensor/share/mobile_sensor//node_modules/object-inspect/test/deep.js
-- Installing: /home/ogan/ME461F25_LittleDaisies/project/ros_ws/install/mobile_sensor/share/mobile_sensor//node_modules/object-inspect/test/quoteStyle.js
-- Installing: /home/ogan/ME461F25_LittleDaisies/project/ros_ws/install/mobile_sensor/share/mobile_sensor//node_modules/object-inspect/test/element.js
-- Installing: /home/ogan/ME461F25_LittleDaisies/project/ros_ws/install/mobile_sensor/share/mobile_sensor//node_modules/object-inspect/test/global.js
-- Installing: /home/ogan/ME461F25_LittleDaisies/project/ros_ws/install/mobile_sensor/share/mobile_sensor//node_modules/object-inspect/test/browser
-- Installing: /home/ogan/ME461F25_LittleDaisies/project/ros_ws/install/mobile_sensor/share/mobile_sensor//node_modules/object-inspect/test/browser/dom.js
-- Installing: /home/ogan/ME461F25_LittleDaisies/project/ros_ws/install/mobile_sensor/share/mobile_sensor//node_modules/object-inspect/test/toStringTag.js
-- Installing: /home/ogan/ME461F25_LittleDaisies/project/ros_ws/install/mobile_sensor/share/mobile_sensor//node_modules/object-inspect/test/indent-option.js
-- Installing: /home/ogan/ME461F25_LittleDaisies/project/ros_ws/install/mobile_sensor/share/mobile_sensor//node_modules/object-inspect/test/inspect.js
-- Installing: /home/ogan/ME461F25_LittleDaisies/project/ros_ws/install/mobile_sensor/share/mobile_sensor//node_modules/object-inspect/test/circular.js
-- Installing: /home/ogan/ME461F25_LittleDaisies/project/ros_ws/install/mobile_sensor/share/mobile_sensor//node_modules/object-inspect/test/lowbyte.js
-- Installing: /home/ogan/ME461F25_LittleDaisies/project/ros_ws/install/mobile_sensor/share/mobile_sensor//node_modules/object-inspect/.github
-- Installing: /home/ogan/ME461F25_LittleDaisies/project/ros_ws/install/mobile_sensor/share/mobile_sensor//node_modules/object-inspect/.github/FUNDING.yml
-- Installing: /home/ogan/ME461F25_LittleDaisies/project/ros_ws/install/mobile_sensor/share/mobile_sensor//node_modules/object-inspect/readme.markdown
-- Installing: /home/ogan/ME461F25_LittleDaisies/project/ros_ws/install/mobile_sensor/share/mobile_sensor//node_modules/object-inspect/.nycrc
-- Installing: /home/ogan/ME461F25_LittleDaisies/project/ros_ws/install/mobile_sensor/share/mobile_sensor//node_modules/array-index
-- Installing: /home/ogan/ME461F25_LittleDaisies/project/ros_ws/install/mobile_sensor/share/mobile_sensor//node_modules/array-index/.npmignore
-- Installing: /home/ogan/ME461F25_LittleDaisies/project/ros_ws/install/mobile_sensor/share/mobile_sensor//node_modules/array-index/package.json
-- Installing: /home/ogan/ME461F25_LittleDaisies/project/ros_ws/install/mobile_sensor/share/mobile_sensor//node_modules/array-index/LICENSE
-- Installing: /home/ogan/ME461F25_LittleDaisies/project/ros_ws/install/mobile_sensor/share/mobile_sensor//node_modules/array-index/index.js
-- Installing: /home/ogan/ME461F25_LittleDaisies/project/ros_ws/install/mobile_sensor/share/mobile_sensor//node_modules/array-index/test.js
-- Installing: /home/ogan/ME461F25_LittleDaisies/project/ros_ws/install/mobile_sensor/share/mobile_sensor//node_modules/array-index/Makefile
-- Installing: /home/ogan/ME461F25_LittleDaisies/project/ros_ws/install/mobile_sensor/share/mobile_sensor//node_modules/array-index/History.md
-- Installing: /home/ogan/ME461F25_LittleDaisies/project/ros_ws/install/mobile_sensor/share/mobile_sensor//node_modules/array-index/component.json
-- Installing: /home/ogan/ME461F25_LittleDaisies/project/ros_ws/install/mobile_sensor/share/mobile_sensor//node_modules/array-index/README.md
-- Installing: /home/ogan/ME461F25_LittleDaisies/project/ros_ws/install/mobile_sensor/share/mobile_sensor//node_modules/array-index/.travis.yml
-- Installing: /home/ogan/ME461F25_LittleDaisies/project/ros_ws/install/mobile_sensor/share/mobile_sensor//node_modules/array-index/.jshintrc
-- Installing: /home/ogan/ME461F25_LittleDaisies/project/ros_ws/install/mobile_sensor/share/mobile_sensor//node_modules/file-uri-to-path
-- Installing: /home/ogan/ME461F25_LittleDaisies/project/ros_ws/install/mobile_sensor/share/mobile_sensor//node_modules/file-uri-to-path/.npmignore
-- Installing: /home/ogan/ME461F25_LittleDaisies/project/ros_ws/install/mobile_sensor/share/mobile_sensor//node_modules/file-uri-to-path/package.json
-- Installing: /home/ogan/ME461F25_LittleDaisies/project/ros_ws/install/mobile_sensor/share/mobile_sensor//node_modules/file-uri-to-path/LICENSE
-- Installing: /home/ogan/ME461F25_LittleDaisies/project/ros_ws/install/mobile_sensor/share/mobile_sensor//node_modules/file-uri-to-path/index.js
-- Installing: /home/ogan/ME461F25_LittleDaisies/project/ros_ws/install/mobile_sensor/share/mobile_sensor//node_modules/file-uri-to-path/index.d.ts
-- Installing: /home/ogan/ME461F25_LittleDaisies/project/ros_ws/install/mobile_sensor/share/mobile_sensor//node_modules/file-uri-to-path/History.md
-- Installing: /home/ogan/ME461F25_LittleDaisies/project/ros_ws/install/mobile_sensor/share/mobile_sensor//node_modules/file-uri-to-path/test
-- Installing: /home/ogan/ME461F25_LittleDaisies/project/ros_ws/install/mobile_sensor/share/mobile_sensor//node_modules/file-uri-to-path/test/test.js
-- Installing: /home/ogan/ME461F25_LittleDaisies/project/ros_ws/install/mobile_sensor/share/mobile_sensor//node_modules/file-uri-to-path/test/tests.json
-- Installing: /home/ogan/ME461F25_LittleDaisies/project/ros_ws/install/mobile_sensor/share/mobile_sensor//node_modules/file-uri-to-path/README.md
-- Installing: /home/ogan/ME461F25_LittleDaisies/project/ros_ws/install/mobile_sensor/share/mobile_sensor//node_modules/file-uri-to-path/.travis.yml
-- Installing: /home/ogan/ME461F25_LittleDaisies/project/ros_ws/install/mobile_sensor/share/mobile_sensor//node_modules/fs
-- Installing: /home/ogan/ME461F25_LittleDaisies/project/ros_ws/install/mobile_sensor/share/mobile_sensor//node_modules/fs/package.json
-- Installing: /home/ogan/ME461F25_LittleDaisies/project/ros_ws/install/mobile_sensor/share/mobile_sensor//node_modules/fs/README.md
-- Installing: /home/ogan/ME461F25_LittleDaisies/project/ros_ws/install/mobile_sensor/share/mobile_sensor//node_modules/utils-merge
-- Installing: /home/ogan/ME461F25_LittleDaisies/project/ros_ws/install/mobile_sensor/share/mobile_sensor//node_modules/utils-merge/.npmignore
-- Installing: /home/ogan/ME461F25_LittleDaisies/project/ros_ws/install/mobile_sensor/share/mobile_sensor//node_modules/utils-merge/package.json
-- Installing: /home/ogan/ME461F25_LittleDaisies/project/ros_ws/install/mobile_sensor/share/mobile_sensor//node_modules/utils-merge/LICENSE
-- Installing: /home/ogan/ME461F25_LittleDaisies/project/ros_ws/install/mobile_sensor/share/mobile_sensor//node_modules/utils-merge/index.js
-- Installing: /home/ogan/ME461F25_LittleDaisies/project/ros_ws/install/mobile_sensor/share/mobile_sensor//node_modules/utils-merge/README.md
-- Installing: /home/ogan/ME461F25_LittleDaisies/project/ros_ws/install/mobile_sensor/share/mobile_sensor//node_modules/source-map
-- Installing: /home/ogan/ME461F25_LittleDaisies/project/ros_ws/install/mobile_sensor/share/mobile_sensor//node_modules/source-map/dist
-- Installing: /home/ogan/ME461F25_LittleDaisies/project/ros_ws/install/mobile_sensor/share/mobile_sensor//node_modules/source-map/dist/source-map.min.js
-- Installing: /home/ogan/ME461F25_LittleDaisies/project/ros_ws/install/mobile_sensor/share/mobile_sensor//node_modules/source-map/dist/source-map.js
-- Installing: /home/ogan/ME461F25_LittleDaisies/project/ros_ws/install/mobile_sensor/share/mobile_sensor//node_modules/source-map/dist/source-map.debug.js
-- Installing: /home/ogan/ME461F25_LittleDaisies/project/ros_ws/install/mobile_sensor/share/mobile_sensor//node_modules/source-map/dist/source-map.min.js.map
-- Installing: /home/ogan/ME461F25_LittleDaisies/project/ros_ws/install/mobile_sensor/share/mobile_sensor//node_modules/source-map/package.json
-- Installing: /home/ogan/ME461F25_LittleDaisies/project/ros_ws/install/mobile_sensor/share/mobile_sensor//node_modules/source-map/source-map.js
-- Installing: /home/ogan/ME461F25_LittleDaisies/project/ros_ws/install/mobile_sensor/share/mobile_sensor//node_modules/source-map/LICENSE
-- Installing: /home/ogan/ME461F25_LittleDaisies/project/ros_ws/install/mobile_sensor/share/mobile_sensor//node_modules/source-map/lib
-- Installing: /home/ogan/ME461F25_LittleDaisies/project/ros_ws/install/mobile_sensor/share/mobile_sensor//node_modules/source-map/lib/mapping-list.js
-- Installing: /home/ogan/ME461F25_LittleDaisies/project/ros_ws/install/mobile_sensor/share/mobile_sensor//node_modules/source-map/lib/binary-search.js
-- Installing: /home/ogan/ME461F25_LittleDaisies/project/ros_ws/install/mobile_sensor/share/mobile_sensor//node_modules/source-map/lib/quick-sort.js
-- Installing: /home/ogan/ME461F25_LittleDaisies/project/ros_ws/install/mobile_sensor/share/mobile_sensor//node_modules/source-map/lib/base64.js
-- Installing: /home/ogan/ME461F25_LittleDaisies/project/ros_ws/install/mobile_sensor/share/mobile_sensor//node_modules/source-map/lib/source-node.js
-- Installing: /home/ogan/ME461F25_LittleDaisies/project/ros_ws/install/mobile_sensor/share/mobile_sensor//node_modules/source-map/lib/source-map-generator.js
-- Installing: /home/ogan/ME461F25_LittleDaisies/project/ros_ws/install/mobile_sensor/share/mobile_sensor//node_modules/source-map/lib/source-map-consumer.js
-- Installing: /home/ogan/ME461F25_LittleDaisies/project/ros_ws/install/mobile_sensor/share/mobile_sensor//node_modules/source-map/lib/base64-vlq.js
-- Installing: /home/ogan/ME461F25_LittleDaisies/project/ros_ws/install/mobile_sensor/share/mobile_sensor//node_modules/source-map/lib/util.js
-- Installing: /home/ogan/ME461F25_LittleDaisies/project/ros_ws/install/mobile_sensor/share/mobile_sensor//node_modules/source-map/lib/array-set.js
-- Installing: /home/ogan/ME461F25_LittleDaisies/project/ros_ws/install/mobile_sensor/share/mobile_sensor//node_modules/source-map/CHANGELOG.md
-- Installing: /home/ogan/ME461F25_LittleDaisies/project/ros_ws/install/mobile_sensor/share/mobile_sensor//node_modules/source-map/source-map.d.ts
-- Installing: /home/ogan/ME461F25_LittleDaisies/project/ros_ws/install/mobile_sensor/share/mobile_sensor//node_modules/source-map/README.md
-- Installing: /home/ogan/ME461F25_LittleDaisies/project/ros_ws/install/mobile_sensor/share/mobile_sensor//node_modules/es-object-atoms
-- Installing: /home/ogan/ME461F25_LittleDaisies/project/ros_ws/install/mobile_sensor/share/mobile_sensor//node_modules/es-object-atoms/RequireObjectCoercible.js
-- Installing: /home/ogan/ME461F25_LittleDaisies/project/ros_ws/install/mobile_sensor/share/mobile_sensor//node_modules/es-object-atoms/.eslintrc
-- Installing: /home/ogan/ME461F25_LittleDaisies/project/ros_ws/install/mobile_sensor/share/mobile_sensor//node_modules/es-object-atoms/package.json
-- Installing: /home/ogan/ME461F25_LittleDaisies/project/ros_ws/install/mobile_sensor/share/mobile_sensor//node_modules/es-object-atoms/LICENSE
-- Installing: /home/ogan/ME461F25_LittleDaisies/project/ros_ws/install/mobile_sensor/share/mobile_sensor//node_modules/es-object-atoms/ToObject.js
-- Installing: /home/ogan/ME461F25_LittleDaisies/project/ros_ws/install/mobile_sensor/share/mobile_sensor//node_modules/es-object-atoms/index.js
-- Installing: /home/ogan/ME461F25_LittleDaisies/project/ros_ws/install/mobile_sensor/share/mobile_sensor//node_modules/es-object-atoms/ToObject.d.ts
-- Installing: /home/ogan/ME461F25_LittleDaisies/project/ros_ws/install/mobile_sensor/share/mobile_sensor//node_modules/es-object-atoms/index.d.ts
-- Installing: /home/ogan/ME461F25_LittleDaisies/project/ros_ws/install/mobile_sensor/share/mobile_sensor//node_modules/es-object-atoms/CHANGELOG.md
-- Installing: /home/ogan/ME461F25_LittleDaisies/project/ros_ws/install/mobile_sensor/share/mobile_sensor//node_modules/es-object-atoms/RequireObjectCoercible.d.ts
-- Installing: /home/ogan/ME461F25_LittleDaisies/project/ros_ws/install/mobile_sensor/share/mobile_sensor//node_modules/es-object-atoms/tsconfig.json
-- Installing: /home/ogan/ME461F25_LittleDaisies/project/ros_ws/install/mobile_sensor/share/mobile_sensor//node_modules/es-object-atoms/test
-- Installing: /home/ogan/ME461F25_LittleDaisies/project/ros_ws/install/mobile_sensor/share/mobile_sensor//node_modules/es-object-atoms/test/index.js
-- Installing: /home/ogan/ME461F25_LittleDaisies/project/ros_ws/install/mobile_sensor/share/mobile_sensor//node_modules/es-object-atoms/isObject.d.ts
-- Installing: /home/ogan/ME461F25_LittleDaisies/project/ros_ws/install/mobile_sensor/share/mobile_sensor//node_modules/es-object-atoms/README.md
-- Installing: /home/ogan/ME461F25_LittleDaisies/project/ros_ws/install/mobile_sensor/share/mobile_sensor//node_modules/es-object-atoms/.github
-- Installing: /home/ogan/ME461F25_LittleDaisies/project/ros_ws/install/mobile_sensor/share/mobile_sensor//node_modules/es-object-atoms/.github/FUNDING.yml
-- Installing: /home/ogan/ME461F25_LittleDaisies/project/ros_ws/install/mobile_sensor/share/mobile_sensor//node_modules/es-object-atoms/isObject.js
-- Installing: /home/ogan/ME461F25_LittleDaisies/project/ros_ws/install/mobile_sensor/share/mobile_sensor//node_modules/cookie-signature
-- Installing: /home/ogan/ME461F25_LittleDaisies/project/ros_ws/install/mobile_sensor/share/mobile_sensor//node_modules/cookie-signature/package.json
-- Installing: /home/ogan/ME461F25_LittleDaisies/project/ros_ws/install/mobile_sensor/share/mobile_sensor//node_modules/cookie-signature/index.js
-- Installing: /home/ogan/ME461F25_LittleDaisies/project/ros_ws/install/mobile_sensor/share/mobile_sensor//node_modules/cookie-signature/Readme.md
-- Installing: /home/ogan/ME461F25_LittleDaisies/project/ros_ws/install/mobile_sensor/share/mobile_sensor//node_modules/cookie-signature/History.md
-- Installing: /home/ogan/ME461F25_LittleDaisies/project/ros_ws/install/mobile_sensor/share/mobile_sensor//node_modules/https
-- Installing: /home/ogan/ME461F25_LittleDaisies/project/ros_ws/install/mobile_sensor/share/mobile_sensor//node_modules/https/package.json
-- Installing: /home/ogan/ME461F25_LittleDaisies/project/ros_ws/install/mobile_sensor/share/mobile_sensor//node_modules/.bin
-- Installing: /home/ogan/ME461F25_LittleDaisies/project/ros_ws/install/mobile_sensor/share/mobile_sensor//node_modules/.bin/acorn
-- Installing: /home/ogan/ME461F25_LittleDaisies/project/ros_ws/install/mobile_sensor/share/mobile_sensor//node_modules/.bin/node-gyp-build
-- Installing: /home/ogan/ME461F25_LittleDaisies/project/ros_ws/install/mobile_sensor/share/mobile_sensor//node_modules/.bin/node-gyp-build-optional
-- Installing: /home/ogan/ME461F25_LittleDaisies/project/ros_ws/install/mobile_sensor/share/mobile_sensor//node_modules/.bin/terser
-- Installing: /home/ogan/ME461F25_LittleDaisies/project/ros_ws/install/mobile_sensor/share/mobile_sensor//node_modules/.bin/generate-ros-messages
-- Installing: /home/ogan/ME461F25_LittleDaisies/project/ros_ws/install/mobile_sensor/share/mobile_sensor//node_modules/.bin/dottojs
-- Installing: /home/ogan/ME461F25_LittleDaisies/project/ros_ws/install/mobile_sensor/share/mobile_sensor//node_modules/.bin/js-yaml
-- Installing: /home/ogan/ME461F25_LittleDaisies/project/ros_ws/install/mobile_sensor/share/mobile_sensor//node_modules/.bin/node-gyp-build-test
-- Installing: /home/ogan/ME461F25_LittleDaisies/project/ros_ws/install/mobile_sensor/share/mobile_sensor//node_modules/.bin/mime
-- Installing: /home/ogan/ME461F25_LittleDaisies/project/ros_ws/install/mobile_sensor/share/mobile_sensor//node_modules/js-yaml
-- Installing: /home/ogan/ME461F25_LittleDaisies/project/ros_ws/install/mobile_sensor/share/mobile_sensor//node_modules/js-yaml/dist
-- Installing: /home/ogan/ME461F25_LittleDaisies/project/ros_ws/install/mobile_sensor/share/mobile_sensor//node_modules/js-yaml/dist/js-yaml.min.js
-- Installing: /home/ogan/ME461F25_LittleDaisies/project/ros_ws/install/mobile_sensor/share/mobile_sensor//node_modules/js-yaml/dist/js-yaml.js
-- Installing: /home/ogan/ME461F25_LittleDaisies/project/ros_ws/install/mobile_sensor/share/mobile_sensor//node_modules/js-yaml/dist/js-yaml.mjs
-- Installing: /home/ogan/ME461F25_LittleDaisies/project/ros_ws/install/mobile_sensor/share/mobile_sensor//node_modules/js-yaml/package.json
-- Installing: /home/ogan/ME461F25_LittleDaisies/project/ros_ws/install/mobile_sensor/share/mobile_sensor//node_modules/js-yaml/LICENSE
-- Installing: /home/ogan/ME461F25_LittleDaisies/project/ros_ws/install/mobile_sensor/share/mobile_sensor//node_modules/js-yaml/index.js
-- Installing: /home/ogan/ME461F25_LittleDaisies/project/ros_ws/install/mobile_sensor/share/mobile_sensor//node_modules/js-yaml/lib
-- Installing: /home/ogan/ME461F25_LittleDaisies/project/ros_ws/install/mobile_sensor/share/mobile_sensor//node_modules/js-yaml/lib/common.js
-- Installing: /home/ogan/ME461F25_LittleDaisies/project/ros_ws/install/mobile_sensor/share/mobile_sensor//node_modules/js-yaml/lib/exception.js
-- Installing: /home/ogan/ME461F25_LittleDaisies/project/ros_ws/install/mobile_sensor/share/mobile_sensor//node_modules/js-yaml/lib/snippet.js
-- Installing: /home/ogan/ME461F25_LittleDaisies/project/ros_ws/install/mobile_sensor/share/mobile_sensor//node_modules/js-yaml/lib/schema
-- Installing: /home/ogan/ME461F25_LittleDaisies/project/ros_ws/install/mobile_sensor/share/mobile_sensor//node_modules/js-yaml/lib/schema/core.js
-- Installing: /home/ogan/ME461F25_LittleDaisies/project/ros_ws/install/mobile_sensor/share/mobile_sensor//node_modules/js-yaml/lib/schema/default.js
-- Installing: /home/ogan/ME461F25_LittleDaisies/project/ros_ws/install/mobile_sensor/share/mobile_sensor//node_modules/js-yaml/lib/schema/failsafe.js
-- Installing: /home/ogan/ME461F25_LittleDaisies/project/ros_ws/install/mobile_sensor/share/mobile_sensor//node_modules/js-yaml/lib/schema/json.js
-- Installing: /home/ogan/ME461F25_LittleDaisies/project/ros_ws/install/mobile_sensor/share/mobile_sensor//node_modules/js-yaml/lib/dumper.js
-- Installing: /home/ogan/ME461F25_LittleDaisies/project/ros_ws/install/mobile_sensor/share/mobile_sensor//node_modules/js-yaml/lib/loader.js
-- Installing: /home/ogan/ME461F25_LittleDaisies/project/ros_ws/install/mobile_sensor/share/mobile_sensor//node_modules/js-yaml/lib/type.js
-- Installing: /home/ogan/ME461F25_LittleDaisies/project/ros_ws/install/mobile_sensor/share/mobile_sensor//node_modules/js-yaml/lib/type
-- Installing: /home/ogan/ME461F25_LittleDaisies/project/ros_ws/install/mobile_sensor/share/mobile_sensor//node_modules/js-yaml/lib/type/null.js
-- Installing: /home/ogan/ME461F25_LittleDaisies/project/ros_ws/install/mobile_sensor/share/mobile_sensor//node_modules/js-yaml/lib/type/set.js
-- Installing: /home/ogan/ME461F25_LittleDaisies/project/ros_ws/install/mobile_sensor/share/mobile_sensor//node_modules/js-yaml/lib/type/timestamp.js
-- Installing: /home/ogan/ME461F25_LittleDaisies/project/ros_ws/install/mobile_sensor/share/mobile_sensor//node_modules/js-yaml/lib/type/omap.js
-- Installing: /home/ogan/ME461F25_LittleDaisies/project/ros_ws/install/mobile_sensor/share/mobile_sensor//node_modules/js-yaml/lib/type/int.js
-- Installing: /home/ogan/ME461F25_LittleDaisies/project/ros_ws/install/mobile_sensor/share/mobile_sensor//node_modules/js-yaml/lib/type/merge.js
-- Installing: /home/ogan/ME461F25_LittleDaisies/project/ros_ws/install/mobile_sensor/share/mobile_sensor//node_modules/js-yaml/lib/type/binary.js
-- Installing: /home/ogan/ME461F25_LittleDaisies/project/ros_ws/install/mobile_sensor/share/mobile_sensor//node_modules/js-yaml/lib/type/seq.js
-- Installing: /home/ogan/ME461F25_LittleDaisies/project/ros_ws/install/mobile_sensor/share/mobile_sensor//node_modules/js-yaml/lib/type/map.js
-- Installing: /home/ogan/ME461F25_LittleDaisies/project/ros_ws/install/mobile_sensor/share/mobile_sensor//node_modules/js-yaml/lib/type/pairs.js
-- Installing: /home/ogan/ME461F25_LittleDaisies/project/ros_ws/install/mobile_sensor/share/mobile_sensor//node_modules/js-yaml/lib/type/bool.js
-- Installing: /home/ogan/ME461F25_LittleDaisies/project/ros_ws/install/mobile_sensor/share/mobile_sensor//node_modules/js-yaml/lib/type/float.js
-- Installing: /home/ogan/ME461F25_LittleDaisies/project/ros_ws/install/mobile_sensor/share/mobile_sensor//node_modules/js-yaml/lib/type/str.js
-- Installing: /home/ogan/ME461F25_LittleDaisies/project/ros_ws/install/mobile_sensor/share/mobile_sensor//node_modules/js-yaml/lib/schema.js
-- Installing: /home/ogan/ME461F25_LittleDaisies/project/ros_ws/install/mobile_sensor/share/mobile_sensor//node_modules/js-yaml/bin
-- Installing: /home/ogan/ME461F25_LittleDaisies/project/ros_ws/install/mobile_sensor/share/mobile_sensor//node_modules/js-yaml/bin/js-yaml.js
-- Installing: /home/ogan/ME461F25_LittleDaisies/project/ros_ws/install/mobile_sensor/share/mobile_sensor//node_modules/js-yaml/README.md
-- Installing: /home/ogan/ME461F25_LittleDaisies/project/ros_ws/install/mobile_sensor/share/mobile_sensor//node_modules/statuses
-- Installing: /home/ogan/ME461F25_LittleDaisies/project/ros_ws/install/mobile_sensor/share/mobile_sensor//node_modules/statuses/codes.json
-- Installing: /home/ogan/ME461F25_LittleDaisies/project/ros_ws/install/mobile_sensor/share/mobile_sensor//node_modules/statuses/package.json
-- Installing: /home/ogan/ME461F25_LittleDaisies/project/ros_ws/install/mobile_sensor/share/mobile_sensor//node_modules/statuses/LICENSE
-- Installing: /home/ogan/ME461F25_LittleDaisies/project/ros_ws/install/mobile_sensor/share/mobile_sensor//node_modules/statuses/index.js
-- Installing: /home/ogan/ME461F25_LittleDaisies/project/ros_ws/install/mobile_sensor/share/mobile_sensor//node_modules/statuses/HISTORY.md
-- Installing: /home/ogan/ME461F25_LittleDaisies/project/ros_ws/install/mobile_sensor/share/mobile_sensor//node_modules/statuses/README.md
-- Installing: /home/ogan/ME461F25_LittleDaisies/project/ros_ws/install/mobile_sensor/share/mobile_sensor//node_modules/parseurl
-- Installing: /home/ogan/ME461F25_LittleDaisies/project/ros_ws/install/mobile_sensor/share/mobile_sensor//node_modules/parseurl/package.json
-- Installing: /home/ogan/ME461F25_LittleDaisies/project/ros_ws/install/mobile_sensor/share/mobile_sensor//node_modules/parseurl/LICENSE
-- Installing: /home/ogan/ME461F25_LittleDaisies/project/ros_ws/install/mobile_sensor/share/mobile_sensor//node_modules/parseurl/index.js
-- Installing: /home/ogan/ME461F25_LittleDaisies/project/ros_ws/install/mobile_sensor/share/mobile_sensor//node_modules/parseurl/HISTORY.md
-- Installing: /home/ogan/ME461F25_LittleDaisies/project/ros_ws/install/mobile_sensor/share/mobile_sensor//node_modules/parseurl/README.md
-- Installing: /home/ogan/ME461F25_LittleDaisies/project/ros_ws/install/mobile_sensor/share/mobile_sensor//node_modules/type
-- Installing: /home/ogan/ME461F25_LittleDaisies/project/ros_ws/install/mobile_sensor/share/mobile_sensor//node_modules/type/big-int
-- Installing: /home/ogan/ME461F25_LittleDaisies/project/ros_ws/install/mobile_sensor/share/mobile_sensor//node_modules/type/big-int/coerce.js
-- Installing: /home/ogan/ME461F25_LittleDaisies/project/ros_ws/install/mobile_sensor/share/mobile_sensor//node_modules/type/big-int/ensure.js
-- Installing: /home/ogan/ME461F25_LittleDaisies/project/ros_ws/install/mobile_sensor/share/mobile_sensor//node_modules/type/plain-function
-- Installing: /home/ogan/ME461F25_LittleDaisies/project/ros_ws/install/mobile_sensor/share/mobile_sensor//node_modules/type/plain-function/ensure.js
-- Installing: /home/ogan/ME461F25_LittleDaisies/project/ros_ws/install/mobile_sensor/share/mobile_sensor//node_modules/type/plain-function/is.js
-- Installing: /home/ogan/ME461F25_LittleDaisies/project/ros_ws/install/mobile_sensor/share/mobile_sensor//node_modules/type/set
-- Installing: /home/ogan/ME461F25_LittleDaisies/project/ros_ws/install/mobile_sensor/share/mobile_sensor//node_modules/type/set/ensure.js
-- Installing: /home/ogan/ME461F25_LittleDaisies/project/ros_ws/install/mobile_sensor/share/mobile_sensor//node_modules/type/set/is.js
-- Installing: /home/ogan/ME461F25_LittleDaisies/project/ros_ws/install/mobile_sensor/share/mobile_sensor//node_modules/type/integer
-- Installing: /home/ogan/ME461F25_LittleDaisies/project/ros_ws/install/mobile_sensor/share/mobile_sensor//node_modules/type/integer/coerce.js
-- Installing: /home/ogan/ME461F25_LittleDaisies/project/ros_ws/install/mobile_sensor/share/mobile_sensor//node_modules/type/integer/ensure.js
-- Installing: /home/ogan/ME461F25_LittleDaisies/project/ros_ws/install/mobile_sensor/share/mobile_sensor//node_modules/type/finite
-- Installing: /home/ogan/ME461F25_LittleDaisies/project/ros_ws/install/mobile_sensor/share/mobile_sensor//node_modules/type/finite/coerce.js
-- Installing: /home/ogan/ME461F25_LittleDaisies/project/ros_ws/install/mobile_sensor/share/mobile_sensor//node_modules/type/finite/ensure.js
-- Installing: /home/ogan/ME461F25_LittleDaisies/project/ros_ws/install/mobile_sensor/share/mobile_sensor//node_modules/type/ts-types
-- Installing: /home/ogan/ME461F25_LittleDaisies/project/ros_ws/install/mobile_sensor/share/mobile_sensor//node_modules/type/ts-types/big-int
-- Installing: /home/ogan/ME461F25_LittleDaisies/project/ros_ws/install/mobile_sensor/share/mobile_sensor//node_modules/type/ts-types/big-int/ensure.d.ts
-- Installing: /home/ogan/ME461F25_LittleDaisies/project/ros_ws/install/mobile_sensor/share/mobile_sensor//node_modules/type/ts-types/big-int/coerce.d.ts
-- Installing: /home/ogan/ME461F25_LittleDaisies/project/ros_ws/install/mobile_sensor/share/mobile_sensor//node_modules/type/ts-types/plain-function
-- Installing: /home/ogan/ME461F25_LittleDaisies/project/ros_ws/install/mobile_sensor/share/mobile_sensor//node_modules/type/ts-types/plain-function/ensure.d.ts
-- Installing: /home/ogan/ME461F25_LittleDaisies/project/ros_ws/install/mobile_sensor/share/mobile_sensor//node_modules/type/ts-types/plain-function/is.d.ts
-- Installing: /home/ogan/ME461F25_LittleDaisies/project/ros_ws/install/mobile_sensor/share/mobile_sensor//node_modules/type/ts-types/set
-- Installing: /home/ogan/ME461F25_LittleDaisies/project/ros_ws/install/mobile_sensor/share/mobile_sensor//node_modules/type/ts-types/set/ensure.d.ts
-- Installing: /home/ogan/ME461F25_LittleDaisies/project/ros_ws/install/mobile_sensor/share/mobile_sensor//node_modules/type/ts-types/set/is.d.ts
-- Installing: /home/ogan/ME461F25_LittleDaisies/project/ros_ws/install/mobile_sensor/share/mobile_sensor//node_modules/type/ts-types/integer
-- Installing: /home/ogan/ME461F25_LittleDaisies/project/ros_ws/install/mobile_sensor/share/mobile_sensor//node_modules/type/ts-types/integer/ensure.d.ts
-- Installing: /home/ogan/ME461F25_LittleDaisies/project/ros_ws/install/mobile_sensor/share/mobile_sensor//node_modules/type/ts-types/integer/coerce.d.ts
-- Installing: /home/ogan/ME461F25_LittleDaisies/project/ros_ws/install/mobile_sensor/share/mobile_sensor//node_modules/type/ts-types/finite
-- Installing: /home/ogan/ME461F25_LittleDaisies/project/ros_ws/install/mobile_sensor/share/mobile_sensor//node_modules/type/ts-types/finite/ensure.d.ts
-- Installing: /home/ogan/ME461F25_LittleDaisies/project/ros_ws/install/mobile_sensor/share/mobile_sensor//node_modules/type/ts-types/finite/coerce.d.ts
-- Installing: /home/ogan/ME461F25_LittleDaisies/project/ros_ws/install/mobile_sensor/share/mobile_sensor//node_modules/type/ts-types/thenable
-- Installing: /home/ogan/ME461F25_LittleDaisies/project/ros_ws/install/mobile_sensor/share/mobile_sensor//node_modules/type/ts-types/thenable/ensure.d.ts
-- Installing: /home/ogan/ME461F25_LittleDaisies/project/ros_ws/install/mobile_sensor/share/mobile_sensor//node_modules/type/ts-types/thenable/is.d.ts
-- Installing: /home/ogan/ME461F25_LittleDaisies/project/ros_ws/install/mobile_sensor/share/mobile_sensor//node_modules/type/ts-types/map
-- Installing: /home/ogan/ME461F25_LittleDaisies/project/ros_ws/install/mobile_sensor/share/mobile_sensor//node_modules/type/ts-types/map/ensure.d.ts
-- Installing: /home/ogan/ME461F25_LittleDaisies/project/ros_ws/install/mobile_sensor/share/mobile_sensor//node_modules/type/ts-types/map/is.d.ts
-- Installing: /home/ogan/ME461F25_LittleDaisies/project/ros_ws/install/mobile_sensor/share/mobile_sensor//node_modules/type/ts-types/string
-- Installing: /home/ogan/ME461F25_LittleDaisies/project/ros_ws/install/mobile_sensor/share/mobile_sensor//node_modules/type/ts-types/string/ensure.d.ts
-- Installing: /home/ogan/ME461F25_LittleDaisies/project/ros_ws/install/mobile_sensor/share/mobile_sensor//node_modules/type/ts-types/string/coerce.d.ts
-- Installing: /home/ogan/ME461F25_LittleDaisies/project/ros_ws/install/mobile_sensor/share/mobile_sensor//node_modules/type/ts-types/date
-- Installing: /home/ogan/ME461F25_LittleDaisies/project/ros_ws/install/mobile_sensor/share/mobile_sensor//node_modules/type/ts-types/date/ensure.d.ts
-- Installing: /home/ogan/ME461F25_LittleDaisies/project/ros_ws/install/mobile_sensor/share/mobile_sensor//node_modules/type/ts-types/date/is.d.ts
-- Installing: /home/ogan/ME461F25_LittleDaisies/project/ros_ws/install/mobile_sensor/share/mobile_sensor//node_modules/type/ts-types/reg-exp
-- Installing: /home/ogan/ME461F25_LittleDaisies/project/ros_ws/install/mobile_sensor/share/mobile_sensor//node_modules/type/ts-types/reg-exp/ensure.d.ts
-- Installing: /home/ogan/ME461F25_LittleDaisies/project/ros_ws/install/mobile_sensor/share/mobile_sensor//node_modules/type/ts-types/reg-exp/is.d.ts
-- Installing: /home/ogan/ME461F25_LittleDaisies/project/ros_ws/install/mobile_sensor/share/mobile_sensor//node_modules/type/ts-types/iterable
-- Installing: /home/ogan/ME461F25_LittleDaisies/project/ros_ws/install/mobile_sensor/share/mobile_sensor//node_modules/type/ts-types/iterable/ensure.d.ts
-- Installing: /home/ogan/ME461F25_LittleDaisies/project/ros_ws/install/mobile_sensor/share/mobile_sensor//node_modules/type/ts-types/iterable/is.d.ts
-- Installing: /home/ogan/ME461F25_LittleDaisies/project/ros_ws/install/mobile_sensor/share/mobile_sensor//node_modules/type/ts-types/constructor
-- Installing: /home/ogan/ME461F25_LittleDaisies/project/ros_ws/install/mobile_sensor/share/mobile_sensor//node_modules/type/ts-types/constructor/ensure.d.ts
-- Installing: /home/ogan/ME461F25_LittleDaisies/project/ros_ws/install/mobile_sensor/share/mobile_sensor//node_modules/type/ts-types/constructor/is.d.ts
-- Installing: /home/ogan/ME461F25_LittleDaisies/project/ros_ws/install/mobile_sensor/share/mobile_sensor//node_modules/type/ts-types/ensure.d.ts
-- Installing: /home/ogan/ME461F25_LittleDaisies/project/ros_ws/install/mobile_sensor/share/mobile_sensor//node_modules/type/ts-types/number
-- Installing: /home/ogan/ME461F25_LittleDaisies/project/ros_ws/install/mobile_sensor/share/mobile_sensor//node_modules/type/ts-types/number/ensure.d.ts
-- Installing: /home/ogan/ME461F25_LittleDaisies/project/ros_ws/install/mobile_sensor/share/mobile_sensor//node_modules/type/ts-types/number/coerce.d.ts
-- Installing: /home/ogan/ME461F25_LittleDaisies/project/ros_ws/install/mobile_sensor/share/mobile_sensor//node_modules/type/ts-types/array-like
-- Installing: /home/ogan/ME461F25_LittleDaisies/project/ros_ws/install/mobile_sensor/share/mobile_sensor//node_modules/type/ts-types/array-like/ensure.d.ts
-- Installing: /home/ogan/ME461F25_LittleDaisies/project/ros_ws/install/mobile_sensor/share/mobile_sensor//node_modules/type/ts-types/array-like/is.d.ts
-- Installing: /home/ogan/ME461F25_LittleDaisies/project/ros_ws/install/mobile_sensor/share/mobile_sensor//node_modules/type/ts-types/error
-- Installing: /home/ogan/ME461F25_LittleDaisies/project/ros_ws/install/mobile_sensor/share/mobile_sensor//node_modules/type/ts-types/error/ensure.d.ts
-- Installing: /home/ogan/ME461F25_LittleDaisies/project/ros_ws/install/mobile_sensor/share/mobile_sensor//node_modules/type/ts-types/error/is.d.ts
-- Installing: /home/ogan/ME461F25_LittleDaisies/project/ros_ws/install/mobile_sensor/share/mobile_sensor//node_modules/type/ts-types/safe-integer
-- Installing: /home/ogan/ME461F25_LittleDaisies/project/ros_ws/install/mobile_sensor/share/mobile_sensor//node_modules/type/ts-types/safe-integer/ensure.d.ts
-- Installing: /home/ogan/ME461F25_LittleDaisies/project/ros_ws/install/mobile_sensor/share/mobile_sensor//node_modules/type/ts-types/safe-integer/coerce.d.ts
-- Installing: /home/ogan/ME461F25_LittleDaisies/project/ros_ws/install/mobile_sensor/share/mobile_sensor//node_modules/type/ts-types/plain-object
-- Installing: /home/ogan/ME461F25_LittleDaisies/project/ros_ws/install/mobile_sensor/share/mobile_sensor//node_modules/type/ts-types/plain-object/ensure.d.ts
-- Installing: /home/ogan/ME461F25_LittleDaisies/project/ros_ws/install/mobile_sensor/share/mobile_sensor//node_modules/type/ts-types/plain-object/is.d.ts
-- Installing: /home/ogan/ME461F25_LittleDaisies/project/ros_ws/install/mobile_sensor/share/mobile_sensor//node_modules/type/ts-types/time-value
-- Installing: /home/ogan/ME461F25_LittleDaisies/project/ros_ws/install/mobile_sensor/share/mobile_sensor//node_modules/type/ts-types/time-value/ensure.d.ts
-- Installing: /home/ogan/ME461F25_LittleDaisies/project/ros_ws/install/mobile_sensor/share/mobile_sensor//node_modules/type/ts-types/time-value/coerce.d.ts
-- Installing: /home/ogan/ME461F25_LittleDaisies/project/ros_ws/install/mobile_sensor/share/mobile_sensor//node_modules/type/ts-types/function
-- Installing: /home/ogan/ME461F25_LittleDaisies/project/ros_ws/install/mobile_sensor/share/mobile_sensor//node_modules/type/ts-types/function/ensure.d.ts
-- Installing: /home/ogan/ME461F25_LittleDaisies/project/ros_ws/install/mobile_sensor/share/mobile_sensor//node_modules/type/ts-types/function/is.d.ts
-- Installing: /home/ogan/ME461F25_LittleDaisies/project/ros_ws/install/mobile_sensor/share/mobile_sensor//node_modules/type/ts-types/natural-number
-- Installing: /home/ogan/ME461F25_LittleDaisies/project/ros_ws/install/mobile_sensor/share/mobile_sensor//node_modules/type/ts-types/natural-number/ensure.d.ts
-- Installing: /home/ogan/ME461F25_LittleDaisies/project/ros_ws/install/mobile_sensor/share/mobile_sensor//node_modules/type/ts-types/natural-number/coerce.d.ts
-- Installing: /home/ogan/ME461F25_LittleDaisies/project/ros_ws/install/mobile_sensor/share/mobile_sensor//node_modules/type/ts-types/promise
-- Installing: /home/ogan/ME461F25_LittleDaisies/project/ros_ws/install/mobile_sensor/share/mobile_sensor//node_modules/type/ts-types/promise/ensure.d.ts
-- Installing: /home/ogan/ME461F25_LittleDaisies/project/ros_ws/install/mobile_sensor/share/mobile_sensor//node_modules/type/ts-types/promise/is.d.ts
-- Installing: /home/ogan/ME461F25_LittleDaisies/project/ros_ws/install/mobile_sensor/share/mobile_sensor//node_modules/type/ts-types/array-length
-- Installing: /home/ogan/ME461F25_LittleDaisies/project/ros_ws/install/mobile_sensor/share/mobile_sensor//node_modules/type/ts-types/array-length/ensure.d.ts
-- Installing: /home/ogan/ME461F25_LittleDaisies/project/ros_ws/install/mobile_sensor/share/mobile_sensor//node_modules/type/ts-types/array-length/coerce.d.ts
-- Installing: /home/ogan/ME461F25_LittleDaisies/project/ros_ws/install/mobile_sensor/share/mobile_sensor//node_modules/type/ts-types/object
-- Installing: /home/ogan/ME461F25_LittleDaisies/project/ros_ws/install/mobile_sensor/share/mobile_sensor//node_modules/type/ts-types/object/ensure.d.ts
-- Installing: /home/ogan/ME461F25_LittleDaisies/project/ros_ws/install/mobile_sensor/share/mobile_sensor//node_modules/type/ts-types/object/is.d.ts
-- Installing: /home/ogan/ME461F25_LittleDaisies/project/ros_ws/install/mobile_sensor/share/mobile_sensor//node_modules/type/ts-types/array
-- Installing: /home/ogan/ME461F25_LittleDaisies/project/ros_ws/install/mobile_sensor/share/mobile_sensor//node_modules/type/ts-types/array/ensure.d.ts
-- Installing: /home/ogan/ME461F25_LittleDaisies/project/ros_ws/install/mobile_sensor/share/mobile_sensor//node_modules/type/ts-types/array/is.d.ts
-- Installing: /home/ogan/ME461F25_LittleDaisies/project/ros_ws/install/mobile_sensor/share/mobile_sensor//node_modules/type/ts-types/prototype
-- Installing: /home/ogan/ME461F25_LittleDaisies/project/ros_ws/install/mobile_sensor/share/mobile_sensor//node_modules/type/ts-types/prototype/is.d.ts
-- Installing: /home/ogan/ME461F25_LittleDaisies/project/ros_ws/install/mobile_sensor/share/mobile_sensor//node_modules/type/ts-types/value
-- Installing: /home/ogan/ME461F25_LittleDaisies/project/ros_ws/install/mobile_sensor/share/mobile_sensor//node_modules/type/ts-types/value/ensure.d.ts
-- Installing: /home/ogan/ME461F25_LittleDaisies/project/ros_ws/install/mobile_sensor/share/mobile_sensor//node_modules/type/ts-types/value/is.d.ts
-- Installing: /home/ogan/ME461F25_LittleDaisies/project/ros_ws/install/mobile_sensor/share/mobile_sensor//node_modules/type/package.json
-- Installing: /home/ogan/ME461F25_LittleDaisies/project/ros_ws/install/mobile_sensor/share/mobile_sensor//node_modules/type/thenable
-- Installing: /home/ogan/ME461F25_LittleDaisies/project/ros_ws/install/mobile_sensor/share/mobile_sensor//node_modules/type/thenable/ensure.js
-- Installing: /home/ogan/ME461F25_LittleDaisies/project/ros_ws/install/mobile_sensor/share/mobile_sensor//node_modules/type/thenable/is.js
-- Installing: /home/ogan/ME461F25_LittleDaisies/project/ros_ws/install/mobile_sensor/share/mobile_sensor//node_modules/type/map
-- Installing: /home/ogan/ME461F25_LittleDaisies/project/ros_ws/install/mobile_sensor/share/mobile_sensor//node_modules/type/map/ensure.js
-- Installing: /home/ogan/ME461F25_LittleDaisies/project/ros_ws/install/mobile_sensor/share/mobile_sensor//node_modules/type/map/is.js
-- Installing: /home/ogan/ME461F25_LittleDaisies/project/ros_ws/install/mobile_sensor/share/mobile_sensor//node_modules/type/ensure.js
-- Installing: /home/ogan/ME461F25_LittleDaisies/project/ros_ws/install/mobile_sensor/share/mobile_sensor//node_modules/type/string
-- Installing: /home/ogan/ME461F25_LittleDaisies/project/ros_ws/install/mobile_sensor/share/mobile_sensor//node_modules/type/string/coerce.js
-- Installing: /home/ogan/ME461F25_LittleDaisies/project/ros_ws/install/mobile_sensor/share/mobile_sensor//node_modules/type/string/ensure.js
-- Installing: /home/ogan/ME461F25_LittleDaisies/project/ros_ws/install/mobile_sensor/share/mobile_sensor//node_modules/type/LICENSE
-- Installing: /home/ogan/ME461F25_LittleDaisies/project/ros_ws/install/mobile_sensor/share/mobile_sensor//node_modules/type/lib
-- Installing: /home/ogan/ME461F25_LittleDaisies/project/ros_ws/install/mobile_sensor/share/mobile_sensor//node_modules/type/lib/ensure
-- Installing: /home/ogan/ME461F25_LittleDaisies/project/ros_ws/install/mobile_sensor/share/mobile_sensor//node_modules/type/lib/ensure/min.js
-- Installing: /home/ogan/ME461F25_LittleDaisies/project/ros_ws/install/mobile_sensor/share/mobile_sensor//node_modules/type/lib/resolve-error-message.js
-- Installing: /home/ogan/ME461F25_LittleDaisies/project/ros_ws/install/mobile_sensor/share/mobile_sensor//node_modules/type/lib/to-short-string.js
-- Installing: /home/ogan/ME461F25_LittleDaisies/project/ros_ws/install/mobile_sensor/share/mobile_sensor//node_modules/type/lib/safe-to-string.js
-- Installing: /home/ogan/ME461F25_LittleDaisies/project/ros_ws/install/mobile_sensor/share/mobile_sensor//node_modules/type/lib/is-to-string-tag-supported.js
-- Installing: /home/ogan/ME461F25_LittleDaisies/project/ros_ws/install/mobile_sensor/share/mobile_sensor//node_modules/type/lib/resolve-exception.js
-- Installing: /home/ogan/ME461F25_LittleDaisies/project/ros_ws/install/mobile_sensor/share/mobile_sensor//node_modules/type/date
-- Installing: /home/ogan/ME461F25_LittleDaisies/project/ros_ws/install/mobile_sensor/share/mobile_sensor//node_modules/type/date/ensure.js
-- Installing: /home/ogan/ME461F25_LittleDaisies/project/ros_ws/install/mobile_sensor/share/mobile_sensor//node_modules/type/date/is.js
-- Installing: /home/ogan/ME461F25_LittleDaisies/project/ros_ws/install/mobile_sensor/share/mobile_sensor//node_modules/type/reg-exp
-- Installing: /home/ogan/ME461F25_LittleDaisies/project/ros_ws/install/mobile_sensor/share/mobile_sensor//node_modules/type/reg-exp/ensure.js
-- Installing: /home/ogan/ME461F25_LittleDaisies/project/ros_ws/install/mobile_sensor/share/mobile_sensor//node_modules/type/reg-exp/is.js
-- Installing: /home/ogan/ME461F25_LittleDaisies/project/ros_ws/install/mobile_sensor/share/mobile_sensor//node_modules/type/iterable
-- Installing: /home/ogan/ME461F25_LittleDaisies/project/ros_ws/install/mobile_sensor/share/mobile_sensor//node_modules/type/iterable/ensure.js
-- Installing: /home/ogan/ME461F25_LittleDaisies/project/ros_ws/install/mobile_sensor/share/mobile_sensor//node_modules/type/iterable/is.js
-- Installing: /home/ogan/ME461F25_LittleDaisies/project/ros_ws/install/mobile_sensor/share/mobile_sensor//node_modules/type/docs
-- Installing: /home/ogan/ME461F25_LittleDaisies/project/ros_ws/install/mobile_sensor/share/mobile_sensor//node_modules/type/docs/array-like.md
-- Installing: /home/ogan/ME461F25_LittleDaisies/project/ros_ws/install/mobile_sensor/share/mobile_sensor//node_modules/type/docs/plain-object.md
-- Installing: /home/ogan/ME461F25_LittleDaisies/project/ros_ws/install/mobile_sensor/share/mobile_sensor//node_modules/type/docs/iterable.md
-- Installing: /home/ogan/ME461F25_LittleDaisies/project/ros_ws/install/mobile_sensor/share/mobile_sensor//node_modules/type/docs/string.md
-- Installing: /home/ogan/ME461F25_LittleDaisies/project/ros_ws/install/mobile_sensor/share/mobile_sensor//node_modules/type/docs/error.md
-- Installing: /home/ogan/ME461F25_LittleDaisies/project/ros_ws/install/mobile_sensor/share/mobile_sensor//node_modules/type/docs/map.md
-- Installing: /home/ogan/ME461F25_LittleDaisies/project/ros_ws/install/mobile_sensor/share/mobile_sensor//node_modules/type/docs/object.md
-- Installing: /home/ogan/ME461F25_LittleDaisies/project/ros_ws/install/mobile_sensor/share/mobile_sensor//node_modules/type/docs/plain-function.md
-- Installing: /home/ogan/ME461F25_LittleDaisies/project/ros_ws/install/mobile_sensor/share/mobile_sensor//node_modules/type/docs/set.md
-- Installing: /home/ogan/ME461F25_LittleDaisies/project/ros_ws/install/mobile_sensor/share/mobile_sensor//node_modules/type/docs/big-int.md
-- Installing: /home/ogan/ME461F25_LittleDaisies/project/ros_ws/install/mobile_sensor/share/mobile_sensor//node_modules/type/docs/promise.md
-- Installing: /home/ogan/ME461F25_LittleDaisies/project/ros_ws/install/mobile_sensor/share/mobile_sensor//node_modules/type/docs/time-value.md
-- Installing: /home/ogan/ME461F25_LittleDaisies/project/ros_ws/install/mobile_sensor/share/mobile_sensor//node_modules/type/docs/finite.md
-- Installing: /home/ogan/ME461F25_LittleDaisies/project/ros_ws/install/mobile_sensor/share/mobile_sensor//node_modules/type/docs/natural-number.md
-- Installing: /home/ogan/ME461F25_LittleDaisies/project/ros_ws/install/mobile_sensor/share/mobile_sensor//node_modules/type/docs/value.md
-- Installing: /home/ogan/ME461F25_LittleDaisies/project/ros_ws/install/mobile_sensor/share/mobile_sensor//node_modules/type/docs/function.md
-- Installing: /home/ogan/ME461F25_LittleDaisies/project/ros_ws/install/mobile_sensor/share/mobile_sensor//node_modules/type/docs/array-length.md
-- Installing: /home/ogan/ME461F25_LittleDaisies/project/ros_ws/install/mobile_sensor/share/mobile_sensor//node_modules/type/docs/constructor.md
-- Installing: /home/ogan/ME461F25_LittleDaisies/project/ros_ws/install/mobile_sensor/share/mobile_sensor//node_modules/type/docs/number.md
-- Installing: /home/ogan/ME461F25_LittleDaisies/project/ros_ws/install/mobile_sensor/share/mobile_sensor//node_modules/type/docs/ensure.md
-- Installing: /home/ogan/ME461F25_LittleDaisies/project/ros_ws/install/mobile_sensor/share/mobile_sensor//node_modules/type/docs/integer.md
-- Installing: /home/ogan/ME461F25_LittleDaisies/project/ros_ws/install/mobile_sensor/share/mobile_sensor//node_modules/type/docs/array.md
-- Installing: /home/ogan/ME461F25_LittleDaisies/project/ros_ws/install/mobile_sensor/share/mobile_sensor//node_modules/type/docs/date.md
-- Installing: /home/ogan/ME461F25_LittleDaisies/project/ros_ws/install/mobile_sensor/share/mobile_sensor//node_modules/type/docs/reg-exp.md
-- Installing: /home/ogan/ME461F25_LittleDaisies/project/ros_ws/install/mobile_sensor/share/mobile_sensor//node_modules/type/docs/prototype.md
-- Installing: /home/ogan/ME461F25_LittleDaisies/project/ros_ws/install/mobile_sensor/share/mobile_sensor//node_modules/type/docs/thenable.md
-- Installing: /home/ogan/ME461F25_LittleDaisies/project/ros_ws/install/mobile_sensor/share/mobile_sensor//node_modules/type/docs/safe-integer.md
-- Installing: /home/ogan/ME461F25_LittleDaisies/project/ros_ws/install/mobile_sensor/share/mobile_sensor//node_modules/type/constructor
-- Installing: /home/ogan/ME461F25_LittleDaisies/project/ros_ws/install/mobile_sensor/share/mobile_sensor//node_modules/type/constructor/ensure.js
-- Installing: /home/ogan/ME461F25_LittleDaisies/project/ros_ws/install/mobile_sensor/share/mobile_sensor//node_modules/type/constructor/is.js
-- Installing: /home/ogan/ME461F25_LittleDaisies/project/ros_ws/install/mobile_sensor/share/mobile_sensor//node_modules/type/CHANGELOG.md
-- Installing: /home/ogan/ME461F25_LittleDaisies/project/ros_ws/install/mobile_sensor/share/mobile_sensor//node_modules/type/number
-- Installing: /home/ogan/ME461F25_LittleDaisies/project/ros_ws/install/mobile_sensor/share/mobile_sensor//node_modules/type/number/coerce.js
-- Installing: /home/ogan/ME461F25_LittleDaisies/project/ros_ws/install/mobile_sensor/share/mobile_sensor//node_modules/type/number/ensure.js
-- Installing: /home/ogan/ME461F25_LittleDaisies/project/ros_ws/install/mobile_sensor/share/mobile_sensor//node_modules/type/array-like
-- Installing: /home/ogan/ME461F25_LittleDaisies/project/ros_ws/install/mobile_sensor/share/mobile_sensor//node_modules/type/array-like/ensure.js
-- Installing: /home/ogan/ME461F25_LittleDaisies/project/ros_ws/install/mobile_sensor/share/mobile_sensor//node_modules/type/array-like/is.js
-- Installing: /home/ogan/ME461F25_LittleDaisies/project/ros_ws/install/mobile_sensor/share/mobile_sensor//node_modules/type/error
-- Installing: /home/ogan/ME461F25_LittleDaisies/project/ros_ws/install/mobile_sensor/share/mobile_sensor//node_modules/type/error/ensure.js
-- Installing: /home/ogan/ME461F25_LittleDaisies/project/ros_ws/install/mobile_sensor/share/mobile_sensor//node_modules/type/error/is.js
-- Installing: /home/ogan/ME461F25_LittleDaisies/project/ros_ws/install/mobile_sensor/share/mobile_sensor//node_modules/type/safe-integer
-- Installing: /home/ogan/ME461F25_LittleDaisies/project/ros_ws/install/mobile_sensor/share/mobile_sensor//node_modules/type/safe-integer/coerce.js
-- Installing: /home/ogan/ME461F25_LittleDaisies/project/ros_ws/install/mobile_sensor/share/mobile_sensor//node_modules/type/safe-integer/ensure.js
-- Installing: /home/ogan/ME461F25_LittleDaisies/project/ros_ws/install/mobile_sensor/share/mobile_sensor//node_modules/type/plain-object
-- Installing: /home/ogan/ME461F25_LittleDaisies/project/ros_ws/install/mobile_sensor/share/mobile_sensor//node_modules/type/plain-object/ensure.js
-- Installing: /home/ogan/ME461F25_LittleDaisies/project/ros_ws/install/mobile_sensor/share/mobile_sensor//node_modules/type/plain-object/is.js
-- Installing: /home/ogan/ME461F25_LittleDaisies/project/ros_ws/install/mobile_sensor/share/mobile_sensor//node_modules/type/time-value
-- Installing: /home/ogan/ME461F25_LittleDaisies/project/ros_ws/install/mobile_sensor/share/mobile_sensor//node_modules/type/time-value/coerce.js
-- Installing: /home/ogan/ME461F25_LittleDaisies/project/ros_ws/install/mobile_sensor/share/mobile_sensor//node_modules/type/time-value/ensure.js
-- Installing: /home/ogan/ME461F25_LittleDaisies/project/ros_ws/install/mobile_sensor/share/mobile_sensor//node_modules/type/function
-- Installing: /home/ogan/ME461F25_LittleDaisies/project/ros_ws/install/mobile_sensor/share/mobile_sensor//node_modules/type/function/ensure.js
-- Installing: /home/ogan/ME461F25_LittleDaisies/project/ros_ws/install/mobile_sensor/share/mobile_sensor//node_modules/type/function/is.js
-- Installing: /home/ogan/ME461F25_LittleDaisies/project/ros_ws/install/mobile_sensor/share/mobile_sensor//node_modules/type/natural-number
-- Installing: /home/ogan/ME461F25_LittleDaisies/project/ros_ws/install/mobile_sensor/share/mobile_sensor//node_modules/type/natural-number/coerce.js
-- Installing: /home/ogan/ME461F25_LittleDaisies/project/ros_ws/install/mobile_sensor/share/mobile_sensor//node_modules/type/natural-number/ensure.js
-- Installing: /home/ogan/ME461F25_LittleDaisies/project/ros_ws/install/mobile_sensor/share/mobile_sensor//node_modules/type/promise
-- Installing: /home/ogan/ME461F25_LittleDaisies/project/ros_ws/install/mobile_sensor/share/mobile_sensor//node_modules/type/promise/ensure.js
-- Installing: /home/ogan/ME461F25_LittleDaisies/project/ros_ws/install/mobile_sensor/share/mobile_sensor//node_modules/type/promise/is.js
-- Installing: /home/ogan/ME461F25_LittleDaisies/project/ros_ws/install/mobile_sensor/share/mobile_sensor//node_modules/type/array-length
-- Installing: /home/ogan/ME461F25_LittleDaisies/project/ros_ws/install/mobile_sensor/share/mobile_sensor//node_modules/type/array-length/coerce.js
-- Installing: /home/ogan/ME461F25_LittleDaisies/project/ros_ws/install/mobile_sensor/share/mobile_sensor//node_modules/type/array-length/ensure.js
-- Installing: /home/ogan/ME461F25_LittleDaisies/project/ros_ws/install/mobile_sensor/share/mobile_sensor//node_modules/type/object
-- Installing: /home/ogan/ME461F25_LittleDaisies/project/ros_ws/install/mobile_sensor/share/mobile_sensor//node_modules/type/object/ensure.js
-- Installing: /home/ogan/ME461F25_LittleDaisies/project/ros_ws/install/mobile_sensor/share/mobile_sensor//node_modules/type/object/is.js
-- Installing: /home/ogan/ME461F25_LittleDaisies/project/ros_ws/install/mobile_sensor/share/mobile_sensor//node_modules/type/README.md
-- Installing: /home/ogan/ME461F25_LittleDaisies/project/ros_ws/install/mobile_sensor/share/mobile_sensor//node_modules/type/array
-- Installing: /home/ogan/ME461F25_LittleDaisies/project/ros_ws/install/mobile_sensor/share/mobile_sensor//node_modules/type/array/ensure.js
-- Installing: /home/ogan/ME461F25_LittleDaisies/project/ros_ws/install/mobile_sensor/share/mobile_sensor//node_modules/type/array/is.js
-- Installing: /home/ogan/ME461F25_LittleDaisies/project/ros_ws/install/mobile_sensor/share/mobile_sensor//node_modules/type/prototype
-- Installing: /home/ogan/ME461F25_LittleDaisies/project/ros_ws/install/mobile_sensor/share/mobile_sensor//node_modules/type/prototype/is.js
-- Installing: /home/ogan/ME461F25_LittleDaisies/project/ros_ws/install/mobile_sensor/share/mobile_sensor//node_modules/type/value
-- Installing: /home/ogan/ME461F25_LittleDaisies/project/ros_ws/install/mobile_sensor/share/mobile_sensor//node_modules/type/value/ensure.js
-- Installing: /home/ogan/ME461F25_LittleDaisies/project/ros_ws/install/mobile_sensor/share/mobile_sensor//node_modules/type/value/is.js
-- Installing: /home/ogan/ME461F25_LittleDaisies/project/ros_ws/install/mobile_sensor/share/mobile_sensor//node_modules/path-to-regexp
-- Installing: /home/ogan/ME461F25_LittleDaisies/project/ros_ws/install/mobile_sensor/share/mobile_sensor//node_modules/path-to-regexp/package.json
-- Installing: /home/ogan/ME461F25_LittleDaisies/project/ros_ws/install/mobile_sensor/share/mobile_sensor//node_modules/path-to-regexp/LICENSE
-- Installing: /home/ogan/ME461F25_LittleDaisies/project/ros_ws/install/mobile_sensor/share/mobile_sensor//node_modules/path-to-regexp/index.js
-- Installing: /home/ogan/ME461F25_LittleDaisies/project/ros_ws/install/mobile_sensor/share/mobile_sensor//node_modules/path-to-regexp/Readme.md
-- Installing: /home/ogan/ME461F25_LittleDaisies/project/ros_ws/install/mobile_sensor/share/mobile_sensor//node_modules/walk
-- Installing: /home/ogan/ME461F25_LittleDaisies/project/ros_ws/install/mobile_sensor/share/mobile_sensor//node_modules/walk/package.json
-- Installing: /home/ogan/ME461F25_LittleDaisies/project/ros_ws/install/mobile_sensor/share/mobile_sensor//node_modules/walk/LICENSE
-- Installing: /home/ogan/ME461F25_LittleDaisies/project/ros_ws/install/mobile_sensor/share/mobile_sensor//node_modules/walk/lib
-- Installing: /home/ogan/ME461F25_LittleDaisies/project/ros_ws/install/mobile_sensor/share/mobile_sensor//node_modules/walk/lib/node-type-emitter.js
-- Installing: /home/ogan/ME461F25_LittleDaisies/project/ros_ws/install/mobile_sensor/share/mobile_sensor//node_modules/walk/lib/walk-async-only.js
-- Installing: /home/ogan/ME461F25_LittleDaisies/project/ros_ws/install/mobile_sensor/share/mobile_sensor//node_modules/walk/lib/walk.js
-- Installing: /home/ogan/ME461F25_LittleDaisies/project/ros_ws/install/mobile_sensor/share/mobile_sensor//node_modules/walk/README.md
-- Installing: /home/ogan/ME461F25_LittleDaisies/project/ros_ws/install/mobile_sensor/share/mobile_sensor//node_modules/ws
-- Installing: /home/ogan/ME461F25_LittleDaisies/project/ros_ws/install/mobile_sensor/share/mobile_sensor//node_modules/ws/package.json
-- Installing: /home/ogan/ME461F25_LittleDaisies/project/ros_ws/install/mobile_sensor/share/mobile_sensor//node_modules/ws/LICENSE
-- Installing: /home/ogan/ME461F25_LittleDaisies/project/ros_ws/install/mobile_sensor/share/mobile_sensor//node_modules/ws/index.js
-- Installing: /home/ogan/ME461F25_LittleDaisies/project/ros_ws/install/mobile_sensor/share/mobile_sensor//node_modules/ws/lib
-- Installing: /home/ogan/ME461F25_LittleDaisies/project/ros_ws/install/mobile_sensor/share/mobile_sensor//node_modules/ws/lib/event-target.js
-- Installing: /home/ogan/ME461F25_LittleDaisies/project/ros_ws/install/mobile_sensor/share/mobile_sensor//node_modules/ws/lib/limiter.js
-- Installing: /home/ogan/ME461F25_LittleDaisies/project/ros_ws/install/mobile_sensor/share/mobile_sensor//node_modules/ws/lib/receiver.js
-- Installing: /home/ogan/ME461F25_LittleDaisies/project/ros_ws/install/mobile_sensor/share/mobile_sensor//node_modules/ws/lib/constants.js
-- Installing: /home/ogan/ME461F25_LittleDaisies/project/ros_ws/install/mobile_sensor/share/mobile_sensor//node_modules/ws/lib/permessage-deflate.js
-- Installing: /home/ogan/ME461F25_LittleDaisies/project/ros_ws/install/mobile_sensor/share/mobile_sensor//node_modules/ws/lib/sender.js
-- Installing: /home/ogan/ME461F25_LittleDaisies/project/ros_ws/install/mobile_sensor/share/mobile_sensor//node_modules/ws/lib/validation.js
-- Installing: /home/ogan/ME461F25_LittleDaisies/project/ros_ws/install/mobile_sensor/share/mobile_sensor//node_modules/ws/lib/extension.js
-- Installing: /home/ogan/ME461F25_LittleDaisies/project/ros_ws/install/mobile_sensor/share/mobile_sensor//node_modules/ws/lib/stream.js
-- Installing: /home/ogan/ME461F25_LittleDaisies/project/ros_ws/install/mobile_sensor/share/mobile_sensor//node_modules/ws/lib/buffer-util.js
-- Installing: /home/ogan/ME461F25_LittleDaisies/project/ros_ws/install/mobile_sensor/share/mobile_sensor//node_modules/ws/lib/subprotocol.js
-- Installing: /home/ogan/ME461F25_LittleDaisies/project/ros_ws/install/mobile_sensor/share/mobile_sensor//node_modules/ws/lib/websocket-server.js
-- Installing: /home/ogan/ME461F25_LittleDaisies/project/ros_ws/install/mobile_sensor/share/mobile_sensor//node_modules/ws/lib/websocket.js
-- Installing: /home/ogan/ME461F25_LittleDaisies/project/ros_ws/install/mobile_sensor/share/mobile_sensor//node_modules/ws/browser.js
-- Installing: /home/ogan/ME461F25_LittleDaisies/project/ros_ws/install/mobile_sensor/share/mobile_sensor//node_modules/ws/wrapper.mjs
-- Installing: /home/ogan/ME461F25_LittleDaisies/project/ros_ws/install/mobile_sensor/share/mobile_sensor//node_modules/ws/README.md
-- Installing: /home/ogan/ME461F25_LittleDaisies/project/ros_ws/install/mobile_sensor/share/mobile_sensor//node_modules/on-finished
-- Installing: /home/ogan/ME461F25_LittleDaisies/project/ros_ws/install/mobile_sensor/share/mobile_sensor//node_modules/on-finished/package.json
-- Installing: /home/ogan/ME461F25_LittleDaisies/project/ros_ws/install/mobile_sensor/share/mobile_sensor//node_modules/on-finished/LICENSE
-- Installing: /home/ogan/ME461F25_LittleDaisies/project/ros_ws/install/mobile_sensor/share/mobile_sensor//node_modules/on-finished/index.js
-- Installing: /home/ogan/ME461F25_LittleDaisies/project/ros_ws/install/mobile_sensor/share/mobile_sensor//node_modules/on-finished/HISTORY.md
-- Installing: /home/ogan/ME461F25_LittleDaisies/project/ros_ws/install/mobile_sensor/share/mobile_sensor//node_modules/on-finished/README.md
-- Installing: /home/ogan/ME461F25_LittleDaisies/project/ros_ws/install/mobile_sensor/share/mobile_sensor//node_modules/merge-descriptors
-- Installing: /home/ogan/ME461F25_LittleDaisies/project/ros_ws/install/mobile_sensor/share/mobile_sensor//node_modules/merge-descriptors/package.json
-- Installing: /home/ogan/ME461F25_LittleDaisies/project/ros_ws/install/mobile_sensor/share/mobile_sensor//node_modules/merge-descriptors/LICENSE
-- Installing: /home/ogan/ME461F25_LittleDaisies/project/ros_ws/install/mobile_sensor/share/mobile_sensor//node_modules/merge-descriptors/index.js
-- Installing: /home/ogan/ME461F25_LittleDaisies/project/ros_ws/install/mobile_sensor/share/mobile_sensor//node_modules/merge-descriptors/HISTORY.md
-- Installing: /home/ogan/ME461F25_LittleDaisies/project/ros_ws/install/mobile_sensor/share/mobile_sensor//node_modules/merge-descriptors/README.md
-- Installing: /home/ogan/ME461F25_LittleDaisies/project/ros_ws/install/mobile_sensor/share/mobile_sensor//node_modules/bindings
-- Installing: /home/ogan/ME461F25_LittleDaisies/project/ros_ws/install/mobile_sensor/share/mobile_sensor//node_modules/bindings/package.json
-- Installing: /home/ogan/ME461F25_LittleDaisies/project/ros_ws/install/mobile_sensor/share/mobile_sensor//node_modules/bindings/bindings.js
-- Installing: /home/ogan/ME461F25_LittleDaisies/project/ros_ws/install/mobile_sensor/share/mobile_sensor//node_modules/bindings/LICENSE.md
-- Installing: /home/ogan/ME461F25_LittleDaisies/project/ros_ws/install/mobile_sensor/share/mobile_sensor//node_modules/bindings/README.md
-- Installing: /home/ogan/ME461F25_LittleDaisies/project/ros_ws/install/mobile_sensor/share/mobile_sensor//node_modules/process
-- Installing: /home/ogan/ME461F25_LittleDaisies/project/ros_ws/install/mobile_sensor/share/mobile_sensor//node_modules/process/.eslintrc
-- Installing: /home/ogan/ME461F25_LittleDaisies/project/ros_ws/install/mobile_sensor/share/mobile_sensor//node_modules/process/package.json
-- Installing: /home/ogan/ME461F25_LittleDaisies/project/ros_ws/install/mobile_sensor/share/mobile_sensor//node_modules/process/LICENSE
-- Installing: /home/ogan/ME461F25_LittleDaisies/project/ros_ws/install/mobile_sensor/share/mobile_sensor//node_modules/process/index.js
-- Installing: /home/ogan/ME461F25_LittleDaisies/project/ros_ws/install/mobile_sensor/share/mobile_sensor//node_modules/process/test.js
-- Installing: /home/ogan/ME461F25_LittleDaisies/project/ros_ws/install/mobile_sensor/share/mobile_sensor//node_modules/process/browser.js
-- Installing: /home/ogan/ME461F25_LittleDaisies/project/ros_ws/install/mobile_sensor/share/mobile_sensor//node_modules/process/README.md
-- Installing: /home/ogan/ME461F25_LittleDaisies/project/ros_ws/install/mobile_sensor/share/mobile_sensor//node_modules/http-errors
-- Installing: /home/ogan/ME461F25_LittleDaisies/project/ros_ws/install/mobile_sensor/share/mobile_sensor//node_modules/http-errors/package.json
-- Installing: /home/ogan/ME461F25_LittleDaisies/project/ros_ws/install/mobile_sensor/share/mobile_sensor//node_modules/http-errors/LICENSE
-- Installing: /home/ogan/ME461F25_LittleDaisies/project/ros_ws/install/mobile_sensor/share/mobile_sensor//node_modules/http-errors/index.js
-- Installing: /home/ogan/ME461F25_LittleDaisies/project/ros_ws/install/mobile_sensor/share/mobile_sensor//node_modules/http-errors/HISTORY.md
-- Installing: /home/ogan/ME461F25_LittleDaisies/project/ros_ws/install/mobile_sensor/share/mobile_sensor//node_modules/http-errors/README.md
-- Installing: /home/ogan/ME461F25_LittleDaisies/project/ros_ws/install/mobile_sensor/share/mobile_sensor//node_modules/inherits
-- Installing: /home/ogan/ME461F25_LittleDaisies/project/ros_ws/install/mobile_sensor/share/mobile_sensor//node_modules/inherits/inherits_browser.js
-- Installing: /home/ogan/ME461F25_LittleDaisies/project/ros_ws/install/mobile_sensor/share/mobile_sensor//node_modules/inherits/inherits.js
-- Installing: /home/ogan/ME461F25_LittleDaisies/project/ros_ws/install/mobile_sensor/share/mobile_sensor//node_modules/inherits/package.json
-- Installing: /home/ogan/ME461F25_LittleDaisies/project/ros_ws/install/mobile_sensor/share/mobile_sensor//node_modules/inherits/LICENSE
-- Installing: /home/ogan/ME461F25_LittleDaisies/project/ros_ws/install/mobile_sensor/share/mobile_sensor//node_modules/inherits/README.md
-- Installing: /home/ogan/ME461F25_LittleDaisies/project/ros_ws/install/mobile_sensor/share/mobile_sensor//node_modules/path
-- Installing: /home/ogan/ME461F25_LittleDaisies/project/ros_ws/install/mobile_sensor/share/mobile_sensor//node_modules/path/.npmignore
-- Installing: /home/ogan/ME461F25_LittleDaisies/project/ros_ws/install/mobile_sensor/share/mobile_sensor//node_modules/path/package.json
-- Installing: /home/ogan/ME461F25_LittleDaisies/project/ros_ws/install/mobile_sensor/share/mobile_sensor//node_modules/path/LICENSE
-- Installing: /home/ogan/ME461F25_LittleDaisies/project/ros_ws/install/mobile_sensor/share/mobile_sensor//node_modules/path/path.js
-- Installing: /home/ogan/ME461F25_LittleDaisies/project/ros_ws/install/mobile_sensor/share/mobile_sensor//node_modules/path/README.md
-- Installing: /home/ogan/ME461F25_LittleDaisies/project/ros_ws/install/mobile_sensor/share/mobile_sensor//node_modules/setprototypeof
-- Installing: /home/ogan/ME461F25_LittleDaisies/project/ros_ws/install/mobile_sensor/share/mobile_sensor//node_modules/setprototypeof/package.json
-- Installing: /home/ogan/ME461F25_LittleDaisies/project/ros_ws/install/mobile_sensor/share/mobile_sensor//node_modules/setprototypeof/LICENSE
-- Installing: /home/ogan/ME461F25_LittleDaisies/project/ros_ws/install/mobile_sensor/share/mobile_sensor//node_modules/setprototypeof/index.js
-- Installing: /home/ogan/ME461F25_LittleDaisies/project/ros_ws/install/mobile_sensor/share/mobile_sensor//node_modules/setprototypeof/index.d.ts
-- Installing: /home/ogan/ME461F25_LittleDaisies/project/ros_ws/install/mobile_sensor/share/mobile_sensor//node_modules/setprototypeof/test
-- Installing: /home/ogan/ME461F25_LittleDaisies/project/ros_ws/install/mobile_sensor/share/mobile_sensor//node_modules/setprototypeof/test/index.js
-- Installing: /home/ogan/ME461F25_LittleDaisies/project/ros_ws/install/mobile_sensor/share/mobile_sensor//node_modules/setprototypeof/README.md
-- Installing: /home/ogan/ME461F25_LittleDaisies/project/ros_ws/install/mobile_sensor/share/mobile_sensor//node_modules/gopd
-- Installing: /home/ogan/ME461F25_LittleDaisies/project/ros_ws/install/mobile_sensor/share/mobile_sensor//node_modules/gopd/.eslintrc
-- Installing: /home/ogan/ME461F25_LittleDaisies/project/ros_ws/install/mobile_sensor/share/mobile_sensor//node_modules/gopd/package.json
-- Installing: /home/ogan/ME461F25_LittleDaisies/project/ros_ws/install/mobile_sensor/share/mobile_sensor//node_modules/gopd/LICENSE
-- Installing: /home/ogan/ME461F25_LittleDaisies/project/ros_ws/install/mobile_sensor/share/mobile_sensor//node_modules/gopd/index.js
-- Installing: /home/ogan/ME461F25_LittleDaisies/project/ros_ws/install/mobile_sensor/share/mobile_sensor//node_modules/gopd/gOPD.js
-- Installing: /home/ogan/ME461F25_LittleDaisies/project/ros_ws/install/mobile_sensor/share/mobile_sensor//node_modules/gopd/index.d.ts
-- Installing: /home/ogan/ME461F25_LittleDaisies/project/ros_ws/install/mobile_sensor/share/mobile_sensor//node_modules/gopd/CHANGELOG.md
-- Installing: /home/ogan/ME461F25_LittleDaisies/project/ros_ws/install/mobile_sensor/share/mobile_sensor//node_modules/gopd/tsconfig.json
-- Installing: /home/ogan/ME461F25_LittleDaisies/project/ros_ws/install/mobile_sensor/share/mobile_sensor//node_modules/gopd/test
-- Installing: /home/ogan/ME461F25_LittleDaisies/project/ros_ws/install/mobile_sensor/share/mobile_sensor//node_modules/gopd/test/index.js
-- Installing: /home/ogan/ME461F25_LittleDaisies/project/ros_ws/install/mobile_sensor/share/mobile_sensor//node_modules/gopd/README.md
-- Installing: /home/ogan/ME461F25_LittleDaisies/project/ros_ws/install/mobile_sensor/share/mobile_sensor//node_modules/gopd/gOPD.d.ts
-- Installing: /home/ogan/ME461F25_LittleDaisies/project/ros_ws/install/mobile_sensor/share/mobile_sensor//node_modules/gopd/.github
-- Installing: /home/ogan/ME461F25_LittleDaisies/project/ros_ws/install/mobile_sensor/share/mobile_sensor//node_modules/gopd/.github/FUNDING.yml
-- Installing: /home/ogan/ME461F25_LittleDaisies/project/ros_ws/install/mobile_sensor/share/mobile_sensor//node_modules/ms
-- Installing: /home/ogan/ME461F25_LittleDaisies/project/ros_ws/install/mobile_sensor/share/mobile_sensor//node_modules/ms/package.json
-- Installing: /home/ogan/ME461F25_LittleDaisies/project/ros_ws/install/mobile_sensor/share/mobile_sensor//node_modules/ms/index.js
-- Installing: /home/ogan/ME461F25_LittleDaisies/project/ros_ws/install/mobile_sensor/share/mobile_sensor//node_modules/ms/license.md
-- Installing: /home/ogan/ME461F25_LittleDaisies/project/ros_ws/install/mobile_sensor/share/mobile_sensor//node_modules/ms/readme.md
-- Installing: /home/ogan/ME461F25_LittleDaisies/project/ros_ws/install/mobile_sensor/share/mobile_sensor//node_modules/d
-- Installing: /home/ogan/ME461F25_LittleDaisies/project/ros_ws/install/mobile_sensor/share/mobile_sensor//node_modules/d/package.json
-- Installing: /home/ogan/ME461F25_LittleDaisies/project/ros_ws/install/mobile_sensor/share/mobile_sensor//node_modules/d/LICENSE
-- Installing: /home/ogan/ME461F25_LittleDaisies/project/ros_ws/install/mobile_sensor/share/mobile_sensor//node_modules/d/index.js
-- Installing: /home/ogan/ME461F25_LittleDaisies/project/ros_ws/install/mobile_sensor/share/mobile_sensor//node_modules/d/auto-bind.js
-- Installing: /home/ogan/ME461F25_LittleDaisies/project/ros_ws/install/mobile_sensor/share/mobile_sensor//node_modules/d/CHANGELOG.md
-- Installing: /home/ogan/ME461F25_LittleDaisies/project/ros_ws/install/mobile_sensor/share/mobile_sensor//node_modules/d/README.md
-- Installing: /home/ogan/ME461F25_LittleDaisies/project/ros_ws/install/mobile_sensor/share/mobile_sensor//node_modules/d/lazy.js
-- Installing: /home/ogan/ME461F25_LittleDaisies/project/ros_ws/install/mobile_sensor/share/mobile_sensor//node_modules/d/CHANGES
-- Installing: /home/ogan/ME461F25_LittleDaisies/project/ros_ws/install/mobile_sensor/share/mobile_sensor//node_modules/iconv-lite
-- Installing: /home/ogan/ME461F25_LittleDaisies/project/ros_ws/install/mobile_sensor/share/mobile_sensor//node_modules/iconv-lite/package.json
-- Installing: /home/ogan/ME461F25_LittleDaisies/project/ros_ws/install/mobile_sensor/share/mobile_sensor//node_modules/iconv-lite/encodings
-- Installing: /home/ogan/ME461F25_LittleDaisies/project/ros_ws/install/mobile_sensor/share/mobile_sensor//node_modules/iconv-lite/encodings/dbcs-data.js
-- Installing: /home/ogan/ME461F25_LittleDaisies/project/ros_ws/install/mobile_sensor/share/mobile_sensor//node_modules/iconv-lite/encodings/tables
-- Installing: /home/ogan/ME461F25_LittleDaisies/project/ros_ws/install/mobile_sensor/share/mobile_sensor//node_modules/iconv-lite/encodings/tables/big5-added.json
-- Installing: /home/ogan/ME461F25_LittleDaisies/project/ros_ws/install/mobile_sensor/share/mobile_sensor//node_modules/iconv-lite/encodings/tables/cp936.json
-- Installing: /home/ogan/ME461F25_LittleDaisies/project/ros_ws/install/mobile_sensor/share/mobile_sensor//node_modules/iconv-lite/encodings/tables/gbk-added.json
-- Installing: /home/ogan/ME461F25_LittleDaisies/project/ros_ws/install/mobile_sensor/share/mobile_sensor//node_modules/iconv-lite/encodings/tables/shiftjis.json
-- Installing: /home/ogan/ME461F25_LittleDaisies/project/ros_ws/install/mobile_sensor/share/mobile_sensor//node_modules/iconv-lite/encodings/tables/cp949.json
-- Installing: /home/ogan/ME461F25_LittleDaisies/project/ros_ws/install/mobile_sensor/share/mobile_sensor//node_modules/iconv-lite/encodings/tables/eucjp.json
-- Installing: /home/ogan/ME461F25_LittleDaisies/project/ros_ws/install/mobile_sensor/share/mobile_sensor//node_modules/iconv-lite/encodings/tables/cp950.json
-- Installing: /home/ogan/ME461F25_LittleDaisies/project/ros_ws/install/mobile_sensor/share/mobile_sensor//node_modules/iconv-lite/encodings/tables/gb18030-ranges.json
-- Installing: /home/ogan/ME461F25_LittleDaisies/project/ros_ws/install/mobile_sensor/share/mobile_sensor//node_modules/iconv-lite/encodings/dbcs-codec.js
-- Installing: /home/ogan/ME461F25_LittleDaisies/project/ros_ws/install/mobile_sensor/share/mobile_sensor//node_modules/iconv-lite/encodings/index.js
-- Installing: /home/ogan/ME461F25_LittleDaisies/project/ros_ws/install/mobile_sensor/share/mobile_sensor//node_modules/iconv-lite/encodings/sbcs-codec.js
-- Installing: /home/ogan/ME461F25_LittleDaisies/project/ros_ws/install/mobile_sensor/share/mobile_sensor//node_modules/iconv-lite/encodings/utf7.js
-- Installing: /home/ogan/ME461F25_LittleDaisies/project/ros_ws/install/mobile_sensor/share/mobile_sensor//node_modules/iconv-lite/encodings/utf16.js
-- Installing: /home/ogan/ME461F25_LittleDaisies/project/ros_ws/install/mobile_sensor/share/mobile_sensor//node_modules/iconv-lite/encodings/sbcs-data-generated.js
-- Installing: /home/ogan/ME461F25_LittleDaisies/project/ros_ws/install/mobile_sensor/share/mobile_sensor//node_modules/iconv-lite/encodings/sbcs-data.js
-- Installing: /home/ogan/ME461F25_LittleDaisies/project/ros_ws/install/mobile_sensor/share/mobile_sensor//node_modules/iconv-lite/encodings/internal.js
-- Installing: /home/ogan/ME461F25_LittleDaisies/project/ros_ws/install/mobile_sensor/share/mobile_sensor//node_modules/iconv-lite/LICENSE
-- Installing: /home/ogan/ME461F25_LittleDaisies/project/ros_ws/install/mobile_sensor/share/mobile_sensor//node_modules/iconv-lite/lib
-- Installing: /home/ogan/ME461F25_LittleDaisies/project/ros_ws/install/mobile_sensor/share/mobile_sensor//node_modules/iconv-lite/lib/streams.js
-- Installing: /home/ogan/ME461F25_LittleDaisies/project/ros_ws/install/mobile_sensor/share/mobile_sensor//node_modules/iconv-lite/lib/index.js
-- Installing: /home/ogan/ME461F25_LittleDaisies/project/ros_ws/install/mobile_sensor/share/mobile_sensor//node_modules/iconv-lite/lib/bom-handling.js
-- Installing: /home/ogan/ME461F25_LittleDaisies/project/ros_ws/install/mobile_sensor/share/mobile_sensor//node_modules/iconv-lite/lib/extend-node.js
-- Installing: /home/ogan/ME461F25_LittleDaisies/project/ros_ws/install/mobile_sensor/share/mobile_sensor//node_modules/iconv-lite/lib/index.d.ts
-- Installing: /home/ogan/ME461F25_LittleDaisies/project/ros_ws/install/mobile_sensor/share/mobile_sensor//node_modules/iconv-lite/Changelog.md
-- Installing: /home/ogan/ME461F25_LittleDaisies/project/ros_ws/install/mobile_sensor/share/mobile_sensor//node_modules/iconv-lite/README.md
-- Installing: /home/ogan/ME461F25_LittleDaisies/project/ros_ws/install/mobile_sensor/share/mobile_sensor//node_modules/mime-types
-- Installing: /home/ogan/ME461F25_LittleDaisies/project/ros_ws/install/mobile_sensor/share/mobile_sensor//node_modules/mime-types/package.json
-- Installing: /home/ogan/ME461F25_LittleDaisies/project/ros_ws/install/mobile_sensor/share/mobile_sensor//node_modules/mime-types/LICENSE
-- Installing: /home/ogan/ME461F25_LittleDaisies/project/ros_ws/install/mobile_sensor/share/mobile_sensor//node_modules/mime-types/index.js
-- Installing: /home/ogan/ME461F25_LittleDaisies/project/ros_ws/install/mobile_sensor/share/mobile_sensor//node_modules/mime-types/HISTORY.md
-- Installing: /home/ogan/ME461F25_LittleDaisies/project/ros_ws/install/mobile_sensor/share/mobile_sensor//node_modules/mime-types/README.md
-- Installing: /home/ogan/ME461F25_LittleDaisies/project/ros_ws/install/mobile_sensor/share/mobile_sensor//node_modules/fs-extra
-- Installing: /home/ogan/ME461F25_LittleDaisies/project/ros_ws/install/mobile_sensor/share/mobile_sensor//node_modules/fs-extra/package.json
-- Installing: /home/ogan/ME461F25_LittleDaisies/project/ros_ws/install/mobile_sensor/share/mobile_sensor//node_modules/fs-extra/LICENSE
-- Installing: /home/ogan/ME461F25_LittleDaisies/project/ros_ws/install/mobile_sensor/share/mobile_sensor//node_modules/fs-extra/lib
-- Installing: /home/ogan/ME461F25_LittleDaisies/project/ros_ws/install/mobile_sensor/share/mobile_sensor//node_modules/fs-extra/lib/ensure
-- Installing: /home/ogan/ME461F25_LittleDaisies/project/ros_ws/install/mobile_sensor/share/mobile_sensor//node_modules/fs-extra/lib/ensure/link.js
-- Installing: /home/ogan/ME461F25_LittleDaisies/project/ros_ws/install/mobile_sensor/share/mobile_sensor//node_modules/fs-extra/lib/ensure/symlink.js
-- Installing: /home/ogan/ME461F25_LittleDaisies/project/ros_ws/install/mobile_sensor/share/mobile_sensor//node_modules/fs-extra/lib/ensure/file.js
-- Installing: /home/ogan/ME461F25_LittleDaisies/project/ros_ws/install/mobile_sensor/share/mobile_sensor//node_modules/fs-extra/lib/ensure/index.js
-- Installing: /home/ogan/ME461F25_LittleDaisies/project/ros_ws/install/mobile_sensor/share/mobile_sensor//node_modules/fs-extra/lib/ensure/symlink-paths.js
-- Installing: /home/ogan/ME461F25_LittleDaisies/project/ros_ws/install/mobile_sensor/share/mobile_sensor//node_modules/fs-extra/lib/ensure/symlink-type.js
-- Installing: /home/ogan/ME461F25_LittleDaisies/project/ros_ws/install/mobile_sensor/share/mobile_sensor//node_modules/fs-extra/lib/json
-- Installing: /home/ogan/ME461F25_LittleDaisies/project/ros_ws/install/mobile_sensor/share/mobile_sensor//node_modules/fs-extra/lib/json/index.js
-- Installing: /home/ogan/ME461F25_LittleDaisies/project/ros_ws/install/mobile_sensor/share/mobile_sensor//node_modules/fs-extra/lib/json/output-json-sync.js
-- Installing: /home/ogan/ME461F25_LittleDaisies/project/ros_ws/install/mobile_sensor/share/mobile_sensor//node_modules/fs-extra/lib/json/jsonfile.js
-- Installing: /home/ogan/ME461F25_LittleDaisies/project/ros_ws/install/mobile_sensor/share/mobile_sensor//node_modules/fs-extra/lib/json/output-json.js
-- Installing: /home/ogan/ME461F25_LittleDaisies/project/ros_ws/install/mobile_sensor/share/mobile_sensor//node_modules/fs-extra/lib/remove
-- Installing: /home/ogan/ME461F25_LittleDaisies/project/ros_ws/install/mobile_sensor/share/mobile_sensor//node_modules/fs-extra/lib/remove/index.js
-- Installing: /home/ogan/ME461F25_LittleDaisies/project/ros_ws/install/mobile_sensor/share/mobile_sensor//node_modules/fs-extra/lib/path-exists
-- Installing: /home/ogan/ME461F25_LittleDaisies/project/ros_ws/install/mobile_sensor/share/mobile_sensor//node_modules/fs-extra/lib/path-exists/index.js
-- Installing: /home/ogan/ME461F25_LittleDaisies/project/ros_ws/install/mobile_sensor/share/mobile_sensor//node_modules/fs-extra/lib/util
-- Installing: /home/ogan/ME461F25_LittleDaisies/project/ros_ws/install/mobile_sensor/share/mobile_sensor//node_modules/fs-extra/lib/util/async.js
-- Installing: /home/ogan/ME461F25_LittleDaisies/project/ros_ws/install/mobile_sensor/share/mobile_sensor//node_modules/fs-extra/lib/util/utimes.js
-- Installing: /home/ogan/ME461F25_LittleDaisies/project/ros_ws/install/mobile_sensor/share/mobile_sensor//node_modules/fs-extra/lib/util/stat.js
-- Installing: /home/ogan/ME461F25_LittleDaisies/project/ros_ws/install/mobile_sensor/share/mobile_sensor//node_modules/fs-extra/lib/copy
-- Installing: /home/ogan/ME461F25_LittleDaisies/project/ros_ws/install/mobile_sensor/share/mobile_sensor//node_modules/fs-extra/lib/copy/copy-sync.js
-- Installing: /home/ogan/ME461F25_LittleDaisies/project/ros_ws/install/mobile_sensor/share/mobile_sensor//node_modules/fs-extra/lib/copy/index.js
-- Installing: /home/ogan/ME461F25_LittleDaisies/project/ros_ws/install/mobile_sensor/share/mobile_sensor//node_modules/fs-extra/lib/copy/copy.js
-- Installing: /home/ogan/ME461F25_LittleDaisies/project/ros_ws/install/mobile_sensor/share/mobile_sensor//node_modules/fs-extra/lib/index.js
-- Installing: /home/ogan/ME461F25_LittleDaisies/project/ros_ws/install/mobile_sensor/share/mobile_sensor//node_modules/fs-extra/lib/esm.mjs
-- Installing: /home/ogan/ME461F25_LittleDaisies/project/ros_ws/install/mobile_sensor/share/mobile_sensor//node_modules/fs-extra/lib/fs
-- Installing: /home/ogan/ME461F25_LittleDaisies/project/ros_ws/install/mobile_sensor/share/mobile_sensor//node_modules/fs-extra/lib/fs/index.js
-- Installing: /home/ogan/ME461F25_LittleDaisies/project/ros_ws/install/mobile_sensor/share/mobile_sensor//node_modules/fs-extra/lib/move
-- Installing: /home/ogan/ME461F25_LittleDaisies/project/ros_ws/install/mobile_sensor/share/mobile_sensor//node_modules/fs-extra/lib/move/index.js
-- Installing: /home/ogan/ME461F25_LittleDaisies/project/ros_ws/install/mobile_sensor/share/mobile_sensor//node_modules/fs-extra/lib/move/move-sync.js
-- Installing: /home/ogan/ME461F25_LittleDaisies/project/ros_ws/install/mobile_sensor/share/mobile_sensor//node_modules/fs-extra/lib/move/move.js
-- Installing: /home/ogan/ME461F25_LittleDaisies/project/ros_ws/install/mobile_sensor/share/mobile_sensor//node_modules/fs-extra/lib/output-file
-- Installing: /home/ogan/ME461F25_LittleDaisies/project/ros_ws/install/mobile_sensor/share/mobile_sensor//node_modules/fs-extra/lib/output-file/index.js
-- Installing: /home/ogan/ME461F25_LittleDaisies/project/ros_ws/install/mobile_sensor/share/mobile_sensor//node_modules/fs-extra/lib/empty
-- Installing: /home/ogan/ME461F25_LittleDaisies/project/ros_ws/install/mobile_sensor/share/mobile_sensor//node_modules/fs-extra/lib/empty/index.js
-- Installing: /home/ogan/ME461F25_LittleDaisies/project/ros_ws/install/mobile_sensor/share/mobile_sensor//node_modules/fs-extra/lib/mkdirs
-- Installing: /home/ogan/ME461F25_LittleDaisies/project/ros_ws/install/mobile_sensor/share/mobile_sensor//node_modules/fs-extra/lib/mkdirs/utils.js
-- Installing: /home/ogan/ME461F25_LittleDaisies/project/ros_ws/install/mobile_sensor/share/mobile_sensor//node_modules/fs-extra/lib/mkdirs/index.js
-- Installing: /home/ogan/ME461F25_LittleDaisies/project/ros_ws/install/mobile_sensor/share/mobile_sensor//node_modules/fs-extra/lib/mkdirs/make-dir.js
-- Installing: /home/ogan/ME461F25_LittleDaisies/project/ros_ws/install/mobile_sensor/share/mobile_sensor//node_modules/fs-extra/README.md
-- Installing: /home/ogan/ME461F25_LittleDaisies/project/ros_ws/install/mobile_sensor/share/mobile_sensor//node_modules/cookie
-- Installing: /home/ogan/ME461F25_LittleDaisies/project/ros_ws/install/mobile_sensor/share/mobile_sensor//node_modules/cookie/SECURITY.md
-- Installing: /home/ogan/ME461F25_LittleDaisies/project/ros_ws/install/mobile_sensor/share/mobile_sensor//node_modules/cookie/package.json
-- Installing: /home/ogan/ME461F25_LittleDaisies/project/ros_ws/install/mobile_sensor/share/mobile_sensor//node_modules/cookie/LICENSE
-- Installing: /home/ogan/ME461F25_LittleDaisies/project/ros_ws/install/mobile_sensor/share/mobile_sensor//node_modules/cookie/index.js
-- Installing: /home/ogan/ME461F25_LittleDaisies/project/ros_ws/install/mobile_sensor/share/mobile_sensor//node_modules/cookie/README.md
-- Installing: /home/ogan/ME461F25_LittleDaisies/project/ros_ws/install/mobile_sensor/share/mobile_sensor//node_modules/escape-html
-- Installing: /home/ogan/ME461F25_LittleDaisies/project/ros_ws/install/mobile_sensor/share/mobile_sensor//node_modules/escape-html/package.json
-- Installing: /home/ogan/ME461F25_LittleDaisies/project/ros_ws/install/mobile_sensor/share/mobile_sensor//node_modules/escape-html/LICENSE
-- Installing: /home/ogan/ME461F25_LittleDaisies/project/ros_ws/install/mobile_sensor/share/mobile_sensor//node_modules/escape-html/index.js
-- Installing: /home/ogan/ME461F25_LittleDaisies/project/ros_ws/install/mobile_sensor/share/mobile_sensor//node_modules/escape-html/Readme.md
-- Installing: /home/ogan/ME461F25_LittleDaisies/project/ros_ws/install/mobile_sensor/share/mobile_sensor//node_modules/mime
-- Installing: /home/ogan/ME461F25_LittleDaisies/project/ros_ws/install/mobile_sensor/share/mobile_sensor//node_modules/mime/cli.js
-- Installing: /home/ogan/ME461F25_LittleDaisies/project/ros_ws/install/mobile_sensor/share/mobile_sensor//node_modules/mime/.npmignore
-- Installing: /home/ogan/ME461F25_LittleDaisies/project/ros_ws/install/mobile_sensor/share/mobile_sensor//node_modules/mime/package.json
-- Installing: /home/ogan/ME461F25_LittleDaisies/project/ros_ws/install/mobile_sensor/share/mobile_sensor//node_modules/mime/src
-- Installing: /home/ogan/ME461F25_LittleDaisies/project/ros_ws/install/mobile_sensor/share/mobile_sensor//node_modules/mime/src/test.js
-- Installing: /home/ogan/ME461F25_LittleDaisies/project/ros_ws/install/mobile_sensor/share/mobile_sensor//node_modules/mime/src/build.js
-- Installing: /home/ogan/ME461F25_LittleDaisies/project/ros_ws/install/mobile_sensor/share/mobile_sensor//node_modules/mime/mime.js
-- Installing: /home/ogan/ME461F25_LittleDaisies/project/ros_ws/install/mobile_sensor/share/mobile_sensor//node_modules/mime/types.json
-- Installing: /home/ogan/ME461F25_LittleDaisies/project/ros_ws/install/mobile_sensor/share/mobile_sensor//node_modules/mime/LICENSE
-- Installing: /home/ogan/ME461F25_LittleDaisies/project/ros_ws/install/mobile_sensor/share/mobile_sensor//node_modules/mime/CHANGELOG.md
-- Installing: /home/ogan/ME461F25_LittleDaisies/project/ros_ws/install/mobile_sensor/share/mobile_sensor//node_modules/mime/README.md
-- Installing: /home/ogan/ME461F25_LittleDaisies/project/ros_ws/install/mobile_sensor/share/mobile_sensor//node_modules/side-channel-weakmap
-- Installing: /home/ogan/ME461F25_LittleDaisies/project/ros_ws/install/mobile_sensor/share/mobile_sensor//node_modules/side-channel-weakmap/.editorconfig
-- Installing: /home/ogan/ME461F25_LittleDaisies/project/ros_ws/install/mobile_sensor/share/mobile_sensor//node_modules/side-channel-weakmap/.eslintrc
-- Installing: /home/ogan/ME461F25_LittleDaisies/project/ros_ws/install/mobile_sensor/share/mobile_sensor//node_modules/side-channel-weakmap/package.json
-- Installing: /home/ogan/ME461F25_LittleDaisies/project/ros_ws/install/mobile_sensor/share/mobile_sensor//node_modules/side-channel-weakmap/LICENSE
-- Installing: /home/ogan/ME461F25_LittleDaisies/project/ros_ws/install/mobile_sensor/share/mobile_sensor//node_modules/side-channel-weakmap/index.js
-- Installing: /home/ogan/ME461F25_LittleDaisies/project/ros_ws/install/mobile_sensor/share/mobile_sensor//node_modules/side-channel-weakmap/index.d.ts
-- Installing: /home/ogan/ME461F25_LittleDaisies/project/ros_ws/install/mobile_sensor/share/mobile_sensor//node_modules/side-channel-weakmap/CHANGELOG.md
-- Installing: /home/ogan/ME461F25_LittleDaisies/project/ros_ws/install/mobile_sensor/share/mobile_sensor//node_modules/side-channel-weakmap/tsconfig.json
-- Installing: /home/ogan/ME461F25_LittleDaisies/project/ros_ws/install/mobile_sensor/share/mobile_sensor//node_modules/side-channel-weakmap/test
-- Installing: /home/ogan/ME461F25_LittleDaisies/project/ros_ws/install/mobile_sensor/share/mobile_sensor//node_modules/side-channel-weakmap/test/index.js
-- Installing: /home/ogan/ME461F25_LittleDaisies/project/ros_ws/install/mobile_sensor/share/mobile_sensor//node_modules/side-channel-weakmap/README.md
-- Installing: /home/ogan/ME461F25_LittleDaisies/project/ros_ws/install/mobile_sensor/share/mobile_sensor//node_modules/side-channel-weakmap/.github
-- Installing: /home/ogan/ME461F25_LittleDaisies/project/ros_ws/install/mobile_sensor/share/mobile_sensor//node_modules/side-channel-weakmap/.github/FUNDING.yml
-- Installing: /home/ogan/ME461F25_LittleDaisies/project/ros_ws/install/mobile_sensor/share/mobile_sensor//node_modules/side-channel-weakmap/.nycrc
-- Installing: /home/ogan/ME461F25_LittleDaisies/project/ros_ws/install/mobile_sensor/share/mobile_sensor//node_modules/raw-body
-- Installing: /home/ogan/ME461F25_LittleDaisies/project/ros_ws/install/mobile_sensor/share/mobile_sensor//node_modules/raw-body/package.json
-- Installing: /home/ogan/ME461F25_LittleDaisies/project/ros_ws/install/mobile_sensor/share/mobile_sensor//node_modules/raw-body/LICENSE
-- Installing: /home/ogan/ME461F25_LittleDaisies/project/ros_ws/install/mobile_sensor/share/mobile_sensor//node_modules/raw-body/index.js
-- Installing: /home/ogan/ME461F25_LittleDaisies/project/ros_ws/install/mobile_sensor/share/mobile_sensor//node_modules/raw-body/index.d.ts
-- Installing: /home/ogan/ME461F25_LittleDaisies/project/ros_ws/install/mobile_sensor/share/mobile_sensor//node_modules/raw-body/README.md
-- Installing: /home/ogan/ME461F25_LittleDaisies/project/ros_ws/install/mobile_sensor/share/mobile_sensor//node_modules/toidentifier
-- Installing: /home/ogan/ME461F25_LittleDaisies/project/ros_ws/install/mobile_sensor/share/mobile_sensor//node_modules/toidentifier/package.json
-- Installing: /home/ogan/ME461F25_LittleDaisies/project/ros_ws/install/mobile_sensor/share/mobile_sensor//node_modules/toidentifier/LICENSE
-- Installing: /home/ogan/ME461F25_LittleDaisies/project/ros_ws/install/mobile_sensor/share/mobile_sensor//node_modules/toidentifier/index.js
-- Installing: /home/ogan/ME461F25_LittleDaisies/project/ros_ws/install/mobile_sensor/share/mobile_sensor//node_modules/toidentifier/HISTORY.md
-- Installing: /home/ogan/ME461F25_LittleDaisies/project/ros_ws/install/mobile_sensor/share/mobile_sensor//node_modules/toidentifier/README.md
-- Installing: /home/ogan/ME461F25_LittleDaisies/project/ros_ws/install/mobile_sensor/share/mobile_sensor//node_modules/side-channel-list
-- Installing: /home/ogan/ME461F25_LittleDaisies/project/ros_ws/install/mobile_sensor/share/mobile_sensor//node_modules/side-channel-list/.editorconfig
-- Installing: /home/ogan/ME461F25_LittleDaisies/project/ros_ws/install/mobile_sensor/share/mobile_sensor//node_modules/side-channel-list/.eslintrc
-- Installing: /home/ogan/ME461F25_LittleDaisies/project/ros_ws/install/mobile_sensor/share/mobile_sensor//node_modules/side-channel-list/package.json
-- Installing: /home/ogan/ME461F25_LittleDaisies/project/ros_ws/install/mobile_sensor/share/mobile_sensor//node_modules/side-channel-list/LICENSE
-- Installing: /home/ogan/ME461F25_LittleDaisies/project/ros_ws/install/mobile_sensor/share/mobile_sensor//node_modules/side-channel-list/index.js
-- Installing: /home/ogan/ME461F25_LittleDaisies/project/ros_ws/install/mobile_sensor/share/mobile_sensor//node_modules/side-channel-list/index.d.ts
-- Installing: /home/ogan/ME461F25_LittleDaisies/project/ros_ws/install/mobile_sensor/share/mobile_sensor//node_modules/side-channel-list/CHANGELOG.md
-- Installing: /home/ogan/ME461F25_LittleDaisies/project/ros_ws/install/mobile_sensor/share/mobile_sensor//node_modules/side-channel-list/tsconfig.json
-- Installing: /home/ogan/ME461F25_LittleDaisies/project/ros_ws/install/mobile_sensor/share/mobile_sensor//node_modules/side-channel-list/test
-- Installing: /home/ogan/ME461F25_LittleDaisies/project/ros_ws/install/mobile_sensor/share/mobile_sensor//node_modules/side-channel-list/test/index.js
-- Installing: /home/ogan/ME461F25_LittleDaisies/project/ros_ws/install/mobile_sensor/share/mobile_sensor//node_modules/side-channel-list/README.md
-- Installing: /home/ogan/ME461F25_LittleDaisies/project/ros_ws/install/mobile_sensor/share/mobile_sensor//node_modules/side-channel-list/.github
-- Installing: /home/ogan/ME461F25_LittleDaisies/project/ros_ws/install/mobile_sensor/share/mobile_sensor//node_modules/side-channel-list/.github/FUNDING.yml
-- Installing: /home/ogan/ME461F25_LittleDaisies/project/ros_ws/install/mobile_sensor/share/mobile_sensor//node_modules/side-channel-list/.nycrc
-- Installing: /home/ogan/ME461F25_LittleDaisies/project/ros_ws/install/mobile_sensor/share/mobile_sensor//node_modules/side-channel-list/list.d.ts
-- Installing: /home/ogan/ME461F25_LittleDaisies/project/ros_ws/install/mobile_sensor/share/mobile_sensor//node_modules/function-bind
-- Installing: /home/ogan/ME461F25_LittleDaisies/project/ros_ws/install/mobile_sensor/share/mobile_sensor//node_modules/function-bind/.eslintrc
-- Installing: /home/ogan/ME461F25_LittleDaisies/project/ros_ws/install/mobile_sensor/share/mobile_sensor//node_modules/function-bind/package.json
-- Installing: /home/ogan/ME461F25_LittleDaisies/project/ros_ws/install/mobile_sensor/share/mobile_sensor//node_modules/function-bind/implementation.js
-- Installing: /home/ogan/ME461F25_LittleDaisies/project/ros_ws/install/mobile_sensor/share/mobile_sensor//node_modules/function-bind/LICENSE
-- Installing: /home/ogan/ME461F25_LittleDaisies/project/ros_ws/install/mobile_sensor/share/mobile_sensor//node_modules/function-bind/index.js
-- Installing: /home/ogan/ME461F25_LittleDaisies/project/ros_ws/install/mobile_sensor/share/mobile_sensor//node_modules/function-bind/CHANGELOG.md
-- Installing: /home/ogan/ME461F25_LittleDaisies/project/ros_ws/install/mobile_sensor/share/mobile_sensor//node_modules/function-bind/test
-- Installing: /home/ogan/ME461F25_LittleDaisies/project/ros_ws/install/mobile_sensor/share/mobile_sensor//node_modules/function-bind/test/.eslintrc
-- Installing: /home/ogan/ME461F25_LittleDaisies/project/ros_ws/install/mobile_sensor/share/mobile_sensor//node_modules/function-bind/test/index.js
-- Installing: /home/ogan/ME461F25_LittleDaisies/project/ros_ws/install/mobile_sensor/share/mobile_sensor//node_modules/function-bind/README.md
-- Installing: /home/ogan/ME461F25_LittleDaisies/project/ros_ws/install/mobile_sensor/share/mobile_sensor//node_modules/function-bind/.github
-- Installing: /home/ogan/ME461F25_LittleDaisies/project/ros_ws/install/mobile_sensor/share/mobile_sensor//node_modules/function-bind/.github/SECURITY.md
-- Installing: /home/ogan/ME461F25_LittleDaisies/project/ros_ws/install/mobile_sensor/share/mobile_sensor//node_modules/function-bind/.github/FUNDING.yml
-- Installing: /home/ogan/ME461F25_LittleDaisies/project/ros_ws/install/mobile_sensor/share/mobile_sensor//node_modules/function-bind/.nycrc
-- Installing: /home/ogan/ME461F25_LittleDaisies/project/ros_ws/install/mobile_sensor/share/mobile_sensor//node_modules/finalhandler
-- Installing: /home/ogan/ME461F25_LittleDaisies/project/ros_ws/install/mobile_sensor/share/mobile_sensor//node_modules/finalhandler/SECURITY.md
-- Installing: /home/ogan/ME461F25_LittleDaisies/project/ros_ws/install/mobile_sensor/share/mobile_sensor//node_modules/finalhandler/package.json
-- Installing: /home/ogan/ME461F25_LittleDaisies/project/ros_ws/install/mobile_sensor/share/mobile_sensor//node_modules/finalhandler/LICENSE
-- Installing: /home/ogan/ME461F25_LittleDaisies/project/ros_ws/install/mobile_sensor/share/mobile_sensor//node_modules/finalhandler/index.js
-- Installing: /home/ogan/ME461F25_LittleDaisies/project/ros_ws/install/mobile_sensor/share/mobile_sensor//node_modules/finalhandler/HISTORY.md
-- Installing: /home/ogan/ME461F25_LittleDaisies/project/ros_ws/install/mobile_sensor/share/mobile_sensor//node_modules/finalhandler/README.md
-- Installing: /home/ogan/ME461F25_LittleDaisies/project/ros_ws/install/mobile_sensor/share/mobile_sensor//node_modules/negotiator
-- Installing: /home/ogan/ME461F25_LittleDaisies/project/ros_ws/install/mobile_sensor/share/mobile_sensor//node_modules/negotiator/package.json
-- Installing: /home/ogan/ME461F25_LittleDaisies/project/ros_ws/install/mobile_sensor/share/mobile_sensor//node_modules/negotiator/LICENSE
-- Installing: /home/ogan/ME461F25_LittleDaisies/project/ros_ws/install/mobile_sensor/share/mobile_sensor//node_modules/negotiator/index.js
-- Installing: /home/ogan/ME461F25_LittleDaisies/project/ros_ws/install/mobile_sensor/share/mobile_sensor//node_modules/negotiator/lib
-- Installing: /home/ogan/ME461F25_LittleDaisies/project/ros_ws/install/mobile_sensor/share/mobile_sensor//node_modules/negotiator/lib/language.js
-- Installing: /home/ogan/ME461F25_LittleDaisies/project/ros_ws/install/mobile_sensor/share/mobile_sensor//node_modules/negotiator/lib/encoding.js
-- Installing: /home/ogan/ME461F25_LittleDaisies/project/ros_ws/install/mobile_sensor/share/mobile_sensor//node_modules/negotiator/lib/mediaType.js
-- Installing: /home/ogan/ME461F25_LittleDaisies/project/ros_ws/install/mobile_sensor/share/mobile_sensor//node_modules/negotiator/lib/charset.js
-- Installing: /home/ogan/ME461F25_LittleDaisies/project/ros_ws/install/mobile_sensor/share/mobile_sensor//node_modules/negotiator/HISTORY.md
-- Installing: /home/ogan/ME461F25_LittleDaisies/project/ros_ws/install/mobile_sensor/share/mobile_sensor//node_modules/negotiator/README.md
