[0.009s] Invoking command in '/home/ogan/ME461F25_LittleDaisies/project/ros_ws/build/mobile_sensor': CMAKE_PREFIX_PATH=${CMAKE_PREFIX_PATH}:/home/ogan/kobot_ws/install/kobot_subsystems:/home/ogan/kobot_ws/install/kobot_behavior:/opt/ros/humble /usr/bin/cmake /home/ogan/ME461F25_LittleDaisies/project/ros_ws/src/mobile_sensor -DCMAKE_INSTALL_PREFIX=/home/ogan/ME461F25_LittleDaisies/project/ros_ws/install/mobile_sensor
[0.014s] [0mCMake Deprecation Warning at CMakeLists.txt:1 (cmake_minimum_required):
[0.014s]   Compatibility with CMake < 3.10 will be removed from a future version of
[0.014s]   CMake.
[0.014s] 
[0.014s]   Update the VERSION argument <min> value.  Or, use the <min>...<max> syntax
[0.014s]   to tell CMake that the project requires at least <min> but has been updated
[0.014s]   to work with policies introduced by <max> or earlier.
[0.014s] 
[0.014s] [0m
[0.053s] -- The C compiler identification is GNU 11.4.0
[0.107s] -- The CXX compiler identification is GNU 11.4.0
[0.113s] -- Detecting C compiler ABI info
[0.167s] -- Detecting C compiler ABI info - done
[0.179s] -- Check for working C compiler: /usr/bin/cc - skipped
[0.179s] -- Detecting C compile features
[0.180s] -- Detecting C compile features - done
[0.190s] -- Detecting CXX compiler ABI info
[0.251s] -- Detecting CXX compiler ABI info - done
[0.262s] -- Check for working CXX compiler: /usr/bin/c++ - skipped
[0.263s] -- Detecting CXX compile features
[0.263s] -- Detecting CXX compile features - done
[0.272s] -- Found ament_cmake: 1.3.11 (/opt/ros/humble/share/ament_cmake/cmake)
[0.387s] -- Found Python3: /usr/bin/python3 (found version "3.10.12") found components: Interpreter
[0.471s] -- Found ament_lint_auto: 0.12.12 (/opt/ros/humble/share/ament_lint_auto/cmake)
[0.688s] -- Added test 'cppcheck' to perform static code analysis on C / C++ code
[0.688s] -- Configured cppcheck include dirs: 
[0.688s] -- Configured cppcheck exclude dirs and/or files: 
[0.707s] -- Added test 'flake8' to check Python code syntax and style conventions
[0.743s] -- Added test 'lint_cmake' to check CMake code style
[0.762s] -- Added test 'pep257' to check Python code against some of the docstring style conventions in PEP 257
[0.904s] -- Added test 'uncrustify' to check C / C++ code style
[0.904s] -- Configured uncrustify additional arguments: 
[0.924s] -- Added test 'xmllint' to check XML markup files
[0.926s] -- Configuring done (0.9s)
[0.929s] -- Generating done (0.0s)
[0.931s] -- Build files have been written to: /home/ogan/ME461F25_LittleDaisies/project/ros_ws/build/mobile_sensor
[0.935s] Invoked command in '/home/ogan/ME461F25_LittleDaisies/project/ros_ws/build/mobile_sensor' returned '0': CMAKE_PREFIX_PATH=${CMAKE_PREFIX_PATH}:/home/ogan/kobot_ws/install/kobot_subsystems:/home/ogan/kobot_ws/install/kobot_behavior:/opt/ros/humble /usr/bin/cmake /home/ogan/ME461F25_LittleDaisies/project/ros_ws/src/mobile_sensor -DCMAKE_INSTALL_PREFIX=/home/ogan/ME461F25_LittleDaisies/project/ros_ws/install/mobile_sensor
[0.936s] Invoking command in '/home/ogan/ME461F25_LittleDaisies/project/ros_ws/build/mobile_sensor': CMAKE_PREFIX_PATH=${CMAKE_PREFIX_PATH}:/home/ogan/kobot_ws/install/kobot_subsystems:/home/ogan/kobot_ws/install/kobot_behavior:/opt/ros/humble /usr/bin/cmake --build /home/ogan/ME461F25_LittleDaisies/project/ros_ws/build/mobile_sensor -- -j16 -l16
[0.955s] Invoked command in '/home/ogan/ME461F25_LittleDaisies/project/ros_ws/build/mobile_sensor' returned '0': CMAKE_PREFIX_PATH=${CMAKE_PREFIX_PATH}:/home/ogan/kobot_ws/install/kobot_subsystems:/home/ogan/kobot_ws/install/kobot_behavior:/opt/ros/humble /usr/bin/cmake --build /home/ogan/ME461F25_LittleDaisies/project/ros_ws/build/mobile_sensor -- -j16 -l16
[0.960s] Invoking command in '/home/ogan/ME461F25_LittleDaisies/project/ros_ws/build/mobile_sensor': CMAKE_PREFIX_PATH=${CMAKE_PREFIX_PATH}:/home/ogan/kobot_ws/install/kobot_subsystems:/home/ogan/kobot_ws/install/kobot_behavior:/opt/ros/humble /usr/bin/cmake --install /home/ogan/ME461F25_LittleDaisies/project/ros_ws/build/mobile_sensor
[0.964s] -- Install configuration: ""
[0.964s] -- Installing: /home/ogan/ME461F25_LittleDaisies/project/ros_ws/install/mobile_sensor/share/ament_index/resource_index/package_run_dependencies/mobile_sensor
[0.964s] -- Installing: /home/ogan/ME461F25_LittleDaisies/project/ros_ws/install/mobile_sensor/share/ament_index/resource_index/parent_prefix_path/mobile_sensor
[0.964s] -- Installing: /home/ogan/ME461F25_LittleDaisies/project/ros_ws/install/mobile_sensor/share/mobile_sensor/environment/ament_prefix_path.sh
[0.964s] -- Installing: /home/ogan/ME461F25_LittleDaisies/project/ros_ws/install/mobile_sensor/share/mobile_sensor/environment/ament_prefix_path.dsv
[0.964s] -- Installing: /home/ogan/ME461F25_LittleDaisies/project/ros_ws/install/mobile_sensor/share/mobile_sensor/environment/path.sh
[0.964s] -- Installing: /home/ogan/ME461F25_LittleDaisies/project/ros_ws/install/mobile_sensor/share/mobile_sensor/environment/path.dsv
[0.965s] -- Installing: /home/ogan/ME461F25_LittleDaisies/project/ros_ws/install/mobile_sensor/share/mobile_sensor/local_setup.bash
[0.965s] -- Installing: /home/ogan/ME461F25_LittleDaisies/project/ros_ws/install/mobile_sensor/share/mobile_sensor/local_setup.sh
[0.965s] -- Installing: /home/ogan/ME461F25_LittleDaisies/project/ros_ws/install/mobile_sensor/share/mobile_sensor/local_setup.zsh
[0.965s] -- Installing: /home/ogan/ME461F25_LittleDaisies/project/ros_ws/install/mobile_sensor/share/mobile_sensor/local_setup.dsv
[0.965s] -- Installing: /home/ogan/ME461F25_LittleDaisies/project/ros_ws/install/mobile_sensor/share/mobile_sensor/package.dsv
[0.965s] -- Installing: /home/ogan/ME461F25_LittleDaisies/project/ros_ws/install/mobile_sensor/share/ament_index/resource_index/packages/mobile_sensor
[0.965s] -- Installing: /home/ogan/ME461F25_LittleDaisies/project/ros_ws/install/mobile_sensor/share/mobile_sensor/cmake/mobile_sensorConfig.cmake
[0.965s] -- Installing: /home/ogan/ME461F25_LittleDaisies/project/ros_ws/install/mobile_sensor/share/mobile_sensor/cmake/mobile_sensorConfig-version.cmake
[0.965s] -- Installing: /home/ogan/ME461F25_LittleDaisies/project/ros_ws/install/mobile_sensor/share/mobile_sensor/package.xml
[0.966s] -- Installing: /home/ogan/ME461F25_LittleDaisies/project/ros_ws/install/mobile_sensor/share/mobile_sensor/package.json
[0.966s] -- Installing: /home/ogan/ME461F25_LittleDaisies/project/ros_ws/install/mobile_sensor/share/mobile_sensor/dist
[0.966s] -- Installing: /home/ogan/ME461F25_LittleDaisies/project/ros_ws/install/mobile_sensor/share/mobile_sensor/dist/client
[0.966s] -- Installing: /home/ogan/ME461F25_LittleDaisies/project/ros_ws/install/mobile_sensor/share/mobile_sensor/dist/client/style.css
[0.966s] -- Installing: /home/ogan/ME461F25_LittleDaisies/project/ros_ws/install/mobile_sensor/share/mobile_sensor/dist/client/main.js
[0.966s] -- Installing: /home/ogan/ME461F25_LittleDaisies/project/ros_ws/install/mobile_sensor/share/mobile_sensor/dist/client/camera.js
[0.966s] -- Installing: /home/ogan/ME461F25_LittleDaisies/project/ros_ws/install/mobile_sensor/share/mobile_sensor/dist/client/speechRecognition.js
[0.966s] -- Installing: /home/ogan/ME461F25_LittleDaisies/project/ros_ws/install/mobile_sensor/share/mobile_sensor/dist/client/iosCameraManager.js
[0.966s] -- Installing: /home/ogan/ME461F25_LittleDaisies/project/ros_ws/install/mobile_sensor/share/mobile_sensor/dist/client/gpsWebSocket.js
[0.967s] -- Installing: /home/ogan/ME461F25_LittleDaisies/project/ros_ws/install/mobile_sensor/share/mobile_sensor/dist/client/audioPlayer.js
[0.967s] -- Installing: /home/ogan/ME461F25_LittleDaisies/project/ros_ws/install/mobile_sensor/share/mobile_sensor/dist/client/index.html
[0.967s] -- Installing: /home/ogan/ME461F25_LittleDaisies/project/ros_ws/install/mobile_sensor/share/mobile_sensor/dist/client/textToSpeech.js
[0.967s] -- Installing: /home/ogan/ME461F25_LittleDaisies/project/ros_ws/install/mobile_sensor/share/mobile_sensor/dist/client/test.html
[0.967s] -- Installing: /home/ogan/ME461F25_LittleDaisies/project/ros_ws/install/mobile_sensor/share/mobile_sensor/dist/client/gpsSensor.js
[0.967s] -- Installing: /home/ogan/ME461F25_LittleDaisies/project/ros_ws/install/mobile_sensor/share/mobile_sensor/dist/client/imuSensor.js
[0.967s] -- Installing: /home/ogan/ME461F25_LittleDaisies/project/ros_ws/install/mobile_sensor/share/mobile_sensor/dist/ssl
[0.967s] -- Installing: /home/ogan/ME461F25_LittleDaisies/project/ros_ws/install/mobile_sensor/share/mobile_sensor/dist/ssl/key.pem
[0.967s] -- Installing: /home/ogan/ME461F25_LittleDaisies/project/ros_ws/install/mobile_sensor/share/mobile_sensor/dist/ssl/cert.pem
[0.968s] -- Installing: /home/ogan/ME461F25_LittleDaisies/project/ros_ws/install/mobile_sensor/share/mobile_sensor/dist/generate_ssl_cert.sh
[0.968s] -- Installing: /home/ogan/ME461F25_LittleDaisies/project/ros_ws/install/mobile_sensor/share/mobile_sensor/dist/server
[0.968s] -- Installing: /home/ogan/ME461F25_LittleDaisies/project/ros_ws/install/mobile_sensor/share/mobile_sensor/dist/server/websocket_handlers.js
[0.968s] -- Installing: /home/ogan/ME461F25_LittleDaisies/project/ros_ws/install/mobile_sensor/share/mobile_sensor/dist/server/logger.js
[0.968s] -- Installing: /home/ogan/ME461F25_LittleDaisies/project/ros_ws/install/mobile_sensor/share/mobile_sensor/dist/server/express_server.js
[0.968s] -- Installing: /home/ogan/ME461F25_LittleDaisies/project/ros_ws/install/mobile_sensor/share/mobile_sensor/dist/server/ros_interface.js
[0.968s] -- Installing: /home/ogan/ME461F25_LittleDaisies/project/ros_ws/install/mobile_sensor/share/mobile_sensor/dist/server/index.js
[0.968s] -- Installing: /home/ogan/ME461F25_LittleDaisies/project/ros_ws/install/mobile_sensor/share/mobile_sensor//config
[0.968s] -- Installing: /home/ogan/ME461F25_LittleDaisies/project/ros_ws/install/mobile_sensor/share/mobile_sensor//config/config.yaml
[0.968s] -- Installing: /home/ogan/ME461F25_LittleDaisies/project/ros_ws/install/mobile_sensor/share/mobile_sensor//launch
[0.968s] -- Installing: /home/ogan/ME461F25_LittleDaisies/project/ros_ws/install/mobile_sensor/share/mobile_sensor//launch/mobile_sensors.launch.py
[0.969s] -- Installing: /home/ogan/ME461F25_LittleDaisies/project/ros_ws/install/mobile_sensor/share/mobile_sensor//node_modules
[0.969s] -- Installing: /home/ogan/ME461F25_LittleDaisies/project/ros_ws/install/mobile_sensor/share/mobile_sensor//node_modules/mime-db
[0.969s] -- Installing: /home/ogan/ME461F25_LittleDaisies/project/ros_ws/install/mobile_sensor/share/mobile_sensor//node_modules/mime-db/package.json
[0.969s] -- Installing: /home/ogan/ME461F25_LittleDaisies/project/ros_ws/install/mobile_sensor/share/mobile_sensor//node_modules/mime-db/LICENSE
[0.969s] -- Installing: /home/ogan/ME461F25_LittleDaisies/project/ros_ws/install/mobile_sensor/share/mobile_sensor//node_modules/mime-db/index.js
[0.969s] -- Installing: /home/ogan/ME461F25_LittleDaisies/project/ros_ws/install/mobile_sensor/share/mobile_sensor//node_modules/mime-db/db.json
[0.970s] -- Installing: /home/ogan/ME461F25_LittleDaisies/project/ros_ws/install/mobile_sensor/share/mobile_sensor//node_modules/mime-db/HISTORY.md
[0.970s] -- Installing: /home/ogan/ME461F25_LittleDaisies/project/ros_ws/install/mobile_sensor/share/mobile_sensor//node_modules/mime-db/README.md
[0.970s] -- Installing: /home/ogan/ME461F25_LittleDaisies/project/ros_ws/install/mobile_sensor/share/mobile_sensor//node_modules/serve-static
[0.970s] -- Installing: /home/ogan/ME461F25_LittleDaisies/project/ros_ws/install/mobile_sensor/share/mobile_sensor//node_modules/serve-static/package.json
[0.970s] -- Installing: /home/ogan/ME461F25_LittleDaisies/project/ros_ws/install/mobile_sensor/share/mobile_sensor//node_modules/serve-static/LICENSE
[0.970s] -- Installing: /home/ogan/ME461F25_LittleDaisies/project/ros_ws/install/mobile_sensor/share/mobile_sensor//node_modules/serve-static/index.js
[0.970s] -- Installing: /home/ogan/ME461F25_LittleDaisies/project/ros_ws/install/mobile_sensor/share/mobile_sensor//node_modules/serve-static/HISTORY.md
[0.971s] -- Installing: /home/ogan/ME461F25_LittleDaisies/project/ros_ws/install/mobile_sensor/share/mobile_sensor//node_modules/serve-static/README.md
[0.971s] -- Installing: /home/ogan/ME461F25_LittleDaisies/project/ros_ws/install/mobile_sensor/share/mobile_sensor//node_modules/array-flatten
[0.971s] -- Installing: /home/ogan/ME461F25_LittleDaisies/project/ros_ws/install/mobile_sensor/share/mobile_sensor//node_modules/array-flatten/array-flatten.js
[0.971s] -- Installing: /home/ogan/ME461F25_LittleDaisies/project/ros_ws/install/mobile_sensor/share/mobile_sensor//node_modules/array-flatten/package.json
[0.971s] -- Installing: /home/ogan/ME461F25_LittleDaisies/project/ros_ws/install/mobile_sensor/share/mobile_sensor//node_modules/array-flatten/LICENSE
[0.971s] -- Installing: /home/ogan/ME461F25_LittleDaisies/project/ros_ws/install/mobile_sensor/share/mobile_sensor//node_modules/array-flatten/README.md
[0.971s] -- Installing: /home/ogan/ME461F25_LittleDaisies/project/ros_ws/install/mobile_sensor/share/mobile_sensor//node_modules/acorn
[0.971s] -- Installing: /home/ogan/ME461F25_LittleDaisies/project/ros_ws/install/mobile_sensor/share/mobile_sensor//node_modules/acorn/dist
[0.972s] -- Installing: /home/ogan/ME461F25_LittleDaisies/project/ros_ws/install/mobile_sensor/share/mobile_sensor//node_modules/acorn/dist/acorn.d.mts
[0.972s] -- Installing: /home/ogan/ME461F25_LittleDaisies/project/ros_ws/install/mobile_sensor/share/mobile_sensor//node_modules/acorn/dist/acorn.mjs
[0.972s] -- Installing: /home/ogan/ME461F25_LittleDaisies/project/ros_ws/install/mobile_sensor/share/mobile_sensor//node_modules/acorn/dist/acorn.d.ts
[0.972s] -- Installing: /home/ogan/ME461F25_LittleDaisies/project/ros_ws/install/mobile_sensor/share/mobile_sensor//node_modules/acorn/dist/bin.js
[0.972s] -- Installing: /home/ogan/ME461F25_LittleDaisies/project/ros_ws/install/mobile_sensor/share/mobile_sensor//node_modules/acorn/dist/acorn.js
[0.972s] -- Installing: /home/ogan/ME461F25_LittleDaisies/project/ros_ws/install/mobile_sensor/share/mobile_sensor//node_modules/acorn/package.json
[0.973s] -- Installing: /home/ogan/ME461F25_LittleDaisies/project/ros_ws/install/mobile_sensor/share/mobile_sensor//node_modules/acorn/LICENSE
[0.973s] -- Installing: /home/ogan/ME461F25_LittleDaisies/project/ros_ws/install/mobile_sensor/share/mobile_sensor//node_modules/acorn/bin
[0.973s] -- Installing: /home/ogan/ME461F25_LittleDaisies/project/ros_ws/install/mobile_sensor/share/mobile_sensor//node_modules/acorn/bin/acorn
[0.973s] -- Installing: /home/ogan/ME461F25_LittleDaisies/project/ros_ws/install/mobile_sensor/share/mobile_sensor//node_modules/acorn/CHANGELOG.md
[0.973s] -- Installing: /home/ogan/ME461F25_LittleDaisies/project/ros_ws/install/mobile_sensor/share/mobile_sensor//node_modules/acorn/README.md
[0.973s] -- Installing: /home/ogan/ME461F25_LittleDaisies/project/ros_ws/install/mobile_sensor/share/mobile_sensor//node_modules/ipaddr.js
[0.973s] -- Installing: /home/ogan/ME461F25_LittleDaisies/project/ros_ws/install/mobile_sensor/share/mobile_sensor//node_modules/ipaddr.js/package.json
[0.973s] -- Installing: /home/ogan/ME461F25_LittleDaisies/project/ros_ws/install/mobile_sensor/share/mobile_sensor//node_modules/ipaddr.js/LICENSE
[0.973s] -- Installing: /home/ogan/ME461F25_LittleDaisies/project/ros_ws/install/mobile_sensor/share/mobile_sensor//node_modules/ipaddr.js/lib
[0.974s] -- Installing: /home/ogan/ME461F25_LittleDaisies/project/ros_ws/install/mobile_sensor/share/mobile_sensor//node_modules/ipaddr.js/lib/ipaddr.js
[0.974s] -- Installing: /home/ogan/ME461F25_LittleDaisies/project/ros_ws/install/mobile_sensor/share/mobile_sensor//node_modules/ipaddr.js/lib/ipaddr.js.d.ts
[0.974s] -- Installing: /home/ogan/ME461F25_LittleDaisies/project/ros_ws/install/mobile_sensor/share/mobile_sensor//node_modules/ipaddr.js/ipaddr.min.js
[0.974s] -- Installing: /home/ogan/ME461F25_LittleDaisies/project/ros_ws/install/mobile_sensor/share/mobile_sensor//node_modules/ipaddr.js/README.md
[0.974s] -- Installing: /home/ogan/ME461F25_LittleDaisies/project/ros_ws/install/mobile_sensor/share/mobile_sensor//node_modules/bytes
[0.974s] -- Installing: /home/ogan/ME461F25_LittleDaisies/project/ros_ws/install/mobile_sensor/share/mobile_sensor//node_modules/bytes/package.json
[0.974s] -- Installing: /home/ogan/ME461F25_LittleDaisies/project/ros_ws/install/mobile_sensor/share/mobile_sensor//node_modules/bytes/LICENSE
[0.974s] -- Installing: /home/ogan/ME461F25_LittleDaisies/project/ros_ws/install/mobile_sensor/share/mobile_sensor//node_modules/bytes/index.js
[0.974s] -- Installing: /home/ogan/ME461F25_LittleDaisies/project/ros_ws/install/mobile_sensor/share/mobile_sensor//node_modules/bytes/Readme.md
[0.974s] -- Installing: /home/ogan/ME461F25_LittleDaisies/project/ros_ws/install/mobile_sensor/share/mobile_sensor//node_modules/bytes/History.md
[0.975s] -- Installing: /home/ogan/ME461F25_LittleDaisies/project/ros_ws/install/mobile_sensor/share/mobile_sensor//node_modules/json-bigint
[0.975s] -- Installing: /home/ogan/ME461F25_LittleDaisies/project/ros_ws/install/mobile_sensor/share/mobile_sensor//node_modules/json-bigint/package.json
[0.975s] -- Installing: /home/ogan/ME461F25_LittleDaisies/project/ros_ws/install/mobile_sensor/share/mobile_sensor//node_modules/json-bigint/LICENSE
[0.975s] -- Installing: /home/ogan/ME461F25_LittleDaisies/project/ros_ws/install/mobile_sensor/share/mobile_sensor//node_modules/json-bigint/index.js
[0.975s] -- Installing: /home/ogan/ME461F25_LittleDaisies/project/ros_ws/install/mobile_sensor/share/mobile_sensor//node_modules/json-bigint/lib
[0.975s] -- Installing: /home/ogan/ME461F25_LittleDaisies/project/ros_ws/install/mobile_sensor/share/mobile_sensor//node_modules/json-bigint/lib/parse.js
[0.975s] -- Installing: /home/ogan/ME461F25_LittleDaisies/project/ros_ws/install/mobile_sensor/share/mobile_sensor//node_modules/json-bigint/lib/stringify.js
[0.975s] -- Installing: /home/ogan/ME461F25_LittleDaisies/project/ros_ws/install/mobile_sensor/share/mobile_sensor//node_modules/json-bigint/README.md
[0.975s] -- Installing: /home/ogan/ME461F25_LittleDaisies/project/ros_ws/install/mobile_sensor/share/mobile_sensor//node_modules/next-tick
[0.975s] -- Installing: /home/ogan/ME461F25_LittleDaisies/project/ros_ws/install/mobile_sensor/share/mobile_sensor//node_modules/next-tick/.editorconfig
[0.976s] -- Installing: /home/ogan/ME461F25_LittleDaisies/project/ros_ws/install/mobile_sensor/share/mobile_sensor//node_modules/next-tick/package.json
[0.976s] -- Installing: /home/ogan/ME461F25_LittleDaisies/project/ros_ws/install/mobile_sensor/share/mobile_sensor//node_modules/next-tick/LICENSE
[0.976s] -- Installing: /home/ogan/ME461F25_LittleDaisies/project/ros_ws/install/mobile_sensor/share/mobile_sensor//node_modules/next-tick/index.js
[0.976s] -- Installing: /home/ogan/ME461F25_LittleDaisies/project/ros_ws/install/mobile_sensor/share/mobile_sensor//node_modules/next-tick/CHANGELOG.md
[0.976s] -- Installing: /home/ogan/ME461F25_LittleDaisies/project/ros_ws/install/mobile_sensor/share/mobile_sensor//node_modules/next-tick/.lint
[0.976s] -- Installing: /home/ogan/ME461F25_LittleDaisies/project/ros_ws/install/mobile_sensor/share/mobile_sensor//node_modules/next-tick/test
[0.976s] -- Installing: /home/ogan/ME461F25_LittleDaisies/project/ros_ws/install/mobile_sensor/share/mobile_sensor//node_modules/next-tick/test/index.js
[0.976s] -- Installing: /home/ogan/ME461F25_LittleDaisies/project/ros_ws/install/mobile_sensor/share/mobile_sensor//node_modules/next-tick/README.md
[0.976s] -- Installing: /home/ogan/ME461F25_LittleDaisies/project/ros_ws/install/mobile_sensor/share/mobile_sensor//node_modules/next-tick/.github
[0.976s] -- Installing: /home/ogan/ME461F25_LittleDaisies/project/ros_ws/install/mobile_sensor/share/mobile_sensor//node_modules/next-tick/.github/FUNDING.yml
[0.976s] -- Installing: /home/ogan/ME461F25_LittleDaisies/project/ros_ws/install/mobile_sensor/share/mobile_sensor//node_modules/next-tick/CHANGES
[0.976s] -- Installing: /home/ogan/ME461F25_LittleDaisies/project/ros_ws/install/mobile_sensor/share/mobile_sensor//node_modules/fresh
[0.977s] -- Installing: /home/ogan/ME461F25_LittleDaisies/project/ros_ws/install/mobile_sensor/share/mobile_sensor//node_modules/fresh/package.json
[0.977s] -- Installing: /home/ogan/ME461F25_LittleDaisies/project/ros_ws/install/mobile_sensor/share/mobile_sensor//node_modules/fresh/LICENSE
[0.977s] -- Installing: /home/ogan/ME461F25_LittleDaisies/project/ros_ws/install/mobile_sensor/share/mobile_sensor//node_modules/fresh/index.js
[0.977s] -- Installing: /home/ogan/ME461F25_LittleDaisies/project/ros_ws/install/mobile_sensor/share/mobile_sensor//node_modules/fresh/HISTORY.md
[0.977s] -- Installing: /home/ogan/ME461F25_LittleDaisies/project/ros_ws/install/mobile_sensor/share/mobile_sensor//node_modules/fresh/README.md
[0.977s] -- Installing: /home/ogan/ME461F25_LittleDaisies/project/ros_ws/install/mobile_sensor/share/mobile_sensor//node_modules/graceful-fs
[0.977s] -- Installing: /home/ogan/ME461F25_LittleDaisies/project/ros_ws/install/mobile_sensor/share/mobile_sensor//node_modules/graceful-fs/graceful-fs.js
[0.977s] -- Installing: /home/ogan/ME461F25_LittleDaisies/project/ros_ws/install/mobile_sensor/share/mobile_sensor//node_modules/graceful-fs/package.json
[0.977s] -- Installing: /home/ogan/ME461F25_LittleDaisies/project/ros_ws/install/mobile_sensor/share/mobile_sensor//node_modules/graceful-fs/clone.js
[0.977s] -- Installing: /home/ogan/ME461F25_LittleDaisies/project/ros_ws/install/mobile_sensor/share/mobile_sensor//node_modules/graceful-fs/LICENSE
[0.978s] -- Installing: /home/ogan/ME461F25_LittleDaisies/project/ros_ws/install/mobile_sensor/share/mobile_sensor//node_modules/graceful-fs/legacy-streams.js
[0.978s] -- Installing: /home/ogan/ME461F25_LittleDaisies/project/ros_ws/install/mobile_sensor/share/mobile_sensor//node_modules/graceful-fs/polyfills.js
[0.978s] -- Installing: /home/ogan/ME461F25_LittleDaisies/project/ros_ws/install/mobile_sensor/share/mobile_sensor//node_modules/graceful-fs/README.md
[0.978s] -- Installing: /home/ogan/ME461F25_LittleDaisies/project/ros_ws/install/mobile_sensor/share/mobile_sensor//node_modules/.package-lock.json
[0.978s] -- Installing: /home/ogan/ME461F25_LittleDaisies/project/ros_ws/install/mobile_sensor/share/mobile_sensor//node_modules/content-disposition
[0.978s] -- Installing: /home/ogan/ME461F25_LittleDaisies/project/ros_ws/install/mobile_sensor/share/mobile_sensor//node_modules/content-disposition/package.json
[0.978s] -- Installing: /home/ogan/ME461F25_LittleDaisies/project/ros_ws/install/mobile_sensor/share/mobile_sensor//node_modules/content-disposition/LICENSE
[0.978s] -- Installing: /home/ogan/ME461F25_LittleDaisies/project/ros_ws/install/mobile_sensor/share/mobile_sensor//node_modules/content-disposition/index.js
[0.978s] -- Installing: /home/ogan/ME461F25_LittleDaisies/project/ros_ws/install/mobile_sensor/share/mobile_sensor//node_modules/content-disposition/HISTORY.md
[0.978s] -- Installing: /home/ogan/ME461F25_LittleDaisies/project/ros_ws/install/mobile_sensor/share/mobile_sensor//node_modules/content-disposition/README.md
[0.978s] -- Installing: /home/ogan/ME461F25_LittleDaisies/project/ros_ws/install/mobile_sensor/share/mobile_sensor//node_modules/es-define-property
[0.979s] -- Installing: /home/ogan/ME461F25_LittleDaisies/project/ros_ws/install/mobile_sensor/share/mobile_sensor//node_modules/es-define-property/.eslintrc
[0.979s] -- Installing: /home/ogan/ME461F25_LittleDaisies/project/ros_ws/install/mobile_sensor/share/mobile_sensor//node_modules/es-define-property/package.json
[0.979s] -- Installing: /home/ogan/ME461F25_LittleDaisies/project/ros_ws/install/mobile_sensor/share/mobile_sensor//node_modules/es-define-property/LICENSE
[0.979s] -- Installing: /home/ogan/ME461F25_LittleDaisies/project/ros_ws/install/mobile_sensor/share/mobile_sensor//node_modules/es-define-property/index.js
[0.979s] -- Installing: /home/ogan/ME461F25_LittleDaisies/project/ros_ws/install/mobile_sensor/share/mobile_sensor//node_modules/es-define-property/index.d.ts
[0.979s] -- Installing: /home/ogan/ME461F25_LittleDaisies/project/ros_ws/install/mobile_sensor/share/mobile_sensor//node_modules/es-define-property/CHANGELOG.md
[0.979s] -- Installing: /home/ogan/ME461F25_LittleDaisies/project/ros_ws/install/mobile_sensor/share/mobile_sensor//node_modules/es-define-property/tsconfig.json
[0.979s] -- Installing: /home/ogan/ME461F25_LittleDaisies/project/ros_ws/install/mobile_sensor/share/mobile_sensor//node_modules/es-define-property/test
[0.979s] -- Installing: /home/ogan/ME461F25_LittleDaisies/project/ros_ws/install/mobile_sensor/share/mobile_sensor//node_modules/es-define-property/test/index.js
[0.979s] -- Installing: /home/ogan/ME461F25_LittleDaisies/project/ros_ws/install/mobile_sensor/share/mobile_sensor//node_modules/es-define-property/README.md
[0.979s] -- Installing: /home/ogan/ME461F25_LittleDaisies/project/ros_ws/install/mobile_sensor/share/mobile_sensor//node_modules/es-define-property/.github
[0.980s] -- Installing: /home/ogan/ME461F25_LittleDaisies/project/ros_ws/install/mobile_sensor/share/mobile_sensor//node_modules/es-define-property/.github/FUNDING.yml
[0.980s] -- Installing: /home/ogan/ME461F25_LittleDaisies/project/ros_ws/install/mobile_sensor/share/mobile_sensor//node_modules/es-define-property/.nycrc
[0.980s] -- Installing: /home/ogan/ME461F25_LittleDaisies/project/ros_ws/install/mobile_sensor/share/mobile_sensor//node_modules/safer-buffer
[0.980s] -- Installing: /home/ogan/ME461F25_LittleDaisies/project/ros_ws/install/mobile_sensor/share/mobile_sensor//node_modules/safer-buffer/Porting-Buffer.md
[0.980s] -- Installing: /home/ogan/ME461F25_LittleDaisies/project/ros_ws/install/mobile_sensor/share/mobile_sensor//node_modules/safer-buffer/dangerous.js
[0.980s] -- Installing: /home/ogan/ME461F25_LittleDaisies/project/ros_ws/install/mobile_sensor/share/mobile_sensor//node_modules/safer-buffer/package.json
[0.980s] -- Installing: /home/ogan/ME461F25_LittleDaisies/project/ros_ws/install/mobile_sensor/share/mobile_sensor//node_modules/safer-buffer/LICENSE
[0.980s] -- Installing: /home/ogan/ME461F25_LittleDaisies/project/ros_ws/install/mobile_sensor/share/mobile_sensor//node_modules/safer-buffer/safer.js
[0.980s] -- Installing: /home/ogan/ME461F25_LittleDaisies/project/ros_ws/install/mobile_sensor/share/mobile_sensor//node_modules/safer-buffer/tests.js
[0.980s] -- Installing: /home/ogan/ME461F25_LittleDaisies/project/ros_ws/install/mobile_sensor/share/mobile_sensor//node_modules/safer-buffer/Readme.md
[0.981s] -- Installing: /home/ogan/ME461F25_LittleDaisies/project/ros_ws/install/mobile_sensor/share/mobile_sensor//node_modules/dot
[0.981s] -- Installing: /home/ogan/ME461F25_LittleDaisies/project/ros_ws/install/mobile_sensor/share/mobile_sensor//node_modules/dot/doT.min.js
[0.981s] -- Installing: /home/ogan/ME461F25_LittleDaisies/project/ros_ws/install/mobile_sensor/share/mobile_sensor//node_modules/dot/examples
[0.981s] -- Installing: /home/ogan/ME461F25_LittleDaisies/project/ros_ws/install/mobile_sensor/share/mobile_sensor//node_modules/dot/examples/withdoT.js
[0.981s] -- Installing: /home/ogan/ME461F25_LittleDaisies/project/ros_ws/install/mobile_sensor/share/mobile_sensor//node_modules/dot/examples/views
[0.981s] -- Installing: /home/ogan/ME461F25_LittleDaisies/project/ros_ws/install/mobile_sensor/share/mobile_sensor//node_modules/dot/examples/views/multidef.def.jst
[0.981s] -- Installing: /home/ogan/ME461F25_LittleDaisies/project/ros_ws/install/mobile_sensor/share/mobile_sensor//node_modules/dot/examples/views/two.dot.jst
[0.981s] -- Installing: /home/ogan/ME461F25_LittleDaisies/project/ros_ws/install/mobile_sensor/share/mobile_sensor//node_modules/dot/examples/views/one.def
[0.981s] -- Installing: /home/ogan/ME461F25_LittleDaisies/project/ros_ws/install/mobile_sensor/share/mobile_sensor//node_modules/dot/examples/snippet.txt
[0.981s] -- Installing: /home/ogan/ME461F25_LittleDaisies/project/ros_ws/install/mobile_sensor/share/mobile_sensor//node_modules/dot/examples/express
[0.981s] -- Installing: /home/ogan/ME461F25_LittleDaisies/project/ros_ws/install/mobile_sensor/share/mobile_sensor//node_modules/dot/examples/express/templates
[0.981s] -- Installing: /home/ogan/ME461F25_LittleDaisies/project/ros_ws/install/mobile_sensor/share/mobile_sensor//node_modules/dot/examples/express/templates/login.jst
[0.982s] -- Installing: /home/ogan/ME461F25_LittleDaisies/project/ros_ws/install/mobile_sensor/share/mobile_sensor//node_modules/dot/examples/express/templates/dashboard.jst
[0.982s] -- Installing: /home/ogan/ME461F25_LittleDaisies/project/ros_ws/install/mobile_sensor/share/mobile_sensor//node_modules/dot/examples/express/package.json
[0.982s] -- Installing: /home/ogan/ME461F25_LittleDaisies/project/ros_ws/install/mobile_sensor/share/mobile_sensor//node_modules/dot/examples/express/index.js
[0.982s] -- Installing: /home/ogan/ME461F25_LittleDaisies/project/ros_ws/install/mobile_sensor/share/mobile_sensor//node_modules/dot/examples/express/lib
[0.982s] -- Installing: /home/ogan/ME461F25_LittleDaisies/project/ros_ws/install/mobile_sensor/share/mobile_sensor//node_modules/dot/examples/express/lib/render
[0.982s] -- Installing: /home/ogan/ME461F25_LittleDaisies/project/ros_ws/install/mobile_sensor/share/mobile_sensor//node_modules/dot/examples/express/lib/render/index.js
[0.982s] -- Installing: /home/ogan/ME461F25_LittleDaisies/project/ros_ws/install/mobile_sensor/share/mobile_sensor//node_modules/dot/examples/express/lib/app.js
[0.982s] -- Installing: /home/ogan/ME461F25_LittleDaisies/project/ros_ws/install/mobile_sensor/share/mobile_sensor//node_modules/dot/examples/browsersample.html
[0.982s] -- Installing: /home/ogan/ME461F25_LittleDaisies/project/ros_ws/install/mobile_sensor/share/mobile_sensor//node_modules/dot/examples/advancedsnippet.txt
[0.982s] -- Installing: /home/ogan/ME461F25_LittleDaisies/project/ros_ws/install/mobile_sensor/share/mobile_sensor//node_modules/dot/examples/customdoT.js
[0.983s] -- Installing: /home/ogan/ME461F25_LittleDaisies/project/ros_ws/install/mobile_sensor/share/mobile_sensor//node_modules/dot/benchmarks
[0.983s] -- Installing: /home/ogan/ME461F25_LittleDaisies/project/ros_ws/install/mobile_sensor/share/mobile_sensor//node_modules/dot/benchmarks/templating
[0.983s] -- Installing: /home/ogan/ME461F25_LittleDaisies/project/ros_ws/install/mobile_sensor/share/mobile_sensor//node_modules/dot/benchmarks/templating/doT.js
[0.983s] -- Installing: /home/ogan/ME461F25_LittleDaisies/project/ros_ws/install/mobile_sensor/share/mobile_sensor//node_modules/dot/benchmarks/templating/doU.js
[0.983s] -- Installing: /home/ogan/ME461F25_LittleDaisies/project/ros_ws/install/mobile_sensor/share/mobile_sensor//node_modules/dot/benchmarks/compileBench.js
[0.983s] -- Installing: /home/ogan/ME461F25_LittleDaisies/project/ros_ws/install/mobile_sensor/share/mobile_sensor//node_modules/dot/benchmarks/index.html
[0.983s] -- Installing: /home/ogan/ME461F25_LittleDaisies/project/ros_ws/install/mobile_sensor/share/mobile_sensor//node_modules/dot/benchmarks/genspeed.html
[0.983s] -- Installing: /home/ogan/ME461F25_LittleDaisies/project/ros_ws/install/mobile_sensor/share/mobile_sensor//node_modules/dot/benchmarks/templatesBench.js
[0.983s] -- Installing: /home/ogan/ME461F25_LittleDaisies/project/ros_ws/install/mobile_sensor/share/mobile_sensor//node_modules/dot/benchmarks/jslitmus.js
[0.983s] -- Installing: /home/ogan/ME461F25_LittleDaisies/project/ros_ws/install/mobile_sensor/share/mobile_sensor//node_modules/dot/LICENSE-DOT.txt
[0.984s] -- Installing: /home/ogan/ME461F25_LittleDaisies/project/ros_ws/install/mobile_sensor/share/mobile_sensor//node_modules/dot/package.json
[0.984s] -- Installing: /home/ogan/ME461F25_LittleDaisies/project/ros_ws/install/mobile_sensor/share/mobile_sensor//node_modules/dot/index.js
[0.984s] -- Installing: /home/ogan/ME461F25_LittleDaisies/project/ros_ws/install/mobile_sensor/share/mobile_sensor//node_modules/dot/bin
[0.984s] -- Installing: /home/ogan/ME461F25_LittleDaisies/project/ros_ws/install/mobile_sensor/share/mobile_sensor//node_modules/dot/bin/dot-packer
[0.984s] -- Installing: /home/ogan/ME461F25_LittleDaisies/project/ros_ws/install/mobile_sensor/share/mobile_sensor//node_modules/dot/.eslintrc.yml
[0.984s] -- Installing: /home/ogan/ME461F25_LittleDaisies/project/ros_ws/install/mobile_sensor/share/mobile_sensor//node_modules/dot/doT.js
[0.984s] -- Installing: /home/ogan/ME461F25_LittleDaisies/project/ros_ws/install/mobile_sensor/share/mobile_sensor//node_modules/dot/test
[0.984s] -- Installing: /home/ogan/ME461F25_LittleDaisies/project/ros_ws/install/mobile_sensor/share/mobile_sensor//node_modules/dot/test/templates
[0.984s] -- Installing: /home/ogan/ME461F25_LittleDaisies/project/ros_ws/install/mobile_sensor/share/mobile_sensor//node_modules/dot/test/templates/test.dot
[0.984s] -- Installing: /home/ogan/ME461F25_LittleDaisies/project/ros_ws/install/mobile_sensor/share/mobile_sensor//node_modules/dot/test/templates/test.def
[0.984s] -- Installing: /home/ogan/ME461F25_LittleDaisies/project/ros_ws/install/mobile_sensor/share/mobile_sensor//node_modules/dot/test/templates/test.jst
[0.984s] -- Installing: /home/ogan/ME461F25_LittleDaisies/project/ros_ws/install/mobile_sensor/share/mobile_sensor//node_modules/dot/test/process.test.js
[0.985s] -- Installing: /home/ogan/ME461F25_LittleDaisies/project/ros_ws/install/mobile_sensor/share/mobile_sensor//node_modules/dot/test/iteration.test.js
[0.985s] -- Installing: /home/ogan/ME461F25_LittleDaisies/project/ros_ws/install/mobile_sensor/share/mobile_sensor//node_modules/dot/test/conditionals.test.js
[0.985s] -- Installing: /home/ogan/ME461F25_LittleDaisies/project/ros_ws/install/mobile_sensor/share/mobile_sensor//node_modules/dot/test/defines.test.js
[0.985s] -- Installing: /home/ogan/ME461F25_LittleDaisies/project/ros_ws/install/mobile_sensor/share/mobile_sensor//node_modules/dot/test/util.js
[0.985s] -- Installing: /home/ogan/ME461F25_LittleDaisies/project/ros_ws/install/mobile_sensor/share/mobile_sensor//node_modules/dot/test/dot.test.js
[0.985s] -- Installing: /home/ogan/ME461F25_LittleDaisies/project/ros_ws/install/mobile_sensor/share/mobile_sensor//node_modules/dot/doU.js
[0.985s] -- Installing: /home/ogan/ME461F25_LittleDaisies/project/ros_ws/install/mobile_sensor/share/mobile_sensor//node_modules/dot/README.md
[0.985s] -- Installing: /home/ogan/ME461F25_LittleDaisies/project/ros_ws/install/mobile_sensor/share/mobile_sensor//node_modules/dot/bower.json
[0.985s] -- Installing: /home/ogan/ME461F25_LittleDaisies/project/ros_ws/install/mobile_sensor/share/mobile_sensor//node_modules/dot/.travis.yml
[0.985s] -- Installing: /home/ogan/ME461F25_LittleDaisies/project/ros_ws/install/mobile_sensor/share/mobile_sensor//node_modules/bignumber.js
[0.986s] -- Installing: /home/ogan/ME461F25_LittleDaisies/project/ros_ws/install/mobile_sensor/share/mobile_sensor//node_modules/bignumber.js/bignumber.js
[0.986s] -- Installing: /home/ogan/ME461F25_LittleDaisies/project/ros_ws/install/mobile_sensor/share/mobile_sensor//node_modules/bignumber.js/bignumber.mjs
[0.986s] -- Installing: /home/ogan/ME461F25_LittleDaisies/project/ros_ws/install/mobile_sensor/share/mobile_sensor//node_modules/bignumber.js/package.json
[0.986s] -- Installing: /home/ogan/ME461F25_LittleDaisies/project/ros_ws/install/mobile_sensor/share/mobile_sensor//node_modules/bignumber.js/bignumber.d.ts
[0.986s] -- Installing: /home/ogan/ME461F25_LittleDaisies/project/ros_ws/install/mobile_sensor/share/mobile_sensor//node_modules/bignumber.js/bignumber.d.mts
[0.986s] -- Installing: /home/ogan/ME461F25_LittleDaisies/project/ros_ws/install/mobile_sensor/share/mobile_sensor//node_modules/bignumber.js/CHANGELOG.md
[0.986s] -- Installing: /home/ogan/ME461F25_LittleDaisies/project/ros_ws/install/mobile_sensor/share/mobile_sensor//node_modules/bignumber.js/LICENCE.md
[0.986s] -- Installing: /home/ogan/ME461F25_LittleDaisies/project/ros_ws/install/mobile_sensor/share/mobile_sensor//node_modules/bignumber.js/types.d.ts
[0.987s] -- Installing: /home/ogan/ME461F25_LittleDaisies/project/ros_ws/install/mobile_sensor/share/mobile_sensor//node_modules/bignumber.js/README.md
[0.987s] -- Installing: /home/ogan/ME461F25_LittleDaisies/project/ros_ws/install/mobile_sensor/share/mobile_sensor//node_modules/bignumber.js/doc
[0.987s] -- Installing: /home/ogan/ME461F25_LittleDaisies/project/ros_ws/install/mobile_sensor/share/mobile_sensor//node_modules/bignumber.js/doc/API.html
[0.987s] -- Installing: /home/ogan/ME461F25_LittleDaisies/project/ros_ws/install/mobile_sensor/share/mobile_sensor//node_modules/body-parser
[0.987s] -- Installing: /home/ogan/ME461F25_LittleDaisies/project/ros_ws/install/mobile_sensor/share/mobile_sensor//node_modules/body-parser/package.json
[0.987s] -- Installing: /home/ogan/ME461F25_LittleDaisies/project/ros_ws/install/mobile_sensor/share/mobile_sensor//node_modules/body-parser/LICENSE
[0.987s] -- Installing: /home/ogan/ME461F25_LittleDaisies/project/ros_ws/install/mobile_sensor/share/mobile_sensor//node_modules/body-parser/index.js
[0.987s] -- Installing: /home/ogan/ME461F25_LittleDaisies/project/ros_ws/install/mobile_sensor/share/mobile_sensor//node_modules/body-parser/lib
[0.987s] -- Installing: /home/ogan/ME461F25_LittleDaisies/project/ros_ws/install/mobile_sensor/share/mobile_sensor//node_modules/body-parser/lib/read.js
[0.987s] -- Installing: /home/ogan/ME461F25_LittleDaisies/project/ros_ws/install/mobile_sensor/share/mobile_sensor//node_modules/body-parser/lib/types
[0.988s] -- Installing: /home/ogan/ME461F25_LittleDaisies/project/ros_ws/install/mobile_sensor/share/mobile_sensor//node_modules/body-parser/lib/types/urlencoded.js
[0.988s] -- Installing: /home/ogan/ME461F25_LittleDaisies/project/ros_ws/install/mobile_sensor/share/mobile_sensor//node_modules/body-parser/lib/types/raw.js
[0.988s] -- Installing: /home/ogan/ME461F25_LittleDaisies/project/ros_ws/install/mobile_sensor/share/mobile_sensor//node_modules/body-parser/lib/types/text.js
[0.988s] -- Installing: /home/ogan/ME461F25_LittleDaisies/project/ros_ws/install/mobile_sensor/share/mobile_sensor//node_modules/body-parser/lib/types/json.js
[0.988s] -- Installing: /home/ogan/ME461F25_LittleDaisies/project/ros_ws/install/mobile_sensor/share/mobile_sensor//node_modules/body-parser/HISTORY.md
[0.988s] -- Installing: /home/ogan/ME461F25_LittleDaisies/project/ros_ws/install/mobile_sensor/share/mobile_sensor//node_modules/body-parser/README.md
[0.988s] -- Installing: /home/ogan/ME461F25_LittleDaisies/project/ros_ws/install/mobile_sensor/share/mobile_sensor//node_modules/node-gyp-build
[0.988s] -- Installing: /home/ogan/ME461F25_LittleDaisies/project/ros_ws/install/mobile_sensor/share/mobile_sensor//node_modules/node-gyp-build/optional.js
[0.988s] -- Installing: /home/ogan/ME461F25_LittleDaisies/project/ros_ws/install/mobile_sensor/share/mobile_sensor//node_modules/node-gyp-build/SECURITY.md
[0.989s] -- Installing: /home/ogan/ME461F25_LittleDaisies/project/ros_ws/install/mobile_sensor/share/mobile_sensor//node_modules/node-gyp-build/package.json
[0.989s] -- Installing: /home/ogan/ME461F25_LittleDaisies/project/ros_ws/install/mobile_sensor/share/mobile_sensor//node_modules/node-gyp-build/node-gyp-build.js
[0.989s] -- Installing: /home/ogan/ME461F25_LittleDaisies/project/ros_ws/install/mobile_sensor/share/mobile_sensor//node_modules/node-gyp-build/LICENSE
[0.989s] -- Installing: /home/ogan/ME461F25_LittleDaisies/project/ros_ws/install/mobile_sensor/share/mobile_sensor//node_modules/node-gyp-build/index.js
[0.989s] -- Installing: /home/ogan/ME461F25_LittleDaisies/project/ros_ws/install/mobile_sensor/share/mobile_sensor//node_modules/node-gyp-build/bin.js
[0.989s] -- Installing: /home/ogan/ME461F25_LittleDaisies/project/ros_ws/install/mobile_sensor/share/mobile_sensor//node_modules/node-gyp-build/README.md
[0.989s] -- Installing: /home/ogan/ME461F25_LittleDaisies/project/ros_ws/install/mobile_sensor/share/mobile_sensor//node_modules/node-gyp-build/build-test.js
[0.989s] -- Installing: /home/ogan/ME461F25_LittleDaisies/project/ros_ws/install/mobile_sensor/share/mobile_sensor//node_modules/encodeurl
[0.989s] -- Installing: /home/ogan/ME461F25_LittleDaisies/project/ros_ws/install/mobile_sensor/share/mobile_sensor//node_modules/encodeurl/package.json
[0.989s] -- Installing: /home/ogan/ME461F25_LittleDaisies/project/ros_ws/install/mobile_sensor/share/mobile_sensor//node_modules/encodeurl/LICENSE
[0.990s] -- Installing: /home/ogan/ME461F25_LittleDaisies/project/ros_ws/install/mobile_sensor/share/mobile_sensor//node_modules/encodeurl/index.js
[0.990s] -- Installing: /home/ogan/ME461F25_LittleDaisies/project/ros_ws/install/mobile_sensor/share/mobile_sensor//node_modules/encodeurl/README.md
[0.990s] -- Installing: /home/ogan/ME461F25_LittleDaisies/project/ros_ws/install/mobile_sensor/share/mobile_sensor//node_modules/has-symbols
[0.990s] -- Installing: /home/ogan/ME461F25_LittleDaisies/project/ros_ws/install/mobile_sensor/share/mobile_sensor//node_modules/has-symbols/.eslintrc
[0.990s] -- Installing: /home/ogan/ME461F25_LittleDaisies/project/ros_ws/install/mobile_sensor/share/mobile_sensor//node_modules/has-symbols/package.json
[0.990s] -- Installing: /home/ogan/ME461F25_LittleDaisies/project/ros_ws/install/mobile_sensor/share/mobile_sensor//node_modules/has-symbols/LICENSE
[0.990s] -- Installing: /home/ogan/ME461F25_LittleDaisies/project/ros_ws/install/mobile_sensor/share/mobile_sensor//node_modules/has-symbols/index.js
[0.990s] -- Installing: /home/ogan/ME461F25_LittleDaisies/project/ros_ws/install/mobile_sensor/share/mobile_sensor//node_modules/has-symbols/shams.js
[0.990s] -- Installing: /home/ogan/ME461F25_LittleDaisies/project/ros_ws/install/mobile_sensor/share/mobile_sensor//node_modules/has-symbols/index.d.ts
[0.990s] -- Installing: /home/ogan/ME461F25_LittleDaisies/project/ros_ws/install/mobile_sensor/share/mobile_sensor//node_modules/has-symbols/CHANGELOG.md
[0.991s] -- Installing: /home/ogan/ME461F25_LittleDaisies/project/ros_ws/install/mobile_sensor/share/mobile_sensor//node_modules/has-symbols/shams.d.ts
[0.991s] -- Installing: /home/ogan/ME461F25_LittleDaisies/project/ros_ws/install/mobile_sensor/share/mobile_sensor//node_modules/has-symbols/tsconfig.json
[0.991s] -- Installing: /home/ogan/ME461F25_LittleDaisies/project/ros_ws/install/mobile_sensor/share/mobile_sensor//node_modules/has-symbols/test
[0.991s] -- Installing: /home/ogan/ME461F25_LittleDaisies/project/ros_ws/install/mobile_sensor/share/mobile_sensor//node_modules/has-symbols/test/index.js
[0.991s] -- Installing: /home/ogan/ME461F25_LittleDaisies/project/ros_ws/install/mobile_sensor/share/mobile_sensor//node_modules/has-symbols/test/tests.js
[0.991s] -- Installing: /home/ogan/ME461F25_LittleDaisies/project/ros_ws/install/mobile_sensor/share/mobile_sensor//node_modules/has-symbols/test/shams
[0.991s] -- Installing: /home/ogan/ME461F25_LittleDaisies/project/ros_ws/install/mobile_sensor/share/mobile_sensor//node_modules/has-symbols/test/shams/core-js.js
[0.991s] -- Installing: /home/ogan/ME461F25_LittleDaisies/project/ros_ws/install/mobile_sensor/share/mobile_sensor//node_modules/has-symbols/test/shams/get-own-property-symbols.js
[0.991s] -- Installing: /home/ogan/ME461F25_LittleDaisies/project/ros_ws/install/mobile_sensor/share/mobile_sensor//node_modules/has-symbols/README.md
[0.991s] -- Installing: /home/ogan/ME461F25_LittleDaisies/project/ros_ws/install/mobile_sensor/share/mobile_sensor//node_modules/has-symbols/.github
[0.992s] -- Installing: /home/ogan/ME461F25_LittleDaisies/project/ros_ws/install/mobile_sensor/share/mobile_sensor//node_modules/has-symbols/.github/FUNDING.yml
[0.992s] -- Installing: /home/ogan/ME461F25_LittleDaisies/project/ros_ws/install/mobile_sensor/share/mobile_sensor//node_modules/has-symbols/.nycrc
[0.992s] -- Installing: /home/ogan/ME461F25_LittleDaisies/project/ros_ws/install/mobile_sensor/share/mobile_sensor//node_modules/compare-versions
[0.992s] -- Installing: /home/ogan/ME461F25_LittleDaisies/project/ros_ws/install/mobile_sensor/share/mobile_sensor//node_modules/compare-versions/package.json
[0.992s] -- Installing: /home/ogan/ME461F25_LittleDaisies/project/ros_ws/install/mobile_sensor/share/mobile_sensor//node_modules/compare-versions/src
[0.992s] -- Installing: /home/ogan/ME461F25_LittleDaisies/project/ros_ws/install/mobile_sensor/share/mobile_sensor//node_modules/compare-versions/src/index.ts
[0.992s] -- Installing: /home/ogan/ME461F25_LittleDaisies/project/ros_ws/install/mobile_sensor/share/mobile_sensor//node_modules/compare-versions/src/validate.ts
[0.992s] -- Installing: /home/ogan/ME461F25_LittleDaisies/project/ros_ws/install/mobile_sensor/share/mobile_sensor//node_modules/compare-versions/src/compare.ts
[0.992s] -- Installing: /home/ogan/ME461F25_LittleDaisies/project/ros_ws/install/mobile_sensor/share/mobile_sensor//node_modules/compare-versions/src/utils.ts
[0.992s] -- Installing: /home/ogan/ME461F25_LittleDaisies/project/ros_ws/install/mobile_sensor/share/mobile_sensor//node_modules/compare-versions/src/compareVersions.ts
[0.993s] -- Installing: /home/ogan/ME461F25_LittleDaisies/project/ros_ws/install/mobile_sensor/share/mobile_sensor//node_modules/compare-versions/src/satisfies.ts
[0.993s] -- Installing: /home/ogan/ME461F25_LittleDaisies/project/ros_ws/install/mobile_sensor/share/mobile_sensor//node_modules/compare-versions/LICENSE
[0.993s] -- Installing: /home/ogan/ME461F25_LittleDaisies/project/ros_ws/install/mobile_sensor/share/mobile_sensor//node_modules/compare-versions/lib
[0.993s] -- Installing: /home/ogan/ME461F25_LittleDaisies/project/ros_ws/install/mobile_sensor/share/mobile_sensor//node_modules/compare-versions/lib/esm
[0.993s] -- Installing: /home/ogan/ME461F25_LittleDaisies/project/ros_ws/install/mobile_sensor/share/mobile_sensor//node_modules/compare-versions/lib/esm/utils.js
[0.993s] -- Installing: /home/ogan/ME461F25_LittleDaisies/project/ros_ws/install/mobile_sensor/share/mobile_sensor//node_modules/compare-versions/lib/esm/utils.d.ts
[0.993s] -- Installing: /home/ogan/ME461F25_LittleDaisies/project/ros_ws/install/mobile_sensor/share/mobile_sensor//node_modules/compare-versions/lib/esm/index.js.map
[0.993s] -- Installing: /home/ogan/ME461F25_LittleDaisies/project/ros_ws/install/mobile_sensor/share/mobile_sensor//node_modules/compare-versions/lib/esm/compare.js
[0.993s] -- Installing: /home/ogan/ME461F25_LittleDaisies/project/ros_ws/install/mobile_sensor/share/mobile_sensor//node_modules/compare-versions/lib/esm/satisfies.d.ts
[0.994s] -- Installing: /home/ogan/ME461F25_LittleDaisies/project/ros_ws/install/mobile_sensor/share/mobile_sensor//node_modules/compare-versions/lib/esm/index.js
[0.994s] -- Installing: /home/ogan/ME461F25_LittleDaisies/project/ros_ws/install/mobile_sensor/share/mobile_sensor//node_modules/compare-versions/lib/esm/utils.js.map
[0.994s] -- Installing: /home/ogan/ME461F25_LittleDaisies/project/ros_ws/install/mobile_sensor/share/mobile_sensor//node_modules/compare-versions/lib/esm/validate.js.map
[0.994s] -- Installing: /home/ogan/ME461F25_LittleDaisies/project/ros_ws/install/mobile_sensor/share/mobile_sensor//node_modules/compare-versions/lib/esm/validate.d.ts
[0.994s] -- Installing: /home/ogan/ME461F25_LittleDaisies/project/ros_ws/install/mobile_sensor/share/mobile_sensor//node_modules/compare-versions/lib/esm/compareVersions.d.ts
[0.994s] -- Installing: /home/ogan/ME461F25_LittleDaisies/project/ros_ws/install/mobile_sensor/share/mobile_sensor//node_modules/compare-versions/lib/esm/index.d.ts
[0.994s] -- Installing: /home/ogan/ME461F25_LittleDaisies/project/ros_ws/install/mobile_sensor/share/mobile_sensor//node_modules/compare-versions/lib/esm/compare.js.map
[0.995s] -- Installing: /home/ogan/ME461F25_LittleDaisies/project/ros_ws/install/mobile_sensor/share/mobile_sensor//node_modules/compare-versions/lib/esm/satisfies.js
[0.995s] -- Installing: /home/ogan/ME461F25_LittleDaisies/project/ros_ws/install/mobile_sensor/share/mobile_sensor//node_modules/compare-versions/lib/esm/compare.d.ts
[0.995s] -- Installing: /home/ogan/ME461F25_LittleDaisies/project/ros_ws/install/mobile_sensor/share/mobile_sensor//node_modules/compare-versions/lib/esm/compareVersions.js
[0.995s] -- Installing: /home/ogan/ME461F25_LittleDaisies/project/ros_ws/install/mobile_sensor/share/mobile_sensor//node_modules/compare-versions/lib/esm/compareVersions.js.map
[0.995s] -- Installing: /home/ogan/ME461F25_LittleDaisies/project/ros_ws/install/mobile_sensor/share/mobile_sensor//node_modules/compare-versions/lib/esm/satisfies.js.map
[0.995s] -- Installing: /home/ogan/ME461F25_LittleDaisies/project/ros_ws/install/mobile_sensor/share/mobile_sensor//node_modules/compare-versions/lib/esm/validate.js
[0.995s] -- Installing: /home/ogan/ME461F25_LittleDaisies/project/ros_ws/install/mobile_sensor/share/mobile_sensor//node_modules/compare-versions/lib/umd
[0.995s] -- Installing: /home/ogan/ME461F25_LittleDaisies/project/ros_ws/install/mobile_sensor/share/mobile_sensor//node_modules/compare-versions/lib/umd/index.js.map
[0.995s] -- Installing: /home/ogan/ME461F25_LittleDaisies/project/ros_ws/install/mobile_sensor/share/mobile_sensor//node_modules/compare-versions/lib/umd/index.js
[0.995s] -- Installing: /home/ogan/ME461F25_LittleDaisies/project/ros_ws/install/mobile_sensor/share/mobile_sensor//node_modules/compare-versions/README.md
[0.996s] -- Installing: /home/ogan/ME461F25_LittleDaisies/project/ros_ws/install/mobile_sensor/share/mobile_sensor//node_modules/debug
[0.996s] -- Installing: /home/ogan/ME461F25_LittleDaisies/project/ros_ws/install/mobile_sensor/share/mobile_sensor//node_modules/debug/.npmignore
[0.996s] -- Installing: /home/ogan/ME461F25_LittleDaisies/project/ros_ws/install/mobile_sensor/share/mobile_sensor//node_modules/debug/karma.conf.js
[0.996s] -- Installing: /home/ogan/ME461F25_LittleDaisies/project/ros_ws/install/mobile_sensor/share/mobile_sensor//node_modules/debug/.eslintrc
[0.996s] -- Installing: /home/ogan/ME461F25_LittleDaisies/project/ros_ws/install/mobile_sensor/share/mobile_sensor//node_modules/debug/package.json
[0.996s] -- Installing: /home/ogan/ME461F25_LittleDaisies/project/ros_ws/install/mobile_sensor/share/mobile_sensor//node_modules/debug/src
[0.996s] -- Installing: /home/ogan/ME461F25_LittleDaisies/project/ros_ws/install/mobile_sensor/share/mobile_sensor//node_modules/debug/src/index.js
[0.996s] -- Installing: /home/ogan/ME461F25_LittleDaisies/project/ros_ws/install/mobile_sensor/share/mobile_sensor//node_modules/debug/src/browser.js
[0.996s] -- Installing: /home/ogan/ME461F25_LittleDaisies/project/ros_ws/install/mobile_sensor/share/mobile_sensor//node_modules/debug/src/debug.js
[0.996s] -- Installing: /home/ogan/ME461F25_LittleDaisies/project/ros_ws/install/mobile_sensor/share/mobile_sensor//node_modules/debug/src/inspector-log.js
[0.996s] -- Installing: /home/ogan/ME461F25_LittleDaisies/project/ros_ws/install/mobile_sensor/share/mobile_sensor//node_modules/debug/src/node.js
[0.997s] -- Installing: /home/ogan/ME461F25_LittleDaisies/project/ros_ws/install/mobile_sensor/share/mobile_sensor//node_modules/debug/LICENSE
[0.997s] -- Installing: /home/ogan/ME461F25_LittleDaisies/project/ros_ws/install/mobile_sensor/share/mobile_sensor//node_modules/debug/Makefile
[0.997s] -- Installing: /home/ogan/ME461F25_LittleDaisies/project/ros_ws/install/mobile_sensor/share/mobile_sensor//node_modules/debug/CHANGELOG.md
[0.997s] -- Installing: /home/ogan/ME461F25_LittleDaisies/project/ros_ws/install/mobile_sensor/share/mobile_sensor//node_modules/debug/component.json
[0.997s] -- Installing: /home/ogan/ME461F25_LittleDaisies/project/ros_ws/install/mobile_sensor/share/mobile_sensor//node_modules/debug/.coveralls.yml
[0.997s] -- Installing: /home/ogan/ME461F25_LittleDaisies/project/ros_ws/install/mobile_sensor/share/mobile_sensor//node_modules/debug/README.md
[0.997s] -- Installing: /home/ogan/ME461F25_LittleDaisies/project/ros_ws/install/mobile_sensor/share/mobile_sensor//node_modules/debug/.travis.yml
[0.997s] -- Installing: /home/ogan/ME461F25_LittleDaisies/project/ros_ws/install/mobile_sensor/share/mobile_sensor//node_modules/debug/node.js
[0.997s] -- Installing: /home/ogan/ME461F25_LittleDaisies/project/ros_ws/install/mobile_sensor/share/mobile_sensor//node_modules/es-errors
[0.997s] -- Installing: /home/ogan/ME461F25_LittleDaisies/project/ros_ws/install/mobile_sensor/share/mobile_sensor//node_modules/es-errors/ref.js
[0.998s] -- Installing: /home/ogan/ME461F25_LittleDaisies/project/ros_ws/install/mobile_sensor/share/mobile_sensor//node_modules/es-errors/syntax.d.ts
[0.998s] -- Installing: /home/ogan/ME461F25_LittleDaisies/project/ros_ws/install/mobile_sensor/share/mobile_sensor//node_modules/es-errors/.eslintrc
[0.998s] -- Installing: /home/ogan/ME461F25_LittleDaisies/project/ros_ws/install/mobile_sensor/share/mobile_sensor//node_modules/es-errors/package.json
[0.998s] -- Installing: /home/ogan/ME461F25_LittleDaisies/project/ros_ws/install/mobile_sensor/share/mobile_sensor//node_modules/es-errors/type.d.ts
[0.998s] -- Installing: /home/ogan/ME461F25_LittleDaisies/project/ros_ws/install/mobile_sensor/share/mobile_sensor//node_modules/es-errors/uri.js
[0.998s] -- Installing: /home/ogan/ME461F25_LittleDaisies/project/ros_ws/install/mobile_sensor/share/mobile_sensor//node_modules/es-errors/LICENSE
[0.998s] -- Installing: /home/ogan/ME461F25_LittleDaisies/project/ros_ws/install/mobile_sensor/share/mobile_sensor//node_modules/es-errors/eval.js
[0.998s] -- Installing: /home/ogan/ME461F25_LittleDaisies/project/ros_ws/install/mobile_sensor/share/mobile_sensor//node_modules/es-errors/index.js
[0.998s] -- Installing: /home/ogan/ME461F25_LittleDaisies/project/ros_ws/install/mobile_sensor/share/mobile_sensor//node_modules/es-errors/eval.d.ts
[0.998s] -- Installing: /home/ogan/ME461F25_LittleDaisies/project/ros_ws/install/mobile_sensor/share/mobile_sensor//node_modules/es-errors/syntax.js
[0.999s] -- Installing: /home/ogan/ME461F25_LittleDaisies/project/ros_ws/install/mobile_sensor/share/mobile_sensor//node_modules/es-errors/uri.d.ts
[0.999s] -- Installing: /home/ogan/ME461F25_LittleDaisies/project/ros_ws/install/mobile_sensor/share/mobile_sensor//node_modules/es-errors/index.d.ts
[0.999s] -- Installing: /home/ogan/ME461F25_LittleDaisies/project/ros_ws/install/mobile_sensor/share/mobile_sensor//node_modules/es-errors/CHANGELOG.md
[0.999s] -- Installing: /home/ogan/ME461F25_LittleDaisies/project/ros_ws/install/mobile_sensor/share/mobile_sensor//node_modules/es-errors/tsconfig.json
[0.999s] -- Installing: /home/ogan/ME461F25_LittleDaisies/project/ros_ws/install/mobile_sensor/share/mobile_sensor//node_modules/es-errors/range.js
[0.999s] -- Installing: /home/ogan/ME461F25_LittleDaisies/project/ros_ws/install/mobile_sensor/share/mobile_sensor//node_modules/es-errors/type.js
[0.999s] -- Installing: /home/ogan/ME461F25_LittleDaisies/project/ros_ws/install/mobile_sensor/share/mobile_sensor//node_modules/es-errors/test
[0.999s] -- Installing: /home/ogan/ME461F25_LittleDaisies/project/ros_ws/install/mobile_sensor/share/mobile_sensor//node_modules/es-errors/test/index.js
[0.999s] -- Installing: /home/ogan/ME461F25_LittleDaisies/project/ros_ws/install/mobile_sensor/share/mobile_sensor//node_modules/es-errors/ref.d.ts
[0.999s] -- Installing: /home/ogan/ME461F25_LittleDaisies/project/ros_ws/install/mobile_sensor/share/mobile_sensor//node_modules/es-errors/range.d.ts
[1.000s] -- Installing: /home/ogan/ME461F25_LittleDaisies/project/ros_ws/install/mobile_sensor/share/mobile_sensor//node_modules/es-errors/README.md
[1.000s] -- Installing: /home/ogan/ME461F25_LittleDaisies/project/ros_ws/install/mobile_sensor/share/mobile_sensor//node_modules/es-errors/.github
[1.000s] -- Installing: /home/ogan/ME461F25_LittleDaisies/project/ros_ws/install/mobile_sensor/share/mobile_sensor//node_modules/es-errors/.github/FUNDING.yml
[1.000s] -- Installing: /home/ogan/ME461F25_LittleDaisies/project/ros_ws/install/mobile_sensor/share/mobile_sensor//node_modules/rclnodejs
[1.000s] -- Installing: /home/ogan/ME461F25_LittleDaisies/project/ros_ws/install/mobile_sensor/share/mobile_sensor//node_modules/rclnodejs/node_modules
[1.000s] -- Installing: /home/ogan/ME461F25_LittleDaisies/project/ros_ws/install/mobile_sensor/share/mobile_sensor//node_modules/rclnodejs/node_modules/debug
[1.000s] -- Installing: /home/ogan/ME461F25_LittleDaisies/project/ros_ws/install/mobile_sensor/share/mobile_sensor//node_modules/rclnodejs/node_modules/debug/package.json
[1.000s] -- Installing: /home/ogan/ME461F25_LittleDaisies/project/ros_ws/install/mobile_sensor/share/mobile_sensor//node_modules/rclnodejs/node_modules/debug/src
[1.000s] -- Installing: /home/ogan/ME461F25_LittleDaisies/project/ros_ws/install/mobile_sensor/share/mobile_sensor//node_modules/rclnodejs/node_modules/debug/src/common.js
[1.000s] -- Installing: /home/ogan/ME461F25_LittleDaisies/project/ros_ws/install/mobile_sensor/share/mobile_sensor//node_modules/rclnodejs/node_modules/debug/src/index.js
[1.000s] -- Installing: /home/ogan/ME461F25_LittleDaisies/project/ros_ws/install/mobile_sensor/share/mobile_sensor//node_modules/rclnodejs/node_modules/debug/src/browser.js
[1.001s] -- Installing: /home/ogan/ME461F25_LittleDaisies/project/ros_ws/install/mobile_sensor/share/mobile_sensor//node_modules/rclnodejs/node_modules/debug/src/node.js
[1.001s] -- Installing: /home/ogan/ME461F25_LittleDaisies/project/ros_ws/install/mobile_sensor/share/mobile_sensor//node_modules/rclnodejs/node_modules/debug/LICENSE
[1.001s] -- Installing: /home/ogan/ME461F25_LittleDaisies/project/ros_ws/install/mobile_sensor/share/mobile_sensor//node_modules/rclnodejs/node_modules/debug/README.md
[1.001s] -- Installing: /home/ogan/ME461F25_LittleDaisies/project/ros_ws/install/mobile_sensor/share/mobile_sensor//node_modules/rclnodejs/node_modules/ms
[1.001s] -- Installing: /home/ogan/ME461F25_LittleDaisies/project/ros_ws/install/mobile_sensor/share/mobile_sensor//node_modules/rclnodejs/node_modules/ms/package.json
[1.001s] -- Installing: /home/ogan/ME461F25_LittleDaisies/project/ros_ws/install/mobile_sensor/share/mobile_sensor//node_modules/rclnodejs/node_modules/ms/index.js
[1.001s] -- Installing: /home/ogan/ME461F25_LittleDaisies/project/ros_ws/install/mobile_sensor/share/mobile_sensor//node_modules/rclnodejs/node_modules/ms/license.md
[1.001s] -- Installing: /home/ogan/ME461F25_LittleDaisies/project/ros_ws/install/mobile_sensor/share/mobile_sensor//node_modules/rclnodejs/node_modules/ms/readme.md
[1.001s] -- Installing: /home/ogan/ME461F25_LittleDaisies/project/ros_ws/install/mobile_sensor/share/mobile_sensor//node_modules/rclnodejs/generated
[1.001s] -- Installing: /home/ogan/ME461F25_LittleDaisies/project/ros_ws/install/mobile_sensor/share/mobile_sensor//node_modules/rclnodejs/generated/rosbag2_interfaces
[1.002s] -- Installing: /home/ogan/ME461F25_LittleDaisies/project/ros_ws/install/mobile_sensor/share/mobile_sensor//node_modules/rclnodejs/generated/rosbag2_interfaces/rosbag2_interfaces__srv__TogglePaused.js
[1.002s] -- Installing: /home/ogan/ME461F25_LittleDaisies/project/ros_ws/install/mobile_sensor/share/mobile_sensor//node_modules/rclnodejs/generated/rosbag2_interfaces/rosbag2_interfaces__srv__Seek_Request.js
[1.002s] -- Installing: /home/ogan/ME461F25_LittleDaisies/project/ros_ws/install/mobile_sensor/share/mobile_sensor//node_modules/rclnodejs/generated/rosbag2_interfaces/rosbag2_interfaces__srv__Snapshot_Request.js
[1.002s] -- Installing: /home/ogan/ME461F25_LittleDaisies/project/ros_ws/install/mobile_sensor/share/mobile_sensor//node_modules/rclnodejs/generated/rosbag2_interfaces/rosbag2_interfaces__srv__IsPaused.js
[1.002s] -- Installing: /home/ogan/ME461F25_LittleDaisies/project/ros_ws/install/mobile_sensor/share/mobile_sensor//node_modules/rclnodejs/generated/rosbag2_interfaces/rosbag2_interfaces__srv__Pause.js
[1.002s] -- Installing: /home/ogan/ME461F25_LittleDaisies/project/ros_ws/install/mobile_sensor/share/mobile_sensor//node_modules/rclnodejs/generated/rosbag2_interfaces/rosbag2_interfaces__srv__TogglePaused_Request.js
[1.002s] -- Installing: /home/ogan/ME461F25_LittleDaisies/project/ros_ws/install/mobile_sensor/share/mobile_sensor//node_modules/rclnodejs/generated/rosbag2_interfaces/rosbag2_interfaces__srv__Pause_Response.js
[1.002s] -- Installing: /home/ogan/ME461F25_LittleDaisies/project/ros_ws/install/mobile_sensor/share/mobile_sensor//node_modules/rclnodejs/generated/rosbag2_interfaces/rosbag2_interfaces__srv__SetRate.js
[1.002s] -- Installing: /home/ogan/ME461F25_LittleDaisies/project/ros_ws/install/mobile_sensor/share/mobile_sensor//node_modules/rclnodejs/generated/rosbag2_interfaces/rosbag2_interfaces__srv__PlayNext.js
[1.002s] -- Installing: /home/ogan/ME461F25_LittleDaisies/project/ros_ws/install/mobile_sensor/share/mobile_sensor//node_modules/rclnodejs/generated/rosbag2_interfaces/rosbag2_interfaces__srv__IsPaused_Response.js
[1.003s] -- Installing: /home/ogan/ME461F25_LittleDaisies/project/ros_ws/install/mobile_sensor/share/mobile_sensor//node_modules/rclnodejs/generated/rosbag2_interfaces/rosbag2_interfaces__srv__Seek.js
[1.003s] -- Installing: /home/ogan/ME461F25_LittleDaisies/project/ros_ws/install/mobile_sensor/share/mobile_sensor//node_modules/rclnodejs/generated/rosbag2_interfaces/rosbag2_interfaces__srv__Resume_Request.js
[1.003s] -- Installing: /home/ogan/ME461F25_LittleDaisies/project/ros_ws/install/mobile_sensor/share/mobile_sensor//node_modules/rclnodejs/generated/rosbag2_interfaces/rosbag2_interfaces__srv__Resume.js
[1.003s] -- Installing: /home/ogan/ME461F25_LittleDaisies/project/ros_ws/install/mobile_sensor/share/mobile_sensor//node_modules/rclnodejs/generated/rosbag2_interfaces/rosbag2_interfaces__srv__Burst_Request.js
[1.003s] -- Installing: /home/ogan/ME461F25_LittleDaisies/project/ros_ws/install/mobile_sensor/share/mobile_sensor//node_modules/rclnodejs/generated/rosbag2_interfaces/rosbag2_interfaces__msg__ReadSplitEvent.js
[1.003s] -- Installing: /home/ogan/ME461F25_LittleDaisies/project/ros_ws/install/mobile_sensor/share/mobile_sensor//node_modules/rclnodejs/generated/rosbag2_interfaces/rosbag2_interfaces__srv__Resume_Response.js
[1.003s] -- Installing: /home/ogan/ME461F25_LittleDaisies/project/ros_ws/install/mobile_sensor/share/mobile_sensor//node_modules/rclnodejs/generated/rosbag2_interfaces/rosbag2_interfaces__srv__SetRate_Response.js
[1.003s] -- Installing: /home/ogan/ME461F25_LittleDaisies/project/ros_ws/install/mobile_sensor/share/mobile_sensor//node_modules/rclnodejs/generated/rosbag2_interfaces/rosbag2_interfaces__srv__Seek_Response.js
[1.003s] -- Installing: /home/ogan/ME461F25_LittleDaisies/project/ros_ws/install/mobile_sensor/share/mobile_sensor//node_modules/rclnodejs/generated/rosbag2_interfaces/rosbag2_interfaces__srv__PlayNext_Response.js
[1.004s] -- Installing: /home/ogan/ME461F25_LittleDaisies/project/ros_ws/install/mobile_sensor/share/mobile_sensor//node_modules/rclnodejs/generated/rosbag2_interfaces/rosbag2_interfaces__srv__GetRate.js
[1.004s] -- Installing: /home/ogan/ME461F25_LittleDaisies/project/ros_ws/install/mobile_sensor/share/mobile_sensor//node_modules/rclnodejs/generated/rosbag2_interfaces/rosbag2_interfaces__srv__Pause_Request.js
[1.004s] -- Installing: /home/ogan/ME461F25_LittleDaisies/project/ros_ws/install/mobile_sensor/share/mobile_sensor//node_modules/rclnodejs/generated/rosbag2_interfaces/rosbag2_interfaces__srv__SetRate_Request.js
[1.004s] -- Installing: /home/ogan/ME461F25_LittleDaisies/project/ros_ws/install/mobile_sensor/share/mobile_sensor//node_modules/rclnodejs/generated/rosbag2_interfaces/rosbag2_interfaces__msg__WriteSplitEvent.js
[1.004s] -- Installing: /home/ogan/ME461F25_LittleDaisies/project/ros_ws/install/mobile_sensor/share/mobile_sensor//node_modules/rclnodejs/generated/rosbag2_interfaces/rosbag2_interfaces__srv__GetRate_Response.js
[1.004s] -- Installing: /home/ogan/ME461F25_LittleDaisies/project/ros_ws/install/mobile_sensor/share/mobile_sensor//node_modules/rclnodejs/generated/rosbag2_interfaces/rosbag2_interfaces__srv__GetRate_Request.js
[1.004s] -- Installing: /home/ogan/ME461F25_LittleDaisies/project/ros_ws/install/mobile_sensor/share/mobile_sensor//node_modules/rclnodejs/generated/rosbag2_interfaces/rosbag2_interfaces__srv__TogglePaused_Response.js
[1.004s] -- Installing: /home/ogan/ME461F25_LittleDaisies/project/ros_ws/install/mobile_sensor/share/mobile_sensor//node_modules/rclnodejs/generated/rosbag2_interfaces/rosbag2_interfaces__srv__PlayNext_Request.js
[1.005s] -- Installing: /home/ogan/ME461F25_LittleDaisies/project/ros_ws/install/mobile_sensor/share/mobile_sensor//node_modules/rclnodejs/generated/rosbag2_interfaces/rosbag2_interfaces__srv__IsPaused_Request.js
[1.005s] -- Installing: /home/ogan/ME461F25_LittleDaisies/project/ros_ws/install/mobile_sensor/share/mobile_sensor//node_modules/rclnodejs/generated/rosbag2_interfaces/rosbag2_interfaces__srv__Snapshot_Response.js
[1.005s] -- Installing: /home/ogan/ME461F25_LittleDaisies/project/ros_ws/install/mobile_sensor/share/mobile_sensor//node_modules/rclnodejs/generated/rosbag2_interfaces/rosbag2_interfaces__srv__Burst.js
[1.005s] -- Installing: /home/ogan/ME461F25_LittleDaisies/project/ros_ws/install/mobile_sensor/share/mobile_sensor//node_modules/rclnodejs/generated/rosbag2_interfaces/rosbag2_interfaces__srv__Snapshot.js
[1.005s] -- Installing: /home/ogan/ME461F25_LittleDaisies/project/ros_ws/install/mobile_sensor/share/mobile_sensor//node_modules/rclnodejs/generated/rosbag2_interfaces/rosbag2_interfaces__srv__Burst_Response.js
[1.005s] -- Installing: /home/ogan/ME461F25_LittleDaisies/project/ros_ws/install/mobile_sensor/share/mobile_sensor//node_modules/rclnodejs/generated/visualization_msgs
[1.005s] -- Installing: /home/ogan/ME461F25_LittleDaisies/project/ros_ws/install/mobile_sensor/share/mobile_sensor//node_modules/rclnodejs/generated/visualization_msgs/visualization_msgs__msg__MeshFile.js
[1.005s] -- Installing: /home/ogan/ME461F25_LittleDaisies/project/ros_ws/install/mobile_sensor/share/mobile_sensor//node_modules/rclnodejs/generated/visualization_msgs/visualization_msgs__srv__GetInteractiveMarkers.js
[1.006s] -- Installing: /home/ogan/ME461F25_LittleDaisies/project/ros_ws/install/mobile_sensor/share/mobile_sensor//node_modules/rclnodejs/generated/visualization_msgs/visualization_msgs__msg__UVCoordinate.js
[1.006s] -- Installing: /home/ogan/ME461F25_LittleDaisies/project/ros_ws/install/mobile_sensor/share/mobile_sensor//node_modules/rclnodejs/generated/visualization_msgs/visualization_msgs__msg__InteractiveMarkerControl.js
[1.006s] -- Installing: /home/ogan/ME461F25_LittleDaisies/project/ros_ws/install/mobile_sensor/share/mobile_sensor//node_modules/rclnodejs/generated/visualization_msgs/visualization_msgs__msg__InteractiveMarkerInit.js
[1.006s] -- Installing: /home/ogan/ME461F25_LittleDaisies/project/ros_ws/install/mobile_sensor/share/mobile_sensor//node_modules/rclnodejs/generated/visualization_msgs/visualization_msgs__msg__ImageMarker.js
[1.006s] -- Installing: /home/ogan/ME461F25_LittleDaisies/project/ros_ws/install/mobile_sensor/share/mobile_sensor//node_modules/rclnodejs/generated/visualization_msgs/visualization_msgs__msg__InteractiveMarkerPose.js
[1.006s] -- Installing: /home/ogan/ME461F25_LittleDaisies/project/ros_ws/install/mobile_sensor/share/mobile_sensor//node_modules/rclnodejs/generated/visualization_msgs/visualization_msgs__srv__GetInteractiveMarkers_Response.js
[1.006s] -- Installing: /home/ogan/ME461F25_LittleDaisies/project/ros_ws/install/mobile_sensor/share/mobile_sensor//node_modules/rclnodejs/generated/visualization_msgs/visualization_msgs__msg__InteractiveMarker.js
[1.006s] -- Installing: /home/ogan/ME461F25_LittleDaisies/project/ros_ws/install/mobile_sensor/share/mobile_sensor//node_modules/rclnodejs/generated/visualization_msgs/visualization_msgs__srv__GetInteractiveMarkers_Request.js
[1.006s] -- Installing: /home/ogan/ME461F25_LittleDaisies/project/ros_ws/install/mobile_sensor/share/mobile_sensor//node_modules/rclnodejs/generated/visualization_msgs/visualization_msgs__msg__MarkerArray.js
[1.007s] -- Installing: /home/ogan/ME461F25_LittleDaisies/project/ros_ws/install/mobile_sensor/share/mobile_sensor//node_modules/rclnodejs/generated/visualization_msgs/visualization_msgs__msg__Marker.js
[1.007s] -- Installing: /home/ogan/ME461F25_LittleDaisies/project/ros_ws/install/mobile_sensor/share/mobile_sensor//node_modules/rclnodejs/generated/visualization_msgs/visualization_msgs__msg__MenuEntry.js
[1.007s] -- Installing: /home/ogan/ME461F25_LittleDaisies/project/ros_ws/install/mobile_sensor/share/mobile_sensor//node_modules/rclnodejs/generated/visualization_msgs/visualization_msgs__msg__InteractiveMarkerFeedback.js
[1.007s] -- Installing: /home/ogan/ME461F25_LittleDaisies/project/ros_ws/install/mobile_sensor/share/mobile_sensor//node_modules/rclnodejs/generated/visualization_msgs/visualization_msgs__msg__InteractiveMarkerUpdate.js
[1.007s] -- Installing: /home/ogan/ME461F25_LittleDaisies/project/ros_ws/install/mobile_sensor/share/mobile_sensor//node_modules/rclnodejs/generated/std_srvs
[1.007s] -- Installing: /home/ogan/ME461F25_LittleDaisies/project/ros_ws/install/mobile_sensor/share/mobile_sensor//node_modules/rclnodejs/generated/std_srvs/std_srvs__srv__Trigger_Response.js
[1.007s] -- Installing: /home/ogan/ME461F25_LittleDaisies/project/ros_ws/install/mobile_sensor/share/mobile_sensor//node_modules/rclnodejs/generated/std_srvs/std_srvs__srv__Trigger_Request.js
[1.007s] -- Installing: /home/ogan/ME461F25_LittleDaisies/project/ros_ws/install/mobile_sensor/share/mobile_sensor//node_modules/rclnodejs/generated/std_srvs/std_srvs__srv__Empty.js
[1.007s] -- Installing: /home/ogan/ME461F25_LittleDaisies/project/ros_ws/install/mobile_sensor/share/mobile_sensor//node_modules/rclnodejs/generated/std_srvs/std_srvs__srv__Trigger.js
[1.008s] -- Installing: /home/ogan/ME461F25_LittleDaisies/project/ros_ws/install/mobile_sensor/share/mobile_sensor//node_modules/rclnodejs/generated/std_srvs/std_srvs__srv__Empty_Response.js
[1.008s] -- Installing: /home/ogan/ME461F25_LittleDaisies/project/ros_ws/install/mobile_sensor/share/mobile_sensor//node_modules/rclnodejs/generated/std_srvs/std_srvs__srv__SetBool_Response.js
[1.008s] -- Installing: /home/ogan/ME461F25_LittleDaisies/project/ros_ws/install/mobile_sensor/share/mobile_sensor//node_modules/rclnodejs/generated/std_srvs/std_srvs__srv__Empty_Request.js
[1.008s] -- Installing: /home/ogan/ME461F25_LittleDaisies/project/ros_ws/install/mobile_sensor/share/mobile_sensor//node_modules/rclnodejs/generated/std_srvs/std_srvs__srv__SetBool.js
[1.008s] -- Installing: /home/ogan/ME461F25_LittleDaisies/project/ros_ws/install/mobile_sensor/share/mobile_sensor//node_modules/rclnodejs/generated/std_srvs/std_srvs__srv__SetBool_Request.js
[1.008s] -- Installing: /home/ogan/ME461F25_LittleDaisies/project/ros_ws/install/mobile_sensor/share/mobile_sensor//node_modules/rclnodejs/generated/geometry_msgs
[1.008s] -- Installing: /home/ogan/ME461F25_LittleDaisies/project/ros_ws/install/mobile_sensor/share/mobile_sensor//node_modules/rclnodejs/generated/geometry_msgs/geometry_msgs__msg__TwistWithCovariance.js
[1.008s] -- Installing: /home/ogan/ME461F25_LittleDaisies/project/ros_ws/install/mobile_sensor/share/mobile_sensor//node_modules/rclnodejs/generated/geometry_msgs/geometry_msgs__msg__Vector3.js
[1.008s] -- Installing: /home/ogan/ME461F25_LittleDaisies/project/ros_ws/install/mobile_sensor/share/mobile_sensor//node_modules/rclnodejs/generated/geometry_msgs/geometry_msgs__msg__PoseWithCovarianceStamped.js
[1.009s] -- Installing: /home/ogan/ME461F25_LittleDaisies/project/ros_ws/install/mobile_sensor/share/mobile_sensor//node_modules/rclnodejs/generated/geometry_msgs/geometry_msgs__msg__PoseArray.js
[1.009s] -- Installing: /home/ogan/ME461F25_LittleDaisies/project/ros_ws/install/mobile_sensor/share/mobile_sensor//node_modules/rclnodejs/generated/geometry_msgs/geometry_msgs__msg__Twist.js
[1.009s] -- Installing: /home/ogan/ME461F25_LittleDaisies/project/ros_ws/install/mobile_sensor/share/mobile_sensor//node_modules/rclnodejs/generated/geometry_msgs/geometry_msgs__msg__InertiaStamped.js
[1.009s] -- Installing: /home/ogan/ME461F25_LittleDaisies/project/ros_ws/install/mobile_sensor/share/mobile_sensor//node_modules/rclnodejs/generated/geometry_msgs/geometry_msgs__msg__QuaternionStamped.js
[1.009s] -- Installing: /home/ogan/ME461F25_LittleDaisies/project/ros_ws/install/mobile_sensor/share/mobile_sensor//node_modules/rclnodejs/generated/geometry_msgs/geometry_msgs__msg__Accel.js
[1.009s] -- Installing: /home/ogan/ME461F25_LittleDaisies/project/ros_ws/install/mobile_sensor/share/mobile_sensor//node_modules/rclnodejs/generated/geometry_msgs/geometry_msgs__msg__Point.js
[1.009s] -- Installing: /home/ogan/ME461F25_LittleDaisies/project/ros_ws/install/mobile_sensor/share/mobile_sensor//node_modules/rclnodejs/generated/geometry_msgs/geometry_msgs__msg__Quaternion.js
[1.009s] -- Installing: /home/ogan/ME461F25_LittleDaisies/project/ros_ws/install/mobile_sensor/share/mobile_sensor//node_modules/rclnodejs/generated/geometry_msgs/geometry_msgs__msg__Point32.js
[1.009s] -- Installing: /home/ogan/ME461F25_LittleDaisies/project/ros_ws/install/mobile_sensor/share/mobile_sensor//node_modules/rclnodejs/generated/geometry_msgs/geometry_msgs__msg__Transform.js
[1.010s] -- Installing: /home/ogan/ME461F25_LittleDaisies/project/ros_ws/install/mobile_sensor/share/mobile_sensor//node_modules/rclnodejs/generated/geometry_msgs/geometry_msgs__msg__PointStamped.js
[1.010s] -- Installing: /home/ogan/ME461F25_LittleDaisies/project/ros_ws/install/mobile_sensor/share/mobile_sensor//node_modules/rclnodejs/generated/geometry_msgs/geometry_msgs__msg__Polygon.js
[1.010s] -- Installing: /home/ogan/ME461F25_LittleDaisies/project/ros_ws/install/mobile_sensor/share/mobile_sensor//node_modules/rclnodejs/generated/geometry_msgs/geometry_msgs__msg__PoseStamped.js
[1.010s] -- Installing: /home/ogan/ME461F25_LittleDaisies/project/ros_ws/install/mobile_sensor/share/mobile_sensor//node_modules/rclnodejs/generated/geometry_msgs/geometry_msgs__msg__AccelWithCovarianceStamped.js
[1.010s] -- Installing: /home/ogan/ME461F25_LittleDaisies/project/ros_ws/install/mobile_sensor/share/mobile_sensor//node_modules/rclnodejs/generated/geometry_msgs/geometry_msgs__msg__AccelStamped.js
[1.010s] -- Installing: /home/ogan/ME461F25_LittleDaisies/project/ros_ws/install/mobile_sensor/share/mobile_sensor//node_modules/rclnodejs/generated/geometry_msgs/geometry_msgs__msg__TwistWithCovarianceStamped.js
[1.010s] -- Installing: /home/ogan/ME461F25_LittleDaisies/project/ros_ws/install/mobile_sensor/share/mobile_sensor//node_modules/rclnodejs/generated/geometry_msgs/geometry_msgs__msg__VelocityStamped.js
[1.010s] -- Installing: /home/ogan/ME461F25_LittleDaisies/project/ros_ws/install/mobile_sensor/share/mobile_sensor//node_modules/rclnodejs/generated/geometry_msgs/geometry_msgs__msg__Pose.js
[1.010s] -- Installing: /home/ogan/ME461F25_LittleDaisies/project/ros_ws/install/mobile_sensor/share/mobile_sensor//node_modules/rclnodejs/generated/geometry_msgs/geometry_msgs__msg__AccelWithCovariance.js
[1.011s] -- Installing: /home/ogan/ME461F25_LittleDaisies/project/ros_ws/install/mobile_sensor/share/mobile_sensor//node_modules/rclnodejs/generated/geometry_msgs/geometry_msgs__msg__Inertia.js
[1.011s] -- Installing: /home/ogan/ME461F25_LittleDaisies/project/ros_ws/install/mobile_sensor/share/mobile_sensor//node_modules/rclnodejs/generated/geometry_msgs/geometry_msgs__msg__PoseWithCovariance.js
[1.011s] -- Installing: /home/ogan/ME461F25_LittleDaisies/project/ros_ws/install/mobile_sensor/share/mobile_sensor//node_modules/rclnodejs/generated/geometry_msgs/geometry_msgs__msg__Wrench.js
[1.011s] -- Installing: /home/ogan/ME461F25_LittleDaisies/project/ros_ws/install/mobile_sensor/share/mobile_sensor//node_modules/rclnodejs/generated/geometry_msgs/geometry_msgs__msg__Vector3Stamped.js
[1.011s] -- Installing: /home/ogan/ME461F25_LittleDaisies/project/ros_ws/install/mobile_sensor/share/mobile_sensor//node_modules/rclnodejs/generated/geometry_msgs/geometry_msgs__msg__WrenchStamped.js
[1.011s] -- Installing: /home/ogan/ME461F25_LittleDaisies/project/ros_ws/install/mobile_sensor/share/mobile_sensor//node_modules/rclnodejs/generated/geometry_msgs/geometry_msgs__msg__Pose2D.js
[1.011s] -- Installing: /home/ogan/ME461F25_LittleDaisies/project/ros_ws/install/mobile_sensor/share/mobile_sensor//node_modules/rclnodejs/generated/geometry_msgs/geometry_msgs__msg__PolygonStamped.js
[1.011s] -- Installing: /home/ogan/ME461F25_LittleDaisies/project/ros_ws/install/mobile_sensor/share/mobile_sensor//node_modules/rclnodejs/generated/geometry_msgs/geometry_msgs__msg__TwistStamped.js
[1.011s] -- Installing: /home/ogan/ME461F25_LittleDaisies/project/ros_ws/install/mobile_sensor/share/mobile_sensor//node_modules/rclnodejs/generated/geometry_msgs/geometry_msgs__msg__TransformStamped.js
[1.012s] -- Installing: /home/ogan/ME461F25_LittleDaisies/project/ros_ws/install/mobile_sensor/share/mobile_sensor//node_modules/rclnodejs/generated/lifecycle_msgs
[1.012s] -- Installing: /home/ogan/ME461F25_LittleDaisies/project/ros_ws/install/mobile_sensor/share/mobile_sensor//node_modules/rclnodejs/generated/lifecycle_msgs/lifecycle_msgs__srv__GetState_Request.js
[1.012s] -- Installing: /home/ogan/ME461F25_LittleDaisies/project/ros_ws/install/mobile_sensor/share/mobile_sensor//node_modules/rclnodejs/generated/lifecycle_msgs/lifecycle_msgs__srv__ChangeState_Response.js
[1.012s] -- Installing: /home/ogan/ME461F25_LittleDaisies/project/ros_ws/install/mobile_sensor/share/mobile_sensor//node_modules/rclnodejs/generated/lifecycle_msgs/lifecycle_msgs__msg__TransitionEvent.js
[1.012s] -- Installing: /home/ogan/ME461F25_LittleDaisies/project/ros_ws/install/mobile_sensor/share/mobile_sensor//node_modules/rclnodejs/generated/lifecycle_msgs/lifecycle_msgs__msg__Transition.js
[1.012s] -- Installing: /home/ogan/ME461F25_LittleDaisies/project/ros_ws/install/mobile_sensor/share/mobile_sensor//node_modules/rclnodejs/generated/lifecycle_msgs/lifecycle_msgs__srv__GetAvailableTransitions_Request.js
[1.012s] -- Installing: /home/ogan/ME461F25_LittleDaisies/project/ros_ws/install/mobile_sensor/share/mobile_sensor//node_modules/rclnodejs/generated/lifecycle_msgs/lifecycle_msgs__srv__GetAvailableStates_Response.js
[1.012s] -- Installing: /home/ogan/ME461F25_LittleDaisies/project/ros_ws/install/mobile_sensor/share/mobile_sensor//node_modules/rclnodejs/generated/lifecycle_msgs/lifecycle_msgs__srv__ChangeState_Request.js
[1.012s] -- Installing: /home/ogan/ME461F25_LittleDaisies/project/ros_ws/install/mobile_sensor/share/mobile_sensor//node_modules/rclnodejs/generated/lifecycle_msgs/lifecycle_msgs__srv__GetState.js
[1.013s] -- Installing: /home/ogan/ME461F25_LittleDaisies/project/ros_ws/install/mobile_sensor/share/mobile_sensor//node_modules/rclnodejs/generated/lifecycle_msgs/lifecycle_msgs__srv__GetAvailableStates_Request.js
[1.013s] -- Installing: /home/ogan/ME461F25_LittleDaisies/project/ros_ws/install/mobile_sensor/share/mobile_sensor//node_modules/rclnodejs/generated/lifecycle_msgs/lifecycle_msgs__srv__GetAvailableStates.js
[1.013s] -- Installing: /home/ogan/ME461F25_LittleDaisies/project/ros_ws/install/mobile_sensor/share/mobile_sensor//node_modules/rclnodejs/generated/lifecycle_msgs/lifecycle_msgs__msg__State.js
[1.013s] -- Installing: /home/ogan/ME461F25_LittleDaisies/project/ros_ws/install/mobile_sensor/share/mobile_sensor//node_modules/rclnodejs/generated/lifecycle_msgs/lifecycle_msgs__srv__GetAvailableTransitions_Response.js
[1.013s] -- Installing: /home/ogan/ME461F25_LittleDaisies/project/ros_ws/install/mobile_sensor/share/mobile_sensor//node_modules/rclnodejs/generated/lifecycle_msgs/lifecycle_msgs__srv__ChangeState.js
[1.013s] -- Installing: /home/ogan/ME461F25_LittleDaisies/project/ros_ws/install/mobile_sensor/share/mobile_sensor//node_modules/rclnodejs/generated/lifecycle_msgs/lifecycle_msgs__srv__GetAvailableTransitions.js
[1.013s] -- Installing: /home/ogan/ME461F25_LittleDaisies/project/ros_ws/install/mobile_sensor/share/mobile_sensor//node_modules/rclnodejs/generated/lifecycle_msgs/lifecycle_msgs__srv__GetState_Response.js
[1.013s] -- Installing: /home/ogan/ME461F25_LittleDaisies/project/ros_ws/install/mobile_sensor/share/mobile_sensor//node_modules/rclnodejs/generated/lifecycle_msgs/lifecycle_msgs__msg__TransitionDescription.js
[1.013s] -- Installing: /home/ogan/ME461F25_LittleDaisies/project/ros_ws/install/mobile_sensor/share/mobile_sensor//node_modules/rclnodejs/generated/composition_interfaces
[1.014s] -- Installing: /home/ogan/ME461F25_LittleDaisies/project/ros_ws/install/mobile_sensor/share/mobile_sensor//node_modules/rclnodejs/generated/composition_interfaces/composition_interfaces__srv__LoadNode_Response.js
[1.014s] -- Installing: /home/ogan/ME461F25_LittleDaisies/project/ros_ws/install/mobile_sensor/share/mobile_sensor//node_modules/rclnodejs/generated/composition_interfaces/composition_interfaces__srv__UnloadNode_Request.js
[1.014s] -- Installing: /home/ogan/ME461F25_LittleDaisies/project/ros_ws/install/mobile_sensor/share/mobile_sensor//node_modules/rclnodejs/generated/composition_interfaces/composition_interfaces__srv__LoadNode.js
[1.014s] -- Installing: /home/ogan/ME461F25_LittleDaisies/project/ros_ws/install/mobile_sensor/share/mobile_sensor//node_modules/rclnodejs/generated/composition_interfaces/composition_interfaces__srv__LoadNode_Request.js
[1.014s] -- Installing: /home/ogan/ME461F25_LittleDaisies/project/ros_ws/install/mobile_sensor/share/mobile_sensor//node_modules/rclnodejs/generated/composition_interfaces/composition_interfaces__srv__ListNodes_Request.js
[1.014s] -- Installing: /home/ogan/ME461F25_LittleDaisies/project/ros_ws/install/mobile_sensor/share/mobile_sensor//node_modules/rclnodejs/generated/composition_interfaces/composition_interfaces__srv__UnloadNode.js
[1.014s] -- Installing: /home/ogan/ME461F25_LittleDaisies/project/ros_ws/install/mobile_sensor/share/mobile_sensor//node_modules/rclnodejs/generated/composition_interfaces/composition_interfaces__srv__UnloadNode_Response.js
[1.014s] -- Installing: /home/ogan/ME461F25_LittleDaisies/project/ros_ws/install/mobile_sensor/share/mobile_sensor//node_modules/rclnodejs/generated/composition_interfaces/composition_interfaces__srv__ListNodes_Response.js
[1.014s] -- Installing: /home/ogan/ME461F25_LittleDaisies/project/ros_ws/install/mobile_sensor/share/mobile_sensor//node_modules/rclnodejs/generated/composition_interfaces/composition_interfaces__srv__ListNodes.js
[1.014s] -- Installing: /home/ogan/ME461F25_LittleDaisies/project/ros_ws/install/mobile_sensor/share/mobile_sensor//node_modules/rclnodejs/generated/control_msgs
[1.015s] -- Installing: /home/ogan/ME461F25_LittleDaisies/project/ros_ws/install/mobile_sensor/share/mobile_sensor//node_modules/rclnodejs/generated/control_msgs/control_msgs__action__ParallelGripperCommand_SendGoal_Request.js
[1.015s] -- Installing: /home/ogan/ME461F25_LittleDaisies/project/ros_ws/install/mobile_sensor/share/mobile_sensor//node_modules/rclnodejs/generated/control_msgs/control_msgs__action__SingleJointPosition_Feedback.js
[1.015s] -- Installing: /home/ogan/ME461F25_LittleDaisies/project/ros_ws/install/mobile_sensor/share/mobile_sensor//node_modules/rclnodejs/generated/control_msgs/control_msgs__srv__QueryTrajectoryState_Request.js
[1.015s] -- Installing: /home/ogan/ME461F25_LittleDaisies/project/ros_ws/install/mobile_sensor/share/mobile_sensor//node_modules/rclnodejs/generated/control_msgs/control_msgs__action__SingleJointPosition_GetResult_Response.js
[1.015s] -- Installing: /home/ogan/ME461F25_LittleDaisies/project/ros_ws/install/mobile_sensor/share/mobile_sensor//node_modules/rclnodejs/generated/control_msgs/control_msgs__action__GripperCommand_FeedbackMessage.js
[1.015s] -- Installing: /home/ogan/ME461F25_LittleDaisies/project/ros_ws/install/mobile_sensor/share/mobile_sensor//node_modules/rclnodejs/generated/control_msgs/control_msgs__action__FollowJointTrajectory.js
[1.015s] -- Installing: /home/ogan/ME461F25_LittleDaisies/project/ros_ws/install/mobile_sensor/share/mobile_sensor//node_modules/rclnodejs/generated/control_msgs/control_msgs__msg__JointTolerance.js
[1.015s] -- Installing: /home/ogan/ME461F25_LittleDaisies/project/ros_ws/install/mobile_sensor/share/mobile_sensor//node_modules/rclnodejs/generated/control_msgs/control_msgs__srv__QueryTrajectoryState_Response.js
[1.015s] -- Installing: /home/ogan/ME461F25_LittleDaisies/project/ros_ws/install/mobile_sensor/share/mobile_sensor//node_modules/rclnodejs/generated/control_msgs/control_msgs__action__FollowJointTrajectory_FeedbackMessage.js
[1.016s] -- Installing: /home/ogan/ME461F25_LittleDaisies/project/ros_ws/install/mobile_sensor/share/mobile_sensor//node_modules/rclnodejs/generated/control_msgs/control_msgs__action__ParallelGripperCommand_Goal.js
[1.016s] -- Installing: /home/ogan/ME461F25_LittleDaisies/project/ros_ws/install/mobile_sensor/share/mobile_sensor//node_modules/rclnodejs/generated/control_msgs/control_msgs__action__GripperCommand_GetResult_Request.js
[1.016s] -- Installing: /home/ogan/ME461F25_LittleDaisies/project/ros_ws/install/mobile_sensor/share/mobile_sensor//node_modules/rclnodejs/generated/control_msgs/control_msgs__action__ParallelGripperCommand_Feedback.js
[1.016s] -- Installing: /home/ogan/ME461F25_LittleDaisies/project/ros_ws/install/mobile_sensor/share/mobile_sensor//node_modules/rclnodejs/generated/control_msgs/control_msgs__action__JointTrajectory.js
[1.016s] -- Installing: /home/ogan/ME461F25_LittleDaisies/project/ros_ws/install/mobile_sensor/share/mobile_sensor//node_modules/rclnodejs/generated/control_msgs/control_msgs__action__FollowJointTrajectory_SendGoal_Request.js
[1.016s] -- Installing: /home/ogan/ME461F25_LittleDaisies/project/ros_ws/install/mobile_sensor/share/mobile_sensor//node_modules/rclnodejs/generated/control_msgs/control_msgs__msg__DynamicJointState.js
[1.016s] -- Installing: /home/ogan/ME461F25_LittleDaisies/project/ros_ws/install/mobile_sensor/share/mobile_sensor//node_modules/rclnodejs/generated/control_msgs/control_msgs__action__GripperCommand_SendGoal_Response.js
[1.016s] -- Installing: /home/ogan/ME461F25_LittleDaisies/project/ros_ws/install/mobile_sensor/share/mobile_sensor//node_modules/rclnodejs/generated/control_msgs/control_msgs__action__SingleJointPosition_Goal.js
[1.016s] -- Installing: /home/ogan/ME461F25_LittleDaisies/project/ros_ws/install/mobile_sensor/share/mobile_sensor//node_modules/rclnodejs/generated/control_msgs/control_msgs__action__PointHead_GetResult_Request.js
[1.016s] -- Installing: /home/ogan/ME461F25_LittleDaisies/project/ros_ws/install/mobile_sensor/share/mobile_sensor//node_modules/rclnodejs/generated/control_msgs/control_msgs__action__ParallelGripperCommand_GetResult.js
[1.017s] -- Installing: /home/ogan/ME461F25_LittleDaisies/project/ros_ws/install/mobile_sensor/share/mobile_sensor//node_modules/rclnodejs/generated/control_msgs/control_msgs__action__GripperCommand_SendGoal.js
[1.017s] -- Installing: /home/ogan/ME461F25_LittleDaisies/project/ros_ws/install/mobile_sensor/share/mobile_sensor//node_modules/rclnodejs/generated/control_msgs/control_msgs__action__PointHead_Feedback.js
[1.017s] -- Installing: /home/ogan/ME461F25_LittleDaisies/project/ros_ws/install/mobile_sensor/share/mobile_sensor//node_modules/rclnodejs/generated/control_msgs/control_msgs__action__FollowJointTrajectory_SendGoal_Response.js
[1.017s] -- Installing: /home/ogan/ME461F25_LittleDaisies/project/ros_ws/install/mobile_sensor/share/mobile_sensor//node_modules/rclnodejs/generated/control_msgs/control_msgs__action__PointHead_SendGoal_Request.js
[1.017s] -- Installing: /home/ogan/ME461F25_LittleDaisies/project/ros_ws/install/mobile_sensor/share/mobile_sensor//node_modules/rclnodejs/generated/control_msgs/control_msgs__msg__DynamicInterfaceGroupValues.js
[1.017s] -- Installing: /home/ogan/ME461F25_LittleDaisies/project/ros_ws/install/mobile_sensor/share/mobile_sensor//node_modules/rclnodejs/generated/control_msgs/control_msgs__action__GripperCommand.js
[1.017s] -- Installing: /home/ogan/ME461F25_LittleDaisies/project/ros_ws/install/mobile_sensor/share/mobile_sensor//node_modules/rclnodejs/generated/control_msgs/control_msgs__action__FollowJointTrajectory_GetResult.js
[1.017s] -- Installing: /home/ogan/ME461F25_LittleDaisies/project/ros_ws/install/mobile_sensor/share/mobile_sensor//node_modules/rclnodejs/generated/control_msgs/control_msgs__action__JointTrajectory_FeedbackMessage.js
[1.017s] -- Installing: /home/ogan/ME461F25_LittleDaisies/project/ros_ws/install/mobile_sensor/share/mobile_sensor//node_modules/rclnodejs/generated/control_msgs/control_msgs__action__GripperCommand_GetResult.js
[1.018s] -- Installing: /home/ogan/ME461F25_LittleDaisies/project/ros_ws/install/mobile_sensor/share/mobile_sensor//node_modules/rclnodejs/generated/control_msgs/control_msgs__msg__SingleDOFStateStamped.js
[1.018s] -- Installing: /home/ogan/ME461F25_LittleDaisies/project/ros_ws/install/mobile_sensor/share/mobile_sensor//node_modules/rclnodejs/generated/control_msgs/control_msgs__action__GripperCommand_GetResult_Response.js
[1.018s] -- Installing: /home/ogan/ME461F25_LittleDaisies/project/ros_ws/install/mobile_sensor/share/mobile_sensor//node_modules/rclnodejs/generated/control_msgs/control_msgs__action__GripperCommand_Feedback.js
[1.018s] -- Installing: /home/ogan/ME461F25_LittleDaisies/project/ros_ws/install/mobile_sensor/share/mobile_sensor//node_modules/rclnodejs/generated/control_msgs/control_msgs__action__FollowJointTrajectory_GetResult_Response.js
[1.018s] -- Installing: /home/ogan/ME461F25_LittleDaisies/project/ros_ws/install/mobile_sensor/share/mobile_sensor//node_modules/rclnodejs/generated/control_msgs/control_msgs__action__JointTrajectory_Feedback.js
[1.018s] -- Installing: /home/ogan/ME461F25_LittleDaisies/project/ros_ws/install/mobile_sensor/share/mobile_sensor//node_modules/rclnodejs/generated/control_msgs/control_msgs__msg__JointComponentTolerance.js
[1.018s] -- Installing: /home/ogan/ME461F25_LittleDaisies/project/ros_ws/install/mobile_sensor/share/mobile_sensor//node_modules/rclnodejs/generated/control_msgs/control_msgs__action__PointHead_Goal.js
[1.018s] -- Installing: /home/ogan/ME461F25_LittleDaisies/project/ros_ws/install/mobile_sensor/share/mobile_sensor//node_modules/rclnodejs/generated/control_msgs/control_msgs__action__ParallelGripperCommand_SendGoal_Response.js
[1.018s] -- Installing: /home/ogan/ME461F25_LittleDaisies/project/ros_ws/install/mobile_sensor/share/mobile_sensor//node_modules/rclnodejs/generated/control_msgs/control_msgs__srv__QueryTrajectoryState.js
[1.019s] -- Installing: /home/ogan/ME461F25_LittleDaisies/project/ros_ws/install/mobile_sensor/share/mobile_sensor//node_modules/rclnodejs/generated/control_msgs/control_msgs__action__SingleJointPosition_SendGoal_Request.js
[1.019s] -- Installing: /home/ogan/ME461F25_LittleDaisies/project/ros_ws/install/mobile_sensor/share/mobile_sensor//node_modules/rclnodejs/generated/control_msgs/control_msgs__action__ParallelGripperCommand_SendGoal.js
[1.019s] -- Installing: /home/ogan/ME461F25_LittleDaisies/project/ros_ws/install/mobile_sensor/share/mobile_sensor//node_modules/rclnodejs/generated/control_msgs/control_msgs__action__ParallelGripperCommand_Result.js
[1.019s] -- Installing: /home/ogan/ME461F25_LittleDaisies/project/ros_ws/install/mobile_sensor/share/mobile_sensor//node_modules/rclnodejs/generated/control_msgs/control_msgs__msg__AdmittanceControllerState.js
[1.019s] -- Installing: /home/ogan/ME461F25_LittleDaisies/project/ros_ws/install/mobile_sensor/share/mobile_sensor//node_modules/rclnodejs/generated/control_msgs/control_msgs__srv__QueryCalibrationState_Request.js
[1.019s] -- Installing: /home/ogan/ME461F25_LittleDaisies/project/ros_ws/install/mobile_sensor/share/mobile_sensor//node_modules/rclnodejs/generated/control_msgs/control_msgs__action__PointHead_SendGoal_Response.js
[1.019s] -- Installing: /home/ogan/ME461F25_LittleDaisies/project/ros_ws/install/mobile_sensor/share/mobile_sensor//node_modules/rclnodejs/generated/control_msgs/control_msgs__action__PointHead_GetResult.js
[1.019s] -- Installing: /home/ogan/ME461F25_LittleDaisies/project/ros_ws/install/mobile_sensor/share/mobile_sensor//node_modules/rclnodejs/generated/control_msgs/control_msgs__action__SingleJointPosition.js
[1.019s] -- Installing: /home/ogan/ME461F25_LittleDaisies/project/ros_ws/install/mobile_sensor/share/mobile_sensor//node_modules/rclnodejs/generated/control_msgs/control_msgs__msg__GripperCommand.js
[1.020s] -- Installing: /home/ogan/ME461F25_LittleDaisies/project/ros_ws/install/mobile_sensor/share/mobile_sensor//node_modules/rclnodejs/generated/control_msgs/control_msgs__action__FollowJointTrajectory_Goal.js
[1.020s] -- Installing: /home/ogan/ME461F25_LittleDaisies/project/ros_ws/install/mobile_sensor/share/mobile_sensor//node_modules/rclnodejs/generated/control_msgs/control_msgs__action__GripperCommand_Goal.js
[1.020s] -- Installing: /home/ogan/ME461F25_LittleDaisies/project/ros_ws/install/mobile_sensor/share/mobile_sensor//node_modules/rclnodejs/generated/control_msgs/control_msgs__msg__PidState.js
[1.020s] -- Installing: /home/ogan/ME461F25_LittleDaisies/project/ros_ws/install/mobile_sensor/share/mobile_sensor//node_modules/rclnodejs/generated/control_msgs/control_msgs__action__FollowJointTrajectory_SendGoal.js
[1.020s] -- Installing: /home/ogan/ME461F25_LittleDaisies/project/ros_ws/install/mobile_sensor/share/mobile_sensor//node_modules/rclnodejs/generated/control_msgs/control_msgs__action__JointTrajectory_SendGoal_Request.js
[1.020s] -- Installing: /home/ogan/ME461F25_LittleDaisies/project/ros_ws/install/mobile_sensor/share/mobile_sensor//node_modules/rclnodejs/generated/control_msgs/control_msgs__action__SingleJointPosition_SendGoal.js
[1.020s] -- Installing: /home/ogan/ME461F25_LittleDaisies/project/ros_ws/install/mobile_sensor/share/mobile_sensor//node_modules/rclnodejs/generated/control_msgs/control_msgs__msg__InterfaceValue.js
[1.021s] -- Installing: /home/ogan/ME461F25_LittleDaisies/project/ros_ws/install/mobile_sensor/share/mobile_sensor//node_modules/rclnodejs/generated/control_msgs/control_msgs__msg__JointControllerState.js
[1.021s] -- Installing: /home/ogan/ME461F25_LittleDaisies/project/ros_ws/install/mobile_sensor/share/mobile_sensor//node_modules/rclnodejs/generated/control_msgs/control_msgs__action__ParallelGripperCommand_FeedbackMessage.js
[1.021s] -- Installing: /home/ogan/ME461F25_LittleDaisies/project/ros_ws/install/mobile_sensor/share/mobile_sensor//node_modules/rclnodejs/generated/control_msgs/control_msgs__msg__SingleDOFState.js
[1.021s] -- Installing: /home/ogan/ME461F25_LittleDaisies/project/ros_ws/install/mobile_sensor/share/mobile_sensor//node_modules/rclnodejs/generated/control_msgs/control_msgs__action__SingleJointPosition_GetResult.js
[1.021s] -- Installing: /home/ogan/ME461F25_LittleDaisies/project/ros_ws/install/mobile_sensor/share/mobile_sensor//node_modules/rclnodejs/generated/control_msgs/control_msgs__action__SingleJointPosition_GetResult_Request.js
[1.021s] -- Installing: /home/ogan/ME461F25_LittleDaisies/project/ros_ws/install/mobile_sensor/share/mobile_sensor//node_modules/rclnodejs/generated/control_msgs/control_msgs__action__JointTrajectory_GetResult_Response.js
[1.021s] -- Installing: /home/ogan/ME461F25_LittleDaisies/project/ros_ws/install/mobile_sensor/share/mobile_sensor//node_modules/rclnodejs/generated/control_msgs/control_msgs__action__GripperCommand_Result.js
[1.021s] -- Installing: /home/ogan/ME461F25_LittleDaisies/project/ros_ws/install/mobile_sensor/share/mobile_sensor//node_modules/rclnodejs/generated/control_msgs/control_msgs__msg__MecanumDriveControllerState.js
[1.021s] -- Installing: /home/ogan/ME461F25_LittleDaisies/project/ros_ws/install/mobile_sensor/share/mobile_sensor//node_modules/rclnodejs/generated/control_msgs/control_msgs__action__SingleJointPosition_SendGoal_Response.js
[1.022s] -- Installing: /home/ogan/ME461F25_LittleDaisies/project/ros_ws/install/mobile_sensor/share/mobile_sensor//node_modules/rclnodejs/generated/control_msgs/control_msgs__action__JointTrajectory_Result.js
[1.022s] -- Installing: /home/ogan/ME461F25_LittleDaisies/project/ros_ws/install/mobile_sensor/share/mobile_sensor//node_modules/rclnodejs/generated/control_msgs/control_msgs__action__JointTrajectory_SendGoal_Response.js
[1.022s] -- Installing: /home/ogan/ME461F25_LittleDaisies/project/ros_ws/install/mobile_sensor/share/mobile_sensor//node_modules/rclnodejs/generated/control_msgs/control_msgs__msg__MultiDOFStateStamped.js
[1.022s] -- Installing: /home/ogan/ME461F25_LittleDaisies/project/ros_ws/install/mobile_sensor/share/mobile_sensor//node_modules/rclnodejs/generated/control_msgs/control_msgs__action__FollowJointTrajectory_GetResult_Request.js
[1.022s] -- Installing: /home/ogan/ME461F25_LittleDaisies/project/ros_ws/install/mobile_sensor/share/mobile_sensor//node_modules/rclnodejs/generated/control_msgs/control_msgs__action__ParallelGripperCommand_GetResult_Request.js
[1.022s] -- Installing: /home/ogan/ME461F25_LittleDaisies/project/ros_ws/install/mobile_sensor/share/mobile_sensor//node_modules/rclnodejs/generated/control_msgs/control_msgs__action__JointTrajectory_Goal.js
[1.022s] -- Installing: /home/ogan/ME461F25_LittleDaisies/project/ros_ws/install/mobile_sensor/share/mobile_sensor//node_modules/rclnodejs/generated/control_msgs/control_msgs__action__PointHead.js
[1.022s] -- Installing: /home/ogan/ME461F25_LittleDaisies/project/ros_ws/install/mobile_sensor/share/mobile_sensor//node_modules/rclnodejs/generated/control_msgs/control_msgs__action__FollowJointTrajectory_Feedback.js
[1.023s] -- Installing: /home/ogan/ME461F25_LittleDaisies/project/ros_ws/install/mobile_sensor/share/mobile_sensor//node_modules/rclnodejs/generated/control_msgs/control_msgs__action__PointHead_SendGoal.js
[1.023s] -- Installing: /home/ogan/ME461F25_LittleDaisies/project/ros_ws/install/mobile_sensor/share/mobile_sensor//node_modules/rclnodejs/generated/control_msgs/control_msgs__action__SingleJointPosition_Result.js
[1.023s] -- Installing: /home/ogan/ME461F25_LittleDaisies/project/ros_ws/install/mobile_sensor/share/mobile_sensor//node_modules/rclnodejs/generated/control_msgs/control_msgs__action__PointHead_Result.js
[1.023s] -- Installing: /home/ogan/ME461F25_LittleDaisies/project/ros_ws/install/mobile_sensor/share/mobile_sensor//node_modules/rclnodejs/generated/control_msgs/control_msgs__msg__JointJog.js
[1.023s] -- Installing: /home/ogan/ME461F25_LittleDaisies/project/ros_ws/install/mobile_sensor/share/mobile_sensor//node_modules/rclnodejs/generated/control_msgs/control_msgs__srv__QueryCalibrationState.js
[1.023s] -- Installing: /home/ogan/ME461F25_LittleDaisies/project/ros_ws/install/mobile_sensor/share/mobile_sensor//node_modules/rclnodejs/generated/control_msgs/control_msgs__action__JointTrajectory_GetResult_Request.js
[1.023s] -- Installing: /home/ogan/ME461F25_LittleDaisies/project/ros_ws/install/mobile_sensor/share/mobile_sensor//node_modules/rclnodejs/generated/control_msgs/control_msgs__action__PointHead_GetResult_Response.js
[1.023s] -- Installing: /home/ogan/ME461F25_LittleDaisies/project/ros_ws/install/mobile_sensor/share/mobile_sensor//node_modules/rclnodejs/generated/control_msgs/control_msgs__action__ParallelGripperCommand_GetResult_Response.js
[1.024s] -- Installing: /home/ogan/ME461F25_LittleDaisies/project/ros_ws/install/mobile_sensor/share/mobile_sensor//node_modules/rclnodejs/generated/control_msgs/control_msgs__msg__MultiDOFCommand.js
[1.024s] -- Installing: /home/ogan/ME461F25_LittleDaisies/project/ros_ws/install/mobile_sensor/share/mobile_sensor//node_modules/rclnodejs/generated/control_msgs/control_msgs__srv__QueryCalibrationState_Response.js
[1.024s] -- Installing: /home/ogan/ME461F25_LittleDaisies/project/ros_ws/install/mobile_sensor/share/mobile_sensor//node_modules/rclnodejs/generated/control_msgs/control_msgs__action__SingleJointPosition_FeedbackMessage.js
[1.024s] -- Installing: /home/ogan/ME461F25_LittleDaisies/project/ros_ws/install/mobile_sensor/share/mobile_sensor//node_modules/rclnodejs/generated/control_msgs/control_msgs__msg__SteeringControllerStatus.js
[1.024s] -- Installing: /home/ogan/ME461F25_LittleDaisies/project/ros_ws/install/mobile_sensor/share/mobile_sensor//node_modules/rclnodejs/generated/control_msgs/control_msgs__action__FollowJointTrajectory_Result.js
[1.024s] -- Installing: /home/ogan/ME461F25_LittleDaisies/project/ros_ws/install/mobile_sensor/share/mobile_sensor//node_modules/rclnodejs/generated/control_msgs/control_msgs__action__PointHead_FeedbackMessage.js
[1.024s] -- Installing: /home/ogan/ME461F25_LittleDaisies/project/ros_ws/install/mobile_sensor/share/mobile_sensor//node_modules/rclnodejs/generated/control_msgs/control_msgs__action__GripperCommand_SendGoal_Request.js
[1.024s] -- Installing: /home/ogan/ME461F25_LittleDaisies/project/ros_ws/install/mobile_sensor/share/mobile_sensor//node_modules/rclnodejs/generated/control_msgs/control_msgs__action__ParallelGripperCommand.js
[1.025s] -- Installing: /home/ogan/ME461F25_LittleDaisies/project/ros_ws/install/mobile_sensor/share/mobile_sensor//node_modules/rclnodejs/generated/control_msgs/control_msgs__action__JointTrajectory_GetResult.js
[1.025s] -- Installing: /home/ogan/ME461F25_LittleDaisies/project/ros_ws/install/mobile_sensor/share/mobile_sensor//node_modules/rclnodejs/generated/control_msgs/control_msgs__action__JointTrajectory_SendGoal.js
[1.025s] -- Installing: /home/ogan/ME461F25_LittleDaisies/project/ros_ws/install/mobile_sensor/share/mobile_sensor//node_modules/rclnodejs/generated/control_msgs/control_msgs__msg__JointTrajectoryControllerState.js
[1.025s] -- Installing: /home/ogan/ME461F25_LittleDaisies/project/ros_ws/install/mobile_sensor/share/mobile_sensor//node_modules/rclnodejs/generated/builtin_interfaces
[1.025s] -- Installing: /home/ogan/ME461F25_LittleDaisies/project/ros_ws/install/mobile_sensor/share/mobile_sensor//node_modules/rclnodejs/generated/builtin_interfaces/builtin_interfaces__msg__Time.js
[1.025s] -- Installing: /home/ogan/ME461F25_LittleDaisies/project/ros_ws/install/mobile_sensor/share/mobile_sensor//node_modules/rclnodejs/generated/builtin_interfaces/builtin_interfaces__msg__Duration.js
[1.025s] -- Installing: /home/ogan/ME461F25_LittleDaisies/project/ros_ws/install/mobile_sensor/share/mobile_sensor//node_modules/rclnodejs/generated/statistics_msgs
[1.026s] -- Installing: /home/ogan/ME461F25_LittleDaisies/project/ros_ws/install/mobile_sensor/share/mobile_sensor//node_modules/rclnodejs/generated/statistics_msgs/statistics_msgs__msg__StatisticDataType.js
[1.026s] -- Installing: /home/ogan/ME461F25_LittleDaisies/project/ros_ws/install/mobile_sensor/share/mobile_sensor//node_modules/rclnodejs/generated/statistics_msgs/statistics_msgs__msg__MetricsMessage.js
[1.026s] -- Installing: /home/ogan/ME461F25_LittleDaisies/project/ros_ws/install/mobile_sensor/share/mobile_sensor//node_modules/rclnodejs/generated/statistics_msgs/statistics_msgs__msg__StatisticDataPoint.js
[1.026s] -- Installing: /home/ogan/ME461F25_LittleDaisies/project/ros_ws/install/mobile_sensor/share/mobile_sensor//node_modules/rclnodejs/generated/stereo_msgs
[1.026s] -- Installing: /home/ogan/ME461F25_LittleDaisies/project/ros_ws/install/mobile_sensor/share/mobile_sensor//node_modules/rclnodejs/generated/stereo_msgs/stereo_msgs__msg__DisparityImage.js
[1.026s] -- Installing: /home/ogan/ME461F25_LittleDaisies/project/ros_ws/install/mobile_sensor/share/mobile_sensor//node_modules/rclnodejs/generated/gps_msgs
[1.026s] -- Installing: /home/ogan/ME461F25_LittleDaisies/project/ros_ws/install/mobile_sensor/share/mobile_sensor//node_modules/rclnodejs/generated/gps_msgs/gps_msgs__msg__GPSStatus.js
[1.026s] -- Installing: /home/ogan/ME461F25_LittleDaisies/project/ros_ws/install/mobile_sensor/share/mobile_sensor//node_modules/rclnodejs/generated/gps_msgs/gps_msgs__msg__GPSFix.js
[1.026s] -- Installing: /home/ogan/ME461F25_LittleDaisies/project/ros_ws/install/mobile_sensor/share/mobile_sensor//node_modules/rclnodejs/generated/action_msgs
[1.027s] -- Installing: /home/ogan/ME461F25_LittleDaisies/project/ros_ws/install/mobile_sensor/share/mobile_sensor//node_modules/rclnodejs/generated/action_msgs/action_msgs__msg__GoalStatus.js
[1.027s] -- Installing: /home/ogan/ME461F25_LittleDaisies/project/ros_ws/install/mobile_sensor/share/mobile_sensor//node_modules/rclnodejs/generated/action_msgs/action_msgs__msg__GoalStatusArray.js
[1.027s] -- Installing: /home/ogan/ME461F25_LittleDaisies/project/ros_ws/install/mobile_sensor/share/mobile_sensor//node_modules/rclnodejs/generated/action_msgs/action_msgs__msg__GoalInfo.js
[1.027s] -- Installing: /home/ogan/ME461F25_LittleDaisies/project/ros_ws/install/mobile_sensor/share/mobile_sensor//node_modules/rclnodejs/generated/action_msgs/action_msgs__srv__CancelGoal_Response.js
[1.027s] -- Installing: /home/ogan/ME461F25_LittleDaisies/project/ros_ws/install/mobile_sensor/share/mobile_sensor//node_modules/rclnodejs/generated/action_msgs/action_msgs__srv__CancelGoal.js
[1.027s] -- Installing: /home/ogan/ME461F25_LittleDaisies/project/ros_ws/install/mobile_sensor/share/mobile_sensor//node_modules/rclnodejs/generated/action_msgs/action_msgs__srv__CancelGoal_Request.js
[1.027s] -- Installing: /home/ogan/ME461F25_LittleDaisies/project/ros_ws/install/mobile_sensor/share/mobile_sensor//node_modules/rclnodejs/generated/rmw_dds_common
[1.027s] -- Installing: /home/ogan/ME461F25_LittleDaisies/project/ros_ws/install/mobile_sensor/share/mobile_sensor//node_modules/rclnodejs/generated/rmw_dds_common/rmw_dds_common__msg__Gid.js
[1.027s] -- Installing: /home/ogan/ME461F25_LittleDaisies/project/ros_ws/install/mobile_sensor/share/mobile_sensor//node_modules/rclnodejs/generated/rmw_dds_common/rmw_dds_common__msg__NodeEntitiesInfo.js
[1.028s] -- Installing: /home/ogan/ME461F25_LittleDaisies/project/ros_ws/install/mobile_sensor/share/mobile_sensor//node_modules/rclnodejs/generated/rmw_dds_common/rmw_dds_common__msg__ParticipantEntitiesInfo.js
[1.028s] -- Installing: /home/ogan/ME461F25_LittleDaisies/project/ros_ws/install/mobile_sensor/share/mobile_sensor//node_modules/rclnodejs/generated/srv_msg
[1.028s] -- Installing: /home/ogan/ME461F25_LittleDaisies/project/ros_ws/install/mobile_sensor/share/mobile_sensor//node_modules/rclnodejs/generated/rcl_interfaces
[1.028s] -- Installing: /home/ogan/ME461F25_LittleDaisies/project/ros_ws/install/mobile_sensor/share/mobile_sensor//node_modules/rclnodejs/generated/rcl_interfaces/rcl_interfaces__msg__IntegerRange.js
[1.028s] -- Installing: /home/ogan/ME461F25_LittleDaisies/project/ros_ws/install/mobile_sensor/share/mobile_sensor//node_modules/rclnodejs/generated/rcl_interfaces/rcl_interfaces__msg__SetParametersResult.js
[1.028s] -- Installing: /home/ogan/ME461F25_LittleDaisies/project/ros_ws/install/mobile_sensor/share/mobile_sensor//node_modules/rclnodejs/generated/rcl_interfaces/rcl_interfaces__msg__ParameterEvent.js
[1.028s] -- Installing: /home/ogan/ME461F25_LittleDaisies/project/ros_ws/install/mobile_sensor/share/mobile_sensor//node_modules/rclnodejs/generated/rcl_interfaces/rcl_interfaces__msg__Log.js
[1.028s] -- Installing: /home/ogan/ME461F25_LittleDaisies/project/ros_ws/install/mobile_sensor/share/mobile_sensor//node_modules/rclnodejs/generated/rcl_interfaces/rcl_interfaces__msg__ParameterDescriptor.js
[1.028s] -- Installing: /home/ogan/ME461F25_LittleDaisies/project/ros_ws/install/mobile_sensor/share/mobile_sensor//node_modules/rclnodejs/generated/rcl_interfaces/rcl_interfaces__srv__SetParameters_Response.js
[1.028s] -- Installing: /home/ogan/ME461F25_LittleDaisies/project/ros_ws/install/mobile_sensor/share/mobile_sensor//node_modules/rclnodejs/generated/rcl_interfaces/rcl_interfaces__srv__SetParametersAtomically_Response.js
[1.029s] -- Installing: /home/ogan/ME461F25_LittleDaisies/project/ros_ws/install/mobile_sensor/share/mobile_sensor//node_modules/rclnodejs/generated/rcl_interfaces/rcl_interfaces__srv__GetParameterTypes_Response.js
[1.029s] -- Installing: /home/ogan/ME461F25_LittleDaisies/project/ros_ws/install/mobile_sensor/share/mobile_sensor//node_modules/rclnodejs/generated/rcl_interfaces/rcl_interfaces__srv__ListParameters_Response.js
[1.029s] -- Installing: /home/ogan/ME461F25_LittleDaisies/project/ros_ws/install/mobile_sensor/share/mobile_sensor//node_modules/rclnodejs/generated/rcl_interfaces/rcl_interfaces__srv__GetParameterTypes_Request.js
[1.029s] -- Installing: /home/ogan/ME461F25_LittleDaisies/project/ros_ws/install/mobile_sensor/share/mobile_sensor//node_modules/rclnodejs/generated/rcl_interfaces/rcl_interfaces__msg__ParameterType.js
[1.029s] -- Installing: /home/ogan/ME461F25_LittleDaisies/project/ros_ws/install/mobile_sensor/share/mobile_sensor//node_modules/rclnodejs/generated/rcl_interfaces/rcl_interfaces__msg__ParameterValue.js
[1.029s] -- Installing: /home/ogan/ME461F25_LittleDaisies/project/ros_ws/install/mobile_sensor/share/mobile_sensor//node_modules/rclnodejs/generated/rcl_interfaces/rcl_interfaces__srv__GetParameters_Request.js
[1.029s] -- Installing: /home/ogan/ME461F25_LittleDaisies/project/ros_ws/install/mobile_sensor/share/mobile_sensor//node_modules/rclnodejs/generated/rcl_interfaces/rcl_interfaces__srv__GetParameterTypes.js
[1.029s] -- Installing: /home/ogan/ME461F25_LittleDaisies/project/ros_ws/install/mobile_sensor/share/mobile_sensor//node_modules/rclnodejs/generated/rcl_interfaces/rcl_interfaces__srv__DescribeParameters.js
[1.030s] -- Installing: /home/ogan/ME461F25_LittleDaisies/project/ros_ws/install/mobile_sensor/share/mobile_sensor//node_modules/rclnodejs/generated/rcl_interfaces/rcl_interfaces__msg__Parameter.js
[1.030s] -- Installing: /home/ogan/ME461F25_LittleDaisies/project/ros_ws/install/mobile_sensor/share/mobile_sensor//node_modules/rclnodejs/generated/rcl_interfaces/rcl_interfaces__srv__SetParameters_Request.js
[1.030s] -- Installing: /home/ogan/ME461F25_LittleDaisies/project/ros_ws/install/mobile_sensor/share/mobile_sensor//node_modules/rclnodejs/generated/rcl_interfaces/rcl_interfaces__srv__SetParametersAtomically_Request.js
[1.030s] -- Installing: /home/ogan/ME461F25_LittleDaisies/project/ros_ws/install/mobile_sensor/share/mobile_sensor//node_modules/rclnodejs/generated/rcl_interfaces/rcl_interfaces__msg__ListParametersResult.js
[1.030s] -- Installing: /home/ogan/ME461F25_LittleDaisies/project/ros_ws/install/mobile_sensor/share/mobile_sensor//node_modules/rclnodejs/generated/rcl_interfaces/rcl_interfaces__srv__SetParameters.js
[1.030s] -- Installing: /home/ogan/ME461F25_LittleDaisies/project/ros_ws/install/mobile_sensor/share/mobile_sensor//node_modules/rclnodejs/generated/rcl_interfaces/rcl_interfaces__srv__DescribeParameters_Request.js
[1.030s] -- Installing: /home/ogan/ME461F25_LittleDaisies/project/ros_ws/install/mobile_sensor/share/mobile_sensor//node_modules/rclnodejs/generated/rcl_interfaces/rcl_interfaces__srv__ListParameters_Request.js
[1.030s] -- Installing: /home/ogan/ME461F25_LittleDaisies/project/ros_ws/install/mobile_sensor/share/mobile_sensor//node_modules/rclnodejs/generated/rcl_interfaces/rcl_interfaces__msg__ParameterEventDescriptors.js
[1.030s] -- Installing: /home/ogan/ME461F25_LittleDaisies/project/ros_ws/install/mobile_sensor/share/mobile_sensor//node_modules/rclnodejs/generated/rcl_interfaces/rcl_interfaces__srv__DescribeParameters_Response.js
[1.031s] -- Installing: /home/ogan/ME461F25_LittleDaisies/project/ros_ws/install/mobile_sensor/share/mobile_sensor//node_modules/rclnodejs/generated/rcl_interfaces/rcl_interfaces__msg__FloatingPointRange.js
[1.031s] -- Installing: /home/ogan/ME461F25_LittleDaisies/project/ros_ws/install/mobile_sensor/share/mobile_sensor//node_modules/rclnodejs/generated/rcl_interfaces/rcl_interfaces__srv__GetParameters.js
[1.031s] -- Installing: /home/ogan/ME461F25_LittleDaisies/project/ros_ws/install/mobile_sensor/share/mobile_sensor//node_modules/rclnodejs/generated/rcl_interfaces/rcl_interfaces__srv__GetParameters_Response.js
[1.031s] -- Installing: /home/ogan/ME461F25_LittleDaisies/project/ros_ws/install/mobile_sensor/share/mobile_sensor//node_modules/rclnodejs/generated/rcl_interfaces/rcl_interfaces__srv__ListParameters.js
[1.031s] -- Installing: /home/ogan/ME461F25_LittleDaisies/project/ros_ws/install/mobile_sensor/share/mobile_sensor//node_modules/rclnodejs/generated/rcl_interfaces/rcl_interfaces__srv__SetParametersAtomically.js
[1.031s] -- Installing: /home/ogan/ME461F25_LittleDaisies/project/ros_ws/install/mobile_sensor/share/mobile_sensor//node_modules/rclnodejs/generated/unique_identifier_msgs
[1.031s] -- Installing: /home/ogan/ME461F25_LittleDaisies/project/ros_ws/install/mobile_sensor/share/mobile_sensor//node_modules/rclnodejs/generated/unique_identifier_msgs/unique_identifier_msgs__msg__UUID.js
[1.031s] -- Installing: /home/ogan/ME461F25_LittleDaisies/project/ros_ws/install/mobile_sensor/share/mobile_sensor//node_modules/rclnodejs/generated/shape_msgs
[1.031s] -- Installing: /home/ogan/ME461F25_LittleDaisies/project/ros_ws/install/mobile_sensor/share/mobile_sensor//node_modules/rclnodejs/generated/shape_msgs/shape_msgs__msg__SolidPrimitive.js
[1.031s] -- Installing: /home/ogan/ME461F25_LittleDaisies/project/ros_ws/install/mobile_sensor/share/mobile_sensor//node_modules/rclnodejs/generated/shape_msgs/shape_msgs__msg__Mesh.js
[1.032s] -- Installing: /home/ogan/ME461F25_LittleDaisies/project/ros_ws/install/mobile_sensor/share/mobile_sensor//node_modules/rclnodejs/generated/shape_msgs/shape_msgs__msg__MeshTriangle.js
[1.032s] -- Installing: /home/ogan/ME461F25_LittleDaisies/project/ros_ws/install/mobile_sensor/share/mobile_sensor//node_modules/rclnodejs/generated/shape_msgs/shape_msgs__msg__Plane.js
[1.032s] -- Installing: /home/ogan/ME461F25_LittleDaisies/project/ros_ws/install/mobile_sensor/share/mobile_sensor//node_modules/rclnodejs/generated/pendulum_msgs
[1.032s] -- Installing: /home/ogan/ME461F25_LittleDaisies/project/ros_ws/install/mobile_sensor/share/mobile_sensor//node_modules/rclnodejs/generated/pendulum_msgs/pendulum_msgs__msg__JointCommand.js
[1.032s] -- Installing: /home/ogan/ME461F25_LittleDaisies/project/ros_ws/install/mobile_sensor/share/mobile_sensor//node_modules/rclnodejs/generated/pendulum_msgs/pendulum_msgs__msg__JointState.js
[1.032s] -- Installing: /home/ogan/ME461F25_LittleDaisies/project/ros_ws/install/mobile_sensor/share/mobile_sensor//node_modules/rclnodejs/generated/pendulum_msgs/pendulum_msgs__msg__RttestResults.js
[1.032s] -- Installing: /home/ogan/ME461F25_LittleDaisies/project/ros_ws/install/mobile_sensor/share/mobile_sensor//node_modules/rclnodejs/generated/mocap4r2_control_msgs
[1.032s] -- Installing: /home/ogan/ME461F25_LittleDaisies/project/ros_ws/install/mobile_sensor/share/mobile_sensor//node_modules/rclnodejs/generated/mocap4r2_control_msgs/mocap4r2_control_msgs__msg__MocapInfo.js
[1.032s] -- Installing: /home/ogan/ME461F25_LittleDaisies/project/ros_ws/install/mobile_sensor/share/mobile_sensor//node_modules/rclnodejs/generated/mocap4r2_control_msgs/mocap4r2_control_msgs__msg__Control.js
[1.032s] -- Installing: /home/ogan/ME461F25_LittleDaisies/project/ros_ws/install/mobile_sensor/share/mobile_sensor//node_modules/rclnodejs/generated/turtlesim
[1.033s] -- Installing: /home/ogan/ME461F25_LittleDaisies/project/ros_ws/install/mobile_sensor/share/mobile_sensor//node_modules/rclnodejs/generated/turtlesim/turtlesim__srv__TeleportAbsolute_Response.js
[1.033s] -- Installing: /home/ogan/ME461F25_LittleDaisies/project/ros_ws/install/mobile_sensor/share/mobile_sensor//node_modules/rclnodejs/generated/turtlesim/turtlesim__srv__Kill_Response.js
[1.033s] -- Installing: /home/ogan/ME461F25_LittleDaisies/project/ros_ws/install/mobile_sensor/share/mobile_sensor//node_modules/rclnodejs/generated/turtlesim/turtlesim__srv__SetPen.js
[1.033s] -- Installing: /home/ogan/ME461F25_LittleDaisies/project/ros_ws/install/mobile_sensor/share/mobile_sensor//node_modules/rclnodejs/generated/turtlesim/turtlesim__msg__Pose.js
[1.033s] -- Installing: /home/ogan/ME461F25_LittleDaisies/project/ros_ws/install/mobile_sensor/share/mobile_sensor//node_modules/rclnodejs/generated/turtlesim/turtlesim__action__RotateAbsolute_Feedback.js
[1.033s] -- Installing: /home/ogan/ME461F25_LittleDaisies/project/ros_ws/install/mobile_sensor/share/mobile_sensor//node_modules/rclnodejs/generated/turtlesim/turtlesim__action__RotateAbsolute_SendGoal.js
[1.033s] -- Installing: /home/ogan/ME461F25_LittleDaisies/project/ros_ws/install/mobile_sensor/share/mobile_sensor//node_modules/rclnodejs/generated/turtlesim/turtlesim__srv__Kill.js
[1.033s] -- Installing: /home/ogan/ME461F25_LittleDaisies/project/ros_ws/install/mobile_sensor/share/mobile_sensor//node_modules/rclnodejs/generated/turtlesim/turtlesim__srv__SetPen_Request.js
[1.033s] -- Installing: /home/ogan/ME461F25_LittleDaisies/project/ros_ws/install/mobile_sensor/share/mobile_sensor//node_modules/rclnodejs/generated/turtlesim/turtlesim__srv__TeleportAbsolute_Request.js
[1.034s] -- Installing: /home/ogan/ME461F25_LittleDaisies/project/ros_ws/install/mobile_sensor/share/mobile_sensor//node_modules/rclnodejs/generated/turtlesim/turtlesim__action__RotateAbsolute_Result.js
[1.034s] -- Installing: /home/ogan/ME461F25_LittleDaisies/project/ros_ws/install/mobile_sensor/share/mobile_sensor//node_modules/rclnodejs/generated/turtlesim/turtlesim__srv__TeleportRelative.js
[1.034s] -- Installing: /home/ogan/ME461F25_LittleDaisies/project/ros_ws/install/mobile_sensor/share/mobile_sensor//node_modules/rclnodejs/generated/turtlesim/turtlesim__action__RotateAbsolute_FeedbackMessage.js
[1.034s] -- Installing: /home/ogan/ME461F25_LittleDaisies/project/ros_ws/install/mobile_sensor/share/mobile_sensor//node_modules/rclnodejs/generated/turtlesim/turtlesim__action__RotateAbsolute_GetResult_Request.js
[1.034s] -- Installing: /home/ogan/ME461F25_LittleDaisies/project/ros_ws/install/mobile_sensor/share/mobile_sensor//node_modules/rclnodejs/generated/turtlesim/turtlesim__srv__TeleportAbsolute.js
[1.034s] -- Installing: /home/ogan/ME461F25_LittleDaisies/project/ros_ws/install/mobile_sensor/share/mobile_sensor//node_modules/rclnodejs/generated/turtlesim/turtlesim__action__RotateAbsolute.js
[1.034s] -- Installing: /home/ogan/ME461F25_LittleDaisies/project/ros_ws/install/mobile_sensor/share/mobile_sensor//node_modules/rclnodejs/generated/turtlesim/turtlesim__action__RotateAbsolute_Goal.js
[1.034s] -- Installing: /home/ogan/ME461F25_LittleDaisies/project/ros_ws/install/mobile_sensor/share/mobile_sensor//node_modules/rclnodejs/generated/turtlesim/turtlesim__msg__Color.js
[1.034s] -- Installing: /home/ogan/ME461F25_LittleDaisies/project/ros_ws/install/mobile_sensor/share/mobile_sensor//node_modules/rclnodejs/generated/turtlesim/turtlesim__srv__Kill_Request.js
[1.035s] -- Installing: /home/ogan/ME461F25_LittleDaisies/project/ros_ws/install/mobile_sensor/share/mobile_sensor//node_modules/rclnodejs/generated/turtlesim/turtlesim__srv__TeleportRelative_Response.js
[1.035s] -- Installing: /home/ogan/ME461F25_LittleDaisies/project/ros_ws/install/mobile_sensor/share/mobile_sensor//node_modules/rclnodejs/generated/turtlesim/turtlesim__action__RotateAbsolute_GetResult.js
[1.035s] -- Installing: /home/ogan/ME461F25_LittleDaisies/project/ros_ws/install/mobile_sensor/share/mobile_sensor//node_modules/rclnodejs/generated/turtlesim/turtlesim__action__RotateAbsolute_GetResult_Response.js
[1.035s] -- Installing: /home/ogan/ME461F25_LittleDaisies/project/ros_ws/install/mobile_sensor/share/mobile_sensor//node_modules/rclnodejs/generated/turtlesim/turtlesim__srv__Spawn_Request.js
[1.035s] -- Installing: /home/ogan/ME461F25_LittleDaisies/project/ros_ws/install/mobile_sensor/share/mobile_sensor//node_modules/rclnodejs/generated/turtlesim/turtlesim__srv__TeleportRelative_Request.js
[1.035s] -- Installing: /home/ogan/ME461F25_LittleDaisies/project/ros_ws/install/mobile_sensor/share/mobile_sensor//node_modules/rclnodejs/generated/turtlesim/turtlesim__srv__Spawn.js
[1.035s] -- Installing: /home/ogan/ME461F25_LittleDaisies/project/ros_ws/install/mobile_sensor/share/mobile_sensor//node_modules/rclnodejs/generated/turtlesim/turtlesim__action__RotateAbsolute_SendGoal_Response.js
[1.035s] -- Installing: /home/ogan/ME461F25_LittleDaisies/project/ros_ws/install/mobile_sensor/share/mobile_sensor//node_modules/rclnodejs/generated/turtlesim/turtlesim__action__RotateAbsolute_SendGoal_Request.js
[1.035s] -- Installing: /home/ogan/ME461F25_LittleDaisies/project/ros_ws/install/mobile_sensor/share/mobile_sensor//node_modules/rclnodejs/generated/turtlesim/turtlesim__srv__SetPen_Response.js
[1.035s] -- Installing: /home/ogan/ME461F25_LittleDaisies/project/ros_ws/install/mobile_sensor/share/mobile_sensor//node_modules/rclnodejs/generated/turtlesim/turtlesim__srv__Spawn_Response.js
[1.036s] -- Installing: /home/ogan/ME461F25_LittleDaisies/project/ros_ws/install/mobile_sensor/share/mobile_sensor//node_modules/rclnodejs/generated/kobot_msgs
[1.036s] -- Installing: /home/ogan/ME461F25_LittleDaisies/project/ros_ws/install/mobile_sensor/share/mobile_sensor//node_modules/rclnodejs/generated/kobot_msgs/kobot_msgs__msg__PheromoneGrid.js
[1.036s] -- Installing: /home/ogan/ME461F25_LittleDaisies/project/ros_ws/install/mobile_sensor/share/mobile_sensor//node_modules/rclnodejs/generated/kobot_msgs/kobot_msgs__msg__ToF.js
[1.036s] -- Installing: /home/ogan/ME461F25_LittleDaisies/project/ros_ws/install/mobile_sensor/share/mobile_sensor//node_modules/rclnodejs/generated/kobot_msgs/kobot_msgs__msg__ToFArray.js
[1.036s] -- Installing: /home/ogan/ME461F25_LittleDaisies/project/ros_ws/install/mobile_sensor/share/mobile_sensor//node_modules/rclnodejs/generated/kobot_msgs/kobot_msgs__msg__LandmarkArray.js
[1.036s] -- Installing: /home/ogan/ME461F25_LittleDaisies/project/ros_ws/install/mobile_sensor/share/mobile_sensor//node_modules/rclnodejs/generated/kobot_msgs/kobot_msgs__msg__Landmark.js
[1.036s] -- Installing: /home/ogan/ME461F25_LittleDaisies/project/ros_ws/install/mobile_sensor/share/mobile_sensor//node_modules/rclnodejs/generated/kobot_msgs/kobot_msgs__msg__FloorSensor.js
[1.036s] -- Installing: /home/ogan/ME461F25_LittleDaisies/project/ros_ws/install/mobile_sensor/share/mobile_sensor//node_modules/rclnodejs/generated/kobot_msgs/kobot_msgs__msg__RangeBearingSensor.js
[1.036s] -- Installing: /home/ogan/ME461F25_LittleDaisies/project/ros_ws/install/mobile_sensor/share/mobile_sensor//node_modules/rclnodejs/generated/kobot_msgs/kobot_msgs__msg__LandmarkPose.js
[1.037s] -- Installing: /home/ogan/ME461F25_LittleDaisies/project/ros_ws/install/mobile_sensor/share/mobile_sensor//node_modules/rclnodejs/generated/kobot_msgs/kobot_msgs__msg__VirtualSensor.js
[1.037s] -- Installing: /home/ogan/ME461F25_LittleDaisies/project/ros_ws/install/mobile_sensor/share/mobile_sensor//node_modules/rclnodejs/generated/kobot_msgs/kobot_msgs__msg__RangeRobotDetector.js
[1.037s] -- Installing: /home/ogan/ME461F25_LittleDaisies/project/ros_ws/install/mobile_sensor/share/mobile_sensor//node_modules/rclnodejs/generated/kobot_msgs/kobot_msgs__msg__PheromoneSensor.js
[1.037s] -- Installing: /home/ogan/ME461F25_LittleDaisies/project/ros_ws/install/mobile_sensor/share/mobile_sensor//node_modules/rclnodejs/generated/logging_demo
[1.037s] -- Installing: /home/ogan/ME461F25_LittleDaisies/project/ros_ws/install/mobile_sensor/share/mobile_sensor//node_modules/rclnodejs/generated/logging_demo/logging_demo__srv__ConfigLogger_Response.js
[1.037s] -- Installing: /home/ogan/ME461F25_LittleDaisies/project/ros_ws/install/mobile_sensor/share/mobile_sensor//node_modules/rclnodejs/generated/logging_demo/logging_demo__srv__ConfigLogger_Request.js
[1.037s] -- Installing: /home/ogan/ME461F25_LittleDaisies/project/ros_ws/install/mobile_sensor/share/mobile_sensor//node_modules/rclnodejs/generated/logging_demo/logging_demo__srv__ConfigLogger.js
[1.037s] -- Installing: /home/ogan/ME461F25_LittleDaisies/project/ros_ws/install/mobile_sensor/share/mobile_sensor//node_modules/rclnodejs/generated/std_msgs
[1.037s] -- Installing: /home/ogan/ME461F25_LittleDaisies/project/ros_ws/install/mobile_sensor/share/mobile_sensor//node_modules/rclnodejs/generated/std_msgs/std_msgs__msg__Int64.js
[1.038s] -- Installing: /home/ogan/ME461F25_LittleDaisies/project/ros_ws/install/mobile_sensor/share/mobile_sensor//node_modules/rclnodejs/generated/std_msgs/std_msgs__msg__UInt32MultiArray.js
[1.038s] -- Installing: /home/ogan/ME461F25_LittleDaisies/project/ros_ws/install/mobile_sensor/share/mobile_sensor//node_modules/rclnodejs/generated/std_msgs/std_msgs__msg__Float64MultiArray.js
[1.038s] -- Installing: /home/ogan/ME461F25_LittleDaisies/project/ros_ws/install/mobile_sensor/share/mobile_sensor//node_modules/rclnodejs/generated/std_msgs/std_msgs__msg__Empty.js
[1.038s] -- Installing: /home/ogan/ME461F25_LittleDaisies/project/ros_ws/install/mobile_sensor/share/mobile_sensor//node_modules/rclnodejs/generated/std_msgs/std_msgs__msg__Bool.js
[1.038s] -- Installing: /home/ogan/ME461F25_LittleDaisies/project/ros_ws/install/mobile_sensor/share/mobile_sensor//node_modules/rclnodejs/generated/std_msgs/std_msgs__msg__Header.js
[1.038s] -- Installing: /home/ogan/ME461F25_LittleDaisies/project/ros_ws/install/mobile_sensor/share/mobile_sensor//node_modules/rclnodejs/generated/std_msgs/std_msgs__msg__ColorRGBA.js
[1.038s] -- Installing: /home/ogan/ME461F25_LittleDaisies/project/ros_ws/install/mobile_sensor/share/mobile_sensor//node_modules/rclnodejs/generated/std_msgs/std_msgs__msg__Int32MultiArray.js
[1.038s] -- Installing: /home/ogan/ME461F25_LittleDaisies/project/ros_ws/install/mobile_sensor/share/mobile_sensor//node_modules/rclnodejs/generated/std_msgs/std_msgs__msg__Float32MultiArray.js
[1.038s] -- Installing: /home/ogan/ME461F25_LittleDaisies/project/ros_ws/install/mobile_sensor/share/mobile_sensor//node_modules/rclnodejs/generated/std_msgs/std_msgs__msg__UInt64.js
[1.039s] -- Installing: /home/ogan/ME461F25_LittleDaisies/project/ros_ws/install/mobile_sensor/share/mobile_sensor//node_modules/rclnodejs/generated/std_msgs/std_msgs__msg__UInt8MultiArray.js
[1.039s] -- Installing: /home/ogan/ME461F25_LittleDaisies/project/ros_ws/install/mobile_sensor/share/mobile_sensor//node_modules/rclnodejs/generated/std_msgs/std_msgs__msg__UInt32.js
[1.039s] -- Installing: /home/ogan/ME461F25_LittleDaisies/project/ros_ws/install/mobile_sensor/share/mobile_sensor//node_modules/rclnodejs/generated/std_msgs/std_msgs__msg__Char.js
[1.039s] -- Installing: /home/ogan/ME461F25_LittleDaisies/project/ros_ws/install/mobile_sensor/share/mobile_sensor//node_modules/rclnodejs/generated/std_msgs/std_msgs__msg__Int16MultiArray.js
[1.039s] -- Installing: /home/ogan/ME461F25_LittleDaisies/project/ros_ws/install/mobile_sensor/share/mobile_sensor//node_modules/rclnodejs/generated/std_msgs/std_msgs__msg__Byte.js
[1.039s] -- Installing: /home/ogan/ME461F25_LittleDaisies/project/ros_ws/install/mobile_sensor/share/mobile_sensor//node_modules/rclnodejs/generated/std_msgs/std_msgs__msg__UInt16.js
[1.039s] -- Installing: /home/ogan/ME461F25_LittleDaisies/project/ros_ws/install/mobile_sensor/share/mobile_sensor//node_modules/rclnodejs/generated/std_msgs/std_msgs__msg__Float64.js
[1.039s] -- Installing: /home/ogan/ME461F25_LittleDaisies/project/ros_ws/install/mobile_sensor/share/mobile_sensor//node_modules/rclnodejs/generated/std_msgs/std_msgs__msg__UInt64MultiArray.js
[1.039s] -- Installing: /home/ogan/ME461F25_LittleDaisies/project/ros_ws/install/mobile_sensor/share/mobile_sensor//node_modules/rclnodejs/generated/std_msgs/std_msgs__msg__Int16.js
[1.040s] -- Installing: /home/ogan/ME461F25_LittleDaisies/project/ros_ws/install/mobile_sensor/share/mobile_sensor//node_modules/rclnodejs/generated/std_msgs/std_msgs__msg__UInt8.js
[1.040s] -- Installing: /home/ogan/ME461F25_LittleDaisies/project/ros_ws/install/mobile_sensor/share/mobile_sensor//node_modules/rclnodejs/generated/std_msgs/std_msgs__msg__Int32.js
[1.040s] -- Installing: /home/ogan/ME461F25_LittleDaisies/project/ros_ws/install/mobile_sensor/share/mobile_sensor//node_modules/rclnodejs/generated/std_msgs/std_msgs__msg__MultiArrayDimension.js
[1.040s] -- Installing: /home/ogan/ME461F25_LittleDaisies/project/ros_ws/install/mobile_sensor/share/mobile_sensor//node_modules/rclnodejs/generated/std_msgs/std_msgs__msg__MultiArrayLayout.js
[1.040s] -- Installing: /home/ogan/ME461F25_LittleDaisies/project/ros_ws/install/mobile_sensor/share/mobile_sensor//node_modules/rclnodejs/generated/std_msgs/std_msgs__msg__ByteMultiArray.js
[1.040s] -- Installing: /home/ogan/ME461F25_LittleDaisies/project/ros_ws/install/mobile_sensor/share/mobile_sensor//node_modules/rclnodejs/generated/std_msgs/std_msgs__msg__UInt16MultiArray.js
[1.040s] -- Installing: /home/ogan/ME461F25_LittleDaisies/project/ros_ws/install/mobile_sensor/share/mobile_sensor//node_modules/rclnodejs/generated/std_msgs/std_msgs__msg__Int64MultiArray.js
[1.040s] -- Installing: /home/ogan/ME461F25_LittleDaisies/project/ros_ws/install/mobile_sensor/share/mobile_sensor//node_modules/rclnodejs/generated/std_msgs/std_msgs__msg__Int8MultiArray.js
[1.041s] -- Installing: /home/ogan/ME461F25_LittleDaisies/project/ros_ws/install/mobile_sensor/share/mobile_sensor//node_modules/rclnodejs/generated/std_msgs/std_msgs__msg__Int8.js
[1.041s] -- Installing: /home/ogan/ME461F25_LittleDaisies/project/ros_ws/install/mobile_sensor/share/mobile_sensor//node_modules/rclnodejs/generated/std_msgs/std_msgs__msg__Float32.js
[1.041s] -- Installing: /home/ogan/ME461F25_LittleDaisies/project/ros_ws/install/mobile_sensor/share/mobile_sensor//node_modules/rclnodejs/generated/std_msgs/std_msgs__msg__String.js
[1.041s] -- Installing: /home/ogan/ME461F25_LittleDaisies/project/ros_ws/install/mobile_sensor/share/mobile_sensor//node_modules/rclnodejs/generated/controller_manager_msgs
[1.041s] -- Installing: /home/ogan/ME461F25_LittleDaisies/project/ros_ws/install/mobile_sensor/share/mobile_sensor//node_modules/rclnodejs/generated/controller_manager_msgs/controller_manager_msgs__msg__HardwareComponentState.js
[1.041s] -- Installing: /home/ogan/ME461F25_LittleDaisies/project/ros_ws/install/mobile_sensor/share/mobile_sensor//node_modules/rclnodejs/generated/controller_manager_msgs/controller_manager_msgs__msg__HardwareInterface.js
[1.041s] -- Installing: /home/ogan/ME461F25_LittleDaisies/project/ros_ws/install/mobile_sensor/share/mobile_sensor//node_modules/rclnodejs/generated/controller_manager_msgs/controller_manager_msgs__srv__ListControllers_Response.js
[1.041s] -- Installing: /home/ogan/ME461F25_LittleDaisies/project/ros_ws/install/mobile_sensor/share/mobile_sensor//node_modules/rclnodejs/generated/controller_manager_msgs/controller_manager_msgs__msg__ChainConnection.js
[1.041s] -- Installing: /home/ogan/ME461F25_LittleDaisies/project/ros_ws/install/mobile_sensor/share/mobile_sensor//node_modules/rclnodejs/generated/controller_manager_msgs/controller_manager_msgs__srv__ListControllerTypes_Response.js
[1.041s] -- Installing: /home/ogan/ME461F25_LittleDaisies/project/ros_ws/install/mobile_sensor/share/mobile_sensor//node_modules/rclnodejs/generated/controller_manager_msgs/controller_manager_msgs__srv__SwitchController_Response.js
[1.042s] -- Installing: /home/ogan/ME461F25_LittleDaisies/project/ros_ws/install/mobile_sensor/share/mobile_sensor//node_modules/rclnodejs/generated/controller_manager_msgs/controller_manager_msgs__srv__SwitchController.js
[1.042s] -- Installing: /home/ogan/ME461F25_LittleDaisies/project/ros_ws/install/mobile_sensor/share/mobile_sensor//node_modules/rclnodejs/generated/controller_manager_msgs/controller_manager_msgs__srv__SetHardwareComponentState_Response.js
[1.042s] -- Installing: /home/ogan/ME461F25_LittleDaisies/project/ros_ws/install/mobile_sensor/share/mobile_sensor//node_modules/rclnodejs/generated/controller_manager_msgs/controller_manager_msgs__srv__SwitchController_Request.js
[1.042s] -- Installing: /home/ogan/ME461F25_LittleDaisies/project/ros_ws/install/mobile_sensor/share/mobile_sensor//node_modules/rclnodejs/generated/controller_manager_msgs/controller_manager_msgs__srv__ConfigureController.js
[1.042s] -- Installing: /home/ogan/ME461F25_LittleDaisies/project/ros_ws/install/mobile_sensor/share/mobile_sensor//node_modules/rclnodejs/generated/controller_manager_msgs/controller_manager_msgs__srv__ListHardwareInterfaces.js
[1.042s] -- Installing: /home/ogan/ME461F25_LittleDaisies/project/ros_ws/install/mobile_sensor/share/mobile_sensor//node_modules/rclnodejs/generated/controller_manager_msgs/controller_manager_msgs__srv__LoadController_Response.js
[1.042s] -- Installing: /home/ogan/ME461F25_LittleDaisies/project/ros_ws/install/mobile_sensor/share/mobile_sensor//node_modules/rclnodejs/generated/controller_manager_msgs/controller_manager_msgs__srv__SetHardwareComponentState.js
[1.042s] -- Installing: /home/ogan/ME461F25_LittleDaisies/project/ros_ws/install/mobile_sensor/share/mobile_sensor//node_modules/rclnodejs/generated/controller_manager_msgs/controller_manager_msgs__srv__ListControllerTypes_Request.js
[1.043s] -- Installing: /home/ogan/ME461F25_LittleDaisies/project/ros_ws/install/mobile_sensor/share/mobile_sensor//node_modules/rclnodejs/generated/controller_manager_msgs/controller_manager_msgs__msg__ControllerState.js
[1.043s] -- Installing: /home/ogan/ME461F25_LittleDaisies/project/ros_ws/install/mobile_sensor/share/mobile_sensor//node_modules/rclnodejs/generated/controller_manager_msgs/controller_manager_msgs__srv__LoadController_Request.js
[1.043s] -- Installing: /home/ogan/ME461F25_LittleDaisies/project/ros_ws/install/mobile_sensor/share/mobile_sensor//node_modules/rclnodejs/generated/controller_manager_msgs/controller_manager_msgs__srv__ConfigureController_Response.js
[1.043s] -- Installing: /home/ogan/ME461F25_LittleDaisies/project/ros_ws/install/mobile_sensor/share/mobile_sensor//node_modules/rclnodejs/generated/controller_manager_msgs/controller_manager_msgs__srv__ListHardwareInterfaces_Response.js
[1.043s] -- Installing: /home/ogan/ME461F25_LittleDaisies/project/ros_ws/install/mobile_sensor/share/mobile_sensor//node_modules/rclnodejs/generated/controller_manager_msgs/controller_manager_msgs__srv__UnloadController.js
[1.043s] -- Installing: /home/ogan/ME461F25_LittleDaisies/project/ros_ws/install/mobile_sensor/share/mobile_sensor//node_modules/rclnodejs/generated/controller_manager_msgs/controller_manager_msgs__srv__ReloadControllerLibraries.js
[1.043s] -- Installing: /home/ogan/ME461F25_LittleDaisies/project/ros_ws/install/mobile_sensor/share/mobile_sensor//node_modules/rclnodejs/generated/controller_manager_msgs/controller_manager_msgs__srv__ListHardwareComponents.js
[1.043s] -- Installing: /home/ogan/ME461F25_LittleDaisies/project/ros_ws/install/mobile_sensor/share/mobile_sensor//node_modules/rclnodejs/generated/controller_manager_msgs/controller_manager_msgs__srv__ListHardwareComponents_Response.js
[1.043s] -- Installing: /home/ogan/ME461F25_LittleDaisies/project/ros_ws/install/mobile_sensor/share/mobile_sensor//node_modules/rclnodejs/generated/controller_manager_msgs/controller_manager_msgs__srv__UnloadController_Response.js
[1.044s] -- Installing: /home/ogan/ME461F25_LittleDaisies/project/ros_ws/install/mobile_sensor/share/mobile_sensor//node_modules/rclnodejs/generated/controller_manager_msgs/controller_manager_msgs__srv__ListHardwareInterfaces_Request.js
[1.044s] -- Installing: /home/ogan/ME461F25_LittleDaisies/project/ros_ws/install/mobile_sensor/share/mobile_sensor//node_modules/rclnodejs/generated/controller_manager_msgs/controller_manager_msgs__srv__ReloadControllerLibraries_Response.js
[1.044s] -- Installing: /home/ogan/ME461F25_LittleDaisies/project/ros_ws/install/mobile_sensor/share/mobile_sensor//node_modules/rclnodejs/generated/controller_manager_msgs/controller_manager_msgs__srv__UnloadController_Request.js
[1.044s] -- Installing: /home/ogan/ME461F25_LittleDaisies/project/ros_ws/install/mobile_sensor/share/mobile_sensor//node_modules/rclnodejs/generated/controller_manager_msgs/controller_manager_msgs__srv__ConfigureController_Request.js
[1.044s] -- Installing: /home/ogan/ME461F25_LittleDaisies/project/ros_ws/install/mobile_sensor/share/mobile_sensor//node_modules/rclnodejs/generated/controller_manager_msgs/controller_manager_msgs__srv__ListControllers.js
[1.044s] -- Installing: /home/ogan/ME461F25_LittleDaisies/project/ros_ws/install/mobile_sensor/share/mobile_sensor//node_modules/rclnodejs/generated/controller_manager_msgs/controller_manager_msgs__srv__LoadController.js
[1.044s] -- Installing: /home/ogan/ME461F25_LittleDaisies/project/ros_ws/install/mobile_sensor/share/mobile_sensor//node_modules/rclnodejs/generated/controller_manager_msgs/controller_manager_msgs__srv__ListControllerTypes.js
[1.044s] -- Installing: /home/ogan/ME461F25_LittleDaisies/project/ros_ws/install/mobile_sensor/share/mobile_sensor//node_modules/rclnodejs/generated/controller_manager_msgs/controller_manager_msgs__srv__ReloadControllerLibraries_Request.js
[1.044s] -- Installing: /home/ogan/ME461F25_LittleDaisies/project/ros_ws/install/mobile_sensor/share/mobile_sensor//node_modules/rclnodejs/generated/controller_manager_msgs/controller_manager_msgs__srv__ListControllers_Request.js
[1.045s] -- Installing: /home/ogan/ME461F25_LittleDaisies/project/ros_ws/install/mobile_sensor/share/mobile_sensor//node_modules/rclnodejs/generated/controller_manager_msgs/controller_manager_msgs__srv__SetHardwareComponentState_Request.js
[1.045s] -- Installing: /home/ogan/ME461F25_LittleDaisies/project/ros_ws/install/mobile_sensor/share/mobile_sensor//node_modules/rclnodejs/generated/controller_manager_msgs/controller_manager_msgs__srv__ListHardwareComponents_Request.js
[1.045s] -- Installing: /home/ogan/ME461F25_LittleDaisies/project/ros_ws/install/mobile_sensor/share/mobile_sensor//node_modules/rclnodejs/generated/trajectory_msgs
[1.045s] -- Installing: /home/ogan/ME461F25_LittleDaisies/project/ros_ws/install/mobile_sensor/share/mobile_sensor//node_modules/rclnodejs/generated/trajectory_msgs/trajectory_msgs__msg__MultiDOFJointTrajectoryPoint.js
[1.045s] -- Installing: /home/ogan/ME461F25_LittleDaisies/project/ros_ws/install/mobile_sensor/share/mobile_sensor//node_modules/rclnodejs/generated/trajectory_msgs/trajectory_msgs__msg__JointTrajectory.js
[1.045s] -- Installing: /home/ogan/ME461F25_LittleDaisies/project/ros_ws/install/mobile_sensor/share/mobile_sensor//node_modules/rclnodejs/generated/trajectory_msgs/trajectory_msgs__msg__MultiDOFJointTrajectory.js
[1.045s] -- Installing: /home/ogan/ME461F25_LittleDaisies/project/ros_ws/install/mobile_sensor/share/mobile_sensor//node_modules/rclnodejs/generated/trajectory_msgs/trajectory_msgs__msg__JointTrajectoryPoint.js
[1.045s] -- Installing: /home/ogan/ME461F25_LittleDaisies/project/ros_ws/install/mobile_sensor/share/mobile_sensor//node_modules/rclnodejs/generated/tf2_msgs
[1.045s] -- Installing: /home/ogan/ME461F25_LittleDaisies/project/ros_ws/install/mobile_sensor/share/mobile_sensor//node_modules/rclnodejs/generated/tf2_msgs/tf2_msgs__action__LookupTransform_FeedbackMessage.js
[1.045s] -- Installing: /home/ogan/ME461F25_LittleDaisies/project/ros_ws/install/mobile_sensor/share/mobile_sensor//node_modules/rclnodejs/generated/tf2_msgs/tf2_msgs__action__LookupTransform_GetResult_Request.js
[1.046s] -- Installing: /home/ogan/ME461F25_LittleDaisies/project/ros_ws/install/mobile_sensor/share/mobile_sensor//node_modules/rclnodejs/generated/tf2_msgs/tf2_msgs__action__LookupTransform_SendGoal_Response.js
[1.046s] -- Installing: /home/ogan/ME461F25_LittleDaisies/project/ros_ws/install/mobile_sensor/share/mobile_sensor//node_modules/rclnodejs/generated/tf2_msgs/tf2_msgs__action__LookupTransform_SendGoal.js
[1.046s] -- Installing: /home/ogan/ME461F25_LittleDaisies/project/ros_ws/install/mobile_sensor/share/mobile_sensor//node_modules/rclnodejs/generated/tf2_msgs/tf2_msgs__action__LookupTransform.js
[1.046s] -- Installing: /home/ogan/ME461F25_LittleDaisies/project/ros_ws/install/mobile_sensor/share/mobile_sensor//node_modules/rclnodejs/generated/tf2_msgs/tf2_msgs__msg__TF2Error.js
[1.046s] -- Installing: /home/ogan/ME461F25_LittleDaisies/project/ros_ws/install/mobile_sensor/share/mobile_sensor//node_modules/rclnodejs/generated/tf2_msgs/tf2_msgs__msg__TFMessage.js
[1.046s] -- Installing: /home/ogan/ME461F25_LittleDaisies/project/ros_ws/install/mobile_sensor/share/mobile_sensor//node_modules/rclnodejs/generated/tf2_msgs/tf2_msgs__srv__FrameGraph_Request.js
[1.046s] -- Installing: /home/ogan/ME461F25_LittleDaisies/project/ros_ws/install/mobile_sensor/share/mobile_sensor//node_modules/rclnodejs/generated/tf2_msgs/tf2_msgs__action__LookupTransform_GetResult.js
[1.046s] -- Installing: /home/ogan/ME461F25_LittleDaisies/project/ros_ws/install/mobile_sensor/share/mobile_sensor//node_modules/rclnodejs/generated/tf2_msgs/tf2_msgs__action__LookupTransform_Result.js
[1.046s] -- Installing: /home/ogan/ME461F25_LittleDaisies/project/ros_ws/install/mobile_sensor/share/mobile_sensor//node_modules/rclnodejs/generated/tf2_msgs/tf2_msgs__srv__FrameGraph.js
[1.046s] -- Installing: /home/ogan/ME461F25_LittleDaisies/project/ros_ws/install/mobile_sensor/share/mobile_sensor//node_modules/rclnodejs/generated/tf2_msgs/tf2_msgs__action__LookupTransform_GetResult_Response.js
[1.047s] -- Installing: /home/ogan/ME461F25_LittleDaisies/project/ros_ws/install/mobile_sensor/share/mobile_sensor//node_modules/rclnodejs/generated/tf2_msgs/tf2_msgs__action__LookupTransform_Goal.js
[1.047s] -- Installing: /home/ogan/ME461F25_LittleDaisies/project/ros_ws/install/mobile_sensor/share/mobile_sensor//node_modules/rclnodejs/generated/tf2_msgs/tf2_msgs__action__LookupTransform_SendGoal_Request.js
[1.047s] -- Installing: /home/ogan/ME461F25_LittleDaisies/project/ros_ws/install/mobile_sensor/share/mobile_sensor//node_modules/rclnodejs/generated/tf2_msgs/tf2_msgs__srv__FrameGraph_Response.js
[1.047s] -- Installing: /home/ogan/ME461F25_LittleDaisies/project/ros_ws/install/mobile_sensor/share/mobile_sensor//node_modules/rclnodejs/generated/tf2_msgs/tf2_msgs__action__LookupTransform_Feedback.js
[1.047s] -- Installing: /home/ogan/ME461F25_LittleDaisies/project/ros_ws/install/mobile_sensor/share/mobile_sensor//node_modules/rclnodejs/generated/pcl_msgs
[1.047s] -- Installing: /home/ogan/ME461F25_LittleDaisies/project/ros_ws/install/mobile_sensor/share/mobile_sensor//node_modules/rclnodejs/generated/pcl_msgs/pcl_msgs__srv__UpdateFilename.js
[1.047s] -- Installing: /home/ogan/ME461F25_LittleDaisies/project/ros_ws/install/mobile_sensor/share/mobile_sensor//node_modules/rclnodejs/generated/pcl_msgs/pcl_msgs__srv__UpdateFilename_Request.js
[1.047s] -- Installing: /home/ogan/ME461F25_LittleDaisies/project/ros_ws/install/mobile_sensor/share/mobile_sensor//node_modules/rclnodejs/generated/pcl_msgs/pcl_msgs__msg__PointIndices.js
[1.047s] -- Installing: /home/ogan/ME461F25_LittleDaisies/project/ros_ws/install/mobile_sensor/share/mobile_sensor//node_modules/rclnodejs/generated/pcl_msgs/pcl_msgs__srv__UpdateFilename_Response.js
[1.047s] -- Installing: /home/ogan/ME461F25_LittleDaisies/project/ros_ws/install/mobile_sensor/share/mobile_sensor//node_modules/rclnodejs/generated/pcl_msgs/pcl_msgs__msg__Vertices.js
[1.048s] -- Installing: /home/ogan/ME461F25_LittleDaisies/project/ros_ws/install/mobile_sensor/share/mobile_sensor//node_modules/rclnodejs/generated/pcl_msgs/pcl_msgs__msg__ModelCoefficients.js
[1.048s] -- Installing: /home/ogan/ME461F25_LittleDaisies/project/ros_ws/install/mobile_sensor/share/mobile_sensor//node_modules/rclnodejs/generated/pcl_msgs/pcl_msgs__msg__PolygonMesh.js
[1.048s] -- Installing: /home/ogan/ME461F25_LittleDaisies/project/ros_ws/install/mobile_sensor/share/mobile_sensor//node_modules/rclnodejs/generated/diagnostic_msgs
[1.048s] -- Installing: /home/ogan/ME461F25_LittleDaisies/project/ros_ws/install/mobile_sensor/share/mobile_sensor//node_modules/rclnodejs/generated/diagnostic_msgs/diagnostic_msgs__srv__AddDiagnostics_Response.js
[1.048s] -- Installing: /home/ogan/ME461F25_LittleDaisies/project/ros_ws/install/mobile_sensor/share/mobile_sensor//node_modules/rclnodejs/generated/diagnostic_msgs/diagnostic_msgs__srv__AddDiagnostics_Request.js
[1.048s] -- Installing: /home/ogan/ME461F25_LittleDaisies/project/ros_ws/install/mobile_sensor/share/mobile_sensor//node_modules/rclnodejs/generated/diagnostic_msgs/diagnostic_msgs__srv__AddDiagnostics.js
[1.048s] -- Installing: /home/ogan/ME461F25_LittleDaisies/project/ros_ws/install/mobile_sensor/share/mobile_sensor//node_modules/rclnodejs/generated/diagnostic_msgs/diagnostic_msgs__srv__SelfTest_Response.js
[1.048s] -- Installing: /home/ogan/ME461F25_LittleDaisies/project/ros_ws/install/mobile_sensor/share/mobile_sensor//node_modules/rclnodejs/generated/diagnostic_msgs/diagnostic_msgs__msg__DiagnosticArray.js
[1.049s] -- Installing: /home/ogan/ME461F25_LittleDaisies/project/ros_ws/install/mobile_sensor/share/mobile_sensor//node_modules/rclnodejs/generated/diagnostic_msgs/diagnostic_msgs__srv__SelfTest_Request.js
[1.049s] -- Installing: /home/ogan/ME461F25_LittleDaisies/project/ros_ws/install/mobile_sensor/share/mobile_sensor//node_modules/rclnodejs/generated/diagnostic_msgs/diagnostic_msgs__srv__SelfTest.js
[1.049s] -- Installing: /home/ogan/ME461F25_LittleDaisies/project/ros_ws/install/mobile_sensor/share/mobile_sensor//node_modules/rclnodejs/generated/diagnostic_msgs/diagnostic_msgs__msg__DiagnosticStatus.js
[1.049s] -- Installing: /home/ogan/ME461F25_LittleDaisies/project/ros_ws/install/mobile_sensor/share/mobile_sensor//node_modules/rclnodejs/generated/diagnostic_msgs/diagnostic_msgs__msg__KeyValue.js
[1.049s] -- Installing: /home/ogan/ME461F25_LittleDaisies/project/ros_ws/install/mobile_sensor/share/mobile_sensor//node_modules/rclnodejs/generated/generator.json
[1.049s] -- Installing: /home/ogan/ME461F25_LittleDaisies/project/ros_ws/install/mobile_sensor/share/mobile_sensor//node_modules/rclnodejs/generated/theora_image_transport
[1.049s] -- Installing: /home/ogan/ME461F25_LittleDaisies/project/ros_ws/install/mobile_sensor/share/mobile_sensor//node_modules/rclnodejs/generated/theora_image_transport/theora_image_transport__msg__Packet.js
[1.049s] -- Installing: /home/ogan/ME461F25_LittleDaisies/project/ros_ws/install/mobile_sensor/share/mobile_sensor//node_modules/rclnodejs/generated/action_tutorials_interfaces
[1.049s] -- Installing: /home/ogan/ME461F25_LittleDaisies/project/ros_ws/install/mobile_sensor/share/mobile_sensor//node_modules/rclnodejs/generated/action_tutorials_interfaces/action_tutorials_interfaces__action__Fibonacci_SendGoal_Response.js
[1.049s] -- Installing: /home/ogan/ME461F25_LittleDaisies/project/ros_ws/install/mobile_sensor/share/mobile_sensor//node_modules/rclnodejs/generated/action_tutorials_interfaces/action_tutorials_interfaces__action__Fibonacci_Feedback.js
[1.050s] -- Installing: /home/ogan/ME461F25_LittleDaisies/project/ros_ws/install/mobile_sensor/share/mobile_sensor//node_modules/rclnodejs/generated/action_tutorials_interfaces/action_tutorials_interfaces__action__Fibonacci_GetResult_Request.js
[1.050s] -- Installing: /home/ogan/ME461F25_LittleDaisies/project/ros_ws/install/mobile_sensor/share/mobile_sensor//node_modules/rclnodejs/generated/action_tutorials_interfaces/action_tutorials_interfaces__action__Fibonacci_FeedbackMessage.js
[1.050s] -- Installing: /home/ogan/ME461F25_LittleDaisies/project/ros_ws/install/mobile_sensor/share/mobile_sensor//node_modules/rclnodejs/generated/action_tutorials_interfaces/action_tutorials_interfaces__action__Fibonacci_Goal.js
[1.050s] -- Installing: /home/ogan/ME461F25_LittleDaisies/project/ros_ws/install/mobile_sensor/share/mobile_sensor//node_modules/rclnodejs/generated/action_tutorials_interfaces/action_tutorials_interfaces__action__Fibonacci_SendGoal.js
[1.050s] -- Installing: /home/ogan/ME461F25_LittleDaisies/project/ros_ws/install/mobile_sensor/share/mobile_sensor//node_modules/rclnodejs/generated/action_tutorials_interfaces/action_tutorials_interfaces__action__Fibonacci_GetResult_Response.js
[1.050s] -- Installing: /home/ogan/ME461F25_LittleDaisies/project/ros_ws/install/mobile_sensor/share/mobile_sensor//node_modules/rclnodejs/generated/action_tutorials_interfaces/action_tutorials_interfaces__action__Fibonacci.js
[1.050s] -- Installing: /home/ogan/ME461F25_LittleDaisies/project/ros_ws/install/mobile_sensor/share/mobile_sensor//node_modules/rclnodejs/generated/action_tutorials_interfaces/action_tutorials_interfaces__action__Fibonacci_SendGoal_Request.js
[1.050s] -- Installing: /home/ogan/ME461F25_LittleDaisies/project/ros_ws/install/mobile_sensor/share/mobile_sensor//node_modules/rclnodejs/generated/action_tutorials_interfaces/action_tutorials_interfaces__action__Fibonacci_Result.js
[1.051s] -- Installing: /home/ogan/ME461F25_LittleDaisies/project/ros_ws/install/mobile_sensor/share/mobile_sensor//node_modules/rclnodejs/generated/action_tutorials_interfaces/action_tutorials_interfaces__action__Fibonacci_GetResult.js
[1.051s] -- Installing: /home/ogan/ME461F25_LittleDaisies/project/ros_ws/install/mobile_sensor/share/mobile_sensor//node_modules/rclnodejs/generated/example_interfaces
[1.051s] -- Installing: /home/ogan/ME461F25_LittleDaisies/project/ros_ws/install/mobile_sensor/share/mobile_sensor//node_modules/rclnodejs/generated/example_interfaces/example_interfaces__msg__UInt8MultiArray.js
[1.051s] -- Installing: /home/ogan/ME461F25_LittleDaisies/project/ros_ws/install/mobile_sensor/share/mobile_sensor//node_modules/rclnodejs/generated/example_interfaces/example_interfaces__msg__Int32.js
[1.051s] -- Installing: /home/ogan/ME461F25_LittleDaisies/project/ros_ws/install/mobile_sensor/share/mobile_sensor//node_modules/rclnodejs/generated/example_interfaces/example_interfaces__srv__Trigger_Request.js
[1.051s] -- Installing: /home/ogan/ME461F25_LittleDaisies/project/ros_ws/install/mobile_sensor/share/mobile_sensor//node_modules/rclnodejs/generated/example_interfaces/example_interfaces__msg__Byte.js
[1.051s] -- Installing: /home/ogan/ME461F25_LittleDaisies/project/ros_ws/install/mobile_sensor/share/mobile_sensor//node_modules/rclnodejs/generated/example_interfaces/example_interfaces__srv__SetBool_Response.js
[1.051s] -- Installing: /home/ogan/ME461F25_LittleDaisies/project/ros_ws/install/mobile_sensor/share/mobile_sensor//node_modules/rclnodejs/generated/example_interfaces/example_interfaces__msg__Char.js
[1.051s] -- Installing: /home/ogan/ME461F25_LittleDaisies/project/ros_ws/install/mobile_sensor/share/mobile_sensor//node_modules/rclnodejs/generated/example_interfaces/example_interfaces__msg__UInt32.js
[1.052s] -- Installing: /home/ogan/ME461F25_LittleDaisies/project/ros_ws/install/mobile_sensor/share/mobile_sensor//node_modules/rclnodejs/generated/example_interfaces/example_interfaces__srv__Trigger.js
[1.052s] -- Installing: /home/ogan/ME461F25_LittleDaisies/project/ros_ws/install/mobile_sensor/share/mobile_sensor//node_modules/rclnodejs/generated/example_interfaces/example_interfaces__msg__ByteMultiArray.js
[1.052s] -- Installing: /home/ogan/ME461F25_LittleDaisies/project/ros_ws/install/mobile_sensor/share/mobile_sensor//node_modules/rclnodejs/generated/example_interfaces/example_interfaces__msg__Float64MultiArray.js
[1.052s] -- Installing: /home/ogan/ME461F25_LittleDaisies/project/ros_ws/install/mobile_sensor/share/mobile_sensor//node_modules/rclnodejs/generated/example_interfaces/example_interfaces__action__Fibonacci_SendGoal_Request.js
[1.053s] -- Installing: /home/ogan/ME461F25_LittleDaisies/project/ros_ws/install/mobile_sensor/share/mobile_sensor//node_modules/rclnodejs/generated/example_interfaces/example_interfaces__msg__Int8.js
[1.053s] -- Installing: /home/ogan/ME461F25_LittleDaisies/project/ros_ws/install/mobile_sensor/share/mobile_sensor//node_modules/rclnodejs/generated/example_interfaces/example_interfaces__msg__UInt64MultiArray.js
[1.053s] -- Installing: /home/ogan/ME461F25_LittleDaisies/project/ros_ws/install/mobile_sensor/share/mobile_sensor//node_modules/rclnodejs/generated/example_interfaces/example_interfaces__action__Fibonacci_Feedback.js
[1.053s] -- Installing: /home/ogan/ME461F25_LittleDaisies/project/ros_ws/install/mobile_sensor/share/mobile_sensor//node_modules/rclnodejs/generated/example_interfaces/example_interfaces__msg__MultiArrayDimension.js
[1.053s] -- Installing: /home/ogan/ME461F25_LittleDaisies/project/ros_ws/install/mobile_sensor/share/mobile_sensor//node_modules/rclnodejs/generated/example_interfaces/example_interfaces__msg__Bool.js
[1.053s] -- Installing: /home/ogan/ME461F25_LittleDaisies/project/ros_ws/install/mobile_sensor/share/mobile_sensor//node_modules/rclnodejs/generated/example_interfaces/example_interfaces__action__Fibonacci_GetResult.js
[1.053s] -- Installing: /home/ogan/ME461F25_LittleDaisies/project/ros_ws/install/mobile_sensor/share/mobile_sensor//node_modules/rclnodejs/generated/example_interfaces/example_interfaces__srv__AddTwoInts_Request.js
[1.053s] -- Installing: /home/ogan/ME461F25_LittleDaisies/project/ros_ws/install/mobile_sensor/share/mobile_sensor//node_modules/rclnodejs/generated/example_interfaces/example_interfaces__srv__AddTwoInts_Response.js
[1.054s] -- Installing: /home/ogan/ME461F25_LittleDaisies/project/ros_ws/install/mobile_sensor/share/mobile_sensor//node_modules/rclnodejs/generated/example_interfaces/example_interfaces__action__Fibonacci_FeedbackMessage.js
[1.054s] -- Installing: /home/ogan/ME461F25_LittleDaisies/project/ros_ws/install/mobile_sensor/share/mobile_sensor//node_modules/rclnodejs/generated/example_interfaces/example_interfaces__msg__Float64.js
[1.054s] -- Installing: /home/ogan/ME461F25_LittleDaisies/project/ros_ws/install/mobile_sensor/share/mobile_sensor//node_modules/rclnodejs/generated/example_interfaces/example_interfaces__msg__Float32MultiArray.js
[1.054s] -- Installing: /home/ogan/ME461F25_LittleDaisies/project/ros_ws/install/mobile_sensor/share/mobile_sensor//node_modules/rclnodejs/generated/example_interfaces/example_interfaces__action__Fibonacci_GetResult_Response.js
[1.054s] -- Installing: /home/ogan/ME461F25_LittleDaisies/project/ros_ws/install/mobile_sensor/share/mobile_sensor//node_modules/rclnodejs/generated/example_interfaces/example_interfaces__action__Fibonacci_GetResult_Request.js
[1.054s] -- Installing: /home/ogan/ME461F25_LittleDaisies/project/ros_ws/install/mobile_sensor/share/mobile_sensor//node_modules/rclnodejs/generated/example_interfaces/example_interfaces__srv__Trigger_Response.js
[1.054s] -- Installing: /home/ogan/ME461F25_LittleDaisies/project/ros_ws/install/mobile_sensor/share/mobile_sensor//node_modules/rclnodejs/generated/example_interfaces/example_interfaces__msg__MultiArrayLayout.js
[1.054s] -- Installing: /home/ogan/ME461F25_LittleDaisies/project/ros_ws/install/mobile_sensor/share/mobile_sensor//node_modules/rclnodejs/generated/example_interfaces/example_interfaces__srv__SetBool.js
[1.054s] -- Installing: /home/ogan/ME461F25_LittleDaisies/project/ros_ws/install/mobile_sensor/share/mobile_sensor//node_modules/rclnodejs/generated/example_interfaces/example_interfaces__msg__Int8MultiArray.js
[1.055s] -- Installing: /home/ogan/ME461F25_LittleDaisies/project/ros_ws/install/mobile_sensor/share/mobile_sensor//node_modules/rclnodejs/generated/example_interfaces/example_interfaces__msg__WString.js
[1.055s] -- Installing: /home/ogan/ME461F25_LittleDaisies/project/ros_ws/install/mobile_sensor/share/mobile_sensor//node_modules/rclnodejs/generated/example_interfaces/example_interfaces__msg__UInt64.js
[1.055s] -- Installing: /home/ogan/ME461F25_LittleDaisies/project/ros_ws/install/mobile_sensor/share/mobile_sensor//node_modules/rclnodejs/generated/example_interfaces/example_interfaces__srv__AddTwoInts.js
[1.055s] -- Installing: /home/ogan/ME461F25_LittleDaisies/project/ros_ws/install/mobile_sensor/share/mobile_sensor//node_modules/rclnodejs/generated/example_interfaces/example_interfaces__msg__Float32.js
[1.055s] -- Installing: /home/ogan/ME461F25_LittleDaisies/project/ros_ws/install/mobile_sensor/share/mobile_sensor//node_modules/rclnodejs/generated/example_interfaces/example_interfaces__action__Fibonacci_SendGoal_Response.js
[1.055s] -- Installing: /home/ogan/ME461F25_LittleDaisies/project/ros_ws/install/mobile_sensor/share/mobile_sensor//node_modules/rclnodejs/generated/example_interfaces/example_interfaces__msg__Int16MultiArray.js
[1.055s] -- Installing: /home/ogan/ME461F25_LittleDaisies/project/ros_ws/install/mobile_sensor/share/mobile_sensor//node_modules/rclnodejs/generated/example_interfaces/example_interfaces__msg__UInt16MultiArray.js
[1.055s] -- Installing: /home/ogan/ME461F25_LittleDaisies/project/ros_ws/install/mobile_sensor/share/mobile_sensor//node_modules/rclnodejs/generated/example_interfaces/example_interfaces__msg__Int64MultiArray.js
[1.055s] -- Installing: /home/ogan/ME461F25_LittleDaisies/project/ros_ws/install/mobile_sensor/share/mobile_sensor//node_modules/rclnodejs/generated/example_interfaces/example_interfaces__action__Fibonacci.js
[1.056s] -- Installing: /home/ogan/ME461F25_LittleDaisies/project/ros_ws/install/mobile_sensor/share/mobile_sensor//node_modules/rclnodejs/generated/example_interfaces/example_interfaces__action__Fibonacci_Result.js
[1.056s] -- Installing: /home/ogan/ME461F25_LittleDaisies/project/ros_ws/install/mobile_sensor/share/mobile_sensor//node_modules/rclnodejs/generated/example_interfaces/example_interfaces__msg__Int32MultiArray.js
[1.056s] -- Installing: /home/ogan/ME461F25_LittleDaisies/project/ros_ws/install/mobile_sensor/share/mobile_sensor//node_modules/rclnodejs/generated/example_interfaces/example_interfaces__msg__UInt16.js
[1.056s] -- Installing: /home/ogan/ME461F25_LittleDaisies/project/ros_ws/install/mobile_sensor/share/mobile_sensor//node_modules/rclnodejs/generated/example_interfaces/example_interfaces__msg__UInt8.js
[1.056s] -- Installing: /home/ogan/ME461F25_LittleDaisies/project/ros_ws/install/mobile_sensor/share/mobile_sensor//node_modules/rclnodejs/generated/example_interfaces/example_interfaces__action__Fibonacci_SendGoal.js
[1.056s] -- Installing: /home/ogan/ME461F25_LittleDaisies/project/ros_ws/install/mobile_sensor/share/mobile_sensor//node_modules/rclnodejs/generated/example_interfaces/example_interfaces__msg__Int64.js
[1.056s] -- Installing: /home/ogan/ME461F25_LittleDaisies/project/ros_ws/install/mobile_sensor/share/mobile_sensor//node_modules/rclnodejs/generated/example_interfaces/example_interfaces__msg__Empty.js
[1.057s] -- Installing: /home/ogan/ME461F25_LittleDaisies/project/ros_ws/install/mobile_sensor/share/mobile_sensor//node_modules/rclnodejs/generated/example_interfaces/example_interfaces__action__Fibonacci_Goal.js
[1.057s] -- Installing: /home/ogan/ME461F25_LittleDaisies/project/ros_ws/install/mobile_sensor/share/mobile_sensor//node_modules/rclnodejs/generated/example_interfaces/example_interfaces__msg__Int16.js
[1.057s] -- Installing: /home/ogan/ME461F25_LittleDaisies/project/ros_ws/install/mobile_sensor/share/mobile_sensor//node_modules/rclnodejs/generated/example_interfaces/example_interfaces__msg__String.js
[1.057s] -- Installing: /home/ogan/ME461F25_LittleDaisies/project/ros_ws/install/mobile_sensor/share/mobile_sensor//node_modules/rclnodejs/generated/example_interfaces/example_interfaces__srv__SetBool_Request.js
[1.057s] -- Installing: /home/ogan/ME461F25_LittleDaisies/project/ros_ws/install/mobile_sensor/share/mobile_sensor//node_modules/rclnodejs/generated/example_interfaces/example_interfaces__msg__UInt32MultiArray.js
[1.057s] -- Installing: /home/ogan/ME461F25_LittleDaisies/project/ros_ws/install/mobile_sensor/share/mobile_sensor//node_modules/rclnodejs/generated/sensor_msgs
[1.057s] -- Installing: /home/ogan/ME461F25_LittleDaisies/project/ros_ws/install/mobile_sensor/share/mobile_sensor//node_modules/rclnodejs/generated/sensor_msgs/sensor_msgs__msg__CameraInfo.js
[1.057s] -- Installing: /home/ogan/ME461F25_LittleDaisies/project/ros_ws/install/mobile_sensor/share/mobile_sensor//node_modules/rclnodejs/generated/sensor_msgs/sensor_msgs__msg__RegionOfInterest.js
[1.058s] -- Installing: /home/ogan/ME461F25_LittleDaisies/project/ros_ws/install/mobile_sensor/share/mobile_sensor//node_modules/rclnodejs/generated/sensor_msgs/sensor_msgs__msg__Image.js
[1.058s] -- Installing: /home/ogan/ME461F25_LittleDaisies/project/ros_ws/install/mobile_sensor/share/mobile_sensor//node_modules/rclnodejs/generated/sensor_msgs/sensor_msgs__msg__Joy.js
[1.058s] -- Installing: /home/ogan/ME461F25_LittleDaisies/project/ros_ws/install/mobile_sensor/share/mobile_sensor//node_modules/rclnodejs/generated/sensor_msgs/sensor_msgs__msg__Imu.js
[1.058s] -- Installing: /home/ogan/ME461F25_LittleDaisies/project/ros_ws/install/mobile_sensor/share/mobile_sensor//node_modules/rclnodejs/generated/sensor_msgs/sensor_msgs__msg__JoyFeedbackArray.js
[1.058s] -- Installing: /home/ogan/ME461F25_LittleDaisies/project/ros_ws/install/mobile_sensor/share/mobile_sensor//node_modules/rclnodejs/generated/sensor_msgs/sensor_msgs__msg__FluidPressure.js
[1.058s] -- Installing: /home/ogan/ME461F25_LittleDaisies/project/ros_ws/install/mobile_sensor/share/mobile_sensor//node_modules/rclnodejs/generated/sensor_msgs/sensor_msgs__msg__PointCloud.js
[1.058s] -- Installing: /home/ogan/ME461F25_LittleDaisies/project/ros_ws/install/mobile_sensor/share/mobile_sensor//node_modules/rclnodejs/generated/sensor_msgs/sensor_msgs__msg__Illuminance.js
[1.058s] -- Installing: /home/ogan/ME461F25_LittleDaisies/project/ros_ws/install/mobile_sensor/share/mobile_sensor//node_modules/rclnodejs/generated/sensor_msgs/sensor_msgs__msg__CompressedImage.js
[1.058s] -- Installing: /home/ogan/ME461F25_LittleDaisies/project/ros_ws/install/mobile_sensor/share/mobile_sensor//node_modules/rclnodejs/generated/sensor_msgs/sensor_msgs__msg__ChannelFloat32.js
[1.059s] -- Installing: /home/ogan/ME461F25_LittleDaisies/project/ros_ws/install/mobile_sensor/share/mobile_sensor//node_modules/rclnodejs/generated/sensor_msgs/sensor_msgs__msg__LaserEcho.js
[1.059s] -- Installing: /home/ogan/ME461F25_LittleDaisies/project/ros_ws/install/mobile_sensor/share/mobile_sensor//node_modules/rclnodejs/generated/sensor_msgs/sensor_msgs__msg__JoyFeedback.js
[1.059s] -- Installing: /home/ogan/ME461F25_LittleDaisies/project/ros_ws/install/mobile_sensor/share/mobile_sensor//node_modules/rclnodejs/generated/sensor_msgs/sensor_msgs__msg__Temperature.js
[1.059s] -- Installing: /home/ogan/ME461F25_LittleDaisies/project/ros_ws/install/mobile_sensor/share/mobile_sensor//node_modules/rclnodejs/generated/sensor_msgs/sensor_msgs__msg__PointCloud2.js
[1.059s] -- Installing: /home/ogan/ME461F25_LittleDaisies/project/ros_ws/install/mobile_sensor/share/mobile_sensor//node_modules/rclnodejs/generated/sensor_msgs/sensor_msgs__msg__LaserScan.js
[1.059s] -- Installing: /home/ogan/ME461F25_LittleDaisies/project/ros_ws/install/mobile_sensor/share/mobile_sensor//node_modules/rclnodejs/generated/sensor_msgs/sensor_msgs__msg__PointField.js
[1.059s] -- Installing: /home/ogan/ME461F25_LittleDaisies/project/ros_ws/install/mobile_sensor/share/mobile_sensor//node_modules/rclnodejs/generated/sensor_msgs/sensor_msgs__msg__Range.js
[1.059s] -- Installing: /home/ogan/ME461F25_LittleDaisies/project/ros_ws/install/mobile_sensor/share/mobile_sensor//node_modules/rclnodejs/generated/sensor_msgs/sensor_msgs__msg__NavSatStatus.js
[1.059s] -- Installing: /home/ogan/ME461F25_LittleDaisies/project/ros_ws/install/mobile_sensor/share/mobile_sensor//node_modules/rclnodejs/generated/sensor_msgs/sensor_msgs__msg__TimeReference.js
[1.060s] -- Installing: /home/ogan/ME461F25_LittleDaisies/project/ros_ws/install/mobile_sensor/share/mobile_sensor//node_modules/rclnodejs/generated/sensor_msgs/sensor_msgs__srv__SetCameraInfo_Response.js
[1.060s] -- Installing: /home/ogan/ME461F25_LittleDaisies/project/ros_ws/install/mobile_sensor/share/mobile_sensor//node_modules/rclnodejs/generated/sensor_msgs/sensor_msgs__msg__JointState.js
[1.060s] -- Installing: /home/ogan/ME461F25_LittleDaisies/project/ros_ws/install/mobile_sensor/share/mobile_sensor//node_modules/rclnodejs/generated/sensor_msgs/sensor_msgs__msg__MultiEchoLaserScan.js
[1.060s] -- Installing: /home/ogan/ME461F25_LittleDaisies/project/ros_ws/install/mobile_sensor/share/mobile_sensor//node_modules/rclnodejs/generated/sensor_msgs/sensor_msgs__msg__BatteryState.js
[1.060s] -- Installing: /home/ogan/ME461F25_LittleDaisies/project/ros_ws/install/mobile_sensor/share/mobile_sensor//node_modules/rclnodejs/generated/sensor_msgs/sensor_msgs__msg__MultiDOFJointState.js
[1.060s] -- Installing: /home/ogan/ME461F25_LittleDaisies/project/ros_ws/install/mobile_sensor/share/mobile_sensor//node_modules/rclnodejs/generated/sensor_msgs/sensor_msgs__msg__MagneticField.js
[1.060s] -- Installing: /home/ogan/ME461F25_LittleDaisies/project/ros_ws/install/mobile_sensor/share/mobile_sensor//node_modules/rclnodejs/generated/sensor_msgs/sensor_msgs__srv__SetCameraInfo_Request.js
[1.060s] -- Installing: /home/ogan/ME461F25_LittleDaisies/project/ros_ws/install/mobile_sensor/share/mobile_sensor//node_modules/rclnodejs/generated/sensor_msgs/sensor_msgs__msg__NavSatFix.js
[1.060s] -- Installing: /home/ogan/ME461F25_LittleDaisies/project/ros_ws/install/mobile_sensor/share/mobile_sensor//node_modules/rclnodejs/generated/sensor_msgs/sensor_msgs__srv__SetCameraInfo.js
[1.061s] -- Installing: /home/ogan/ME461F25_LittleDaisies/project/ros_ws/install/mobile_sensor/share/mobile_sensor//node_modules/rclnodejs/generated/sensor_msgs/sensor_msgs__msg__RelativeHumidity.js
[1.061s] -- Installing: /home/ogan/ME461F25_LittleDaisies/project/ros_ws/install/mobile_sensor/share/mobile_sensor//node_modules/rclnodejs/generated/actuator_msgs
[1.061s] -- Installing: /home/ogan/ME461F25_LittleDaisies/project/ros_ws/install/mobile_sensor/share/mobile_sensor//node_modules/rclnodejs/generated/actuator_msgs/actuator_msgs__msg__ActuatorsPosition.js
[1.061s] -- Installing: /home/ogan/ME461F25_LittleDaisies/project/ros_ws/install/mobile_sensor/share/mobile_sensor//node_modules/rclnodejs/generated/actuator_msgs/actuator_msgs__msg__ActuatorsLinearPosition.js
[1.061s] -- Installing: /home/ogan/ME461F25_LittleDaisies/project/ros_ws/install/mobile_sensor/share/mobile_sensor//node_modules/rclnodejs/generated/actuator_msgs/actuator_msgs__msg__ActuatorsAngularVelocity.js
[1.061s] -- Installing: /home/ogan/ME461F25_LittleDaisies/project/ros_ws/install/mobile_sensor/share/mobile_sensor//node_modules/rclnodejs/generated/actuator_msgs/actuator_msgs__msg__ActuatorsVelocity.js
[1.061s] -- Installing: /home/ogan/ME461F25_LittleDaisies/project/ros_ws/install/mobile_sensor/share/mobile_sensor//node_modules/rclnodejs/generated/actuator_msgs/actuator_msgs__msg__ActuatorsAngularPosition.js
[1.061s] -- Installing: /home/ogan/ME461F25_LittleDaisies/project/ros_ws/install/mobile_sensor/share/mobile_sensor//node_modules/rclnodejs/generated/actuator_msgs/actuator_msgs__msg__ActuatorsLinearVelocity.js
[1.062s] -- Installing: /home/ogan/ME461F25_LittleDaisies/project/ros_ws/install/mobile_sensor/share/mobile_sensor//node_modules/rclnodejs/generated/actuator_msgs/actuator_msgs__msg__ActuatorsNormalized.js
[1.062s] -- Installing: /home/ogan/ME461F25_LittleDaisies/project/ros_ws/install/mobile_sensor/share/mobile_sensor//node_modules/rclnodejs/generated/actuator_msgs/actuator_msgs__msg__Actuators.js
[1.062s] -- Installing: /home/ogan/ME461F25_LittleDaisies/project/ros_ws/install/mobile_sensor/share/mobile_sensor//node_modules/rclnodejs/generated/actionlib_msgs
[1.062s] -- Installing: /home/ogan/ME461F25_LittleDaisies/project/ros_ws/install/mobile_sensor/share/mobile_sensor//node_modules/rclnodejs/generated/actionlib_msgs/actionlib_msgs__msg__GoalStatus.js
[1.062s] -- Installing: /home/ogan/ME461F25_LittleDaisies/project/ros_ws/install/mobile_sensor/share/mobile_sensor//node_modules/rclnodejs/generated/actionlib_msgs/actionlib_msgs__msg__GoalID.js
[1.062s] -- Installing: /home/ogan/ME461F25_LittleDaisies/project/ros_ws/install/mobile_sensor/share/mobile_sensor//node_modules/rclnodejs/generated/actionlib_msgs/actionlib_msgs__msg__GoalStatusArray.js
[1.062s] -- Installing: /home/ogan/ME461F25_LittleDaisies/project/ros_ws/install/mobile_sensor/share/mobile_sensor//node_modules/rclnodejs/generated/ros_ign_interfaces
[1.062s] -- Installing: /home/ogan/ME461F25_LittleDaisies/project/ros_ws/install/mobile_sensor/share/mobile_sensor//node_modules/rclnodejs/generated/ros_ign_interfaces/ros_ign_interfaces__srv__SpawnEntity_Response.js
[1.062s] -- Installing: /home/ogan/ME461F25_LittleDaisies/project/ros_ws/install/mobile_sensor/share/mobile_sensor//node_modules/rclnodejs/generated/ros_ign_interfaces/ros_ign_interfaces__msg__WorldControl.js
[1.062s] -- Installing: /home/ogan/ME461F25_LittleDaisies/project/ros_ws/install/mobile_sensor/share/mobile_sensor//node_modules/rclnodejs/generated/ros_ign_interfaces/ros_ign_interfaces__srv__ControlWorld_Response.js
[1.063s] -- Installing: /home/ogan/ME461F25_LittleDaisies/project/ros_ws/install/mobile_sensor/share/mobile_sensor//node_modules/rclnodejs/generated/ros_ign_interfaces/ros_ign_interfaces__srv__SpawnEntity.js
[1.063s] -- Installing: /home/ogan/ME461F25_LittleDaisies/project/ros_ws/install/mobile_sensor/share/mobile_sensor//node_modules/rclnodejs/generated/ros_ign_interfaces/ros_ign_interfaces__srv__ControlWorld_Request.js
[1.063s] -- Installing: /home/ogan/ME461F25_LittleDaisies/project/ros_ws/install/mobile_sensor/share/mobile_sensor//node_modules/rclnodejs/generated/ros_ign_interfaces/ros_ign_interfaces__msg__Contact.js
[1.063s] -- Installing: /home/ogan/ME461F25_LittleDaisies/project/ros_ws/install/mobile_sensor/share/mobile_sensor//node_modules/rclnodejs/generated/ros_ign_interfaces/ros_ign_interfaces__msg__JointWrench.js
[1.063s] -- Installing: /home/ogan/ME461F25_LittleDaisies/project/ros_ws/install/mobile_sensor/share/mobile_sensor//node_modules/rclnodejs/generated/ros_ign_interfaces/ros_ign_interfaces__srv__ControlWorld.js
[1.063s] -- Installing: /home/ogan/ME461F25_LittleDaisies/project/ros_ws/install/mobile_sensor/share/mobile_sensor//node_modules/rclnodejs/generated/ros_ign_interfaces/ros_ign_interfaces__msg__VideoRecord.js
[1.063s] -- Installing: /home/ogan/ME461F25_LittleDaisies/project/ros_ws/install/mobile_sensor/share/mobile_sensor//node_modules/rclnodejs/generated/ros_ign_interfaces/ros_ign_interfaces__msg__TrackVisual.js
[1.063s] -- Installing: /home/ogan/ME461F25_LittleDaisies/project/ros_ws/install/mobile_sensor/share/mobile_sensor//node_modules/rclnodejs/generated/ros_ign_interfaces/ros_ign_interfaces__srv__DeleteEntity_Response.js
[1.063s] -- Installing: /home/ogan/ME461F25_LittleDaisies/project/ros_ws/install/mobile_sensor/share/mobile_sensor//node_modules/rclnodejs/generated/ros_ign_interfaces/ros_ign_interfaces__msg__Entity.js
[1.063s] -- Installing: /home/ogan/ME461F25_LittleDaisies/project/ros_ws/install/mobile_sensor/share/mobile_sensor//node_modules/rclnodejs/generated/ros_ign_interfaces/ros_ign_interfaces__srv__SetEntityPose.js
[1.064s] -- Installing: /home/ogan/ME461F25_LittleDaisies/project/ros_ws/install/mobile_sensor/share/mobile_sensor//node_modules/rclnodejs/generated/ros_ign_interfaces/ros_ign_interfaces__msg__Contacts.js
[1.064s] -- Installing: /home/ogan/ME461F25_LittleDaisies/project/ros_ws/install/mobile_sensor/share/mobile_sensor//node_modules/rclnodejs/generated/ros_ign_interfaces/ros_ign_interfaces__msg__EntityFactory.js
[1.064s] -- Installing: /home/ogan/ME461F25_LittleDaisies/project/ros_ws/install/mobile_sensor/share/mobile_sensor//node_modules/rclnodejs/generated/ros_ign_interfaces/ros_ign_interfaces__msg__WorldReset.js
[1.064s] -- Installing: /home/ogan/ME461F25_LittleDaisies/project/ros_ws/install/mobile_sensor/share/mobile_sensor//node_modules/rclnodejs/generated/ros_ign_interfaces/ros_ign_interfaces__srv__SpawnEntity_Request.js
[1.064s] -- Installing: /home/ogan/ME461F25_LittleDaisies/project/ros_ws/install/mobile_sensor/share/mobile_sensor//node_modules/rclnodejs/generated/ros_ign_interfaces/ros_ign_interfaces__msg__StringVec.js
[1.064s] -- Installing: /home/ogan/ME461F25_LittleDaisies/project/ros_ws/install/mobile_sensor/share/mobile_sensor//node_modules/rclnodejs/generated/ros_ign_interfaces/ros_ign_interfaces__msg__Light.js
[1.064s] -- Installing: /home/ogan/ME461F25_LittleDaisies/project/ros_ws/install/mobile_sensor/share/mobile_sensor//node_modules/rclnodejs/generated/ros_ign_interfaces/ros_ign_interfaces__srv__DeleteEntity_Request.js
[1.064s] -- Installing: /home/ogan/ME461F25_LittleDaisies/project/ros_ws/install/mobile_sensor/share/mobile_sensor//node_modules/rclnodejs/generated/ros_ign_interfaces/ros_ign_interfaces__srv__SetEntityPose_Request.js
[1.064s] -- Installing: /home/ogan/ME461F25_LittleDaisies/project/ros_ws/install/mobile_sensor/share/mobile_sensor//node_modules/rclnodejs/generated/ros_ign_interfaces/ros_ign_interfaces__srv__DeleteEntity.js
[1.065s] -- Installing: /home/ogan/ME461F25_LittleDaisies/project/ros_ws/install/mobile_sensor/share/mobile_sensor//node_modules/rclnodejs/generated/ros_ign_interfaces/ros_ign_interfaces__msg__GuiCamera.js
[1.065s] -- Installing: /home/ogan/ME461F25_LittleDaisies/project/ros_ws/install/mobile_sensor/share/mobile_sensor//node_modules/rclnodejs/generated/ros_ign_interfaces/ros_ign_interfaces__srv__SetEntityPose_Response.js
[1.065s] -- Installing: /home/ogan/ME461F25_LittleDaisies/project/ros_ws/install/mobile_sensor/share/mobile_sensor//node_modules/rclnodejs/generated/vision_msgs
[1.065s] -- Installing: /home/ogan/ME461F25_LittleDaisies/project/ros_ws/install/mobile_sensor/share/mobile_sensor//node_modules/rclnodejs/generated/vision_msgs/vision_msgs__msg__Detection2DArray.js
[1.065s] -- Installing: /home/ogan/ME461F25_LittleDaisies/project/ros_ws/install/mobile_sensor/share/mobile_sensor//node_modules/rclnodejs/generated/vision_msgs/vision_msgs__msg__Point2D.js
[1.065s] -- Installing: /home/ogan/ME461F25_LittleDaisies/project/ros_ws/install/mobile_sensor/share/mobile_sensor//node_modules/rclnodejs/generated/vision_msgs/vision_msgs__msg__VisionClass.js
[1.065s] -- Installing: /home/ogan/ME461F25_LittleDaisies/project/ros_ws/install/mobile_sensor/share/mobile_sensor//node_modules/rclnodejs/generated/vision_msgs/vision_msgs__msg__ObjectHypothesis.js
[1.065s] -- Installing: /home/ogan/ME461F25_LittleDaisies/project/ros_ws/install/mobile_sensor/share/mobile_sensor//node_modules/rclnodejs/generated/vision_msgs/vision_msgs__msg__BoundingBox2D.js
[1.065s] -- Installing: /home/ogan/ME461F25_LittleDaisies/project/ros_ws/install/mobile_sensor/share/mobile_sensor//node_modules/rclnodejs/generated/vision_msgs/vision_msgs__msg__BoundingBox3D.js
[1.066s] -- Installing: /home/ogan/ME461F25_LittleDaisies/project/ros_ws/install/mobile_sensor/share/mobile_sensor//node_modules/rclnodejs/generated/vision_msgs/vision_msgs__msg__Detection3DArray.js
[1.066s] -- Installing: /home/ogan/ME461F25_LittleDaisies/project/ros_ws/install/mobile_sensor/share/mobile_sensor//node_modules/rclnodejs/generated/vision_msgs/vision_msgs__msg__BoundingBox3DArray.js
[1.066s] -- Installing: /home/ogan/ME461F25_LittleDaisies/project/ros_ws/install/mobile_sensor/share/mobile_sensor//node_modules/rclnodejs/generated/vision_msgs/vision_msgs__msg__Pose2D.js
[1.066s] -- Installing: /home/ogan/ME461F25_LittleDaisies/project/ros_ws/install/mobile_sensor/share/mobile_sensor//node_modules/rclnodejs/generated/vision_msgs/vision_msgs__msg__ObjectHypothesisWithPose.js
[1.066s] -- Installing: /home/ogan/ME461F25_LittleDaisies/project/ros_ws/install/mobile_sensor/share/mobile_sensor//node_modules/rclnodejs/generated/vision_msgs/vision_msgs__msg__LabelInfo.js
[1.066s] -- Installing: /home/ogan/ME461F25_LittleDaisies/project/ros_ws/install/mobile_sensor/share/mobile_sensor//node_modules/rclnodejs/generated/vision_msgs/vision_msgs__msg__Detection2D.js
[1.066s] -- Installing: /home/ogan/ME461F25_LittleDaisies/project/ros_ws/install/mobile_sensor/share/mobile_sensor//node_modules/rclnodejs/generated/vision_msgs/vision_msgs__msg__VisionInfo.js
[1.066s] -- Installing: /home/ogan/ME461F25_LittleDaisies/project/ros_ws/install/mobile_sensor/share/mobile_sensor//node_modules/rclnodejs/generated/vision_msgs/vision_msgs__msg__BoundingBox2DArray.js
[1.066s] -- Installing: /home/ogan/ME461F25_LittleDaisies/project/ros_ws/install/mobile_sensor/share/mobile_sensor//node_modules/rclnodejs/generated/vision_msgs/vision_msgs__msg__Detection3D.js
[1.067s] -- Installing: /home/ogan/ME461F25_LittleDaisies/project/ros_ws/install/mobile_sensor/share/mobile_sensor//node_modules/rclnodejs/generated/vision_msgs/vision_msgs__msg__Classification.js
[1.067s] -- Installing: /home/ogan/ME461F25_LittleDaisies/project/ros_ws/install/mobile_sensor/share/mobile_sensor//node_modules/rclnodejs/generated/map_msgs
[1.067s] -- Installing: /home/ogan/ME461F25_LittleDaisies/project/ros_ws/install/mobile_sensor/share/mobile_sensor//node_modules/rclnodejs/generated/map_msgs/map_msgs__srv__GetPointMapROI_Request.js
[1.067s] -- Installing: /home/ogan/ME461F25_LittleDaisies/project/ros_ws/install/mobile_sensor/share/mobile_sensor//node_modules/rclnodejs/generated/map_msgs/map_msgs__srv__SetMapProjections_Request.js
[1.067s] -- Installing: /home/ogan/ME461F25_LittleDaisies/project/ros_ws/install/mobile_sensor/share/mobile_sensor//node_modules/rclnodejs/generated/map_msgs/map_msgs__srv__GetPointMapROI_Response.js
[1.067s] -- Installing: /home/ogan/ME461F25_LittleDaisies/project/ros_ws/install/mobile_sensor/share/mobile_sensor//node_modules/rclnodejs/generated/map_msgs/map_msgs__srv__SetMapProjections.js
[1.067s] -- Installing: /home/ogan/ME461F25_LittleDaisies/project/ros_ws/install/mobile_sensor/share/mobile_sensor//node_modules/rclnodejs/generated/map_msgs/map_msgs__srv__ProjectedMapsInfo_Response.js
[1.067s] -- Installing: /home/ogan/ME461F25_LittleDaisies/project/ros_ws/install/mobile_sensor/share/mobile_sensor//node_modules/rclnodejs/generated/map_msgs/map_msgs__srv__SetMapProjections_Response.js
[1.067s] -- Installing: /home/ogan/ME461F25_LittleDaisies/project/ros_ws/install/mobile_sensor/share/mobile_sensor//node_modules/rclnodejs/generated/map_msgs/map_msgs__srv__ProjectedMapsInfo_Request.js
[1.067s] -- Installing: /home/ogan/ME461F25_LittleDaisies/project/ros_ws/install/mobile_sensor/share/mobile_sensor//node_modules/rclnodejs/generated/map_msgs/map_msgs__msg__OccupancyGridUpdate.js
[1.068s] -- Installing: /home/ogan/ME461F25_LittleDaisies/project/ros_ws/install/mobile_sensor/share/mobile_sensor//node_modules/rclnodejs/generated/map_msgs/map_msgs__srv__SaveMap_Request.js
[1.068s] -- Installing: /home/ogan/ME461F25_LittleDaisies/project/ros_ws/install/mobile_sensor/share/mobile_sensor//node_modules/rclnodejs/generated/map_msgs/map_msgs__srv__GetMapROI_Response.js
[1.068s] -- Installing: /home/ogan/ME461F25_LittleDaisies/project/ros_ws/install/mobile_sensor/share/mobile_sensor//node_modules/rclnodejs/generated/map_msgs/map_msgs__srv__GetPointMap_Response.js
[1.068s] -- Installing: /home/ogan/ME461F25_LittleDaisies/project/ros_ws/install/mobile_sensor/share/mobile_sensor//node_modules/rclnodejs/generated/map_msgs/map_msgs__msg__PointCloud2Update.js
[1.068s] -- Installing: /home/ogan/ME461F25_LittleDaisies/project/ros_ws/install/mobile_sensor/share/mobile_sensor//node_modules/rclnodejs/generated/map_msgs/map_msgs__msg__ProjectedMap.js
[1.068s] -- Installing: /home/ogan/ME461F25_LittleDaisies/project/ros_ws/install/mobile_sensor/share/mobile_sensor//node_modules/rclnodejs/generated/map_msgs/map_msgs__srv__GetMapROI_Request.js
[1.068s] -- Installing: /home/ogan/ME461F25_LittleDaisies/project/ros_ws/install/mobile_sensor/share/mobile_sensor//node_modules/rclnodejs/generated/map_msgs/map_msgs__srv__SaveMap_Response.js
[1.068s] -- Installing: /home/ogan/ME461F25_LittleDaisies/project/ros_ws/install/mobile_sensor/share/mobile_sensor//node_modules/rclnodejs/generated/map_msgs/map_msgs__srv__GetPointMap.js
[1.068s] -- Installing: /home/ogan/ME461F25_LittleDaisies/project/ros_ws/install/mobile_sensor/share/mobile_sensor//node_modules/rclnodejs/generated/map_msgs/map_msgs__msg__ProjectedMapInfo.js
[1.069s] -- Installing: /home/ogan/ME461F25_LittleDaisies/project/ros_ws/install/mobile_sensor/share/mobile_sensor//node_modules/rclnodejs/generated/map_msgs/map_msgs__srv__GetMapROI.js
[1.069s] -- Installing: /home/ogan/ME461F25_LittleDaisies/project/ros_ws/install/mobile_sensor/share/mobile_sensor//node_modules/rclnodejs/generated/map_msgs/map_msgs__srv__GetPointMap_Request.js
[1.069s] -- Installing: /home/ogan/ME461F25_LittleDaisies/project/ros_ws/install/mobile_sensor/share/mobile_sensor//node_modules/rclnodejs/generated/map_msgs/map_msgs__srv__GetPointMapROI.js
[1.069s] -- Installing: /home/ogan/ME461F25_LittleDaisies/project/ros_ws/install/mobile_sensor/share/mobile_sensor//node_modules/rclnodejs/generated/map_msgs/map_msgs__srv__ProjectedMapsInfo.js
[1.069s] -- Installing: /home/ogan/ME461F25_LittleDaisies/project/ros_ws/install/mobile_sensor/share/mobile_sensor//node_modules/rclnodejs/generated/map_msgs/map_msgs__srv__SaveMap.js
[1.069s] -- Installing: /home/ogan/ME461F25_LittleDaisies/project/ros_ws/install/mobile_sensor/share/mobile_sensor//node_modules/rclnodejs/generated/nav_msgs
[1.069s] -- Installing: /home/ogan/ME461F25_LittleDaisies/project/ros_ws/install/mobile_sensor/share/mobile_sensor//node_modules/rclnodejs/generated/nav_msgs/nav_msgs__msg__Odometry.js
[1.069s] -- Installing: /home/ogan/ME461F25_LittleDaisies/project/ros_ws/install/mobile_sensor/share/mobile_sensor//node_modules/rclnodejs/generated/nav_msgs/nav_msgs__srv__GetMap_Request.js
[1.069s] -- Installing: /home/ogan/ME461F25_LittleDaisies/project/ros_ws/install/mobile_sensor/share/mobile_sensor//node_modules/rclnodejs/generated/nav_msgs/nav_msgs__srv__SetMap_Request.js
[1.069s] -- Installing: /home/ogan/ME461F25_LittleDaisies/project/ros_ws/install/mobile_sensor/share/mobile_sensor//node_modules/rclnodejs/generated/nav_msgs/nav_msgs__srv__GetPlan_Response.js
[1.070s] -- Installing: /home/ogan/ME461F25_LittleDaisies/project/ros_ws/install/mobile_sensor/share/mobile_sensor//node_modules/rclnodejs/generated/nav_msgs/nav_msgs__srv__SetMap.js
[1.070s] -- Installing: /home/ogan/ME461F25_LittleDaisies/project/ros_ws/install/mobile_sensor/share/mobile_sensor//node_modules/rclnodejs/generated/nav_msgs/nav_msgs__srv__GetPlan.js
[1.070s] -- Installing: /home/ogan/ME461F25_LittleDaisies/project/ros_ws/install/mobile_sensor/share/mobile_sensor//node_modules/rclnodejs/generated/nav_msgs/nav_msgs__msg__Path.js
[1.070s] -- Installing: /home/ogan/ME461F25_LittleDaisies/project/ros_ws/install/mobile_sensor/share/mobile_sensor//node_modules/rclnodejs/generated/nav_msgs/nav_msgs__srv__GetPlan_Request.js
[1.070s] -- Installing: /home/ogan/ME461F25_LittleDaisies/project/ros_ws/install/mobile_sensor/share/mobile_sensor//node_modules/rclnodejs/generated/nav_msgs/nav_msgs__srv__GetMap.js
[1.070s] -- Installing: /home/ogan/ME461F25_LittleDaisies/project/ros_ws/install/mobile_sensor/share/mobile_sensor//node_modules/rclnodejs/generated/nav_msgs/nav_msgs__msg__OccupancyGrid.js
[1.070s] -- Installing: /home/ogan/ME461F25_LittleDaisies/project/ros_ws/install/mobile_sensor/share/mobile_sensor//node_modules/rclnodejs/generated/nav_msgs/nav_msgs__msg__MapMetaData.js
[1.070s] -- Installing: /home/ogan/ME461F25_LittleDaisies/project/ros_ws/install/mobile_sensor/share/mobile_sensor//node_modules/rclnodejs/generated/nav_msgs/nav_msgs__srv__GetMap_Response.js
[1.070s] -- Installing: /home/ogan/ME461F25_LittleDaisies/project/ros_ws/install/mobile_sensor/share/mobile_sensor//node_modules/rclnodejs/generated/nav_msgs/nav_msgs__srv__LoadMap_Response.js
[1.070s] -- Installing: /home/ogan/ME461F25_LittleDaisies/project/ros_ws/install/mobile_sensor/share/mobile_sensor//node_modules/rclnodejs/generated/nav_msgs/nav_msgs__srv__SetMap_Response.js
[1.071s] -- Installing: /home/ogan/ME461F25_LittleDaisies/project/ros_ws/install/mobile_sensor/share/mobile_sensor//node_modules/rclnodejs/generated/nav_msgs/nav_msgs__srv__LoadMap.js
[1.071s] -- Installing: /home/ogan/ME461F25_LittleDaisies/project/ros_ws/install/mobile_sensor/share/mobile_sensor//node_modules/rclnodejs/generated/nav_msgs/nav_msgs__msg__Goals.js
[1.071s] -- Installing: /home/ogan/ME461F25_LittleDaisies/project/ros_ws/install/mobile_sensor/share/mobile_sensor//node_modules/rclnodejs/generated/nav_msgs/nav_msgs__srv__LoadMap_Request.js
[1.071s] -- Installing: /home/ogan/ME461F25_LittleDaisies/project/ros_ws/install/mobile_sensor/share/mobile_sensor//node_modules/rclnodejs/generated/nav_msgs/nav_msgs__msg__GridCells.js
[1.071s] -- Installing: /home/ogan/ME461F25_LittleDaisies/project/ros_ws/install/mobile_sensor/share/mobile_sensor//node_modules/rclnodejs/generated/ros_gz_interfaces
[1.071s] -- Installing: /home/ogan/ME461F25_LittleDaisies/project/ros_ws/install/mobile_sensor/share/mobile_sensor//node_modules/rclnodejs/generated/ros_gz_interfaces/ros_gz_interfaces__srv__DeleteEntity.js
[1.071s] -- Installing: /home/ogan/ME461F25_LittleDaisies/project/ros_ws/install/mobile_sensor/share/mobile_sensor//node_modules/rclnodejs/generated/ros_gz_interfaces/ros_gz_interfaces__msg__EntityFactory.js
[1.071s] -- Installing: /home/ogan/ME461F25_LittleDaisies/project/ros_ws/install/mobile_sensor/share/mobile_sensor//node_modules/rclnodejs/generated/ros_gz_interfaces/ros_gz_interfaces__srv__SpawnEntity_Request.js
[1.071s] -- Installing: /home/ogan/ME461F25_LittleDaisies/project/ros_ws/install/mobile_sensor/share/mobile_sensor//node_modules/rclnodejs/generated/ros_gz_interfaces/ros_gz_interfaces__srv__SetEntityPose_Request.js
[1.072s] -- Installing: /home/ogan/ME461F25_LittleDaisies/project/ros_ws/install/mobile_sensor/share/mobile_sensor//node_modules/rclnodejs/generated/ros_gz_interfaces/ros_gz_interfaces__msg__Altimeter.js
[1.072s] -- Installing: /home/ogan/ME461F25_LittleDaisies/project/ros_ws/install/mobile_sensor/share/mobile_sensor//node_modules/rclnodejs/generated/ros_gz_interfaces/ros_gz_interfaces__srv__SpawnEntity_Response.js
[1.072s] -- Installing: /home/ogan/ME461F25_LittleDaisies/project/ros_ws/install/mobile_sensor/share/mobile_sensor//node_modules/rclnodejs/generated/ros_gz_interfaces/ros_gz_interfaces__msg__GuiCamera.js
[1.072s] -- Installing: /home/ogan/ME461F25_LittleDaisies/project/ros_ws/install/mobile_sensor/share/mobile_sensor//node_modules/rclnodejs/generated/ros_gz_interfaces/ros_gz_interfaces__msg__JointWrench.js
[1.072s] -- Installing: /home/ogan/ME461F25_LittleDaisies/project/ros_ws/install/mobile_sensor/share/mobile_sensor//node_modules/rclnodejs/generated/ros_gz_interfaces/ros_gz_interfaces__msg__WorldReset.js
[1.072s] -- Installing: /home/ogan/ME461F25_LittleDaisies/project/ros_ws/install/mobile_sensor/share/mobile_sensor//node_modules/rclnodejs/generated/ros_gz_interfaces/ros_gz_interfaces__srv__ControlWorld_Request.js
[1.072s] -- Installing: /home/ogan/ME461F25_LittleDaisies/project/ros_ws/install/mobile_sensor/share/mobile_sensor//node_modules/rclnodejs/generated/ros_gz_interfaces/ros_gz_interfaces__srv__SpawnEntity.js
[1.072s] -- Installing: /home/ogan/ME461F25_LittleDaisies/project/ros_ws/install/mobile_sensor/share/mobile_sensor//node_modules/rclnodejs/generated/ros_gz_interfaces/ros_gz_interfaces__msg__Contacts.js
[1.072s] -- Installing: /home/ogan/ME461F25_LittleDaisies/project/ros_ws/install/mobile_sensor/share/mobile_sensor//node_modules/rclnodejs/generated/ros_gz_interfaces/ros_gz_interfaces__srv__DeleteEntity_Response.js
[1.073s] -- Installing: /home/ogan/ME461F25_LittleDaisies/project/ros_ws/install/mobile_sensor/share/mobile_sensor//node_modules/rclnodejs/generated/ros_gz_interfaces/ros_gz_interfaces__msg__SensorNoise.js
[1.073s] -- Installing: /home/ogan/ME461F25_LittleDaisies/project/ros_ws/install/mobile_sensor/share/mobile_sensor//node_modules/rclnodejs/generated/ros_gz_interfaces/ros_gz_interfaces__msg__Float32Array.js
[1.073s] -- Installing: /home/ogan/ME461F25_LittleDaisies/project/ros_ws/install/mobile_sensor/share/mobile_sensor//node_modules/rclnodejs/generated/ros_gz_interfaces/ros_gz_interfaces__srv__SetEntityPose_Response.js
[1.073s] -- Installing: /home/ogan/ME461F25_LittleDaisies/project/ros_ws/install/mobile_sensor/share/mobile_sensor//node_modules/rclnodejs/generated/ros_gz_interfaces/ros_gz_interfaces__msg__MaterialColor.js
[1.073s] -- Installing: /home/ogan/ME461F25_LittleDaisies/project/ros_ws/install/mobile_sensor/share/mobile_sensor//node_modules/rclnodejs/generated/ros_gz_interfaces/ros_gz_interfaces__msg__Contact.js
[1.073s] -- Installing: /home/ogan/ME461F25_LittleDaisies/project/ros_ws/install/mobile_sensor/share/mobile_sensor//node_modules/rclnodejs/generated/ros_gz_interfaces/ros_gz_interfaces__msg__WorldControl.js
[1.073s] -- Installing: /home/ogan/ME461F25_LittleDaisies/project/ros_ws/install/mobile_sensor/share/mobile_sensor//node_modules/rclnodejs/generated/ros_gz_interfaces/ros_gz_interfaces__msg__Light.js
[1.073s] -- Installing: /home/ogan/ME461F25_LittleDaisies/project/ros_ws/install/mobile_sensor/share/mobile_sensor//node_modules/rclnodejs/generated/ros_gz_interfaces/ros_gz_interfaces__srv__ControlWorld_Response.js
[1.073s] -- Installing: /home/ogan/ME461F25_LittleDaisies/project/ros_ws/install/mobile_sensor/share/mobile_sensor//node_modules/rclnodejs/generated/ros_gz_interfaces/ros_gz_interfaces__msg__Dataframe.js
[1.074s] -- Installing: /home/ogan/ME461F25_LittleDaisies/project/ros_ws/install/mobile_sensor/share/mobile_sensor//node_modules/rclnodejs/generated/ros_gz_interfaces/ros_gz_interfaces__msg__TrackVisual.js
[1.074s] -- Installing: /home/ogan/ME461F25_LittleDaisies/project/ros_ws/install/mobile_sensor/share/mobile_sensor//node_modules/rclnodejs/generated/ros_gz_interfaces/ros_gz_interfaces__msg__EntityWrench.js
[1.074s] -- Installing: /home/ogan/ME461F25_LittleDaisies/project/ros_ws/install/mobile_sensor/share/mobile_sensor//node_modules/rclnodejs/generated/ros_gz_interfaces/ros_gz_interfaces__msg__ParamVec.js
[1.074s] -- Installing: /home/ogan/ME461F25_LittleDaisies/project/ros_ws/install/mobile_sensor/share/mobile_sensor//node_modules/rclnodejs/generated/ros_gz_interfaces/ros_gz_interfaces__srv__SetEntityPose.js
[1.074s] -- Installing: /home/ogan/ME461F25_LittleDaisies/project/ros_ws/install/mobile_sensor/share/mobile_sensor//node_modules/rclnodejs/generated/ros_gz_interfaces/ros_gz_interfaces__srv__ControlWorld.js
[1.074s] -- Installing: /home/ogan/ME461F25_LittleDaisies/project/ros_ws/install/mobile_sensor/share/mobile_sensor//node_modules/rclnodejs/generated/ros_gz_interfaces/ros_gz_interfaces__srv__DeleteEntity_Request.js
[1.074s] -- Installing: /home/ogan/ME461F25_LittleDaisies/project/ros_ws/install/mobile_sensor/share/mobile_sensor//node_modules/rclnodejs/generated/ros_gz_interfaces/ros_gz_interfaces__msg__VideoRecord.js
[1.074s] -- Installing: /home/ogan/ME461F25_LittleDaisies/project/ros_ws/install/mobile_sensor/share/mobile_sensor//node_modules/rclnodejs/generated/ros_gz_interfaces/ros_gz_interfaces__msg__Entity.js
[1.074s] -- Installing: /home/ogan/ME461F25_LittleDaisies/project/ros_ws/install/mobile_sensor/share/mobile_sensor//node_modules/rclnodejs/generated/ros_gz_interfaces/ros_gz_interfaces__msg__StringVec.js
[1.075s] -- Installing: /home/ogan/ME461F25_LittleDaisies/project/ros_ws/install/mobile_sensor/share/mobile_sensor//node_modules/rclnodejs/generated/rosgraph_msgs
[1.075s] -- Installing: /home/ogan/ME461F25_LittleDaisies/project/ros_ws/install/mobile_sensor/share/mobile_sensor//node_modules/rclnodejs/generated/rosgraph_msgs/rosgraph_msgs__msg__Clock.js
[1.075s] -- Installing: /home/ogan/ME461F25_LittleDaisies/project/ros_ws/install/mobile_sensor/share/mobile_sensor//node_modules/rclnodejs/package.json
[1.075s] -- Installing: /home/ogan/ME461F25_LittleDaisies/project/ros_ws/install/mobile_sensor/share/mobile_sensor//node_modules/rclnodejs/src
[1.075s] -- Installing: /home/ogan/ME461F25_LittleDaisies/project/ros_ws/install/mobile_sensor/share/mobile_sensor//node_modules/rclnodejs/src/executor.cpp
[1.075s] -- Installing: /home/ogan/ME461F25_LittleDaisies/project/ros_ws/install/mobile_sensor/share/mobile_sensor//node_modules/rclnodejs/src/rcl_utilities.hpp
[1.075s] -- Installing: /home/ogan/ME461F25_LittleDaisies/project/ros_ws/install/mobile_sensor/share/mobile_sensor//node_modules/rclnodejs/src/rcl_bindings.hpp
[1.075s] -- Installing: /home/ogan/ME461F25_LittleDaisies/project/ros_ws/install/mobile_sensor/share/mobile_sensor//node_modules/rclnodejs/src/handle_manager.cpp
[1.075s] -- Installing: /home/ogan/ME461F25_LittleDaisies/project/ros_ws/install/mobile_sensor/share/mobile_sensor//node_modules/rclnodejs/src/rcl_lifecycle_bindings.hpp
[1.075s] -- Installing: /home/ogan/ME461F25_LittleDaisies/project/ros_ws/install/mobile_sensor/share/mobile_sensor//node_modules/rclnodejs/src/handle_manager.hpp
[1.075s] -- Installing: /home/ogan/ME461F25_LittleDaisies/project/ros_ws/install/mobile_sensor/share/mobile_sensor//node_modules/rclnodejs/src/shadow_node.cpp
[1.076s] -- Installing: /home/ogan/ME461F25_LittleDaisies/project/ros_ws/install/mobile_sensor/share/mobile_sensor//node_modules/rclnodejs/src/rcl_action_bindings.hpp
[1.076s] -- Installing: /home/ogan/ME461F25_LittleDaisies/project/ros_ws/install/mobile_sensor/share/mobile_sensor//node_modules/rclnodejs/src/rcl_utilities.cpp
[1.076s] -- Installing: /home/ogan/ME461F25_LittleDaisies/project/ros_ws/install/mobile_sensor/share/mobile_sensor//node_modules/rclnodejs/src/rcl_handle.hpp
[1.076s] -- Installing: /home/ogan/ME461F25_LittleDaisies/project/ros_ws/install/mobile_sensor/share/mobile_sensor//node_modules/rclnodejs/src/rcl_bindings.cpp
[1.076s] -- Installing: /home/ogan/ME461F25_LittleDaisies/project/ros_ws/install/mobile_sensor/share/mobile_sensor//node_modules/rclnodejs/src/shadow_node.hpp
[1.076s] -- Installing: /home/ogan/ME461F25_LittleDaisies/project/ros_ws/install/mobile_sensor/share/mobile_sensor//node_modules/rclnodejs/src/addon.cpp
[1.076s] -- Installing: /home/ogan/ME461F25_LittleDaisies/project/ros_ws/install/mobile_sensor/share/mobile_sensor//node_modules/rclnodejs/src/rcl_lifecycle_bindings.cpp
[1.076s] -- Installing: /home/ogan/ME461F25_LittleDaisies/project/ros_ws/install/mobile_sensor/share/mobile_sensor//node_modules/rclnodejs/src/executor.hpp
[1.076s] -- Installing: /home/ogan/ME461F25_LittleDaisies/project/ros_ws/install/mobile_sensor/share/mobile_sensor//node_modules/rclnodejs/src/rcl_action_bindings.cpp
[1.077s] -- Installing: /home/ogan/ME461F25_LittleDaisies/project/ros_ws/install/mobile_sensor/share/mobile_sensor//node_modules/rclnodejs/src/rcl_handle.cpp
[1.077s] -- Installing: /home/ogan/ME461F25_LittleDaisies/project/ros_ws/install/mobile_sensor/share/mobile_sensor//node_modules/rclnodejs/src/macros.hpp
[1.077s] -- Installing: /home/ogan/ME461F25_LittleDaisies/project/ros_ws/install/mobile_sensor/share/mobile_sensor//node_modules/rclnodejs/LICENSE
[1.077s] -- Installing: /home/ogan/ME461F25_LittleDaisies/project/ros_ws/install/mobile_sensor/share/mobile_sensor//node_modules/rclnodejs/rosidl_parser
[1.077s] -- Installing: /home/ogan/ME461F25_LittleDaisies/project/ros_ws/install/mobile_sensor/share/mobile_sensor//node_modules/rclnodejs/rosidl_parser/py_utils.js
[1.077s] -- Installing: /home/ogan/ME461F25_LittleDaisies/project/ros_ws/install/mobile_sensor/share/mobile_sensor//node_modules/rclnodejs/rosidl_parser/rosidl_parser.js
[1.077s] -- Installing: /home/ogan/ME461F25_LittleDaisies/project/ros_ws/install/mobile_sensor/share/mobile_sensor//node_modules/rclnodejs/rosidl_parser/parser.py
[1.077s] -- Installing: /home/ogan/ME461F25_LittleDaisies/project/ros_ws/install/mobile_sensor/share/mobile_sensor//node_modules/rclnodejs/binding.gyp
[1.077s] -- Installing: /home/ogan/ME461F25_LittleDaisies/project/ros_ws/install/mobile_sensor/share/mobile_sensor//node_modules/rclnodejs/index.js
[1.078s] -- Installing: /home/ogan/ME461F25_LittleDaisies/project/ros_ws/install/mobile_sensor/share/mobile_sensor//node_modules/rclnodejs/types
[1.078s] -- Installing: /home/ogan/ME461F25_LittleDaisies/project/ros_ws/install/mobile_sensor/share/mobile_sensor//node_modules/rclnodejs/types/distro.d.ts
[1.078s] -- Installing: /home/ogan/ME461F25_LittleDaisies/project/ros_ws/install/mobile_sensor/share/mobile_sensor//node_modules/rclnodejs/types/rate.d.ts
[1.078s] -- Installing: /home/ogan/ME461F25_LittleDaisies/project/ros_ws/install/mobile_sensor/share/mobile_sensor//node_modules/rclnodejs/types/logging.d.ts
[1.078s] -- Installing: /home/ogan/ME461F25_LittleDaisies/project/ros_ws/install/mobile_sensor/share/mobile_sensor//node_modules/rclnodejs/types/qos.d.ts
[1.078s] -- Installing: /home/ogan/ME461F25_LittleDaisies/project/ros_ws/install/mobile_sensor/share/mobile_sensor//node_modules/rclnodejs/types/duration.d.ts
[1.078s] -- Installing: /home/ogan/ME461F25_LittleDaisies/project/ros_ws/install/mobile_sensor/share/mobile_sensor//node_modules/rclnodejs/types/context.d.ts
[1.078s] -- Installing: /home/ogan/ME461F25_LittleDaisies/project/ros_ws/install/mobile_sensor/share/mobile_sensor//node_modules/rclnodejs/types/timer.d.ts
[1.078s] -- Installing: /home/ogan/ME461F25_LittleDaisies/project/ros_ws/install/mobile_sensor/share/mobile_sensor//node_modules/rclnodejs/types/interfaces.d.ts
[1.079s] -- Installing: /home/ogan/ME461F25_LittleDaisies/project/ros_ws/install/mobile_sensor/share/mobile_sensor//node_modules/rclnodejs/types/entity.d.ts
[1.079s] -- Installing: /home/ogan/ME461F25_LittleDaisies/project/ros_ws/install/mobile_sensor/share/mobile_sensor//node_modules/rclnodejs/types/service.d.ts
[1.079s] -- Installing: /home/ogan/ME461F25_LittleDaisies/project/ros_ws/install/mobile_sensor/share/mobile_sensor//node_modules/rclnodejs/types/lifecycle_publisher.d.ts
[1.079s] -- Installing: /home/ogan/ME461F25_LittleDaisies/project/ros_ws/install/mobile_sensor/share/mobile_sensor//node_modules/rclnodejs/types/action_server.d.ts
[1.079s] -- Installing: /home/ogan/ME461F25_LittleDaisies/project/ros_ws/install/mobile_sensor/share/mobile_sensor//node_modules/rclnodejs/types/guard_condition.d.ts
[1.079s] -- Installing: /home/ogan/ME461F25_LittleDaisies/project/ros_ws/install/mobile_sensor/share/mobile_sensor//node_modules/rclnodejs/types/node_options.d.ts
[1.079s] -- Installing: /home/ogan/ME461F25_LittleDaisies/project/ros_ws/install/mobile_sensor/share/mobile_sensor//node_modules/rclnodejs/types/publisher.d.ts
[1.079s] -- Installing: /home/ogan/ME461F25_LittleDaisies/project/ros_ws/install/mobile_sensor/share/mobile_sensor//node_modules/rclnodejs/types/parameter.d.ts
[1.080s] -- Installing: /home/ogan/ME461F25_LittleDaisies/project/ros_ws/install/mobile_sensor/share/mobile_sensor//node_modules/rclnodejs/types/action_client.d.ts
[1.080s] -- Installing: /home/ogan/ME461F25_LittleDaisies/project/ros_ws/install/mobile_sensor/share/mobile_sensor//node_modules/rclnodejs/types/base.d.ts
[1.080s] -- Installing: /home/ogan/ME461F25_LittleDaisies/project/ros_ws/install/mobile_sensor/share/mobile_sensor//node_modules/rclnodejs/types/node.d.ts
[1.080s] -- Installing: /home/ogan/ME461F25_LittleDaisies/project/ros_ws/install/mobile_sensor/share/mobile_sensor//node_modules/rclnodejs/types/index.d.ts
[1.080s] -- Installing: /home/ogan/ME461F25_LittleDaisies/project/ros_ws/install/mobile_sensor/share/mobile_sensor//node_modules/rclnodejs/types/time.d.ts
[1.080s] -- Installing: /home/ogan/ME461F25_LittleDaisies/project/ros_ws/install/mobile_sensor/share/mobile_sensor//node_modules/rclnodejs/types/client.d.ts
[1.080s] -- Installing: /home/ogan/ME461F25_LittleDaisies/project/ros_ws/install/mobile_sensor/share/mobile_sensor//node_modules/rclnodejs/types/subscription.d.ts
[1.080s] -- Installing: /home/ogan/ME461F25_LittleDaisies/project/ros_ws/install/mobile_sensor/share/mobile_sensor//node_modules/rclnodejs/types/action_uuid.d.ts
[1.080s] -- Installing: /home/ogan/ME461F25_LittleDaisies/project/ros_ws/install/mobile_sensor/share/mobile_sensor//node_modules/rclnodejs/types/service_introspection.d.ts
[1.080s] -- Installing: /home/ogan/ME461F25_LittleDaisies/project/ros_ws/install/mobile_sensor/share/mobile_sensor//node_modules/rclnodejs/types/time_source.d.ts
[1.081s] -- Installing: /home/ogan/ME461F25_LittleDaisies/project/ros_ws/install/mobile_sensor/share/mobile_sensor//node_modules/rclnodejs/types/clock_type.d.ts
[1.081s] -- Installing: /home/ogan/ME461F25_LittleDaisies/project/ros_ws/install/mobile_sensor/share/mobile_sensor//node_modules/rclnodejs/types/clock.d.ts
[1.081s] -- Installing: /home/ogan/ME461F25_LittleDaisies/project/ros_ws/install/mobile_sensor/share/mobile_sensor//node_modules/rclnodejs/types/lifecycle.d.ts
[1.081s] -- Installing: /home/ogan/ME461F25_LittleDaisies/project/ros_ws/install/mobile_sensor/share/mobile_sensor//node_modules/rclnodejs/lib
[1.081s] -- Installing: /home/ogan/ME461F25_LittleDaisies/project/ros_ws/install/mobile_sensor/share/mobile_sensor//node_modules/rclnodejs/lib/subscription.js
[1.081s] -- Installing: /home/ogan/ME461F25_LittleDaisies/project/ros_ws/install/mobile_sensor/share/mobile_sensor//node_modules/rclnodejs/lib/qos.js
[1.081s] -- Installing: /home/ogan/ME461F25_LittleDaisies/project/ros_ws/install/mobile_sensor/share/mobile_sensor//node_modules/rclnodejs/lib/clock_type.js
[1.081s] -- Installing: /home/ogan/ME461F25_LittleDaisies/project/ros_ws/install/mobile_sensor/share/mobile_sensor//node_modules/rclnodejs/lib/interface_loader.js
[1.081s] -- Installing: /home/ogan/ME461F25_LittleDaisies/project/ros_ws/install/mobile_sensor/share/mobile_sensor//node_modules/rclnodejs/lib/time_source.js
[1.081s] -- Installing: /home/ogan/ME461F25_LittleDaisies/project/ros_ws/install/mobile_sensor/share/mobile_sensor//node_modules/rclnodejs/lib/rmw.js
[1.082s] -- Installing: /home/ogan/ME461F25_LittleDaisies/project/ros_ws/install/mobile_sensor/share/mobile_sensor//node_modules/rclnodejs/lib/distro.js
[1.082s] -- Installing: /home/ogan/ME461F25_LittleDaisies/project/ros_ws/install/mobile_sensor/share/mobile_sensor//node_modules/rclnodejs/lib/logging.js
[1.082s] -- Installing: /home/ogan/ME461F25_LittleDaisies/project/ros_ws/install/mobile_sensor/share/mobile_sensor//node_modules/rclnodejs/lib/lifecycle_publisher.js
[1.082s] -- Installing: /home/ogan/ME461F25_LittleDaisies/project/ros_ws/install/mobile_sensor/share/mobile_sensor//node_modules/rclnodejs/lib/context.js
[1.082s] -- Installing: /home/ogan/ME461F25_LittleDaisies/project/ros_ws/install/mobile_sensor/share/mobile_sensor//node_modules/rclnodejs/lib/service_introspection.js
[1.082s] -- Installing: /home/ogan/ME461F25_LittleDaisies/project/ros_ws/install/mobile_sensor/share/mobile_sensor//node_modules/rclnodejs/lib/clock.js
[1.082s] -- Installing: /home/ogan/ME461F25_LittleDaisies/project/ros_ws/install/mobile_sensor/share/mobile_sensor//node_modules/rclnodejs/lib/client.js
[1.082s] -- Installing: /home/ogan/ME461F25_LittleDaisies/project/ros_ws/install/mobile_sensor/share/mobile_sensor//node_modules/rclnodejs/lib/parameter_service.js
[1.082s] -- Installing: /home/ogan/ME461F25_LittleDaisies/project/ros_ws/install/mobile_sensor/share/mobile_sensor//node_modules/rclnodejs/lib/entity.js
[1.083s] -- Installing: /home/ogan/ME461F25_LittleDaisies/project/ros_ws/install/mobile_sensor/share/mobile_sensor//node_modules/rclnodejs/lib/node_options.js
[1.083s] -- Installing: /home/ogan/ME461F25_LittleDaisies/project/ros_ws/install/mobile_sensor/share/mobile_sensor//node_modules/rclnodejs/lib/rate.js
[1.083s] -- Installing: /home/ogan/ME461F25_LittleDaisies/project/ros_ws/install/mobile_sensor/share/mobile_sensor//node_modules/rclnodejs/lib/timer.js
[1.083s] -- Installing: /home/ogan/ME461F25_LittleDaisies/project/ros_ws/install/mobile_sensor/share/mobile_sensor//node_modules/rclnodejs/lib/guard_condition.js
[1.083s] -- Installing: /home/ogan/ME461F25_LittleDaisies/project/ros_ws/install/mobile_sensor/share/mobile_sensor//node_modules/rclnodejs/lib/lifecycle.js
[1.083s] -- Installing: /home/ogan/ME461F25_LittleDaisies/project/ros_ws/install/mobile_sensor/share/mobile_sensor//node_modules/rclnodejs/lib/time.js
[1.083s] -- Installing: /home/ogan/ME461F25_LittleDaisies/project/ros_ws/install/mobile_sensor/share/mobile_sensor//node_modules/rclnodejs/lib/action
[1.083s] -- Installing: /home/ogan/ME461F25_LittleDaisies/project/ros_ws/install/mobile_sensor/share/mobile_sensor//node_modules/rclnodejs/lib/action/interfaces.js
[1.083s] -- Installing: /home/ogan/ME461F25_LittleDaisies/project/ros_ws/install/mobile_sensor/share/mobile_sensor//node_modules/rclnodejs/lib/action/client.js
[1.083s] -- Installing: /home/ogan/ME461F25_LittleDaisies/project/ros_ws/install/mobile_sensor/share/mobile_sensor//node_modules/rclnodejs/lib/action/graph.js
[1.084s] -- Installing: /home/ogan/ME461F25_LittleDaisies/project/ros_ws/install/mobile_sensor/share/mobile_sensor//node_modules/rclnodejs/lib/action/deferred.js
[1.084s] -- Installing: /home/ogan/ME461F25_LittleDaisies/project/ros_ws/install/mobile_sensor/share/mobile_sensor//node_modules/rclnodejs/lib/action/uuid.js
[1.084s] -- Installing: /home/ogan/ME461F25_LittleDaisies/project/ros_ws/install/mobile_sensor/share/mobile_sensor//node_modules/rclnodejs/lib/action/client_goal_handle.js
[1.084s] -- Installing: /home/ogan/ME461F25_LittleDaisies/project/ros_ws/install/mobile_sensor/share/mobile_sensor//node_modules/rclnodejs/lib/action/response.js
[1.084s] -- Installing: /home/ogan/ME461F25_LittleDaisies/project/ros_ws/install/mobile_sensor/share/mobile_sensor//node_modules/rclnodejs/lib/action/server.js
[1.084s] -- Installing: /home/ogan/ME461F25_LittleDaisies/project/ros_ws/install/mobile_sensor/share/mobile_sensor//node_modules/rclnodejs/lib/action/server_goal_handle.js
[1.084s] -- Installing: /home/ogan/ME461F25_LittleDaisies/project/ros_ws/install/mobile_sensor/share/mobile_sensor//node_modules/rclnodejs/lib/duration.js
[1.084s] -- Installing: /home/ogan/ME461F25_LittleDaisies/project/ros_ws/install/mobile_sensor/share/mobile_sensor//node_modules/rclnodejs/lib/parameter.js
[1.084s] -- Installing: /home/ogan/ME461F25_LittleDaisies/project/ros_ws/install/mobile_sensor/share/mobile_sensor//node_modules/rclnodejs/lib/validator.js
[1.085s] -- Installing: /home/ogan/ME461F25_LittleDaisies/project/ros_ws/install/mobile_sensor/share/mobile_sensor//node_modules/rclnodejs/lib/publisher.js
[1.085s] -- Installing: /home/ogan/ME461F25_LittleDaisies/project/ros_ws/install/mobile_sensor/share/mobile_sensor//node_modules/rclnodejs/lib/service.js
[1.085s] -- Installing: /home/ogan/ME461F25_LittleDaisies/project/ros_ws/install/mobile_sensor/share/mobile_sensor//node_modules/rclnodejs/lib/node.js
[1.085s] -- Installing: /home/ogan/ME461F25_LittleDaisies/project/ros_ws/install/mobile_sensor/share/mobile_sensor//node_modules/rclnodejs/build
[1.085s] -- Installing: /home/ogan/ME461F25_LittleDaisies/project/ros_ws/install/mobile_sensor/share/mobile_sensor//node_modules/rclnodejs/build/config.gypi
[1.085s] -- Installing: /home/ogan/ME461F25_LittleDaisies/project/ros_ws/install/mobile_sensor/share/mobile_sensor//node_modules/rclnodejs/build/Release
[1.085s] -- Installing: /home/ogan/ME461F25_LittleDaisies/project/ros_ws/install/mobile_sensor/share/mobile_sensor//node_modules/rclnodejs/build/Release/obj.target
[1.085s] -- Installing: /home/ogan/ME461F25_LittleDaisies/project/ros_ws/install/mobile_sensor/share/mobile_sensor//node_modules/rclnodejs/build/Release/obj.target/rclnodejs
[1.085s] -- Installing: /home/ogan/ME461F25_LittleDaisies/project/ros_ws/install/mobile_sensor/share/mobile_sensor//node_modules/rclnodejs/build/Release/obj.target/rclnodejs/src
[1.085s] -- Installing: /home/ogan/ME461F25_LittleDaisies/project/ros_ws/install/mobile_sensor/share/mobile_sensor//node_modules/rclnodejs/build/Release/obj.target/rclnodejs/src/rcl_utilities.o
[1.086s] -- Installing: /home/ogan/ME461F25_LittleDaisies/project/ros_ws/install/mobile_sensor/share/mobile_sensor//node_modules/rclnodejs/build/Release/obj.target/rclnodejs/src/shadow_node.o
[1.086s] -- Installing: /home/ogan/ME461F25_LittleDaisies/project/ros_ws/install/mobile_sensor/share/mobile_sensor//node_modules/rclnodejs/build/Release/obj.target/rclnodejs/src/addon.o
[1.086s] -- Installing: /home/ogan/ME461F25_LittleDaisies/project/ros_ws/install/mobile_sensor/share/mobile_sensor//node_modules/rclnodejs/build/Release/obj.target/rclnodejs/src/rcl_action_bindings.o
[1.086s] -- Installing: /home/ogan/ME461F25_LittleDaisies/project/ros_ws/install/mobile_sensor/share/mobile_sensor//node_modules/rclnodejs/build/Release/obj.target/rclnodejs/src/rcl_lifecycle_bindings.o
[1.086s] -- Installing: /home/ogan/ME461F25_LittleDaisies/project/ros_ws/install/mobile_sensor/share/mobile_sensor//node_modules/rclnodejs/build/Release/obj.target/rclnodejs/src/rcl_bindings.o
[1.087s] -- Installing: /home/ogan/ME461F25_LittleDaisies/project/ros_ws/install/mobile_sensor/share/mobile_sensor//node_modules/rclnodejs/build/Release/obj.target/rclnodejs/src/handle_manager.o
[1.087s] -- Installing: /home/ogan/ME461F25_LittleDaisies/project/ros_ws/install/mobile_sensor/share/mobile_sensor//node_modules/rclnodejs/build/Release/obj.target/rclnodejs/src/rcl_handle.o
[1.087s] -- Installing: /home/ogan/ME461F25_LittleDaisies/project/ros_ws/install/mobile_sensor/share/mobile_sensor//node_modules/rclnodejs/build/Release/obj.target/rclnodejs/src/executor.o
[1.087s] -- Installing: /home/ogan/ME461F25_LittleDaisies/project/ros_ws/install/mobile_sensor/share/mobile_sensor//node_modules/rclnodejs/build/Release/obj.target/rclnodejs.node
[1.087s] -- Installing: /home/ogan/ME461F25_LittleDaisies/project/ros_ws/install/mobile_sensor/share/mobile_sensor//node_modules/rclnodejs/build/Release/.deps
[1.087s] -- Installing: /home/ogan/ME461F25_LittleDaisies/project/ros_ws/install/mobile_sensor/share/mobile_sensor//node_modules/rclnodejs/build/Release/.deps/Release
[1.087s] -- Installing: /home/ogan/ME461F25_LittleDaisies/project/ros_ws/install/mobile_sensor/share/mobile_sensor//node_modules/rclnodejs/build/Release/.deps/Release/obj.target
[1.088s] -- Installing: /home/ogan/ME461F25_LittleDaisies/project/ros_ws/install/mobile_sensor/share/mobile_sensor//node_modules/rclnodejs/build/Release/.deps/Release/obj.target/rclnodejs
[1.088s] -- Installing: /home/ogan/ME461F25_LittleDaisies/project/ros_ws/install/mobile_sensor/share/mobile_sensor//node_modules/rclnodejs/build/Release/.deps/Release/obj.target/rclnodejs/src
[1.088s] -- Installing: /home/ogan/ME461F25_LittleDaisies/project/ros_ws/install/mobile_sensor/share/mobile_sensor//node_modules/rclnodejs/build/Release/.deps/Release/obj.target/rclnodejs/src/rcl_utilities.o.d
[1.088s] -- Installing: /home/ogan/ME461F25_LittleDaisies/project/ros_ws/install/mobile_sensor/share/mobile_sensor//node_modules/rclnodejs/build/Release/.deps/Release/obj.target/rclnodejs/src/rcl_action_bindings.o.d
[1.088s] -- Installing: /home/ogan/ME461F25_LittleDaisies/project/ros_ws/install/mobile_sensor/share/mobile_sensor//node_modules/rclnodejs/build/Release/.deps/Release/obj.target/rclnodejs/src/shadow_node.o.d
[1.088s] -- Installing: /home/ogan/ME461F25_LittleDaisies/project/ros_ws/install/mobile_sensor/share/mobile_sensor//node_modules/rclnodejs/build/Release/.deps/Release/obj.target/rclnodejs/src/rcl_bindings.o.d
[1.088s] -- Installing: /home/ogan/ME461F25_LittleDaisies/project/ros_ws/install/mobile_sensor/share/mobile_sensor//node_modules/rclnodejs/build/Release/.deps/Release/obj.target/rclnodejs/src/addon.o.d
[1.088s] -- Installing: /home/ogan/ME461F25_LittleDaisies/project/ros_ws/install/mobile_sensor/share/mobile_sensor//node_modules/rclnodejs/build/Release/.deps/Release/obj.target/rclnodejs/src/rcl_lifecycle_bindings.o.d
[1.089s] -- Installing: /home/ogan/ME461F25_LittleDaisies/project/ros_ws/install/mobile_sensor/share/mobile_sensor//node_modules/rclnodejs/build/Release/.deps/Release/obj.target/rclnodejs/src/executor.o.d
[1.089s] -- Installing: /home/ogan/ME461F25_LittleDaisies/project/ros_ws/install/mobile_sensor/share/mobile_sensor//node_modules/rclnodejs/build/Release/.deps/Release/obj.target/rclnodejs/src/rcl_handle.o.d
[1.089s] -- Installing: /home/ogan/ME461F25_LittleDaisies/project/ros_ws/install/mobile_sensor/share/mobile_sensor//node_modules/rclnodejs/build/Release/.deps/Release/obj.target/rclnodejs/src/handle_manager.o.d
[1.089s] -- Installing: /home/ogan/ME461F25_LittleDaisies/project/ros_ws/install/mobile_sensor/share/mobile_sensor//node_modules/rclnodejs/build/Release/.deps/Release/obj.target/rclnodejs.node.d
[1.089s] -- Installing: /home/ogan/ME461F25_LittleDaisies/project/ros_ws/install/mobile_sensor/share/mobile_sensor//node_modules/rclnodejs/build/Release/.deps/Release/rclnodejs.node.d
[1.089s] -- Installing: /home/ogan/ME461F25_LittleDaisies/project/ros_ws/install/mobile_sensor/share/mobile_sensor//node_modules/rclnodejs/build/Release/rclnodejs.node
[1.090s] -- Installing: /home/ogan/ME461F25_LittleDaisies/project/ros_ws/install/mobile_sensor/share/mobile_sensor//node_modules/rclnodejs/build/binding.Makefile
[1.090s] -- Installing: /home/ogan/ME461F25_LittleDaisies/project/ros_ws/install/mobile_sensor/share/mobile_sensor//node_modules/rclnodejs/build/Makefile
[1.090s] -- Installing: /home/ogan/ME461F25_LittleDaisies/project/ros_ws/install/mobile_sensor/share/mobile_sensor//node_modules/rclnodejs/build/rclnodejs.target.mk
[1.090s] -- Installing: /home/ogan/ME461F25_LittleDaisies/project/ros_ws/install/mobile_sensor/share/mobile_sensor//node_modules/rclnodejs/tsconfig.json
[1.090s] -- Installing: /home/ogan/ME461F25_LittleDaisies/project/ros_ws/install/mobile_sensor/share/mobile_sensor//node_modules/rclnodejs/rosidl_gen
[1.090s] -- Installing: /home/ogan/ME461F25_LittleDaisies/project/ros_ws/install/mobile_sensor/share/mobile_sensor//node_modules/rclnodejs/rosidl_gen/filter.js
[1.090s] -- Installing: /home/ogan/ME461F25_LittleDaisies/project/ros_ws/install/mobile_sensor/share/mobile_sensor//node_modules/rclnodejs/rosidl_gen/templates
[1.090s] -- Installing: /home/ogan/ME461F25_LittleDaisies/project/ros_ws/install/mobile_sensor/share/mobile_sensor//node_modules/rclnodejs/rosidl_gen/templates/action.dot
[1.090s] -- Installing: /home/ogan/ME461F25_LittleDaisies/project/ros_ws/install/mobile_sensor/share/mobile_sensor//node_modules/rclnodejs/rosidl_gen/templates/service.dot
[1.090s] -- Installing: /home/ogan/ME461F25_LittleDaisies/project/ros_ws/install/mobile_sensor/share/mobile_sensor//node_modules/rclnodejs/rosidl_gen/templates/message.dot
[1.091s] -- Installing: /home/ogan/ME461F25_LittleDaisies/project/ros_ws/install/mobile_sensor/share/mobile_sensor//node_modules/rclnodejs/rosidl_gen/templates/package.dot
[1.091s] -- Installing: /home/ogan/ME461F25_LittleDaisies/project/ros_ws/install/mobile_sensor/share/mobile_sensor//node_modules/rclnodejs/rosidl_gen/templates/CMakeLists.dot
[1.091s] -- Installing: /home/ogan/ME461F25_LittleDaisies/project/ros_ws/install/mobile_sensor/share/mobile_sensor//node_modules/rclnodejs/rosidl_gen/templates/service_event.dot
[1.091s] -- Installing: /home/ogan/ME461F25_LittleDaisies/project/ros_ws/install/mobile_sensor/share/mobile_sensor//node_modules/rclnodejs/rosidl_gen/message_translator.js
[1.091s] -- Installing: /home/ogan/ME461F25_LittleDaisies/project/ros_ws/install/mobile_sensor/share/mobile_sensor//node_modules/rclnodejs/rosidl_gen/index.js
[1.091s] -- Installing: /home/ogan/ME461F25_LittleDaisies/project/ros_ws/install/mobile_sensor/share/mobile_sensor//node_modules/rclnodejs/rosidl_gen/blocklist.json
[1.091s] -- Installing: /home/ogan/ME461F25_LittleDaisies/project/ros_ws/install/mobile_sensor/share/mobile_sensor//node_modules/rclnodejs/rosidl_gen/primitive_types.js
[1.091s] -- Installing: /home/ogan/ME461F25_LittleDaisies/project/ros_ws/install/mobile_sensor/share/mobile_sensor//node_modules/rclnodejs/rosidl_gen/idl_generator.js
[1.091s] -- Installing: /home/ogan/ME461F25_LittleDaisies/project/ros_ws/install/mobile_sensor/share/mobile_sensor//node_modules/rclnodejs/rosidl_gen/action_msgs.js
[1.091s] -- Installing: /home/ogan/ME461F25_LittleDaisies/project/ros_ws/install/mobile_sensor/share/mobile_sensor//node_modules/rclnodejs/rosidl_gen/deallocator.js
[1.092s] -- Installing: /home/ogan/ME461F25_LittleDaisies/project/ros_ws/install/mobile_sensor/share/mobile_sensor//node_modules/rclnodejs/rosidl_gen/generator.json
[1.092s] -- Installing: /home/ogan/ME461F25_LittleDaisies/project/ros_ws/install/mobile_sensor/share/mobile_sensor//node_modules/rclnodejs/rosidl_gen/packages.js
[1.092s] -- Installing: /home/ogan/ME461F25_LittleDaisies/project/ros_ws/install/mobile_sensor/share/mobile_sensor//node_modules/rclnodejs/scripts
[1.092s] -- Installing: /home/ogan/ME461F25_LittleDaisies/project/ros_ws/install/mobile_sensor/share/mobile_sensor//node_modules/rclnodejs/scripts/cpplint.js
[1.092s] -- Installing: /home/ogan/ME461F25_LittleDaisies/project/ros_ws/install/mobile_sensor/share/mobile_sensor//node_modules/rclnodejs/scripts/generate_tsd.js
[1.092s] -- Installing: /home/ogan/ME461F25_LittleDaisies/project/ros_ws/install/mobile_sensor/share/mobile_sensor//node_modules/rclnodejs/scripts/npmjs-readme.md
[1.092s] -- Installing: /home/ogan/ME461F25_LittleDaisies/project/ros_ws/install/mobile_sensor/share/mobile_sensor//node_modules/rclnodejs/scripts/ros_distro.js
[1.092s] -- Installing: /home/ogan/ME461F25_LittleDaisies/project/ros_ws/install/mobile_sensor/share/mobile_sensor//node_modules/rclnodejs/scripts/generate_messages.js
[1.092s] -- Installing: /home/ogan/ME461F25_LittleDaisies/project/ros_ws/install/mobile_sensor/share/mobile_sensor//node_modules/rclnodejs/scripts/run_test.js
[1.092s] -- Installing: /home/ogan/ME461F25_LittleDaisies/project/ros_ws/install/mobile_sensor/share/mobile_sensor//node_modules/rclnodejs/scripts/npm-pack.sh
[1.093s] -- Installing: /home/ogan/ME461F25_LittleDaisies/project/ros_ws/install/mobile_sensor/share/mobile_sensor//node_modules/rclnodejs/scripts/build.sh
[1.093s] -- Installing: /home/ogan/ME461F25_LittleDaisies/project/ros_ws/install/mobile_sensor/share/mobile_sensor//node_modules/rclnodejs/scripts/config.js
[1.093s] -- Installing: /home/ogan/ME461F25_LittleDaisies/project/ros_ws/install/mobile_sensor/share/mobile_sensor//node_modules/rclnodejs/README.md
[1.093s] -- Installing: /home/ogan/ME461F25_LittleDaisies/project/ros_ws/install/mobile_sensor/share/mobile_sensor//node_modules/rclnodejs/rostsd_gen
[1.093s] -- Installing: /home/ogan/ME461F25_LittleDaisies/project/ros_ws/install/mobile_sensor/share/mobile_sensor//node_modules/rclnodejs/rostsd_gen/index.js
[1.093s] -- Installing: /home/ogan/ME461F25_LittleDaisies/project/ros_ws/install/mobile_sensor/share/mobile_sensor//node_modules/rclnodejs/rostsd_gen/readme.md
[1.093s] -- Installing: /home/ogan/ME461F25_LittleDaisies/project/ros_ws/install/mobile_sensor/share/mobile_sensor//node_modules/commander
[1.093s] -- Installing: /home/ogan/ME461F25_LittleDaisies/project/ros_ws/install/mobile_sensor/share/mobile_sensor//node_modules/commander/package.json
[1.093s] -- Installing: /home/ogan/ME461F25_LittleDaisies/project/ros_ws/install/mobile_sensor/share/mobile_sensor//node_modules/commander/typings
[1.093s] -- Installing: /home/ogan/ME461F25_LittleDaisies/project/ros_ws/install/mobile_sensor/share/mobile_sensor//node_modules/commander/typings/index.d.ts
[1.093s] -- Installing: /home/ogan/ME461F25_LittleDaisies/project/ros_ws/install/mobile_sensor/share/mobile_sensor//node_modules/commander/LICENSE
[1.094s] -- Installing: /home/ogan/ME461F25_LittleDaisies/project/ros_ws/install/mobile_sensor/share/mobile_sensor//node_modules/commander/index.js
[1.094s] -- Installing: /home/ogan/ME461F25_LittleDaisies/project/ros_ws/install/mobile_sensor/share/mobile_sensor//node_modules/commander/CHANGELOG.md
[1.094s] -- Installing: /home/ogan/ME461F25_LittleDaisies/project/ros_ws/install/mobile_sensor/share/mobile_sensor//node_modules/commander/Readme.md
[1.094s] -- Installing: /home/ogan/ME461F25_LittleDaisies/project/ros_ws/install/mobile_sensor/share/mobile_sensor//node_modules/unpipe
[1.094s] -- Installing: /home/ogan/ME461F25_LittleDaisies/project/ros_ws/install/mobile_sensor/share/mobile_sensor//node_modules/unpipe/package.json
[1.094s] -- Installing: /home/ogan/ME461F25_LittleDaisies/project/ros_ws/install/mobile_sensor/share/mobile_sensor//node_modules/unpipe/LICENSE
[1.094s] -- Installing: /home/ogan/ME461F25_LittleDaisies/project/ros_ws/install/mobile_sensor/share/mobile_sensor//node_modules/unpipe/index.js
[1.094s] -- Installing: /home/ogan/ME461F25_LittleDaisies/project/ros_ws/install/mobile_sensor/share/mobile_sensor//node_modules/unpipe/HISTORY.md
[1.094s] -- Installing: /home/ogan/ME461F25_LittleDaisies/project/ros_ws/install/mobile_sensor/share/mobile_sensor//node_modules/unpipe/README.md
[1.094s] -- Installing: /home/ogan/ME461F25_LittleDaisies/project/ros_ws/install/mobile_sensor/share/mobile_sensor//node_modules/type-is
[1.095s] -- Installing: /home/ogan/ME461F25_LittleDaisies/project/ros_ws/install/mobile_sensor/share/mobile_sensor//node_modules/type-is/package.json
[1.095s] -- Installing: /home/ogan/ME461F25_LittleDaisies/project/ros_ws/install/mobile_sensor/share/mobile_sensor//node_modules/type-is/LICENSE
[1.095s] -- Installing: /home/ogan/ME461F25_LittleDaisies/project/ros_ws/install/mobile_sensor/share/mobile_sensor//node_modules/type-is/index.js
[1.095s] -- Installing: /home/ogan/ME461F25_LittleDaisies/project/ros_ws/install/mobile_sensor/share/mobile_sensor//node_modules/type-is/HISTORY.md
[1.095s] -- Installing: /home/ogan/ME461F25_LittleDaisies/project/ros_ws/install/mobile_sensor/share/mobile_sensor//node_modules/type-is/README.md
[1.095s] -- Installing: /home/ogan/ME461F25_LittleDaisies/project/ros_ws/install/mobile_sensor/share/mobile_sensor//node_modules/util
[1.095s] -- Installing: /home/ogan/ME461F25_LittleDaisies/project/ros_ws/install/mobile_sensor/share/mobile_sensor//node_modules/util/node_modules
[1.095s] -- Installing: /home/ogan/ME461F25_LittleDaisies/project/ros_ws/install/mobile_sensor/share/mobile_sensor//node_modules/util/node_modules/inherits
[1.095s] -- Installing: /home/ogan/ME461F25_LittleDaisies/project/ros_ws/install/mobile_sensor/share/mobile_sensor//node_modules/util/node_modules/inherits/inherits_browser.js
[1.095s] -- Installing: /home/ogan/ME461F25_LittleDaisies/project/ros_ws/install/mobile_sensor/share/mobile_sensor//node_modules/util/node_modules/inherits/inherits.js
[1.095s] -- Installing: /home/ogan/ME461F25_LittleDaisies/project/ros_ws/install/mobile_sensor/share/mobile_sensor//node_modules/util/node_modules/inherits/package.json
[1.096s] -- Installing: /home/ogan/ME461F25_LittleDaisies/project/ros_ws/install/mobile_sensor/share/mobile_sensor//node_modules/util/node_modules/inherits/LICENSE
[1.096s] -- Installing: /home/ogan/ME461F25_LittleDaisies/project/ros_ws/install/mobile_sensor/share/mobile_sensor//node_modules/util/node_modules/inherits/README.md
[1.096s] -- Installing: /home/ogan/ME461F25_LittleDaisies/project/ros_ws/install/mobile_sensor/share/mobile_sensor//node_modules/util/package.json
[1.096s] -- Installing: /home/ogan/ME461F25_LittleDaisies/project/ros_ws/install/mobile_sensor/share/mobile_sensor//node_modules/util/LICENSE
[1.096s] -- Installing: /home/ogan/ME461F25_LittleDaisies/project/ros_ws/install/mobile_sensor/share/mobile_sensor//node_modules/util/support
[1.096s] -- Installing: /home/ogan/ME461F25_LittleDaisies/project/ros_ws/install/mobile_sensor/share/mobile_sensor//node_modules/util/support/isBufferBrowser.js
[1.096s] -- Installing: /home/ogan/ME461F25_LittleDaisies/project/ros_ws/install/mobile_sensor/share/mobile_sensor//node_modules/util/support/isBuffer.js
[1.096s] -- Installing: /home/ogan/ME461F25_LittleDaisies/project/ros_ws/install/mobile_sensor/share/mobile_sensor//node_modules/util/util.js
[1.096s] -- Installing: /home/ogan/ME461F25_LittleDaisies/project/ros_ws/install/mobile_sensor/share/mobile_sensor//node_modules/util/README.md
[1.096s] -- Installing: /home/ogan/ME461F25_LittleDaisies/project/ros_ws/install/mobile_sensor/share/mobile_sensor//node_modules/safe-buffer
[1.096s] -- Installing: /home/ogan/ME461F25_LittleDaisies/project/ros_ws/install/mobile_sensor/share/mobile_sensor//node_modules/safe-buffer/package.json
[1.097s] -- Installing: /home/ogan/ME461F25_LittleDaisies/project/ros_ws/install/mobile_sensor/share/mobile_sensor//node_modules/safe-buffer/LICENSE
[1.097s] -- Installing: /home/ogan/ME461F25_LittleDaisies/project/ros_ws/install/mobile_sensor/share/mobile_sensor//node_modules/safe-buffer/index.js
[1.097s] -- Installing: /home/ogan/ME461F25_LittleDaisies/project/ros_ws/install/mobile_sensor/share/mobile_sensor//node_modules/safe-buffer/index.d.ts
[1.097s] -- Installing: /home/ogan/ME461F25_LittleDaisies/project/ros_ws/install/mobile_sensor/share/mobile_sensor//node_modules/safe-buffer/README.md
[1.097s] -- Installing: /home/ogan/ME461F25_LittleDaisies/project/ros_ws/install/mobile_sensor/share/mobile_sensor//node_modules/destroy
[1.097s] -- Installing: /home/ogan/ME461F25_LittleDaisies/project/ros_ws/install/mobile_sensor/share/mobile_sensor//node_modules/destroy/package.json
[1.097s] -- Installing: /home/ogan/ME461F25_LittleDaisies/project/ros_ws/install/mobile_sensor/share/mobile_sensor//node_modules/destroy/LICENSE
[1.097s] -- Installing: /home/ogan/ME461F25_LittleDaisies/project/ros_ws/install/mobile_sensor/share/mobile_sensor//node_modules/destroy/index.js
[1.097s] -- Installing: /home/ogan/ME461F25_LittleDaisies/project/ros_ws/install/mobile_sensor/share/mobile_sensor//node_modules/destroy/README.md
[1.098s] -- Installing: /home/ogan/ME461F25_LittleDaisies/project/ros_ws/install/mobile_sensor/share/mobile_sensor//node_modules/jsonfile
[1.098s] -- Installing: /home/ogan/ME461F25_LittleDaisies/project/ros_ws/install/mobile_sensor/share/mobile_sensor//node_modules/jsonfile/utils.js
[1.098s] -- Installing: /home/ogan/ME461F25_LittleDaisies/project/ros_ws/install/mobile_sensor/share/mobile_sensor//node_modules/jsonfile/package.json
[1.098s] -- Installing: /home/ogan/ME461F25_LittleDaisies/project/ros_ws/install/mobile_sensor/share/mobile_sensor//node_modules/jsonfile/LICENSE
[1.098s] -- Installing: /home/ogan/ME461F25_LittleDaisies/project/ros_ws/install/mobile_sensor/share/mobile_sensor//node_modules/jsonfile/index.js
[1.098s] -- Installing: /home/ogan/ME461F25_LittleDaisies/project/ros_ws/install/mobile_sensor/share/mobile_sensor//node_modules/jsonfile/README.md
[1.098s] -- Installing: /home/ogan/ME461F25_LittleDaisies/project/ros_ws/install/mobile_sensor/share/mobile_sensor//node_modules/get-proto
[1.098s] -- Installing: /home/ogan/ME461F25_LittleDaisies/project/ros_ws/install/mobile_sensor/share/mobile_sensor//node_modules/get-proto/.eslintrc
[1.098s] -- Installing: /home/ogan/ME461F25_LittleDaisies/project/ros_ws/install/mobile_sensor/share/mobile_sensor//node_modules/get-proto/package.json
[1.098s] -- Installing: /home/ogan/ME461F25_LittleDaisies/project/ros_ws/install/mobile_sensor/share/mobile_sensor//node_modules/get-proto/LICENSE
[1.098s] -- Installing: /home/ogan/ME461F25_LittleDaisies/project/ros_ws/install/mobile_sensor/share/mobile_sensor//node_modules/get-proto/Object.getPrototypeOf.d.ts
[1.099s] -- Installing: /home/ogan/ME461F25_LittleDaisies/project/ros_ws/install/mobile_sensor/share/mobile_sensor//node_modules/get-proto/index.js
[1.099s] -- Installing: /home/ogan/ME461F25_LittleDaisies/project/ros_ws/install/mobile_sensor/share/mobile_sensor//node_modules/get-proto/Object.getPrototypeOf.js
[1.099s] -- Installing: /home/ogan/ME461F25_LittleDaisies/project/ros_ws/install/mobile_sensor/share/mobile_sensor//node_modules/get-proto/Reflect.getPrototypeOf.d.ts
[1.099s] -- Installing: /home/ogan/ME461F25_LittleDaisies/project/ros_ws/install/mobile_sensor/share/mobile_sensor//node_modules/get-proto/Reflect.getPrototypeOf.js
[1.099s] -- Installing: /home/ogan/ME461F25_LittleDaisies/project/ros_ws/install/mobile_sensor/share/mobile_sensor//node_modules/get-proto/index.d.ts
[1.099s] -- Installing: /home/ogan/ME461F25_LittleDaisies/project/ros_ws/install/mobile_sensor/share/mobile_sensor//node_modules/get-proto/CHANGELOG.md
[1.099s] -- Installing: /home/ogan/ME461F25_LittleDaisies/project/ros_ws/install/mobile_sensor/share/mobile_sensor//node_modules/get-proto/tsconfig.json
[1.099s] -- Installing: /home/ogan/ME461F25_LittleDaisies/project/ros_ws/install/mobile_sensor/share/mobile_sensor//node_modules/get-proto/test
[1.099s] -- Installing: /home/ogan/ME461F25_LittleDaisies/project/ros_ws/install/mobile_sensor/share/mobile_sensor//node_modules/get-proto/test/index.js
[1.099s] -- Installing: /home/ogan/ME461F25_LittleDaisies/project/ros_ws/install/mobile_sensor/share/mobile_sensor//node_modules/get-proto/README.md
[1.100s] -- Installing: /home/ogan/ME461F25_LittleDaisies/project/ros_ws/install/mobile_sensor/share/mobile_sensor//node_modules/get-proto/.github
[1.100s] -- Installing: /home/ogan/ME461F25_LittleDaisies/project/ros_ws/install/mobile_sensor/share/mobile_sensor//node_modules/get-proto/.github/FUNDING.yml
[1.100s] -- Installing: /home/ogan/ME461F25_LittleDaisies/project/ros_ws/install/mobile_sensor/share/mobile_sensor//node_modules/get-proto/.nycrc
[1.100s] -- Installing: /home/ogan/ME461F25_LittleDaisies/project/ros_ws/install/mobile_sensor/share/mobile_sensor//node_modules/dunder-proto
[1.100s] -- Installing: /home/ogan/ME461F25_LittleDaisies/project/ros_ws/install/mobile_sensor/share/mobile_sensor//node_modules/dunder-proto/get.d.ts
[1.100s] -- Installing: /home/ogan/ME461F25_LittleDaisies/project/ros_ws/install/mobile_sensor/share/mobile_sensor//node_modules/dunder-proto/set.js
[1.100s] -- Installing: /home/ogan/ME461F25_LittleDaisies/project/ros_ws/install/mobile_sensor/share/mobile_sensor//node_modules/dunder-proto/.eslintrc
[1.100s] -- Installing: /home/ogan/ME461F25_LittleDaisies/project/ros_ws/install/mobile_sensor/share/mobile_sensor//node_modules/dunder-proto/package.json
[1.100s] -- Installing: /home/ogan/ME461F25_LittleDaisies/project/ros_ws/install/mobile_sensor/share/mobile_sensor//node_modules/dunder-proto/LICENSE
[1.100s] -- Installing: /home/ogan/ME461F25_LittleDaisies/project/ros_ws/install/mobile_sensor/share/mobile_sensor//node_modules/dunder-proto/get.js
[1.101s] -- Installing: /home/ogan/ME461F25_LittleDaisies/project/ros_ws/install/mobile_sensor/share/mobile_sensor//node_modules/dunder-proto/CHANGELOG.md
[1.101s] -- Installing: /home/ogan/ME461F25_LittleDaisies/project/ros_ws/install/mobile_sensor/share/mobile_sensor//node_modules/dunder-proto/tsconfig.json
[1.101s] -- Installing: /home/ogan/ME461F25_LittleDaisies/project/ros_ws/install/mobile_sensor/share/mobile_sensor//node_modules/dunder-proto/set.d.ts
[1.101s] -- Installing: /home/ogan/ME461F25_LittleDaisies/project/ros_ws/install/mobile_sensor/share/mobile_sensor//node_modules/dunder-proto/test
[1.101s] -- Installing: /home/ogan/ME461F25_LittleDaisies/project/ros_ws/install/mobile_sensor/share/mobile_sensor//node_modules/dunder-proto/test/set.js
[1.101s] -- Installing: /home/ogan/ME461F25_LittleDaisies/project/ros_ws/install/mobile_sensor/share/mobile_sensor//node_modules/dunder-proto/test/index.js
[1.101s] -- Installing: /home/ogan/ME461F25_LittleDaisies/project/ros_ws/install/mobile_sensor/share/mobile_sensor//node_modules/dunder-proto/test/get.js
[1.101s] -- Installing: /home/ogan/ME461F25_LittleDaisies/project/ros_ws/install/mobile_sensor/share/mobile_sensor//node_modules/dunder-proto/README.md
[1.101s] -- Installing: /home/ogan/ME461F25_LittleDaisies/project/ros_ws/install/mobile_sensor/share/mobile_sensor//node_modules/dunder-proto/.github
[1.101s] -- Installing: /home/ogan/ME461F25_LittleDaisies/project/ros_ws/install/mobile_sensor/share/mobile_sensor//node_modules/dunder-proto/.github/FUNDING.yml
[1.101s] -- Installing: /home/ogan/ME461F25_LittleDaisies/project/ros_ws/install/mobile_sensor/share/mobile_sensor//node_modules/dunder-proto/.nycrc
[1.102s] -- Installing: /home/ogan/ME461F25_LittleDaisies/project/ros_ws/install/mobile_sensor/share/mobile_sensor//node_modules/@rclnodejs
[1.102s] -- Installing: /home/ogan/ME461F25_LittleDaisies/project/ros_ws/install/mobile_sensor/share/mobile_sensor//node_modules/@rclnodejs/ref-array-di
[1.102s] -- Installing: /home/ogan/ME461F25_LittleDaisies/project/ros_ws/install/mobile_sensor/share/mobile_sensor//node_modules/@rclnodejs/ref-array-di/node_modules
[1.102s] -- Installing: /home/ogan/ME461F25_LittleDaisies/project/ros_ws/install/mobile_sensor/share/mobile_sensor//node_modules/@rclnodejs/ref-array-di/node_modules/debug
[1.102s] -- Installing: /home/ogan/ME461F25_LittleDaisies/project/ros_ws/install/mobile_sensor/share/mobile_sensor//node_modules/@rclnodejs/ref-array-di/node_modules/debug/package.json
[1.102s] -- Installing: /home/ogan/ME461F25_LittleDaisies/project/ros_ws/install/mobile_sensor/share/mobile_sensor//node_modules/@rclnodejs/ref-array-di/node_modules/debug/src
[1.102s] -- Installing: /home/ogan/ME461F25_LittleDaisies/project/ros_ws/install/mobile_sensor/share/mobile_sensor//node_modules/@rclnodejs/ref-array-di/node_modules/debug/src/common.js
[1.102s] -- Installing: /home/ogan/ME461F25_LittleDaisies/project/ros_ws/install/mobile_sensor/share/mobile_sensor//node_modules/@rclnodejs/ref-array-di/node_modules/debug/src/index.js
[1.102s] -- Installing: /home/ogan/ME461F25_LittleDaisies/project/ros_ws/install/mobile_sensor/share/mobile_sensor//node_modules/@rclnodejs/ref-array-di/node_modules/debug/src/browser.js
[1.102s] -- Installing: /home/ogan/ME461F25_LittleDaisies/project/ros_ws/install/mobile_sensor/share/mobile_sensor//node_modules/@rclnodejs/ref-array-di/node_modules/debug/src/node.js
[1.102s] -- Installing: /home/ogan/ME461F25_LittleDaisies/project/ros_ws/install/mobile_sensor/share/mobile_sensor//node_modules/@rclnodejs/ref-array-di/node_modules/debug/LICENSE
[1.102s] -- Installing: /home/ogan/ME461F25_LittleDaisies/project/ros_ws/install/mobile_sensor/share/mobile_sensor//node_modules/@rclnodejs/ref-array-di/node_modules/debug/README.md
[1.103s] -- Installing: /home/ogan/ME461F25_LittleDaisies/project/ros_ws/install/mobile_sensor/share/mobile_sensor//node_modules/@rclnodejs/ref-array-di/node_modules/ms
[1.103s] -- Installing: /home/ogan/ME461F25_LittleDaisies/project/ros_ws/install/mobile_sensor/share/mobile_sensor//node_modules/@rclnodejs/ref-array-di/node_modules/ms/package.json
[1.103s] -- Installing: /home/ogan/ME461F25_LittleDaisies/project/ros_ws/install/mobile_sensor/share/mobile_sensor//node_modules/@rclnodejs/ref-array-di/node_modules/ms/index.js
[1.103s] -- Installing: /home/ogan/ME461F25_LittleDaisies/project/ros_ws/install/mobile_sensor/share/mobile_sensor//node_modules/@rclnodejs/ref-array-di/node_modules/ms/license.md
[1.103s] -- Installing: /home/ogan/ME461F25_LittleDaisies/project/ros_ws/install/mobile_sensor/share/mobile_sensor//node_modules/@rclnodejs/ref-array-di/node_modules/ms/readme.md
[1.103s] -- Installing: /home/ogan/ME461F25_LittleDaisies/project/ros_ws/install/mobile_sensor/share/mobile_sensor//node_modules/@rclnodejs/ref-array-di/package.json
[1.103s] -- Installing: /home/ogan/ME461F25_LittleDaisies/project/ros_ws/install/mobile_sensor/share/mobile_sensor//node_modules/@rclnodejs/ref-array-di/LICENSE
[1.103s] -- Installing: /home/ogan/ME461F25_LittleDaisies/project/ros_ws/install/mobile_sensor/share/mobile_sensor//node_modules/@rclnodejs/ref-array-di/lib
[1.103s] -- Installing: /home/ogan/ME461F25_LittleDaisies/project/ros_ws/install/mobile_sensor/share/mobile_sensor//node_modules/@rclnodejs/ref-array-di/lib/array.js
[1.104s] -- Installing: /home/ogan/ME461F25_LittleDaisies/project/ros_ws/install/mobile_sensor/share/mobile_sensor//node_modules/@rclnodejs/ref-array-di/.project
[1.104s] -- Installing: /home/ogan/ME461F25_LittleDaisies/project/ros_ws/install/mobile_sensor/share/mobile_sensor//node_modules/@rclnodejs/ref-array-di/History.md
[1.104s] -- Installing: /home/ogan/ME461F25_LittleDaisies/project/ros_ws/install/mobile_sensor/share/mobile_sensor//node_modules/@rclnodejs/ref-array-di/code-of-conduct.md
[1.104s] -- Installing: /home/ogan/ME461F25_LittleDaisies/project/ros_ws/install/mobile_sensor/share/mobile_sensor//node_modules/@rclnodejs/ref-array-di/test
[1.104s] -- Installing: /home/ogan/ME461F25_LittleDaisies/project/ros_ws/install/mobile_sensor/share/mobile_sensor//node_modules/@rclnodejs/ref-array-di/test/array.js
[1.104s] -- Installing: /home/ogan/ME461F25_LittleDaisies/project/ros_ws/install/mobile_sensor/share/mobile_sensor//node_modules/@rclnodejs/ref-array-di/test/binding.gyp
[1.104s] -- Installing: /home/ogan/ME461F25_LittleDaisies/project/ros_ws/install/mobile_sensor/share/mobile_sensor//node_modules/@rclnodejs/ref-array-di/test/array_test.cc
[1.104s] -- Installing: /home/ogan/ME461F25_LittleDaisies/project/ros_ws/install/mobile_sensor/share/mobile_sensor//node_modules/@rclnodejs/ref-array-di/README.md
[1.104s] -- Installing: /home/ogan/ME461F25_LittleDaisies/project/ros_ws/install/mobile_sensor/share/mobile_sensor//node_modules/@rclnodejs/ref-array-di/appveyor.yml
[1.104s] -- Installing: /home/ogan/ME461F25_LittleDaisies/project/ros_ws/install/mobile_sensor/share/mobile_sensor//node_modules/@rclnodejs/ref-array-di/.travis.yml
[1.105s] -- Installing: /home/ogan/ME461F25_LittleDaisies/project/ros_ws/install/mobile_sensor/share/mobile_sensor//node_modules/@rclnodejs/ref-struct-di
[1.105s] -- Installing: /home/ogan/ME461F25_LittleDaisies/project/ros_ws/install/mobile_sensor/share/mobile_sensor//node_modules/@rclnodejs/ref-struct-di/node_modules
[1.105s] -- Installing: /home/ogan/ME461F25_LittleDaisies/project/ros_ws/install/mobile_sensor/share/mobile_sensor//node_modules/@rclnodejs/ref-struct-di/node_modules/debug
[1.105s] -- Installing: /home/ogan/ME461F25_LittleDaisies/project/ros_ws/install/mobile_sensor/share/mobile_sensor//node_modules/@rclnodejs/ref-struct-di/node_modules/debug/package.json
[1.105s] -- Installing: /home/ogan/ME461F25_LittleDaisies/project/ros_ws/install/mobile_sensor/share/mobile_sensor//node_modules/@rclnodejs/ref-struct-di/node_modules/debug/src
[1.105s] -- Installing: /home/ogan/ME461F25_LittleDaisies/project/ros_ws/install/mobile_sensor/share/mobile_sensor//node_modules/@rclnodejs/ref-struct-di/node_modules/debug/src/common.js
[1.105s] -- Installing: /home/ogan/ME461F25_LittleDaisies/project/ros_ws/install/mobile_sensor/share/mobile_sensor//node_modules/@rclnodejs/ref-struct-di/node_modules/debug/src/index.js
[1.105s] -- Installing: /home/ogan/ME461F25_LittleDaisies/project/ros_ws/install/mobile_sensor/share/mobile_sensor//node_modules/@rclnodejs/ref-struct-di/node_modules/debug/src/browser.js
[1.105s] -- Installing: /home/ogan/ME461F25_LittleDaisies/project/ros_ws/install/mobile_sensor/share/mobile_sensor//node_modules/@rclnodejs/ref-struct-di/node_modules/debug/src/node.js
[1.105s] -- Installing: /home/ogan/ME461F25_LittleDaisies/project/ros_ws/install/mobile_sensor/share/mobile_sensor//node_modules/@rclnodejs/ref-struct-di/node_modules/debug/LICENSE
[1.106s] -- Installing: /home/ogan/ME461F25_LittleDaisies/project/ros_ws/install/mobile_sensor/share/mobile_sensor//node_modules/@rclnodejs/ref-struct-di/node_modules/debug/README.md
[1.106s] -- Installing: /home/ogan/ME461F25_LittleDaisies/project/ros_ws/install/mobile_sensor/share/mobile_sensor//node_modules/@rclnodejs/ref-struct-di/node_modules/ms
[1.106s] -- Installing: /home/ogan/ME461F25_LittleDaisies/project/ros_ws/install/mobile_sensor/share/mobile_sensor//node_modules/@rclnodejs/ref-struct-di/node_modules/ms/package.json
[1.106s] -- Installing: /home/ogan/ME461F25_LittleDaisies/project/ros_ws/install/mobile_sensor/share/mobile_sensor//node_modules/@rclnodejs/ref-struct-di/node_modules/ms/index.js
[1.106s] -- Installing: /home/ogan/ME461F25_LittleDaisies/project/ros_ws/install/mobile_sensor/share/mobile_sensor//node_modules/@rclnodejs/ref-struct-di/node_modules/ms/license.md
[1.106s] -- Installing: /home/ogan/ME461F25_LittleDaisies/project/ros_ws/install/mobile_sensor/share/mobile_sensor//node_modules/@rclnodejs/ref-struct-di/node_modules/ms/readme.md
[1.106s] -- Installing: /home/ogan/ME461F25_LittleDaisies/project/ros_ws/install/mobile_sensor/share/mobile_sensor//node_modules/@rclnodejs/ref-struct-di/package.json
[1.106s] -- Installing: /home/ogan/ME461F25_LittleDaisies/project/ros_ws/install/mobile_sensor/share/mobile_sensor//node_modules/@rclnodejs/ref-struct-di/LICENSE
[1.106s] -- Installing: /home/ogan/ME461F25_LittleDaisies/project/ros_ws/install/mobile_sensor/share/mobile_sensor//node_modules/@rclnodejs/ref-struct-di/lib
[1.106s] -- Installing: /home/ogan/ME461F25_LittleDaisies/project/ros_ws/install/mobile_sensor/share/mobile_sensor//node_modules/@rclnodejs/ref-struct-di/lib/struct.js
[1.107s] -- Installing: /home/ogan/ME461F25_LittleDaisies/project/ros_ws/install/mobile_sensor/share/mobile_sensor//node_modules/@rclnodejs/ref-struct-di/.project
[1.107s] -- Installing: /home/ogan/ME461F25_LittleDaisies/project/ros_ws/install/mobile_sensor/share/mobile_sensor//node_modules/@rclnodejs/ref-struct-di/CHANGELOG.md
[1.107s] -- Installing: /home/ogan/ME461F25_LittleDaisies/project/ros_ws/install/mobile_sensor/share/mobile_sensor//node_modules/@rclnodejs/ref-struct-di/code-of-conduct.md
[1.107s] -- Installing: /home/ogan/ME461F25_LittleDaisies/project/ros_ws/install/mobile_sensor/share/mobile_sensor//node_modules/@rclnodejs/ref-struct-di/README.md
[1.107s] -- Installing: /home/ogan/ME461F25_LittleDaisies/project/ros_ws/install/mobile_sensor/share/mobile_sensor//node_modules/@rclnodejs/ref-struct-di/appveyor.yml
[1.107s] -- Installing: /home/ogan/ME461F25_LittleDaisies/project/ros_ws/install/mobile_sensor/share/mobile_sensor//node_modules/@rclnodejs/ref-struct-di/.travis.yml
[1.107s] -- Installing: /home/ogan/ME461F25_LittleDaisies/project/ros_ws/install/mobile_sensor/share/mobile_sensor//node_modules/@rclnodejs/ref-struct-di/.jshintrc
[1.107s] -- Installing: /home/ogan/ME461F25_LittleDaisies/project/ros_ws/install/mobile_sensor/share/mobile_sensor//node_modules/@rclnodejs/node-addon-api
[1.107s] -- Installing: /home/ogan/ME461F25_LittleDaisies/project/ros_ws/install/mobile_sensor/share/mobile_sensor//node_modules/@rclnodejs/node-addon-api/nothing.target.mk
[1.107s] -- Installing: /home/ogan/ME461F25_LittleDaisies/project/ros_ws/install/mobile_sensor/share/mobile_sensor//node_modules/@rclnodejs/node-addon-api/node_api.Makefile
[1.108s] -- Installing: /home/ogan/ME461F25_LittleDaisies/project/ros_ws/install/mobile_sensor/share/mobile_sensor//node_modules/@rclnodejs/ref-napi
[1.108s] -- Installing: /home/ogan/ME461F25_LittleDaisies/project/ros_ws/install/mobile_sensor/share/mobile_sensor//node_modules/@rclnodejs/ref-napi/node_modules
[1.108s] -- Installing: /home/ogan/ME461F25_LittleDaisies/project/ros_ws/install/mobile_sensor/share/mobile_sensor//node_modules/@rclnodejs/ref-napi/node_modules/debug
[1.108s] -- Installing: /home/ogan/ME461F25_LittleDaisies/project/ros_ws/install/mobile_sensor/share/mobile_sensor//node_modules/@rclnodejs/ref-napi/node_modules/debug/package.json
[1.108s] -- Installing: /home/ogan/ME461F25_LittleDaisies/project/ros_ws/install/mobile_sensor/share/mobile_sensor//node_modules/@rclnodejs/ref-napi/node_modules/debug/src
[1.108s] -- Installing: /home/ogan/ME461F25_LittleDaisies/project/ros_ws/install/mobile_sensor/share/mobile_sensor//node_modules/@rclnodejs/ref-napi/node_modules/debug/src/common.js
[1.108s] -- Installing: /home/ogan/ME461F25_LittleDaisies/project/ros_ws/install/mobile_sensor/share/mobile_sensor//node_modules/@rclnodejs/ref-napi/node_modules/debug/src/index.js
[1.108s] -- Installing: /home/ogan/ME461F25_LittleDaisies/project/ros_ws/install/mobile_sensor/share/mobile_sensor//node_modules/@rclnodejs/ref-napi/node_modules/debug/src/browser.js
[1.108s] -- Installing: /home/ogan/ME461F25_LittleDaisies/project/ros_ws/install/mobile_sensor/share/mobile_sensor//node_modules/@rclnodejs/ref-napi/node_modules/debug/src/node.js
[1.108s] -- Installing: /home/ogan/ME461F25_LittleDaisies/project/ros_ws/install/mobile_sensor/share/mobile_sensor//node_modules/@rclnodejs/ref-napi/node_modules/debug/LICENSE
[1.108s] -- Installing: /home/ogan/ME461F25_LittleDaisies/project/ros_ws/install/mobile_sensor/share/mobile_sensor//node_modules/@rclnodejs/ref-napi/node_modules/debug/README.md
[1.109s] -- Installing: /home/ogan/ME461F25_LittleDaisies/project/ros_ws/install/mobile_sensor/share/mobile_sensor//node_modules/@rclnodejs/ref-napi/node_modules/ms
[1.109s] -- Installing: /home/ogan/ME461F25_LittleDaisies/project/ros_ws/install/mobile_sensor/share/mobile_sensor//node_modules/@rclnodejs/ref-napi/node_modules/ms/package.json
[1.109s] -- Installing: /home/ogan/ME461F25_LittleDaisies/project/ros_ws/install/mobile_sensor/share/mobile_sensor//node_modules/@rclnodejs/ref-napi/node_modules/ms/index.js
[1.109s] -- Installing: /home/ogan/ME461F25_LittleDaisies/project/ros_ws/install/mobile_sensor/share/mobile_sensor//node_modules/@rclnodejs/ref-napi/node_modules/ms/license.md
[1.109s] -- Installing: /home/ogan/ME461F25_LittleDaisies/project/ros_ws/install/mobile_sensor/share/mobile_sensor//node_modules/@rclnodejs/ref-napi/node_modules/ms/readme.md
[1.109s] -- Installing: /home/ogan/ME461F25_LittleDaisies/project/ros_ws/install/mobile_sensor/share/mobile_sensor//node_modules/@rclnodejs/ref-napi/package.json
[1.109s] -- Installing: /home/ogan/ME461F25_LittleDaisies/project/ros_ws/install/mobile_sensor/share/mobile_sensor//node_modules/@rclnodejs/ref-napi/src
[1.109s] -- Installing: /home/ogan/ME461F25_LittleDaisies/project/ros_ws/install/mobile_sensor/share/mobile_sensor//node_modules/@rclnodejs/ref-napi/src/binding.cc
[1.109s] -- Installing: /home/ogan/ME461F25_LittleDaisies/project/ros_ws/install/mobile_sensor/share/mobile_sensor//node_modules/@rclnodejs/ref-napi/include
[1.109s] -- Installing: /home/ogan/ME461F25_LittleDaisies/project/ros_ws/install/mobile_sensor/share/mobile_sensor//node_modules/@rclnodejs/ref-napi/include/ref-napi.h
[1.109s] -- Installing: /home/ogan/ME461F25_LittleDaisies/project/ros_ws/install/mobile_sensor/share/mobile_sensor//node_modules/@rclnodejs/ref-napi/LICENSE
[1.110s] -- Installing: /home/ogan/ME461F25_LittleDaisies/project/ros_ws/install/mobile_sensor/share/mobile_sensor//node_modules/@rclnodejs/ref-napi/binding.gyp
[1.110s] -- Installing: /home/ogan/ME461F25_LittleDaisies/project/ros_ws/install/mobile_sensor/share/mobile_sensor//node_modules/@rclnodejs/ref-napi/lib
[1.110s] -- Installing: /home/ogan/ME461F25_LittleDaisies/project/ros_ws/install/mobile_sensor/share/mobile_sensor//node_modules/@rclnodejs/ref-napi/lib/ref.js
[1.110s] -- Installing: /home/ogan/ME461F25_LittleDaisies/project/ros_ws/install/mobile_sensor/share/mobile_sensor//node_modules/@rclnodejs/ref-napi/lib/get-paths.js
[1.110s] -- Installing: /home/ogan/ME461F25_LittleDaisies/project/ros_ws/install/mobile_sensor/share/mobile_sensor//node_modules/@rclnodejs/ref-napi/build
[1.110s] -- Installing: /home/ogan/ME461F25_LittleDaisies/project/ros_ws/install/mobile_sensor/share/mobile_sensor//node_modules/@rclnodejs/ref-napi/build/config.gypi
[1.110s] -- Installing: /home/ogan/ME461F25_LittleDaisies/project/ros_ws/install/mobile_sensor/share/mobile_sensor//node_modules/@rclnodejs/ref-napi/build/Release
[1.110s] -- Installing: /home/ogan/ME461F25_LittleDaisies/project/ros_ws/install/mobile_sensor/share/mobile_sensor//node_modules/@rclnodejs/ref-napi/build/Release/obj.target
[1.110s] -- Installing: /home/ogan/ME461F25_LittleDaisies/project/ros_ws/install/mobile_sensor/share/mobile_sensor//node_modules/@rclnodejs/ref-napi/build/Release/obj.target/nothing
[1.110s] -- Installing: /home/ogan/ME461F25_LittleDaisies/project/ros_ws/install/mobile_sensor/share/mobile_sensor//node_modules/@rclnodejs/ref-napi/build/Release/obj.target/binding.node
[1.111s] -- Installing: /home/ogan/ME461F25_LittleDaisies/project/ros_ws/install/mobile_sensor/share/mobile_sensor//node_modules/@rclnodejs/ref-napi/build/Release/obj.target/binding
[1.111s] -- Installing: /home/ogan/ME461F25_LittleDaisies/project/ros_ws/install/mobile_sensor/share/mobile_sensor//node_modules/@rclnodejs/ref-napi/build/Release/obj.target/binding/src
[1.111s] -- Installing: /home/ogan/ME461F25_LittleDaisies/project/ros_ws/install/mobile_sensor/share/mobile_sensor//node_modules/@rclnodejs/ref-napi/build/Release/obj.target/binding/src/binding.o
[1.111s] -- Installing: /home/ogan/ME461F25_LittleDaisies/project/ros_ws/install/mobile_sensor/share/mobile_sensor//node_modules/@rclnodejs/ref-napi/build/Release/binding.node
[1.111s] -- Installing: /home/ogan/ME461F25_LittleDaisies/project/ros_ws/install/mobile_sensor/share/mobile_sensor//node_modules/@rclnodejs/ref-napi/build/Release/nothing.a
[1.111s] -- Installing: /home/ogan/ME461F25_LittleDaisies/project/ros_ws/install/mobile_sensor/share/mobile_sensor//node_modules/@rclnodejs/ref-napi/build/Release/.deps
[1.111s] -- Installing: /home/ogan/ME461F25_LittleDaisies/project/ros_ws/install/mobile_sensor/share/mobile_sensor//node_modules/@rclnodejs/ref-napi/build/Release/.deps/Release
[1.112s] -- Installing: /home/ogan/ME461F25_LittleDaisies/project/ros_ws/install/mobile_sensor/share/mobile_sensor//node_modules/@rclnodejs/ref-napi/build/Release/.deps/Release/nothing.a.d
[1.112s] -- Installing: /home/ogan/ME461F25_LittleDaisies/project/ros_ws/install/mobile_sensor/share/mobile_sensor//node_modules/@rclnodejs/ref-napi/build/Release/.deps/Release/obj.target
[1.112s] -- Installing: /home/ogan/ME461F25_LittleDaisies/project/ros_ws/install/mobile_sensor/share/mobile_sensor//node_modules/@rclnodejs/ref-napi/build/Release/.deps/Release/obj.target/nothing
[1.112s] -- Installing: /home/ogan/ME461F25_LittleDaisies/project/ros_ws/install/mobile_sensor/share/mobile_sensor//node_modules/@rclnodejs/ref-napi/build/Release/.deps/Release/obj.target/binding
[1.112s] -- Installing: /home/ogan/ME461F25_LittleDaisies/project/ros_ws/install/mobile_sensor/share/mobile_sensor//node_modules/@rclnodejs/ref-napi/build/Release/.deps/Release/obj.target/binding/src
[1.112s] -- Installing: /home/ogan/ME461F25_LittleDaisies/project/ros_ws/install/mobile_sensor/share/mobile_sensor//node_modules/@rclnodejs/ref-napi/build/Release/.deps/Release/obj.target/binding/src/binding.o.d
[1.112s] -- Installing: /home/ogan/ME461F25_LittleDaisies/project/ros_ws/install/mobile_sensor/share/mobile_sensor//node_modules/@rclnodejs/ref-napi/build/Release/.deps/Release/obj.target/binding.node.d
[1.112s] -- Installing: /home/ogan/ME461F25_LittleDaisies/project/ros_ws/install/mobile_sensor/share/mobile_sensor//node_modules/@rclnodejs/ref-napi/build/Release/.deps/Release/node-addon-api
[1.112s] -- Installing: /home/ogan/ME461F25_LittleDaisies/project/ros_ws/install/mobile_sensor/share/mobile_sensor//node_modules/@rclnodejs/ref-napi/build/Release/.deps/Release/node-addon-api/nothing.o.d
[1.112s] -- Installing: /home/ogan/ME461F25_LittleDaisies/project/ros_ws/install/mobile_sensor/share/mobile_sensor//node_modules/@rclnodejs/ref-napi/build/Release/.deps/Release/binding.node.d
[1.112s] -- Installing: /home/ogan/ME461F25_LittleDaisies/project/ros_ws/install/mobile_sensor/share/mobile_sensor//node_modules/@rclnodejs/ref-napi/build/Release/node-addon-api
[1.113s] -- Installing: /home/ogan/ME461F25_LittleDaisies/project/ros_ws/install/mobile_sensor/share/mobile_sensor//node_modules/@rclnodejs/ref-napi/build/Release/node-addon-api/nothing.o
[1.113s] -- Installing: /home/ogan/ME461F25_LittleDaisies/project/ros_ws/install/mobile_sensor/share/mobile_sensor//node_modules/@rclnodejs/ref-napi/build/binding.Makefile
[1.113s] -- Installing: /home/ogan/ME461F25_LittleDaisies/project/ros_ws/install/mobile_sensor/share/mobile_sensor//node_modules/@rclnodejs/ref-napi/build/node-addon-api
[1.113s] -- Installing: /home/ogan/ME461F25_LittleDaisies/project/ros_ws/install/mobile_sensor/share/mobile_sensor//node_modules/@rclnodejs/ref-napi/build/node-addon-api/nothing.a
[1.113s] -- Installing: /home/ogan/ME461F25_LittleDaisies/project/ros_ws/install/mobile_sensor/share/mobile_sensor//node_modules/@rclnodejs/ref-napi/build/node-addon-api/nothing.a.ar-file-list
[1.113s] -- Installing: /home/ogan/ME461F25_LittleDaisies/project/ros_ws/install/mobile_sensor/share/mobile_sensor//node_modules/@rclnodejs/ref-napi/build/binding.target.mk
[1.113s] -- Installing: /home/ogan/ME461F25_LittleDaisies/project/ros_ws/install/mobile_sensor/share/mobile_sensor//node_modules/@rclnodejs/ref-napi/build/Makefile
[1.113s] -- Installing: /home/ogan/ME461F25_LittleDaisies/project/ros_ws/install/mobile_sensor/share/mobile_sensor//node_modules/@rclnodejs/ref-napi/.project
[1.113s] -- Installing: /home/ogan/ME461F25_LittleDaisies/project/ros_ws/install/mobile_sensor/share/mobile_sensor//node_modules/@rclnodejs/ref-napi/docs
[1.113s] -- Installing: /home/ogan/ME461F25_LittleDaisies/project/ros_ws/install/mobile_sensor/share/mobile_sensor//node_modules/@rclnodejs/ref-napi/docs/gh-pages.sh
[1.114s] -- Installing: /home/ogan/ME461F25_LittleDaisies/project/ros_ws/install/mobile_sensor/share/mobile_sensor//node_modules/@rclnodejs/ref-napi/docs/index.jade
[1.114s] -- Installing: /home/ogan/ME461F25_LittleDaisies/project/ros_ws/install/mobile_sensor/share/mobile_sensor//node_modules/@rclnodejs/ref-napi/docs/compile.js
[1.114s] -- Installing: /home/ogan/ME461F25_LittleDaisies/project/ros_ws/install/mobile_sensor/share/mobile_sensor//node_modules/@rclnodejs/ref-napi/docs/stylesheets
[1.114s] -- Installing: /home/ogan/ME461F25_LittleDaisies/project/ros_ws/install/mobile_sensor/share/mobile_sensor//node_modules/@rclnodejs/ref-napi/docs/stylesheets/base.css
[1.114s] -- Installing: /home/ogan/ME461F25_LittleDaisies/project/ros_ws/install/mobile_sensor/share/mobile_sensor//node_modules/@rclnodejs/ref-napi/docs/stylesheets/layout.css
[1.114s] -- Installing: /home/ogan/ME461F25_LittleDaisies/project/ros_ws/install/mobile_sensor/share/mobile_sensor//node_modules/@rclnodejs/ref-napi/docs/stylesheets/skeleton.css
[1.114s] -- Installing: /home/ogan/ME461F25_LittleDaisies/project/ros_ws/install/mobile_sensor/share/mobile_sensor//node_modules/@rclnodejs/ref-napi/docs/images
[1.114s] -- Installing: /home/ogan/ME461F25_LittleDaisies/project/ros_ws/install/mobile_sensor/share/mobile_sensor//node_modules/@rclnodejs/ref-napi/docs/images/apple-touch-icon.png
[1.114s] -- Installing: /home/ogan/ME461F25_LittleDaisies/project/ros_ws/install/mobile_sensor/share/mobile_sensor//node_modules/@rclnodejs/ref-napi/docs/images/apple-touch-icon-72x72.png
[1.115s] -- Installing: /home/ogan/ME461F25_LittleDaisies/project/ros_ws/install/mobile_sensor/share/mobile_sensor//node_modules/@rclnodejs/ref-napi/docs/images/favicon.ico
[1.115s] -- Installing: /home/ogan/ME461F25_LittleDaisies/project/ros_ws/install/mobile_sensor/share/mobile_sensor//node_modules/@rclnodejs/ref-napi/docs/images/ref.pxm
[1.115s] -- Installing: /home/ogan/ME461F25_LittleDaisies/project/ros_ws/install/mobile_sensor/share/mobile_sensor//node_modules/@rclnodejs/ref-napi/docs/images/apple-touch-icon-114x114.png
[1.115s] -- Installing: /home/ogan/ME461F25_LittleDaisies/project/ros_ws/install/mobile_sensor/share/mobile_sensor//node_modules/@rclnodejs/ref-napi/docs/scripts
[1.115s] -- Installing: /home/ogan/ME461F25_LittleDaisies/project/ros_ws/install/mobile_sensor/share/mobile_sensor//node_modules/@rclnodejs/ref-napi/docs/scripts/main.js
[1.115s] -- Installing: /home/ogan/ME461F25_LittleDaisies/project/ros_ws/install/mobile_sensor/share/mobile_sensor//node_modules/@rclnodejs/ref-napi/docs/scripts/jquery-3.5.1.min.js
[1.115s] -- Installing: /home/ogan/ME461F25_LittleDaisies/project/ros_ws/install/mobile_sensor/share/mobile_sensor//node_modules/@rclnodejs/ref-napi/CHANGELOG.md
[1.115s] -- Installing: /home/ogan/ME461F25_LittleDaisies/project/ros_ws/install/mobile_sensor/share/mobile_sensor//node_modules/@rclnodejs/ref-napi/code-of-conduct.md
[1.116s] -- Installing: /home/ogan/ME461F25_LittleDaisies/project/ros_ws/install/mobile_sensor/share/mobile_sensor//node_modules/@rclnodejs/ref-napi/test
[1.116s] -- Installing: /home/ogan/ME461F25_LittleDaisies/project/ros_ws/install/mobile_sensor/share/mobile_sensor//node_modules/@rclnodejs/ref-napi/test/types.js
[1.116s] -- Installing: /home/ogan/ME461F25_LittleDaisies/project/ros_ws/install/mobile_sensor/share/mobile_sensor//node_modules/@rclnodejs/ref-napi/test/pointer.js
[1.116s] -- Installing: /home/ogan/ME461F25_LittleDaisies/project/ros_ws/install/mobile_sensor/share/mobile_sensor//node_modules/@rclnodejs/ref-napi/test/uint64.js
[1.116s] -- Installing: /home/ogan/ME461F25_LittleDaisies/project/ros_ws/install/mobile_sensor/share/mobile_sensor//node_modules/@rclnodejs/ref-napi/test/string.js
[1.116s] -- Installing: /home/ogan/ME461F25_LittleDaisies/project/ros_ws/install/mobile_sensor/share/mobile_sensor//node_modules/@rclnodejs/ref-napi/test/reinterpret.js
[1.116s] -- Installing: /home/ogan/ME461F25_LittleDaisies/project/ros_ws/install/mobile_sensor/share/mobile_sensor//node_modules/@rclnodejs/ref-napi/test/coerce.js
[1.116s] -- Installing: /home/ogan/ME461F25_LittleDaisies/project/ros_ws/install/mobile_sensor/share/mobile_sensor//node_modules/@rclnodejs/ref-napi/test/isNull.js
[1.116s] -- Installing: /home/ogan/ME461F25_LittleDaisies/project/ros_ws/install/mobile_sensor/share/mobile_sensor//node_modules/@rclnodejs/ref-napi/test/address.js
[1.116s] -- Installing: /home/ogan/ME461F25_LittleDaisies/project/ros_ws/install/mobile_sensor/share/mobile_sensor//node_modules/@rclnodejs/ref-napi/test/ref-deref.js
[1.117s] -- Installing: /home/ogan/ME461F25_LittleDaisies/project/ros_ws/install/mobile_sensor/share/mobile_sensor//node_modules/@rclnodejs/ref-napi/test/utf16le.bin
[1.117s] -- Installing: /home/ogan/ME461F25_LittleDaisies/project/ros_ws/install/mobile_sensor/share/mobile_sensor//node_modules/@rclnodejs/ref-napi/test/alloc.js
[1.117s] -- Installing: /home/ogan/ME461F25_LittleDaisies/project/ros_ws/install/mobile_sensor/share/mobile_sensor//node_modules/@rclnodejs/ref-napi/test/reinterpretUntilZeros.js
[1.117s] -- Installing: /home/ogan/ME461F25_LittleDaisies/project/ros_ws/install/mobile_sensor/share/mobile_sensor//node_modules/@rclnodejs/ref-napi/test/iojs3issue.js
[1.117s] -- Installing: /home/ogan/ME461F25_LittleDaisies/project/ros_ws/install/mobile_sensor/share/mobile_sensor//node_modules/@rclnodejs/ref-napi/test/bool.js
[1.117s] -- Installing: /home/ogan/ME461F25_LittleDaisies/project/ros_ws/install/mobile_sensor/share/mobile_sensor//node_modules/@rclnodejs/ref-napi/test/char.js
[1.117s] -- Installing: /home/ogan/ME461F25_LittleDaisies/project/ros_ws/install/mobile_sensor/share/mobile_sensor//node_modules/@rclnodejs/ref-napi/test/object.js
[1.117s] -- Installing: /home/ogan/ME461F25_LittleDaisies/project/ros_ws/install/mobile_sensor/share/mobile_sensor//node_modules/@rclnodejs/ref-napi/test/int64.js
[1.117s] -- Installing: /home/ogan/ME461F25_LittleDaisies/project/ros_ws/install/mobile_sensor/share/mobile_sensor//node_modules/@rclnodejs/ref-napi/README.md
[1.118s] -- Installing: /home/ogan/ME461F25_LittleDaisies/project/ros_ws/install/mobile_sensor/share/mobile_sensor//node_modules/@rclnodejs/ref-napi/appveyor.yml
[1.118s] -- Installing: /home/ogan/ME461F25_LittleDaisies/project/ros_ws/install/mobile_sensor/share/mobile_sensor//node_modules/@rclnodejs/ref-napi/.travis.yml
[1.118s] -- Installing: /home/ogan/ME461F25_LittleDaisies/project/ros_ws/install/mobile_sensor/share/mobile_sensor//node_modules/node-addon-api
[1.118s] -- Installing: /home/ogan/ME461F25_LittleDaisies/project/ros_ws/install/mobile_sensor/share/mobile_sensor//node_modules/node-addon-api/node_api.gyp
[1.118s] -- Installing: /home/ogan/ME461F25_LittleDaisies/project/ros_ws/install/mobile_sensor/share/mobile_sensor//node_modules/node-addon-api/except.gypi
[1.118s] -- Installing: /home/ogan/ME461F25_LittleDaisies/project/ros_ws/install/mobile_sensor/share/mobile_sensor//node_modules/node-addon-api/package.json
[1.118s] -- Installing: /home/ogan/ME461F25_LittleDaisies/project/ros_ws/install/mobile_sensor/share/mobile_sensor//node_modules/node-addon-api/common.gypi
[1.118s] -- Installing: /home/ogan/ME461F25_LittleDaisies/project/ros_ws/install/mobile_sensor/share/mobile_sensor//node_modules/node-addon-api/nothing.c
[1.118s] -- Installing: /home/ogan/ME461F25_LittleDaisies/project/ros_ws/install/mobile_sensor/share/mobile_sensor//node_modules/node-addon-api/LICENSE.md
[1.118s] -- Installing: /home/ogan/ME461F25_LittleDaisies/project/ros_ws/install/mobile_sensor/share/mobile_sensor//node_modules/node-addon-api/index.js
[1.118s] -- Installing: /home/ogan/ME461F25_LittleDaisies/project/ros_ws/install/mobile_sensor/share/mobile_sensor//node_modules/node-addon-api/tools
[1.119s] -- Installing: /home/ogan/ME461F25_LittleDaisies/project/ros_ws/install/mobile_sensor/share/mobile_sensor//node_modules/node-addon-api/tools/conversion.js
[1.119s] -- Installing: /home/ogan/ME461F25_LittleDaisies/project/ros_ws/install/mobile_sensor/share/mobile_sensor//node_modules/node-addon-api/tools/clang-format.js
[1.119s] -- Installing: /home/ogan/ME461F25_LittleDaisies/project/ros_ws/install/mobile_sensor/share/mobile_sensor//node_modules/node-addon-api/tools/eslint-format.js
[1.119s] -- Installing: /home/ogan/ME461F25_LittleDaisies/project/ros_ws/install/mobile_sensor/share/mobile_sensor//node_modules/node-addon-api/tools/check-napi.js
[1.119s] -- Installing: /home/ogan/ME461F25_LittleDaisies/project/ros_ws/install/mobile_sensor/share/mobile_sensor//node_modules/node-addon-api/tools/README.md
[1.119s] -- Installing: /home/ogan/ME461F25_LittleDaisies/project/ros_ws/install/mobile_sensor/share/mobile_sensor//node_modules/node-addon-api/napi-inl.h
[1.119s] -- Installing: /home/ogan/ME461F25_LittleDaisies/project/ros_ws/install/mobile_sensor/share/mobile_sensor//node_modules/node-addon-api/package-support.json
[1.119s] -- Installing: /home/ogan/ME461F25_LittleDaisies/project/ros_ws/install/mobile_sensor/share/mobile_sensor//node_modules/node-addon-api/noexcept.gypi
[1.120s] -- Installing: /home/ogan/ME461F25_LittleDaisies/project/ros_ws/install/mobile_sensor/share/mobile_sensor//node_modules/node-addon-api/napi.h
[1.120s] -- Installing: /home/ogan/ME461F25_LittleDaisies/project/ros_ws/install/mobile_sensor/share/mobile_sensor//node_modules/node-addon-api/napi-inl.deprecated.h
[1.120s] -- Installing: /home/ogan/ME461F25_LittleDaisies/project/ros_ws/install/mobile_sensor/share/mobile_sensor//node_modules/node-addon-api/README.md
[1.120s] -- Installing: /home/ogan/ME461F25_LittleDaisies/project/ros_ws/install/mobile_sensor/share/mobile_sensor//node_modules/source-map-support
[1.120s] -- Installing: /home/ogan/ME461F25_LittleDaisies/project/ros_ws/install/mobile_sensor/share/mobile_sensor//node_modules/source-map-support/browser-source-map-support.js
[1.120s] -- Installing: /home/ogan/ME461F25_LittleDaisies/project/ros_ws/install/mobile_sensor/share/mobile_sensor//node_modules/source-map-support/package.json
[1.120s] -- Installing: /home/ogan/ME461F25_LittleDaisies/project/ros_ws/install/mobile_sensor/share/mobile_sensor//node_modules/source-map-support/register-hook-require.js
[1.120s] -- Installing: /home/ogan/ME461F25_LittleDaisies/project/ros_ws/install/mobile_sensor/share/mobile_sensor//node_modules/source-map-support/LICENSE.md
[1.120s] -- Installing: /home/ogan/ME461F25_LittleDaisies/project/ros_ws/install/mobile_sensor/share/mobile_sensor//node_modules/source-map-support/register.js
[1.121s] -- Installing: /home/ogan/ME461F25_LittleDaisies/project/ros_ws/install/mobile_sensor/share/mobile_sensor//node_modules/source-map-support/README.md
[1.121s] -- Installing: /home/ogan/ME461F25_LittleDaisies/project/ros_ws/install/mobile_sensor/share/mobile_sensor//node_modules/source-map-support/source-map-support.js
[1.121s] -- Installing: /home/ogan/ME461F25_LittleDaisies/project/ros_ws/install/mobile_sensor/share/mobile_sensor//node_modules/argparse
[1.121s] -- Installing: /home/ogan/ME461F25_LittleDaisies/project/ros_ws/install/mobile_sensor/share/mobile_sensor//node_modules/argparse/argparse.js
[1.121s] -- Installing: /home/ogan/ME461F25_LittleDaisies/project/ros_ws/install/mobile_sensor/share/mobile_sensor//node_modules/argparse/package.json
[1.121s] -- Installing: /home/ogan/ME461F25_LittleDaisies/project/ros_ws/install/mobile_sensor/share/mobile_sensor//node_modules/argparse/LICENSE
[1.121s] -- Installing: /home/ogan/ME461F25_LittleDaisies/project/ros_ws/install/mobile_sensor/share/mobile_sensor//node_modules/argparse/lib
[1.121s] -- Installing: /home/ogan/ME461F25_LittleDaisies/project/ros_ws/install/mobile_sensor/share/mobile_sensor//node_modules/argparse/lib/sub.js
[1.121s] -- Installing: /home/ogan/ME461F25_LittleDaisies/project/ros_ws/install/mobile_sensor/share/mobile_sensor//node_modules/argparse/lib/textwrap.js
[1.122s] -- Installing: /home/ogan/ME461F25_LittleDaisies/project/ros_ws/install/mobile_sensor/share/mobile_sensor//node_modules/argparse/CHANGELOG.md
[1.122s] -- Installing: /home/ogan/ME461F25_LittleDaisies/project/ros_ws/install/mobile_sensor/share/mobile_sensor//node_modules/argparse/README.md
[1.122s] -- Installing: /home/ogan/ME461F25_LittleDaisies/project/ros_ws/install/mobile_sensor/share/mobile_sensor//node_modules/methods
[1.122s] -- Installing: /home/ogan/ME461F25_LittleDaisies/project/ros_ws/install/mobile_sensor/share/mobile_sensor//node_modules/methods/package.json
[1.122s] -- Installing: /home/ogan/ME461F25_LittleDaisies/project/ros_ws/install/mobile_sensor/share/mobile_sensor//node_modules/methods/LICENSE
[1.122s] -- Installing: /home/ogan/ME461F25_LittleDaisies/project/ros_ws/install/mobile_sensor/share/mobile_sensor//node_modules/methods/index.js
[1.122s] -- Installing: /home/ogan/ME461F25_LittleDaisies/project/ros_ws/install/mobile_sensor/share/mobile_sensor//node_modules/methods/HISTORY.md
[1.122s] -- Installing: /home/ogan/ME461F25_LittleDaisies/project/ros_ws/install/mobile_sensor/share/mobile_sensor//node_modules/methods/README.md
[1.122s] -- Installing: /home/ogan/ME461F25_LittleDaisies/project/ros_ws/install/mobile_sensor/share/mobile_sensor//node_modules/call-bound
[1.122s] -- Installing: /home/ogan/ME461F25_LittleDaisies/project/ros_ws/install/mobile_sensor/share/mobile_sensor//node_modules/call-bound/.eslintrc
[1.123s] -- Installing: /home/ogan/ME461F25_LittleDaisies/project/ros_ws/install/mobile_sensor/share/mobile_sensor//node_modules/call-bound/package.json
[1.123s] -- Installing: /home/ogan/ME461F25_LittleDaisies/project/ros_ws/install/mobile_sensor/share/mobile_sensor//node_modules/call-bound/LICENSE
[1.123s] -- Installing: /home/ogan/ME461F25_LittleDaisies/project/ros_ws/install/mobile_sensor/share/mobile_sensor//node_modules/call-bound/index.js
[1.123s] -- Installing: /home/ogan/ME461F25_LittleDaisies/project/ros_ws/install/mobile_sensor/share/mobile_sensor//node_modules/call-bound/index.d.ts
[1.123s] -- Installing: /home/ogan/ME461F25_LittleDaisies/project/ros_ws/install/mobile_sensor/share/mobile_sensor//node_modules/call-bound/CHANGELOG.md
[1.123s] -- Installing: /home/ogan/ME461F25_LittleDaisies/project/ros_ws/install/mobile_sensor/share/mobile_sensor//node_modules/call-bound/tsconfig.json
[1.123s] -- Installing: /home/ogan/ME461F25_LittleDaisies/project/ros_ws/install/mobile_sensor/share/mobile_sensor//node_modules/call-bound/test
[1.123s] -- Installing: /home/ogan/ME461F25_LittleDaisies/project/ros_ws/install/mobile_sensor/share/mobile_sensor//node_modules/call-bound/test/index.js
[1.123s] -- Installing: /home/ogan/ME461F25_LittleDaisies/project/ros_ws/install/mobile_sensor/share/mobile_sensor//node_modules/call-bound/README.md
[1.123s] -- Installing: /home/ogan/ME461F25_LittleDaisies/project/ros_ws/install/mobile_sensor/share/mobile_sensor//node_modules/call-bound/.github
[1.123s] -- Installing: /home/ogan/ME461F25_LittleDaisies/project/ros_ws/install/mobile_sensor/share/mobile_sensor//node_modules/call-bound/.github/FUNDING.yml
[1.124s] -- Installing: /home/ogan/ME461F25_LittleDaisies/project/ros_ws/install/mobile_sensor/share/mobile_sensor//node_modules/call-bound/.nycrc
[1.124s] -- Installing: /home/ogan/ME461F25_LittleDaisies/project/ros_ws/install/mobile_sensor/share/mobile_sensor//node_modules/side-channel-map
[1.124s] -- Installing: /home/ogan/ME461F25_LittleDaisies/project/ros_ws/install/mobile_sensor/share/mobile_sensor//node_modules/side-channel-map/.editorconfig
[1.124s] -- Installing: /home/ogan/ME461F25_LittleDaisies/project/ros_ws/install/mobile_sensor/share/mobile_sensor//node_modules/side-channel-map/.eslintrc
[1.124s] -- Installing: /home/ogan/ME461F25_LittleDaisies/project/ros_ws/install/mobile_sensor/share/mobile_sensor//node_modules/side-channel-map/package.json
[1.124s] -- Installing: /home/ogan/ME461F25_LittleDaisies/project/ros_ws/install/mobile_sensor/share/mobile_sensor//node_modules/side-channel-map/LICENSE
[1.124s] -- Installing: /home/ogan/ME461F25_LittleDaisies/project/ros_ws/install/mobile_sensor/share/mobile_sensor//node_modules/side-channel-map/index.js
[1.124s] -- Installing: /home/ogan/ME461F25_LittleDaisies/project/ros_ws/install/mobile_sensor/share/mobile_sensor//node_modules/side-channel-map/index.d.ts
[1.124s] -- Installing: /home/ogan/ME461F25_LittleDaisies/project/ros_ws/install/mobile_sensor/share/mobile_sensor//node_modules/side-channel-map/CHANGELOG.md
[1.124s] -- Installing: /home/ogan/ME461F25_LittleDaisies/project/ros_ws/install/mobile_sensor/share/mobile_sensor//node_modules/side-channel-map/tsconfig.json
[1.125s] -- Installing: /home/ogan/ME461F25_LittleDaisies/project/ros_ws/install/mobile_sensor/share/mobile_sensor//node_modules/side-channel-map/test
[1.125s] -- Installing: /home/ogan/ME461F25_LittleDaisies/project/ros_ws/install/mobile_sensor/share/mobile_sensor//node_modules/side-channel-map/test/index.js
[1.125s] -- Installing: /home/ogan/ME461F25_LittleDaisies/project/ros_ws/install/mobile_sensor/share/mobile_sensor//node_modules/side-channel-map/README.md
[1.125s] -- Installing: /home/ogan/ME461F25_LittleDaisies/project/ros_ws/install/mobile_sensor/share/mobile_sensor//node_modules/side-channel-map/.github
[1.125s] -- Installing: /home/ogan/ME461F25_LittleDaisies/project/ros_ws/install/mobile_sensor/share/mobile_sensor//node_modules/side-channel-map/.github/FUNDING.yml
[1.125s] -- Installing: /home/ogan/ME461F25_LittleDaisies/project/ros_ws/install/mobile_sensor/share/mobile_sensor//node_modules/side-channel-map/.nycrc
[1.125s] -- Installing: /home/ogan/ME461F25_LittleDaisies/project/ros_ws/install/mobile_sensor/share/mobile_sensor//node_modules/media-typer
[1.125s] -- Installing: /home/ogan/ME461F25_LittleDaisies/project/ros_ws/install/mobile_sensor/share/mobile_sensor//node_modules/media-typer/package.json
[1.125s] -- Installing: /home/ogan/ME461F25_LittleDaisies/project/ros_ws/install/mobile_sensor/share/mobile_sensor//node_modules/media-typer/LICENSE
[1.125s] -- Installing: /home/ogan/ME461F25_LittleDaisies/project/ros_ws/install/mobile_sensor/share/mobile_sensor//node_modules/media-typer/index.js
[1.125s] -- Installing: /home/ogan/ME461F25_LittleDaisies/project/ros_ws/install/mobile_sensor/share/mobile_sensor//node_modules/media-typer/HISTORY.md
[1.126s] -- Installing: /home/ogan/ME461F25_LittleDaisies/project/ros_ws/install/mobile_sensor/share/mobile_sensor//node_modules/media-typer/README.md
[1.126s] -- Installing: /home/ogan/ME461F25_LittleDaisies/project/ros_ws/install/mobile_sensor/share/mobile_sensor//node_modules/etag
[1.126s] -- Installing: /home/ogan/ME461F25_LittleDaisies/project/ros_ws/install/mobile_sensor/share/mobile_sensor//node_modules/etag/package.json
[1.126s] -- Installing: /home/ogan/ME461F25_LittleDaisies/project/ros_ws/install/mobile_sensor/share/mobile_sensor//node_modules/etag/LICENSE
[1.126s] -- Installing: /home/ogan/ME461F25_LittleDaisies/project/ros_ws/install/mobile_sensor/share/mobile_sensor//node_modules/etag/index.js
[1.126s] -- Installing: /home/ogan/ME461F25_LittleDaisies/project/ros_ws/install/mobile_sensor/share/mobile_sensor//node_modules/etag/HISTORY.md
[1.126s] -- Installing: /home/ogan/ME461F25_LittleDaisies/project/ros_ws/install/mobile_sensor/share/mobile_sensor//node_modules/etag/README.md
[1.126s] -- Installing: /home/ogan/ME461F25_LittleDaisies/project/ros_ws/install/mobile_sensor/share/mobile_sensor//node_modules/ee-first
[1.126s] -- Installing: /home/ogan/ME461F25_LittleDaisies/project/ros_ws/install/mobile_sensor/share/mobile_sensor//node_modules/ee-first/package.json
[1.126s] -- Installing: /home/ogan/ME461F25_LittleDaisies/project/ros_ws/install/mobile_sensor/share/mobile_sensor//node_modules/ee-first/LICENSE
[1.126s] -- Installing: /home/ogan/ME461F25_LittleDaisies/project/ros_ws/install/mobile_sensor/share/mobile_sensor//node_modules/ee-first/index.js
[1.127s] -- Installing: /home/ogan/ME461F25_LittleDaisies/project/ros_ws/install/mobile_sensor/share/mobile_sensor//node_modules/ee-first/README.md
[1.127s] -- Installing: /home/ogan/ME461F25_LittleDaisies/project/ros_ws/install/mobile_sensor/share/mobile_sensor//node_modules/ext
[1.127s] -- Installing: /home/ogan/ME461F25_LittleDaisies/project/ros_ws/install/mobile_sensor/share/mobile_sensor//node_modules/ext/math
[1.127s] -- Installing: /home/ogan/ME461F25_LittleDaisies/project/ros_ws/install/mobile_sensor/share/mobile_sensor//node_modules/ext/math/floor-10.js
[1.127s] -- Installing: /home/ogan/ME461F25_LittleDaisies/project/ros_ws/install/mobile_sensor/share/mobile_sensor//node_modules/ext/math/ceil-10.js
[1.127s] -- Installing: /home/ogan/ME461F25_LittleDaisies/project/ros_ws/install/mobile_sensor/share/mobile_sensor//node_modules/ext/math/round-10.js
[1.127s] -- Installing: /home/ogan/ME461F25_LittleDaisies/project/ros_ws/install/mobile_sensor/share/mobile_sensor//node_modules/ext/package.json
[1.127s] -- Installing: /home/ogan/ME461F25_LittleDaisies/project/ros_ws/install/mobile_sensor/share/mobile_sensor//node_modules/ext/string
[1.127s] -- Installing: /home/ogan/ME461F25_LittleDaisies/project/ros_ws/install/mobile_sensor/share/mobile_sensor//node_modules/ext/string/random.js
[1.127s] -- Installing: /home/ogan/ME461F25_LittleDaisies/project/ros_ws/install/mobile_sensor/share/mobile_sensor//node_modules/ext/LICENSE
[1.128s] -- Installing: /home/ogan/ME461F25_LittleDaisies/project/ros_ws/install/mobile_sensor/share/mobile_sensor//node_modules/ext/lib
[1.128s] -- Installing: /home/ogan/ME461F25_LittleDaisies/project/ros_ws/install/mobile_sensor/share/mobile_sensor//node_modules/ext/lib/private
[1.128s] -- Installing: /home/ogan/ME461F25_LittleDaisies/project/ros_ws/install/mobile_sensor/share/mobile_sensor//node_modules/ext/lib/private/decimal-adjust.js
[1.128s] -- Installing: /home/ogan/ME461F25_LittleDaisies/project/ros_ws/install/mobile_sensor/share/mobile_sensor//node_modules/ext/lib/private/define-function-length.js
[1.128s] -- Installing: /home/ogan/ME461F25_LittleDaisies/project/ros_ws/install/mobile_sensor/share/mobile_sensor//node_modules/ext/docs
[1.128s] -- Installing: /home/ogan/ME461F25_LittleDaisies/project/ros_ws/install/mobile_sensor/share/mobile_sensor//node_modules/ext/docs/math
[1.128s] -- Installing: /home/ogan/ME461F25_LittleDaisies/project/ros_ws/install/mobile_sensor/share/mobile_sensor//node_modules/ext/docs/math/ceil-10.md
[1.128s] -- Installing: /home/ogan/ME461F25_LittleDaisies/project/ros_ws/install/mobile_sensor/share/mobile_sensor//node_modules/ext/docs/math/round-10.md
[1.128s] -- Installing: /home/ogan/ME461F25_LittleDaisies/project/ros_ws/install/mobile_sensor/share/mobile_sensor//node_modules/ext/docs/math/floor-10.md
[1.128s] -- Installing: /home/ogan/ME461F25_LittleDaisies/project/ros_ws/install/mobile_sensor/share/mobile_sensor//node_modules/ext/docs/string
[1.128s] -- Installing: /home/ogan/ME461F25_LittleDaisies/project/ros_ws/install/mobile_sensor/share/mobile_sensor//node_modules/ext/docs/string/random.md
[1.129s] -- Installing: /home/ogan/ME461F25_LittleDaisies/project/ros_ws/install/mobile_sensor/share/mobile_sensor//node_modules/ext/docs/string_
[1.129s] -- Installing: /home/ogan/ME461F25_LittleDaisies/project/ros_ws/install/mobile_sensor/share/mobile_sensor//node_modules/ext/docs/string_/capitalize.md
[1.129s] -- Installing: /home/ogan/ME461F25_LittleDaisies/project/ros_ws/install/mobile_sensor/share/mobile_sensor//node_modules/ext/docs/string_/includes.md
[1.129s] -- Installing: /home/ogan/ME461F25_LittleDaisies/project/ros_ws/install/mobile_sensor/share/mobile_sensor//node_modules/ext/docs/string_/camel-to-hyphen.md
[1.129s] -- Installing: /home/ogan/ME461F25_LittleDaisies/project/ros_ws/install/mobile_sensor/share/mobile_sensor//node_modules/ext/docs/global-this.md
[1.129s] -- Installing: /home/ogan/ME461F25_LittleDaisies/project/ros_ws/install/mobile_sensor/share/mobile_sensor//node_modules/ext/docs/thenable_
[1.129s] -- Installing: /home/ogan/ME461F25_LittleDaisies/project/ros_ws/install/mobile_sensor/share/mobile_sensor//node_modules/ext/docs/thenable_/finally.md
[1.129s] -- Installing: /home/ogan/ME461F25_LittleDaisies/project/ros_ws/install/mobile_sensor/share/mobile_sensor//node_modules/ext/docs/function
[1.129s] -- Installing: /home/ogan/ME461F25_LittleDaisies/project/ros_ws/install/mobile_sensor/share/mobile_sensor//node_modules/ext/docs/function/identity.md
[1.129s] -- Installing: /home/ogan/ME461F25_LittleDaisies/project/ros_ws/install/mobile_sensor/share/mobile_sensor//node_modules/ext/docs/promise
[1.129s] -- Installing: /home/ogan/ME461F25_LittleDaisies/project/ros_ws/install/mobile_sensor/share/mobile_sensor//node_modules/ext/docs/promise/limit.md
[1.130s] -- Installing: /home/ogan/ME461F25_LittleDaisies/project/ros_ws/install/mobile_sensor/share/mobile_sensor//node_modules/ext/docs/object
[1.130s] -- Installing: /home/ogan/ME461F25_LittleDaisies/project/ros_ws/install/mobile_sensor/share/mobile_sensor//node_modules/ext/docs/object/entries.md
[1.130s] -- Installing: /home/ogan/ME461F25_LittleDaisies/project/ros_ws/install/mobile_sensor/share/mobile_sensor//node_modules/ext/docs/object/clear.md
[1.130s] -- Installing: /home/ogan/ME461F25_LittleDaisies/project/ros_ws/install/mobile_sensor/share/mobile_sensor//node_modules/ext/string_
[1.130s] -- Installing: /home/ogan/ME461F25_LittleDaisies/project/ros_ws/install/mobile_sensor/share/mobile_sensor//node_modules/ext/string_/includes
[1.130s] -- Installing: /home/ogan/ME461F25_LittleDaisies/project/ros_ws/install/mobile_sensor/share/mobile_sensor//node_modules/ext/string_/includes/is-implemented.js
[1.130s] -- Installing: /home/ogan/ME461F25_LittleDaisies/project/ros_ws/install/mobile_sensor/share/mobile_sensor//node_modules/ext/string_/includes/implementation.js
[1.130s] -- Installing: /home/ogan/ME461F25_LittleDaisies/project/ros_ws/install/mobile_sensor/share/mobile_sensor//node_modules/ext/string_/includes/index.js
[1.130s] -- Installing: /home/ogan/ME461F25_LittleDaisies/project/ros_ws/install/mobile_sensor/share/mobile_sensor//node_modules/ext/string_/camel-to-hyphen.js
[1.130s] -- Installing: /home/ogan/ME461F25_LittleDaisies/project/ros_ws/install/mobile_sensor/share/mobile_sensor//node_modules/ext/string_/capitalize.js
[1.130s] -- Installing: /home/ogan/ME461F25_LittleDaisies/project/ros_ws/install/mobile_sensor/share/mobile_sensor//node_modules/ext/global-this
[1.131s] -- Installing: /home/ogan/ME461F25_LittleDaisies/project/ros_ws/install/mobile_sensor/share/mobile_sensor//node_modules/ext/global-this/is-implemented.js
[1.131s] -- Installing: /home/ogan/ME461F25_LittleDaisies/project/ros_ws/install/mobile_sensor/share/mobile_sensor//node_modules/ext/global-this/implementation.js
[1.131s] -- Installing: /home/ogan/ME461F25_LittleDaisies/project/ros_ws/install/mobile_sensor/share/mobile_sensor//node_modules/ext/global-this/index.js
[1.131s] -- Installing: /home/ogan/ME461F25_LittleDaisies/project/ros_ws/install/mobile_sensor/share/mobile_sensor//node_modules/ext/CHANGELOG.md
[1.131s] -- Installing: /home/ogan/ME461F25_LittleDaisies/project/ros_ws/install/mobile_sensor/share/mobile_sensor//node_modules/ext/thenable_
[1.131s] -- Installing: /home/ogan/ME461F25_LittleDaisies/project/ros_ws/install/mobile_sensor/share/mobile_sensor//node_modules/ext/thenable_/finally.js
[1.131s] -- Installing: /home/ogan/ME461F25_LittleDaisies/project/ros_ws/install/mobile_sensor/share/mobile_sensor//node_modules/ext/function
[1.131s] -- Installing: /home/ogan/ME461F25_LittleDaisies/project/ros_ws/install/mobile_sensor/share/mobile_sensor//node_modules/ext/function/identity.js
[1.131s] -- Installing: /home/ogan/ME461F25_LittleDaisies/project/ros_ws/install/mobile_sensor/share/mobile_sensor//node_modules/ext/promise
[1.131s] -- Installing: /home/ogan/ME461F25_LittleDaisies/project/ros_ws/install/mobile_sensor/share/mobile_sensor//node_modules/ext/promise/limit.js
[1.131s] -- Installing: /home/ogan/ME461F25_LittleDaisies/project/ros_ws/install/mobile_sensor/share/mobile_sensor//node_modules/ext/object
[1.131s] -- Installing: /home/ogan/ME461F25_LittleDaisies/project/ros_ws/install/mobile_sensor/share/mobile_sensor//node_modules/ext/object/entries
[1.132s] -- Installing: /home/ogan/ME461F25_LittleDaisies/project/ros_ws/install/mobile_sensor/share/mobile_sensor//node_modules/ext/object/entries/is-implemented.js
[1.132s] -- Installing: /home/ogan/ME461F25_LittleDaisies/project/ros_ws/install/mobile_sensor/share/mobile_sensor//node_modules/ext/object/entries/implementation.js
[1.132s] -- Installing: /home/ogan/ME461F25_LittleDaisies/project/ros_ws/install/mobile_sensor/share/mobile_sensor//node_modules/ext/object/entries/index.js
[1.132s] -- Installing: /home/ogan/ME461F25_LittleDaisies/project/ros_ws/install/mobile_sensor/share/mobile_sensor//node_modules/ext/object/entries/implement.js
[1.132s] -- Installing: /home/ogan/ME461F25_LittleDaisies/project/ros_ws/install/mobile_sensor/share/mobile_sensor//node_modules/ext/object/clear.js
[1.132s] -- Installing: /home/ogan/ME461F25_LittleDaisies/project/ros_ws/install/mobile_sensor/share/mobile_sensor//node_modules/ext/README.md
[1.132s] -- Installing: /home/ogan/ME461F25_LittleDaisies/project/ros_ws/install/mobile_sensor/share/mobile_sensor//node_modules/get-symbol-from-current-process-h
[1.132s] -- Installing: /home/ogan/ME461F25_LittleDaisies/project/ros_ws/install/mobile_sensor/share/mobile_sensor//node_modules/get-symbol-from-current-process-h/package.json
[1.132s] -- Installing: /home/ogan/ME461F25_LittleDaisies/project/ros_ws/install/mobile_sensor/share/mobile_sensor//node_modules/get-symbol-from-current-process-h/include
[1.132s] -- Installing: /home/ogan/ME461F25_LittleDaisies/project/ros_ws/install/mobile_sensor/share/mobile_sensor//node_modules/get-symbol-from-current-process-h/include/get-symbol-from-current-process.h
[1.133s] -- Installing: /home/ogan/ME461F25_LittleDaisies/project/ros_ws/install/mobile_sensor/share/mobile_sensor//node_modules/get-symbol-from-current-process-h/LICENSE
[1.133s] -- Installing: /home/ogan/ME461F25_LittleDaisies/project/ros_ws/install/mobile_sensor/share/mobile_sensor//node_modules/get-symbol-from-current-process-h/get-paths.js
[1.133s] -- Installing: /home/ogan/ME461F25_LittleDaisies/project/ros_ws/install/mobile_sensor/share/mobile_sensor//node_modules/get-symbol-from-current-process-h/code-of-conduct.md
[1.133s] -- Installing: /home/ogan/ME461F25_LittleDaisies/project/ros_ws/install/mobile_sensor/share/mobile_sensor//node_modules/get-symbol-from-current-process-h/README.md
[1.133s] -- Installing: /home/ogan/ME461F25_LittleDaisies/project/ros_ws/install/mobile_sensor/share/mobile_sensor//node_modules/get-symbol-from-current-process-h/appveyor.yml
[1.133s] -- Installing: /home/ogan/ME461F25_LittleDaisies/project/ros_ws/install/mobile_sensor/share/mobile_sensor//node_modules/get-symbol-from-current-process-h/.travis.yml
[1.133s] -- Installing: /home/ogan/ME461F25_LittleDaisies/project/ros_ws/install/mobile_sensor/share/mobile_sensor//node_modules/terser
[1.133s] -- Installing: /home/ogan/ME461F25_LittleDaisies/project/ros_ws/install/mobile_sensor/share/mobile_sensor//node_modules/terser/dist
[1.133s] -- Installing: /home/ogan/ME461F25_LittleDaisies/project/ros_ws/install/mobile_sensor/share/mobile_sensor//node_modules/terser/dist/package.json
[1.133s] -- Installing: /home/ogan/ME461F25_LittleDaisies/project/ros_ws/install/mobile_sensor/share/mobile_sensor//node_modules/terser/dist/bundle.min.js
[1.135s] -- Installing: /home/ogan/ME461F25_LittleDaisies/project/ros_ws/install/mobile_sensor/share/mobile_sensor//node_modules/terser/dist/.gitkeep
[1.135s] -- Installing: /home/ogan/ME461F25_LittleDaisies/project/ros_ws/install/mobile_sensor/share/mobile_sensor//node_modules/terser/main.js
[1.135s] -- Installing: /home/ogan/ME461F25_LittleDaisies/project/ros_ws/install/mobile_sensor/share/mobile_sensor//node_modules/terser/package.json
[1.135s] -- Installing: /home/ogan/ME461F25_LittleDaisies/project/ros_ws/install/mobile_sensor/share/mobile_sensor//node_modules/terser/LICENSE
[1.135s] -- Installing: /home/ogan/ME461F25_LittleDaisies/project/ros_ws/install/mobile_sensor/share/mobile_sensor//node_modules/terser/lib
[1.135s] -- Installing: /home/ogan/ME461F25_LittleDaisies/project/ros_ws/install/mobile_sensor/share/mobile_sensor//node_modules/terser/lib/cli.js
[1.135s] -- Installing: /home/ogan/ME461F25_LittleDaisies/project/ros_ws/install/mobile_sensor/share/mobile_sensor//node_modules/terser/lib/sourcemap.js
[1.135s] -- Installing: /home/ogan/ME461F25_LittleDaisies/project/ros_ws/install/mobile_sensor/share/mobile_sensor//node_modules/terser/lib/mozilla-ast.js
[1.135s] -- Installing: /home/ogan/ME461F25_LittleDaisies/project/ros_ws/install/mobile_sensor/share/mobile_sensor//node_modules/terser/lib/propmangle.js
[1.135s] -- Installing: /home/ogan/ME461F25_LittleDaisies/project/ros_ws/install/mobile_sensor/share/mobile_sensor//node_modules/terser/lib/ast.js
[1.136s] -- Installing: /home/ogan/ME461F25_LittleDaisies/project/ros_ws/install/mobile_sensor/share/mobile_sensor//node_modules/terser/lib/parse.js
[1.136s] -- Installing: /home/ogan/ME461F25_LittleDaisies/project/ros_ws/install/mobile_sensor/share/mobile_sensor//node_modules/terser/lib/size.js
[1.136s] -- Installing: /home/ogan/ME461F25_LittleDaisies/project/ros_ws/install/mobile_sensor/share/mobile_sensor//node_modules/terser/lib/scope.js
[1.136s] -- Installing: /home/ogan/ME461F25_LittleDaisies/project/ros_ws/install/mobile_sensor/share/mobile_sensor//node_modules/terser/lib/minify.js
[1.136s] -- Installing: /home/ogan/ME461F25_LittleDaisies/project/ros_ws/install/mobile_sensor/share/mobile_sensor//node_modules/terser/lib/compress
[1.136s] -- Installing: /home/ogan/ME461F25_LittleDaisies/project/ros_ws/install/mobile_sensor/share/mobile_sensor//node_modules/terser/lib/compress/common.js
[1.136s] -- Installing: /home/ogan/ME461F25_LittleDaisies/project/ros_ws/install/mobile_sensor/share/mobile_sensor//node_modules/terser/lib/compress/index.js
[1.137s] -- Installing: /home/ogan/ME461F25_LittleDaisies/project/ros_ws/install/mobile_sensor/share/mobile_sensor//node_modules/terser/lib/compress/native-objects.js
[1.137s] -- Installing: /home/ogan/ME461F25_LittleDaisies/project/ros_ws/install/mobile_sensor/share/mobile_sensor//node_modules/terser/lib/compress/reduce-vars.js
[1.137s] -- Installing: /home/ogan/ME461F25_LittleDaisies/project/ros_ws/install/mobile_sensor/share/mobile_sensor//node_modules/terser/lib/compress/compressor-flags.js
[1.137s] -- Installing: /home/ogan/ME461F25_LittleDaisies/project/ros_ws/install/mobile_sensor/share/mobile_sensor//node_modules/terser/lib/compress/global-defs.js
[1.137s] -- Installing: /home/ogan/ME461F25_LittleDaisies/project/ros_ws/install/mobile_sensor/share/mobile_sensor//node_modules/terser/lib/compress/drop-unused.js
[1.137s] -- Installing: /home/ogan/ME461F25_LittleDaisies/project/ros_ws/install/mobile_sensor/share/mobile_sensor//node_modules/terser/lib/compress/tighten-body.js
[1.137s] -- Installing: /home/ogan/ME461F25_LittleDaisies/project/ros_ws/install/mobile_sensor/share/mobile_sensor//node_modules/terser/lib/compress/drop-side-effect-free.js
[1.137s] -- Installing: /home/ogan/ME461F25_LittleDaisies/project/ros_ws/install/mobile_sensor/share/mobile_sensor//node_modules/terser/lib/compress/evaluate.js
[1.138s] -- Installing: /home/ogan/ME461F25_LittleDaisies/project/ros_ws/install/mobile_sensor/share/mobile_sensor//node_modules/terser/lib/compress/inline.js
[1.138s] -- Installing: /home/ogan/ME461F25_LittleDaisies/project/ros_ws/install/mobile_sensor/share/mobile_sensor//node_modules/terser/lib/compress/inference.js
[1.138s] -- Installing: /home/ogan/ME461F25_LittleDaisies/project/ros_ws/install/mobile_sensor/share/mobile_sensor//node_modules/terser/lib/output.js
[1.138s] -- Installing: /home/ogan/ME461F25_LittleDaisies/project/ros_ws/install/mobile_sensor/share/mobile_sensor//node_modules/terser/lib/transform.js
[1.138s] -- Installing: /home/ogan/ME461F25_LittleDaisies/project/ros_ws/install/mobile_sensor/share/mobile_sensor//node_modules/terser/lib/equivalent-to.js
[1.138s] -- Installing: /home/ogan/ME461F25_LittleDaisies/project/ros_ws/install/mobile_sensor/share/mobile_sensor//node_modules/terser/lib/utils
[1.138s] -- Installing: /home/ogan/ME461F25_LittleDaisies/project/ros_ws/install/mobile_sensor/share/mobile_sensor//node_modules/terser/lib/utils/index.js
[1.139s] -- Installing: /home/ogan/ME461F25_LittleDaisies/project/ros_ws/install/mobile_sensor/share/mobile_sensor//node_modules/terser/lib/utils/first_in_statement.js
[1.139s] -- Installing: /home/ogan/ME461F25_LittleDaisies/project/ros_ws/install/mobile_sensor/share/mobile_sensor//node_modules/terser/bin
[1.139s] -- Installing: /home/ogan/ME461F25_LittleDaisies/project/ros_ws/install/mobile_sensor/share/mobile_sensor//node_modules/terser/bin/uglifyjs
[1.139s] -- Installing: /home/ogan/ME461F25_LittleDaisies/project/ros_ws/install/mobile_sensor/share/mobile_sensor//node_modules/terser/bin/package.json
[1.139s] -- Installing: /home/ogan/ME461F25_LittleDaisies/project/ros_ws/install/mobile_sensor/share/mobile_sensor//node_modules/terser/bin/terser
[1.139s] -- Installing: /home/ogan/ME461F25_LittleDaisies/project/ros_ws/install/mobile_sensor/share/mobile_sensor//node_modules/terser/tools
[1.139s] -- Installing: /home/ogan/ME461F25_LittleDaisies/project/ros_ws/install/mobile_sensor/share/mobile_sensor//node_modules/terser/tools/exit.cjs
[1.139s] -- Installing: /home/ogan/ME461F25_LittleDaisies/project/ros_ws/install/mobile_sensor/share/mobile_sensor//node_modules/terser/tools/terser.d.ts
[1.139s] -- Installing: /home/ogan/ME461F25_LittleDaisies/project/ros_ws/install/mobile_sensor/share/mobile_sensor//node_modules/terser/tools/props.html
[1.139s] -- Installing: /home/ogan/ME461F25_LittleDaisies/project/ros_ws/install/mobile_sensor/share/mobile_sensor//node_modules/terser/tools/domprops.js
[1.140s] -- Installing: /home/ogan/ME461F25_LittleDaisies/project/ros_ws/install/mobile_sensor/share/mobile_sensor//node_modules/terser/CHANGELOG.md
[1.140s] -- Installing: /home/ogan/ME461F25_LittleDaisies/project/ros_ws/install/mobile_sensor/share/mobile_sensor//node_modules/terser/PATRONS.md
[1.140s] -- Installing: /home/ogan/ME461F25_LittleDaisies/project/ros_ws/install/mobile_sensor/share/mobile_sensor//node_modules/terser/README.md
[1.140s] -- Installing: /home/ogan/ME461F25_LittleDaisies/project/ros_ws/install/mobile_sensor/share/mobile_sensor//node_modules/accepts
[1.140s] -- Installing: /home/ogan/ME461F25_LittleDaisies/project/ros_ws/install/mobile_sensor/share/mobile_sensor//node_modules/accepts/package.json
[1.140s] -- Installing: /home/ogan/ME461F25_LittleDaisies/project/ros_ws/install/mobile_sensor/share/mobile_sensor//node_modules/accepts/LICENSE
[1.140s] -- Installing: /home/ogan/ME461F25_LittleDaisies/project/ros_ws/install/mobile_sensor/share/mobile_sensor//node_modules/accepts/index.js
[1.141s] -- Installing: /home/ogan/ME461F25_LittleDaisies/project/ros_ws/install/mobile_sensor/share/mobile_sensor//node_modules/accepts/HISTORY.md
[1.141s] -- Installing: /home/ogan/ME461F25_LittleDaisies/project/ros_ws/install/mobile_sensor/share/mobile_sensor//node_modules/accepts/README.md
[1.141s] -- Installing: /home/ogan/ME461F25_LittleDaisies/project/ros_ws/install/mobile_sensor/share/mobile_sensor//node_modules/get-intrinsic
[1.141s] -- Installing: /home/ogan/ME461F25_LittleDaisies/project/ros_ws/install/mobile_sensor/share/mobile_sensor//node_modules/get-intrinsic/.eslintrc
[1.141s] -- Installing: /home/ogan/ME461F25_LittleDaisies/project/ros_ws/install/mobile_sensor/share/mobile_sensor//node_modules/get-intrinsic/package.json
[1.141s] -- Installing: /home/ogan/ME461F25_LittleDaisies/project/ros_ws/install/mobile_sensor/share/mobile_sensor//node_modules/get-intrinsic/LICENSE
[1.141s] -- Installing: /home/ogan/ME461F25_LittleDaisies/project/ros_ws/install/mobile_sensor/share/mobile_sensor//node_modules/get-intrinsic/index.js
[1.141s] -- Installing: /home/ogan/ME461F25_LittleDaisies/project/ros_ws/install/mobile_sensor/share/mobile_sensor//node_modules/get-intrinsic/CHANGELOG.md
[1.141s] -- Installing: /home/ogan/ME461F25_LittleDaisies/project/ros_ws/install/mobile_sensor/share/mobile_sensor//node_modules/get-intrinsic/test
[1.141s] -- Installing: /home/ogan/ME461F25_LittleDaisies/project/ros_ws/install/mobile_sensor/share/mobile_sensor//node_modules/get-intrinsic/test/GetIntrinsic.js
[1.142s] -- Installing: /home/ogan/ME461F25_LittleDaisies/project/ros_ws/install/mobile_sensor/share/mobile_sensor//node_modules/get-intrinsic/README.md
[1.142s] -- Installing: /home/ogan/ME461F25_LittleDaisies/project/ros_ws/install/mobile_sensor/share/mobile_sensor//node_modules/get-intrinsic/.github
[1.142s] -- Installing: /home/ogan/ME461F25_LittleDaisies/project/ros_ws/install/mobile_sensor/share/mobile_sensor//node_modules/get-intrinsic/.github/FUNDING.yml
[1.142s] -- Installing: /home/ogan/ME461F25_LittleDaisies/project/ros_ws/install/mobile_sensor/share/mobile_sensor//node_modules/get-intrinsic/.nycrc
[1.142s] -- Installing: /home/ogan/ME461F25_LittleDaisies/project/ros_ws/install/mobile_sensor/share/mobile_sensor//node_modules/hasown
[1.142s] -- Installing: /home/ogan/ME461F25_LittleDaisies/project/ros_ws/install/mobile_sensor/share/mobile_sensor//node_modules/hasown/.eslintrc
[1.142s] -- Installing: /home/ogan/ME461F25_LittleDaisies/project/ros_ws/install/mobile_sensor/share/mobile_sensor//node_modules/hasown/package.json
[1.142s] -- Installing: /home/ogan/ME461F25_LittleDaisies/project/ros_ws/install/mobile_sensor/share/mobile_sensor//node_modules/hasown/LICENSE
[1.142s] -- Installing: /home/ogan/ME461F25_LittleDaisies/project/ros_ws/install/mobile_sensor/share/mobile_sensor//node_modules/hasown/index.js
[1.142s] -- Installing: /home/ogan/ME461F25_LittleDaisies/project/ros_ws/install/mobile_sensor/share/mobile_sensor//node_modules/hasown/index.d.ts
[1.142s] -- Installing: /home/ogan/ME461F25_LittleDaisies/project/ros_ws/install/mobile_sensor/share/mobile_sensor//node_modules/hasown/CHANGELOG.md
[1.143s] -- Installing: /home/ogan/ME461F25_LittleDaisies/project/ros_ws/install/mobile_sensor/share/mobile_sensor//node_modules/hasown/tsconfig.json
[1.143s] -- Installing: /home/ogan/ME461F25_LittleDaisies/project/ros_ws/install/mobile_sensor/share/mobile_sensor//node_modules/hasown/README.md
[1.143s] -- Installing: /home/ogan/ME461F25_LittleDaisies/project/ros_ws/install/mobile_sensor/share/mobile_sensor//node_modules/hasown/.github
[1.143s] -- Installing: /home/ogan/ME461F25_LittleDaisies/project/ros_ws/install/mobile_sensor/share/mobile_sensor//node_modules/hasown/.github/FUNDING.yml
[1.143s] -- Installing: /home/ogan/ME461F25_LittleDaisies/project/ros_ws/install/mobile_sensor/share/mobile_sensor//node_modules/hasown/.nycrc
[1.143s] -- Installing: /home/ogan/ME461F25_LittleDaisies/project/ros_ws/install/mobile_sensor/share/mobile_sensor//node_modules/event-emitter
[1.143s] -- Installing: /home/ogan/ME461F25_LittleDaisies/project/ros_ws/install/mobile_sensor/share/mobile_sensor//node_modules/event-emitter/pipe.js
[1.143s] -- Installing: /home/ogan/ME461F25_LittleDaisies/project/ros_ws/install/mobile_sensor/share/mobile_sensor//node_modules/event-emitter/.npmignore
[1.143s] -- Installing: /home/ogan/ME461F25_LittleDaisies/project/ros_ws/install/mobile_sensor/share/mobile_sensor//node_modules/event-emitter/package.json
[1.143s] -- Installing: /home/ogan/ME461F25_LittleDaisies/project/ros_ws/install/mobile_sensor/share/mobile_sensor//node_modules/event-emitter/all-off.js
[1.144s] -- Installing: /home/ogan/ME461F25_LittleDaisies/project/ros_ws/install/mobile_sensor/share/mobile_sensor//node_modules/event-emitter/LICENSE
[1.144s] -- Installing: /home/ogan/ME461F25_LittleDaisies/project/ros_ws/install/mobile_sensor/share/mobile_sensor//node_modules/event-emitter/index.js
[1.144s] -- Installing: /home/ogan/ME461F25_LittleDaisies/project/ros_ws/install/mobile_sensor/share/mobile_sensor//node_modules/event-emitter/benchmark
[1.144s] -- Installing: /home/ogan/ME461F25_LittleDaisies/project/ros_ws/install/mobile_sensor/share/mobile_sensor//node_modules/event-emitter/benchmark/many-on.js
[1.144s] -- Installing: /home/ogan/ME461F25_LittleDaisies/project/ros_ws/install/mobile_sensor/share/mobile_sensor//node_modules/event-emitter/benchmark/single-on.js
[1.144s] -- Installing: /home/ogan/ME461F25_LittleDaisies/project/ros_ws/install/mobile_sensor/share/mobile_sensor//node_modules/event-emitter/.lint
[1.144s] -- Installing: /home/ogan/ME461F25_LittleDaisies/project/ros_ws/install/mobile_sensor/share/mobile_sensor//node_modules/event-emitter/unify.js
[1.144s] -- Installing: /home/ogan/ME461F25_LittleDaisies/project/ros_ws/install/mobile_sensor/share/mobile_sensor//node_modules/event-emitter/test
[1.144s] -- Installing: /home/ogan/ME461F25_LittleDaisies/project/ros_ws/install/mobile_sensor/share/mobile_sensor//node_modules/event-emitter/test/pipe.js
[1.144s] -- Installing: /home/ogan/ME461F25_LittleDaisies/project/ros_ws/install/mobile_sensor/share/mobile_sensor//node_modules/event-emitter/test/all-off.js
[1.144s] -- Installing: /home/ogan/ME461F25_LittleDaisies/project/ros_ws/install/mobile_sensor/share/mobile_sensor//node_modules/event-emitter/test/index.js
[1.145s] -- Installing: /home/ogan/ME461F25_LittleDaisies/project/ros_ws/install/mobile_sensor/share/mobile_sensor//node_modules/event-emitter/test/unify.js
[1.145s] -- Installing: /home/ogan/ME461F25_LittleDaisies/project/ros_ws/install/mobile_sensor/share/mobile_sensor//node_modules/event-emitter/test/emit-error.js
[1.145s] -- Installing: /home/ogan/ME461F25_LittleDaisies/project/ros_ws/install/mobile_sensor/share/mobile_sensor//node_modules/event-emitter/test/has-listeners.js
[1.145s] -- Installing: /home/ogan/ME461F25_LittleDaisies/project/ros_ws/install/mobile_sensor/share/mobile_sensor//node_modules/event-emitter/emit-error.js
[1.145s] -- Installing: /home/ogan/ME461F25_LittleDaisies/project/ros_ws/install/mobile_sensor/share/mobile_sensor//node_modules/event-emitter/README.md
[1.145s] -- Installing: /home/ogan/ME461F25_LittleDaisies/project/ros_ws/install/mobile_sensor/share/mobile_sensor//node_modules/event-emitter/.testignore
[1.145s] -- Installing: /home/ogan/ME461F25_LittleDaisies/project/ros_ws/install/mobile_sensor/share/mobile_sensor//node_modules/event-emitter/.travis.yml
[1.145s] -- Installing: /home/ogan/ME461F25_LittleDaisies/project/ros_ws/install/mobile_sensor/share/mobile_sensor//node_modules/event-emitter/CHANGES
[1.145s] -- Installing: /home/ogan/ME461F25_LittleDaisies/project/ros_ws/install/mobile_sensor/share/mobile_sensor//node_modules/event-emitter/has-listeners.js
[1.145s] -- Installing: /home/ogan/ME461F25_LittleDaisies/project/ros_ws/install/mobile_sensor/share/mobile_sensor//node_modules/is-close
[1.146s] -- Installing: /home/ogan/ME461F25_LittleDaisies/project/ros_ws/install/mobile_sensor/share/mobile_sensor//node_modules/is-close/dist
[1.146s] -- Installing: /home/ogan/ME461F25_LittleDaisies/project/ros_ws/install/mobile_sensor/share/mobile_sensor//node_modules/is-close/dist/isclose.scalers.js
[1.146s] -- Installing: /home/ogan/ME461F25_LittleDaisies/project/ros_ws/install/mobile_sensor/share/mobile_sensor//node_modules/is-close/dist/isclose.scalers.spec.js
[1.146s] -- Installing: /home/ogan/ME461F25_LittleDaisies/project/ros_ws/install/mobile_sensor/share/mobile_sensor//node_modules/is-close/dist/isclose.d.ts
[1.146s] -- Installing: /home/ogan/ME461F25_LittleDaisies/project/ros_ws/install/mobile_sensor/share/mobile_sensor//node_modules/is-close/dist/isclose.scalers.d.ts
[1.146s] -- Installing: /home/ogan/ME461F25_LittleDaisies/project/ros_ws/install/mobile_sensor/share/mobile_sensor//node_modules/is-close/dist/isclose.scaler.js
[1.146s] -- Installing: /home/ogan/ME461F25_LittleDaisies/project/ros_ws/install/mobile_sensor/share/mobile_sensor//node_modules/is-close/dist/isclose.spec.d.ts
[1.146s] -- Installing: /home/ogan/ME461F25_LittleDaisies/project/ros_ws/install/mobile_sensor/share/mobile_sensor//node_modules/is-close/dist/index.spec.js
[1.146s] -- Installing: /home/ogan/ME461F25_LittleDaisies/project/ros_ws/install/mobile_sensor/share/mobile_sensor//node_modules/is-close/dist/isclose.spec.js
[1.146s] -- Installing: /home/ogan/ME461F25_LittleDaisies/project/ros_ws/install/mobile_sensor/share/mobile_sensor//node_modules/is-close/dist/index.js
[1.147s] -- Installing: /home/ogan/ME461F25_LittleDaisies/project/ros_ws/install/mobile_sensor/share/mobile_sensor//node_modules/is-close/dist/isclose.scaler.d.ts
[1.147s] -- Installing: /home/ogan/ME461F25_LittleDaisies/project/ros_ws/install/mobile_sensor/share/mobile_sensor//node_modules/is-close/dist/isclose.scalers.spec.d.ts
[1.147s] -- Installing: /home/ogan/ME461F25_LittleDaisies/project/ros_ws/install/mobile_sensor/share/mobile_sensor//node_modules/is-close/dist/index.d.ts
[1.147s] -- Installing: /home/ogan/ME461F25_LittleDaisies/project/ros_ws/install/mobile_sensor/share/mobile_sensor//node_modules/is-close/dist/index.spec.d.ts
[1.147s] -- Installing: /home/ogan/ME461F25_LittleDaisies/project/ros_ws/install/mobile_sensor/share/mobile_sensor//node_modules/is-close/dist/isclose.js
[1.147s] -- Installing: /home/ogan/ME461F25_LittleDaisies/project/ros_ws/install/mobile_sensor/share/mobile_sensor//node_modules/is-close/package.json
[1.147s] -- Installing: /home/ogan/ME461F25_LittleDaisies/project/ros_ws/install/mobile_sensor/share/mobile_sensor//node_modules/is-close/LICENSE
[1.147s] -- Installing: /home/ogan/ME461F25_LittleDaisies/project/ros_ws/install/mobile_sensor/share/mobile_sensor//node_modules/is-close/tslint.json
[1.147s] -- Installing: /home/ogan/ME461F25_LittleDaisies/project/ros_ws/install/mobile_sensor/share/mobile_sensor//node_modules/is-close/README.md
[1.147s] -- Installing: /home/ogan/ME461F25_LittleDaisies/project/ros_ws/install/mobile_sensor/share/mobile_sensor//node_modules/qs
[1.147s] -- Installing: /home/ogan/ME461F25_LittleDaisies/project/ros_ws/install/mobile_sensor/share/mobile_sensor//node_modules/qs/dist
[1.148s] -- Installing: /home/ogan/ME461F25_LittleDaisies/project/ros_ws/install/mobile_sensor/share/mobile_sensor//node_modules/qs/dist/qs.js
[1.148s] -- Installing: /home/ogan/ME461F25_LittleDaisies/project/ros_ws/install/mobile_sensor/share/mobile_sensor//node_modules/qs/.editorconfig
[1.148s] -- Installing: /home/ogan/ME461F25_LittleDaisies/project/ros_ws/install/mobile_sensor/share/mobile_sensor//node_modules/qs/package.json
[1.148s] -- Installing: /home/ogan/ME461F25_LittleDaisies/project/ros_ws/install/mobile_sensor/share/mobile_sensor//node_modules/qs/LICENSE.md
[1.148s] -- Installing: /home/ogan/ME461F25_LittleDaisies/project/ros_ws/install/mobile_sensor/share/mobile_sensor//node_modules/qs/lib
[1.148s] -- Installing: /home/ogan/ME461F25_LittleDaisies/project/ros_ws/install/mobile_sensor/share/mobile_sensor//node_modules/qs/lib/formats.js
[1.148s] -- Installing: /home/ogan/ME461F25_LittleDaisies/project/ros_ws/install/mobile_sensor/share/mobile_sensor//node_modules/qs/lib/utils.js
[1.148s] -- Installing: /home/ogan/ME461F25_LittleDaisies/project/ros_ws/install/mobile_sensor/share/mobile_sensor//node_modules/qs/lib/parse.js
[1.148s] -- Installing: /home/ogan/ME461F25_LittleDaisies/project/ros_ws/install/mobile_sensor/share/mobile_sensor//node_modules/qs/lib/stringify.js
[1.149s] -- Installing: /home/ogan/ME461F25_LittleDaisies/project/ros_ws/install/mobile_sensor/share/mobile_sensor//node_modules/qs/lib/index.js
[1.149s] -- Installing: /home/ogan/ME461F25_LittleDaisies/project/ros_ws/install/mobile_sensor/share/mobile_sensor//node_modules/qs/CHANGELOG.md
[1.149s] -- Installing: /home/ogan/ME461F25_LittleDaisies/project/ros_ws/install/mobile_sensor/share/mobile_sensor//node_modules/qs/test
[1.149s] -- Installing: /home/ogan/ME461F25_LittleDaisies/project/ros_ws/install/mobile_sensor/share/mobile_sensor//node_modules/qs/test/utils.js
[1.149s] -- Installing: /home/ogan/ME461F25_LittleDaisies/project/ros_ws/install/mobile_sensor/share/mobile_sensor//node_modules/qs/test/empty-keys-cases.js
[1.149s] -- Installing: /home/ogan/ME461F25_LittleDaisies/project/ros_ws/install/mobile_sensor/share/mobile_sensor//node_modules/qs/test/parse.js
[1.149s] -- Installing: /home/ogan/ME461F25_LittleDaisies/project/ros_ws/install/mobile_sensor/share/mobile_sensor//node_modules/qs/test/stringify.js
[1.149s] -- Installing: /home/ogan/ME461F25_LittleDaisies/project/ros_ws/install/mobile_sensor/share/mobile_sensor//node_modules/qs/eslint.config.mjs
[1.149s] -- Installing: /home/ogan/ME461F25_LittleDaisies/project/ros_ws/install/mobile_sensor/share/mobile_sensor//node_modules/qs/README.md
[1.150s] -- Installing: /home/ogan/ME461F25_LittleDaisies/project/ros_ws/install/mobile_sensor/share/mobile_sensor//node_modules/qs/.github
[1.150s] -- Installing: /home/ogan/ME461F25_LittleDaisies/project/ros_ws/install/mobile_sensor/share/mobile_sensor//node_modules/qs/.github/SECURITY.md
[1.150s] -- Installing: /home/ogan/ME461F25_LittleDaisies/project/ros_ws/install/mobile_sensor/share/mobile_sensor//node_modules/qs/.github/FUNDING.yml
[1.150s] -- Installing: /home/ogan/ME461F25_LittleDaisies/project/ros_ws/install/mobile_sensor/share/mobile_sensor//node_modules/qs/.github/THREAT_MODEL.md
[1.150s] -- Installing: /home/ogan/ME461F25_LittleDaisies/project/ros_ws/install/mobile_sensor/share/mobile_sensor//node_modules/qs/.nycrc
[1.150s] -- Installing: /home/ogan/ME461F25_LittleDaisies/project/ros_ws/install/mobile_sensor/share/mobile_sensor//node_modules/esniff
[1.150s] -- Installing: /home/ogan/ME461F25_LittleDaisies/project/ros_ws/install/mobile_sensor/share/mobile_sensor//node_modules/esniff/.prettierignore
[1.150s] -- Installing: /home/ogan/ME461F25_LittleDaisies/project/ros_ws/install/mobile_sensor/share/mobile_sensor//node_modules/esniff/package.json
[1.150s] -- Installing: /home/ogan/ME461F25_LittleDaisies/project/ros_ws/install/mobile_sensor/share/mobile_sensor//node_modules/esniff/resolve-concat.js
[1.150s] -- Installing: /home/ogan/ME461F25_LittleDaisies/project/ros_ws/install/mobile_sensor/share/mobile_sensor//node_modules/esniff/LICENSE
[1.150s] -- Installing: /home/ogan/ME461F25_LittleDaisies/project/ros_ws/install/mobile_sensor/share/mobile_sensor//node_modules/esniff/index.js
[1.151s] -- Installing: /home/ogan/ME461F25_LittleDaisies/project/ros_ws/install/mobile_sensor/share/mobile_sensor//node_modules/esniff/lib
[1.151s] -- Installing: /home/ogan/ME461F25_LittleDaisies/project/ros_ws/install/mobile_sensor/share/mobile_sensor//node_modules/esniff/lib/ws.js
[1.151s] -- Installing: /home/ogan/ME461F25_LittleDaisies/project/ros_ws/install/mobile_sensor/share/mobile_sensor//node_modules/esniff/lib/ident-start-pattern.js
[1.151s] -- Installing: /home/ogan/ME461F25_LittleDaisies/project/ros_ws/install/mobile_sensor/share/mobile_sensor//node_modules/esniff/lib/ws-eol.js
[1.151s] -- Installing: /home/ogan/ME461F25_LittleDaisies/project/ros_ws/install/mobile_sensor/share/mobile_sensor//node_modules/esniff/lib/ident-next-pattern.js
[1.151s] -- Installing: /home/ogan/ME461F25_LittleDaisies/project/ros_ws/install/mobile_sensor/share/mobile_sensor//node_modules/esniff/lib/ws-inline.js
[1.151s] -- Installing: /home/ogan/ME461F25_LittleDaisies/project/ros_ws/install/mobile_sensor/share/mobile_sensor//node_modules/esniff/resolve-arguments.js
[1.151s] -- Installing: /home/ogan/ME461F25_LittleDaisies/project/ros_ws/install/mobile_sensor/share/mobile_sensor//node_modules/esniff/resolve-separated.js
[1.151s] -- Installing: /home/ogan/ME461F25_LittleDaisies/project/ros_ws/install/mobile_sensor/share/mobile_sensor//node_modules/esniff/CHANGELOG.md
[1.151s] -- Installing: /home/ogan/ME461F25_LittleDaisies/project/ros_ws/install/mobile_sensor/share/mobile_sensor//node_modules/esniff/function.js
[1.152s] -- Installing: /home/ogan/ME461F25_LittleDaisies/project/ros_ws/install/mobile_sensor/share/mobile_sensor//node_modules/esniff/accessed-properties.js
[1.152s] -- Installing: /home/ogan/ME461F25_LittleDaisies/project/ros_ws/install/mobile_sensor/share/mobile_sensor//node_modules/esniff/README.md
[1.152s] -- Installing: /home/ogan/ME461F25_LittleDaisies/project/ros_ws/install/mobile_sensor/share/mobile_sensor//node_modules/esniff/.testignore
[1.152s] -- Installing: /home/ogan/ME461F25_LittleDaisies/project/ros_ws/install/mobile_sensor/share/mobile_sensor//node_modules/esniff/strip-comments.js
[1.152s] -- Installing: /home/ogan/ME461F25_LittleDaisies/project/ros_ws/install/mobile_sensor/share/mobile_sensor//node_modules/esniff/utils
[1.152s] -- Installing: /home/ogan/ME461F25_LittleDaisies/project/ros_ws/install/mobile_sensor/share/mobile_sensor//node_modules/esniff/utils/is-variable-name.js
[1.152s] -- Installing: /home/ogan/ME461F25_LittleDaisies/project/ros_ws/install/mobile_sensor/share/mobile_sensor//node_modules/esniff/utils/is-string-literal.js
[1.152s] -- Installing: /home/ogan/ME461F25_LittleDaisies/project/ros_ws/install/mobile_sensor/share/mobile_sensor//node_modules/esniff/utils/ensure-string-literal.js
[1.152s] -- Installing: /home/ogan/ME461F25_LittleDaisies/project/ros_ws/install/mobile_sensor/share/mobile_sensor//node_modules/esniff/CHANGES
[1.152s] -- Installing: /home/ogan/ME461F25_LittleDaisies/project/ros_ws/install/mobile_sensor/share/mobile_sensor//node_modules/send
[1.153s] -- Installing: /home/ogan/ME461F25_LittleDaisies/project/ros_ws/install/mobile_sensor/share/mobile_sensor//node_modules/send/node_modules
[1.153s] -- Installing: /home/ogan/ME461F25_LittleDaisies/project/ros_ws/install/mobile_sensor/share/mobile_sensor//node_modules/send/node_modules/ms
[1.153s] -- Installing: /home/ogan/ME461F25_LittleDaisies/project/ros_ws/install/mobile_sensor/share/mobile_sensor//node_modules/send/node_modules/ms/package.json
[1.153s] -- Installing: /home/ogan/ME461F25_LittleDaisies/project/ros_ws/install/mobile_sensor/share/mobile_sensor//node_modules/send/node_modules/ms/index.js
[1.153s] -- Installing: /home/ogan/ME461F25_LittleDaisies/project/ros_ws/install/mobile_sensor/share/mobile_sensor//node_modules/send/node_modules/ms/license.md
[1.153s] -- Installing: /home/ogan/ME461F25_LittleDaisies/project/ros_ws/install/mobile_sensor/share/mobile_sensor//node_modules/send/node_modules/ms/readme.md
[1.153s] -- Installing: /home/ogan/ME461F25_LittleDaisies/project/ros_ws/install/mobile_sensor/share/mobile_sensor//node_modules/send/SECURITY.md
[1.153s] -- Installing: /home/ogan/ME461F25_LittleDaisies/project/ros_ws/install/mobile_sensor/share/mobile_sensor//node_modules/send/package.json
[1.153s] -- Installing: /home/ogan/ME461F25_LittleDaisies/project/ros_ws/install/mobile_sensor/share/mobile_sensor//node_modules/send/LICENSE
[1.153s] -- Installing: /home/ogan/ME461F25_LittleDaisies/project/ros_ws/install/mobile_sensor/share/mobile_sensor//node_modules/send/index.js
[1.153s] -- Installing: /home/ogan/ME461F25_LittleDaisies/project/ros_ws/install/mobile_sensor/share/mobile_sensor//node_modules/send/HISTORY.md
[1.154s] -- Installing: /home/ogan/ME461F25_LittleDaisies/project/ros_ws/install/mobile_sensor/share/mobile_sensor//node_modules/send/README.md
[1.154s] -- Installing: /home/ogan/ME461F25_LittleDaisies/project/ros_ws/install/mobile_sensor/share/mobile_sensor//node_modules/vary
[1.154s] -- Installing: /home/ogan/ME461F25_LittleDaisies/project/ros_ws/install/mobile_sensor/share/mobile_sensor//node_modules/vary/package.json
[1.154s] -- Installing: /home/ogan/ME461F25_LittleDaisies/project/ros_ws/install/mobile_sensor/share/mobile_sensor//node_modules/vary/LICENSE
[1.154s] -- Installing: /home/ogan/ME461F25_LittleDaisies/project/ros_ws/install/mobile_sensor/share/mobile_sensor//node_modules/vary/index.js
[1.154s] -- Installing: /home/ogan/ME461F25_LittleDaisies/project/ros_ws/install/mobile_sensor/share/mobile_sensor//node_modules/vary/HISTORY.md
[1.154s] -- Installing: /home/ogan/ME461F25_LittleDaisies/project/ros_ws/install/mobile_sensor/share/mobile_sensor//node_modules/vary/README.md
[1.154s] -- Installing: /home/ogan/ME461F25_LittleDaisies/project/ros_ws/install/mobile_sensor/share/mobile_sensor//node_modules/content-type
[1.154s] -- Installing: /home/ogan/ME461F25_LittleDaisies/project/ros_ws/install/mobile_sensor/share/mobile_sensor//node_modules/content-type/package.json
[1.154s] -- Installing: /home/ogan/ME461F25_LittleDaisies/project/ros_ws/install/mobile_sensor/share/mobile_sensor//node_modules/content-type/LICENSE
[1.155s] -- Installing: /home/ogan/ME461F25_LittleDaisies/project/ros_ws/install/mobile_sensor/share/mobile_sensor//node_modules/content-type/index.js
[1.155s] -- Installing: /home/ogan/ME461F25_LittleDaisies/project/ros_ws/install/mobile_sensor/share/mobile_sensor//node_modules/content-type/HISTORY.md
[1.155s] -- Installing: /home/ogan/ME461F25_LittleDaisies/project/ros_ws/install/mobile_sensor/share/mobile_sensor//node_modules/content-type/README.md
[1.155s] -- Installing: /home/ogan/ME461F25_LittleDaisies/project/ros_ws/install/mobile_sensor/share/mobile_sensor//node_modules/forwarded
[1.155s] -- Installing: /home/ogan/ME461F25_LittleDaisies/project/ros_ws/install/mobile_sensor/share/mobile_sensor//node_modules/forwarded/package.json
[1.155s] -- Installing: /home/ogan/ME461F25_LittleDaisies/project/ros_ws/install/mobile_sensor/share/mobile_sensor//node_modules/forwarded/LICENSE
[1.155s] -- Installing: /home/ogan/ME461F25_LittleDaisies/project/ros_ws/install/mobile_sensor/share/mobile_sensor//node_modules/forwarded/index.js
[1.155s] -- Installing: /home/ogan/ME461F25_LittleDaisies/project/ros_ws/install/mobile_sensor/share/mobile_sensor//node_modules/forwarded/HISTORY.md
[1.155s] -- Installing: /home/ogan/ME461F25_LittleDaisies/project/ros_ws/install/mobile_sensor/share/mobile_sensor//node_modules/forwarded/README.md
[1.155s] -- Installing: /home/ogan/ME461F25_LittleDaisies/project/ros_ws/install/mobile_sensor/share/mobile_sensor//node_modules/es6-iterator
[1.155s] -- Installing: /home/ogan/ME461F25_LittleDaisies/project/ros_ws/install/mobile_sensor/share/mobile_sensor//node_modules/es6-iterator/array.js
[1.156s] -- Installing: /home/ogan/ME461F25_LittleDaisies/project/ros_ws/install/mobile_sensor/share/mobile_sensor//node_modules/es6-iterator/.npmignore
[1.156s] -- Installing: /home/ogan/ME461F25_LittleDaisies/project/ros_ws/install/mobile_sensor/share/mobile_sensor//node_modules/es6-iterator/.editorconfig
[1.156s] -- Installing: /home/ogan/ME461F25_LittleDaisies/project/ros_ws/install/mobile_sensor/share/mobile_sensor//node_modules/es6-iterator/string.js
[1.156s] -- Installing: /home/ogan/ME461F25_LittleDaisies/project/ros_ws/install/mobile_sensor/share/mobile_sensor//node_modules/es6-iterator/for-of.js
[1.156s] -- Installing: /home/ogan/ME461F25_LittleDaisies/project/ros_ws/install/mobile_sensor/share/mobile_sensor//node_modules/es6-iterator/package.json
[1.156s] -- Installing: /home/ogan/ME461F25_LittleDaisies/project/ros_ws/install/mobile_sensor/share/mobile_sensor//node_modules/es6-iterator/LICENSE
[1.156s] -- Installing: /home/ogan/ME461F25_LittleDaisies/project/ros_ws/install/mobile_sensor/share/mobile_sensor//node_modules/es6-iterator/index.js
[1.156s] -- Installing: /home/ogan/ME461F25_LittleDaisies/project/ros_ws/install/mobile_sensor/share/mobile_sensor//node_modules/es6-iterator/is-iterable.js
[1.156s] -- Installing: /home/ogan/ME461F25_LittleDaisies/project/ros_ws/install/mobile_sensor/share/mobile_sensor//node_modules/es6-iterator/get.js
[1.156s] -- Installing: /home/ogan/ME461F25_LittleDaisies/project/ros_ws/install/mobile_sensor/share/mobile_sensor//node_modules/es6-iterator/valid-iterable.js
[1.157s] -- Installing: /home/ogan/ME461F25_LittleDaisies/project/ros_ws/install/mobile_sensor/share/mobile_sensor//node_modules/es6-iterator/CHANGELOG.md
[1.157s] -- Installing: /home/ogan/ME461F25_LittleDaisies/project/ros_ws/install/mobile_sensor/share/mobile_sensor//node_modules/es6-iterator/test
[1.157s] -- Installing: /home/ogan/ME461F25_LittleDaisies/project/ros_ws/install/mobile_sensor/share/mobile_sensor//node_modules/es6-iterator/test/.eslintrc.json
[1.157s] -- Installing: /home/ogan/ME461F25_LittleDaisies/project/ros_ws/install/mobile_sensor/share/mobile_sensor//node_modules/es6-iterator/test/array.js
[1.157s] -- Installing: /home/ogan/ME461F25_LittleDaisies/project/ros_ws/install/mobile_sensor/share/mobile_sensor//node_modules/es6-iterator/test/string.js
[1.157s] -- Installing: /home/ogan/ME461F25_LittleDaisies/project/ros_ws/install/mobile_sensor/share/mobile_sensor//node_modules/es6-iterator/test/for-of.js
[1.157s] -- Installing: /home/ogan/ME461F25_LittleDaisies/project/ros_ws/install/mobile_sensor/share/mobile_sensor//node_modules/es6-iterator/test/index.js
[1.157s] -- Installing: /home/ogan/ME461F25_LittleDaisies/project/ros_ws/install/mobile_sensor/share/mobile_sensor//node_modules/es6-iterator/test/is-iterable.js
[1.157s] -- Installing: /home/ogan/ME461F25_LittleDaisies/project/ros_ws/install/mobile_sensor/share/mobile_sensor//node_modules/es6-iterator/test/get.js
[1.157s] -- Installing: /home/ogan/ME461F25_LittleDaisies/project/ros_ws/install/mobile_sensor/share/mobile_sensor//node_modules/es6-iterator/test/valid-iterable.js
[1.158s] -- Installing: /home/ogan/ME461F25_LittleDaisies/project/ros_ws/install/mobile_sensor/share/mobile_sensor//node_modules/es6-iterator/test/#
[1.158s] -- Installing: /home/ogan/ME461F25_LittleDaisies/project/ros_ws/install/mobile_sensor/share/mobile_sensor//node_modules/es6-iterator/test/#/chain.js
[1.158s] -- Installing: /home/ogan/ME461F25_LittleDaisies/project/ros_ws/install/mobile_sensor/share/mobile_sensor//node_modules/es6-iterator/README.md
[1.158s] -- Installing: /home/ogan/ME461F25_LittleDaisies/project/ros_ws/install/mobile_sensor/share/mobile_sensor//node_modules/es6-iterator/appveyor.yml
[1.158s] -- Installing: /home/ogan/ME461F25_LittleDaisies/project/ros_ws/install/mobile_sensor/share/mobile_sensor//node_modules/es6-iterator/CHANGES
[1.158s] -- Installing: /home/ogan/ME461F25_LittleDaisies/project/ros_ws/install/mobile_sensor/share/mobile_sensor//node_modules/es6-iterator/#
[1.158s] -- Installing: /home/ogan/ME461F25_LittleDaisies/project/ros_ws/install/mobile_sensor/share/mobile_sensor//node_modules/es6-iterator/#/chain.js
[1.158s] -- Installing: /home/ogan/ME461F25_LittleDaisies/project/ros_ws/install/mobile_sensor/share/mobile_sensor//node_modules/range-parser
[1.158s] -- Installing: /home/ogan/ME461F25_LittleDaisies/project/ros_ws/install/mobile_sensor/share/mobile_sensor//node_modules/range-parser/package.json
[1.158s] -- Installing: /home/ogan/ME461F25_LittleDaisies/project/ros_ws/install/mobile_sensor/share/mobile_sensor//node_modules/range-parser/LICENSE
[1.158s] -- Installing: /home/ogan/ME461F25_LittleDaisies/project/ros_ws/install/mobile_sensor/share/mobile_sensor//node_modules/range-parser/index.js
[1.159s] -- Installing: /home/ogan/ME461F25_LittleDaisies/project/ros_ws/install/mobile_sensor/share/mobile_sensor//node_modules/range-parser/HISTORY.md
[1.159s] -- Installing: /home/ogan/ME461F25_LittleDaisies/project/ros_ws/install/mobile_sensor/share/mobile_sensor//node_modules/range-parser/README.md
[1.159s] -- Installing: /home/ogan/ME461F25_LittleDaisies/project/ros_ws/install/mobile_sensor/share/mobile_sensor//node_modules/call-bind-apply-helpers
[1.159s] -- Installing: /home/ogan/ME461F25_LittleDaisies/project/ros_ws/install/mobile_sensor/share/mobile_sensor//node_modules/call-bind-apply-helpers/actualApply.d.ts
[1.159s] -- Installing: /home/ogan/ME461F25_LittleDaisies/project/ros_ws/install/mobile_sensor/share/mobile_sensor//node_modules/call-bind-apply-helpers/actualApply.js
[1.159s] -- Installing: /home/ogan/ME461F25_LittleDaisies/project/ros_ws/install/mobile_sensor/share/mobile_sensor//node_modules/call-bind-apply-helpers/.eslintrc
[1.159s] -- Installing: /home/ogan/ME461F25_LittleDaisies/project/ros_ws/install/mobile_sensor/share/mobile_sensor//node_modules/call-bind-apply-helpers/package.json
[1.159s] -- Installing: /home/ogan/ME461F25_LittleDaisies/project/ros_ws/install/mobile_sensor/share/mobile_sensor//node_modules/call-bind-apply-helpers/functionApply.d.ts
[1.159s] -- Installing: /home/ogan/ME461F25_LittleDaisies/project/ros_ws/install/mobile_sensor/share/mobile_sensor//node_modules/call-bind-apply-helpers/LICENSE
[1.159s] -- Installing: /home/ogan/ME461F25_LittleDaisies/project/ros_ws/install/mobile_sensor/share/mobile_sensor//node_modules/call-bind-apply-helpers/index.js
[1.160s] -- Installing: /home/ogan/ME461F25_LittleDaisies/project/ros_ws/install/mobile_sensor/share/mobile_sensor//node_modules/call-bind-apply-helpers/reflectApply.d.ts
[1.160s] -- Installing: /home/ogan/ME461F25_LittleDaisies/project/ros_ws/install/mobile_sensor/share/mobile_sensor//node_modules/call-bind-apply-helpers/applyBind.js
[1.160s] -- Installing: /home/ogan/ME461F25_LittleDaisies/project/ros_ws/install/mobile_sensor/share/mobile_sensor//node_modules/call-bind-apply-helpers/functionApply.js
[1.160s] -- Installing: /home/ogan/ME461F25_LittleDaisies/project/ros_ws/install/mobile_sensor/share/mobile_sensor//node_modules/call-bind-apply-helpers/index.d.ts
[1.160s] -- Installing: /home/ogan/ME461F25_LittleDaisies/project/ros_ws/install/mobile_sensor/share/mobile_sensor//node_modules/call-bind-apply-helpers/CHANGELOG.md
[1.160s] -- Installing: /home/ogan/ME461F25_LittleDaisies/project/ros_ws/install/mobile_sensor/share/mobile_sensor//node_modules/call-bind-apply-helpers/tsconfig.json
[1.160s] -- Installing: /home/ogan/ME461F25_LittleDaisies/project/ros_ws/install/mobile_sensor/share/mobile_sensor//node_modules/call-bind-apply-helpers/functionCall.js
[1.160s] -- Installing: /home/ogan/ME461F25_LittleDaisies/project/ros_ws/install/mobile_sensor/share/mobile_sensor//node_modules/call-bind-apply-helpers/test
[1.160s] -- Installing: /home/ogan/ME461F25_LittleDaisies/project/ros_ws/install/mobile_sensor/share/mobile_sensor//node_modules/call-bind-apply-helpers/test/index.js
[1.160s] -- Installing: /home/ogan/ME461F25_LittleDaisies/project/ros_ws/install/mobile_sensor/share/mobile_sensor//node_modules/call-bind-apply-helpers/README.md
[1.160s] -- Installing: /home/ogan/ME461F25_LittleDaisies/project/ros_ws/install/mobile_sensor/share/mobile_sensor//node_modules/call-bind-apply-helpers/.github
[1.161s] -- Installing: /home/ogan/ME461F25_LittleDaisies/project/ros_ws/install/mobile_sensor/share/mobile_sensor//node_modules/call-bind-apply-helpers/.github/FUNDING.yml
[1.161s] -- Installing: /home/ogan/ME461F25_LittleDaisies/project/ros_ws/install/mobile_sensor/share/mobile_sensor//node_modules/call-bind-apply-helpers/.nycrc
[1.161s] -- Installing: /home/ogan/ME461F25_LittleDaisies/project/ros_ws/install/mobile_sensor/share/mobile_sensor//node_modules/call-bind-apply-helpers/applyBind.d.ts
[1.161s] -- Installing: /home/ogan/ME461F25_LittleDaisies/project/ros_ws/install/mobile_sensor/share/mobile_sensor//node_modules/call-bind-apply-helpers/functionCall.d.ts
[1.161s] -- Installing: /home/ogan/ME461F25_LittleDaisies/project/ros_ws/install/mobile_sensor/share/mobile_sensor//node_modules/call-bind-apply-helpers/reflectApply.js
[1.161s] -- Installing: /home/ogan/ME461F25_LittleDaisies/project/ros_ws/install/mobile_sensor/share/mobile_sensor//node_modules/proxy-addr
[1.161s] -- Installing: /home/ogan/ME461F25_LittleDaisies/project/ros_ws/install/mobile_sensor/share/mobile_sensor//node_modules/proxy-addr/package.json
[1.161s] -- Installing: /home/ogan/ME461F25_LittleDaisies/project/ros_ws/install/mobile_sensor/share/mobile_sensor//node_modules/proxy-addr/LICENSE
[1.161s] -- Installing: /home/ogan/ME461F25_LittleDaisies/project/ros_ws/install/mobile_sensor/share/mobile_sensor//node_modules/proxy-addr/index.js
[1.161s] -- Installing: /home/ogan/ME461F25_LittleDaisies/project/ros_ws/install/mobile_sensor/share/mobile_sensor//node_modules/proxy-addr/HISTORY.md
[1.162s] -- Installing: /home/ogan/ME461F25_LittleDaisies/project/ros_ws/install/mobile_sensor/share/mobile_sensor//node_modules/proxy-addr/README.md
[1.162s] -- Installing: /home/ogan/ME461F25_LittleDaisies/project/ros_ws/install/mobile_sensor/share/mobile_sensor//node_modules/buffer-from
[1.162s] -- Installing: /home/ogan/ME461F25_LittleDaisies/project/ros_ws/install/mobile_sensor/share/mobile_sensor//node_modules/buffer-from/package.json
[1.162s] -- Installing: /home/ogan/ME461F25_LittleDaisies/project/ros_ws/install/mobile_sensor/share/mobile_sensor//node_modules/buffer-from/LICENSE
[1.162s] -- Installing: /home/ogan/ME461F25_LittleDaisies/project/ros_ws/install/mobile_sensor/share/mobile_sensor//node_modules/buffer-from/index.js
[1.162s] -- Installing: /home/ogan/ME461F25_LittleDaisies/project/ros_ws/install/mobile_sensor/share/mobile_sensor//node_modules/buffer-from/readme.md
[1.162s] -- Installing: /home/ogan/ME461F25_LittleDaisies/project/ros_ws/install/mobile_sensor/share/mobile_sensor//node_modules/depd
[1.162s] -- Installing: /home/ogan/ME461F25_LittleDaisies/project/ros_ws/install/mobile_sensor/share/mobile_sensor//node_modules/depd/package.json
[1.162s] -- Installing: /home/ogan/ME461F25_LittleDaisies/project/ros_ws/install/mobile_sensor/share/mobile_sensor//node_modules/depd/LICENSE
[1.162s] -- Installing: /home/ogan/ME461F25_LittleDaisies/project/ros_ws/install/mobile_sensor/share/mobile_sensor//node_modules/depd/index.js
[1.162s] -- Installing: /home/ogan/ME461F25_LittleDaisies/project/ros_ws/install/mobile_sensor/share/mobile_sensor//node_modules/depd/lib
[1.163s] -- Installing: /home/ogan/ME461F25_LittleDaisies/project/ros_ws/install/mobile_sensor/share/mobile_sensor//node_modules/depd/lib/browser
[1.163s] -- Installing: /home/ogan/ME461F25_LittleDaisies/project/ros_ws/install/mobile_sensor/share/mobile_sensor//node_modules/depd/lib/browser/index.js
[1.163s] -- Installing: /home/ogan/ME461F25_LittleDaisies/project/ros_ws/install/mobile_sensor/share/mobile_sensor//node_modules/depd/Readme.md
[1.163s] -- Installing: /home/ogan/ME461F25_LittleDaisies/project/ros_ws/install/mobile_sensor/share/mobile_sensor//node_modules/depd/History.md
[1.163s] -- Installing: /home/ogan/ME461F25_LittleDaisies/project/ros_ws/install/mobile_sensor/share/mobile_sensor//node_modules/math-intrinsics
[1.163s] -- Installing: /home/ogan/ME461F25_LittleDaisies/project/ros_ws/install/mobile_sensor/share/mobile_sensor//node_modules/math-intrinsics/isFinite.d.ts
[1.163s] -- Installing: /home/ogan/ME461F25_LittleDaisies/project/ros_ws/install/mobile_sensor/share/mobile_sensor//node_modules/math-intrinsics/min.js
[1.163s] -- Installing: /home/ogan/ME461F25_LittleDaisies/project/ros_ws/install/mobile_sensor/share/mobile_sensor//node_modules/math-intrinsics/max.js
[1.163s] -- Installing: /home/ogan/ME461F25_LittleDaisies/project/ros_ws/install/mobile_sensor/share/mobile_sensor//node_modules/math-intrinsics/.eslintrc
[1.163s] -- Installing: /home/ogan/ME461F25_LittleDaisies/project/ros_ws/install/mobile_sensor/share/mobile_sensor//node_modules/math-intrinsics/package.json
[1.163s] -- Installing: /home/ogan/ME461F25_LittleDaisies/project/ros_ws/install/mobile_sensor/share/mobile_sensor//node_modules/math-intrinsics/constants
[1.164s] -- Installing: /home/ogan/ME461F25_LittleDaisies/project/ros_ws/install/mobile_sensor/share/mobile_sensor//node_modules/math-intrinsics/constants/maxSafeInteger.js
[1.164s] -- Installing: /home/ogan/ME461F25_LittleDaisies/project/ros_ws/install/mobile_sensor/share/mobile_sensor//node_modules/math-intrinsics/constants/maxArrayLength.d.ts
[1.164s] -- Installing: /home/ogan/ME461F25_LittleDaisies/project/ros_ws/install/mobile_sensor/share/mobile_sensor//node_modules/math-intrinsics/constants/maxSafeInteger.d.ts
[1.164s] -- Installing: /home/ogan/ME461F25_LittleDaisies/project/ros_ws/install/mobile_sensor/share/mobile_sensor//node_modules/math-intrinsics/constants/maxValue.d.ts
[1.164s] -- Installing: /home/ogan/ME461F25_LittleDaisies/project/ros_ws/install/mobile_sensor/share/mobile_sensor//node_modules/math-intrinsics/constants/maxValue.js
[1.164s] -- Installing: /home/ogan/ME461F25_LittleDaisies/project/ros_ws/install/mobile_sensor/share/mobile_sensor//node_modules/math-intrinsics/constants/maxArrayLength.js
[1.164s] -- Installing: /home/ogan/ME461F25_LittleDaisies/project/ros_ws/install/mobile_sensor/share/mobile_sensor//node_modules/math-intrinsics/sign.d.ts
[1.164s] -- Installing: /home/ogan/ME461F25_LittleDaisies/project/ros_ws/install/mobile_sensor/share/mobile_sensor//node_modules/math-intrinsics/pow.d.ts
[1.164s] -- Installing: /home/ogan/ME461F25_LittleDaisies/project/ros_ws/install/mobile_sensor/share/mobile_sensor//node_modules/math-intrinsics/max.d.ts
[1.164s] -- Installing: /home/ogan/ME461F25_LittleDaisies/project/ros_ws/install/mobile_sensor/share/mobile_sensor//node_modules/math-intrinsics/LICENSE
[1.165s] -- Installing: /home/ogan/ME461F25_LittleDaisies/project/ros_ws/install/mobile_sensor/share/mobile_sensor//node_modules/math-intrinsics/mod.d.ts
[1.165s] -- Installing: /home/ogan/ME461F25_LittleDaisies/project/ros_ws/install/mobile_sensor/share/mobile_sensor//node_modules/math-intrinsics/abs.js
[1.165s] -- Installing: /home/ogan/ME461F25_LittleDaisies/project/ros_ws/install/mobile_sensor/share/mobile_sensor//node_modules/math-intrinsics/isNegativeZero.d.ts
[1.165s] -- Installing: /home/ogan/ME461F25_LittleDaisies/project/ros_ws/install/mobile_sensor/share/mobile_sensor//node_modules/math-intrinsics/isNaN.js
[1.165s] -- Installing: /home/ogan/ME461F25_LittleDaisies/project/ros_ws/install/mobile_sensor/share/mobile_sensor//node_modules/math-intrinsics/isInteger.d.ts
[1.165s] -- Installing: /home/ogan/ME461F25_LittleDaisies/project/ros_ws/install/mobile_sensor/share/mobile_sensor//node_modules/math-intrinsics/round.d.ts
[1.165s] -- Installing: /home/ogan/ME461F25_LittleDaisies/project/ros_ws/install/mobile_sensor/share/mobile_sensor//node_modules/math-intrinsics/floor.d.ts
[1.165s] -- Installing: /home/ogan/ME461F25_LittleDaisies/project/ros_ws/install/mobile_sensor/share/mobile_sensor//node_modules/math-intrinsics/CHANGELOG.md
[1.165s] -- Installing: /home/ogan/ME461F25_LittleDaisies/project/ros_ws/install/mobile_sensor/share/mobile_sensor//node_modules/math-intrinsics/abs.d.ts
[1.165s] -- Installing: /home/ogan/ME461F25_LittleDaisies/project/ros_ws/install/mobile_sensor/share/mobile_sensor//node_modules/math-intrinsics/isFinite.js
[1.166s] -- Installing: /home/ogan/ME461F25_LittleDaisies/project/ros_ws/install/mobile_sensor/share/mobile_sensor//node_modules/math-intrinsics/tsconfig.json
[1.166s] -- Installing: /home/ogan/ME461F25_LittleDaisies/project/ros_ws/install/mobile_sensor/share/mobile_sensor//node_modules/math-intrinsics/isInteger.js
[1.166s] -- Installing: /home/ogan/ME461F25_LittleDaisies/project/ros_ws/install/mobile_sensor/share/mobile_sensor//node_modules/math-intrinsics/mod.js
[1.166s] -- Installing: /home/ogan/ME461F25_LittleDaisies/project/ros_ws/install/mobile_sensor/share/mobile_sensor//node_modules/math-intrinsics/isNegativeZero.js
[1.166s] -- Installing: /home/ogan/ME461F25_LittleDaisies/project/ros_ws/install/mobile_sensor/share/mobile_sensor//node_modules/math-intrinsics/floor.js
[1.166s] -- Installing: /home/ogan/ME461F25_LittleDaisies/project/ros_ws/install/mobile_sensor/share/mobile_sensor//node_modules/math-intrinsics/test
[1.166s] -- Installing: /home/ogan/ME461F25_LittleDaisies/project/ros_ws/install/mobile_sensor/share/mobile_sensor//node_modules/math-intrinsics/test/index.js
[1.166s] -- Installing: /home/ogan/ME461F25_LittleDaisies/project/ros_ws/install/mobile_sensor/share/mobile_sensor//node_modules/math-intrinsics/sign.js
[1.166s] -- Installing: /home/ogan/ME461F25_LittleDaisies/project/ros_ws/install/mobile_sensor/share/mobile_sensor//node_modules/math-intrinsics/README.md
[1.166s] -- Installing: /home/ogan/ME461F25_LittleDaisies/project/ros_ws/install/mobile_sensor/share/mobile_sensor//node_modules/math-intrinsics/.github
[1.166s] -- Installing: /home/ogan/ME461F25_LittleDaisies/project/ros_ws/install/mobile_sensor/share/mobile_sensor//node_modules/math-intrinsics/.github/FUNDING.yml
[1.167s] -- Installing: /home/ogan/ME461F25_LittleDaisies/project/ros_ws/install/mobile_sensor/share/mobile_sensor//node_modules/math-intrinsics/round.js
[1.167s] -- Installing: /home/ogan/ME461F25_LittleDaisies/project/ros_ws/install/mobile_sensor/share/mobile_sensor//node_modules/math-intrinsics/min.d.ts
[1.167s] -- Installing: /home/ogan/ME461F25_LittleDaisies/project/ros_ws/install/mobile_sensor/share/mobile_sensor//node_modules/math-intrinsics/pow.js
[1.167s] -- Installing: /home/ogan/ME461F25_LittleDaisies/project/ros_ws/install/mobile_sensor/share/mobile_sensor//node_modules/math-intrinsics/isNaN.d.ts
[1.167s] -- Installing: /home/ogan/ME461F25_LittleDaisies/project/ros_ws/install/mobile_sensor/share/mobile_sensor//node_modules/side-channel
[1.167s] -- Installing: /home/ogan/ME461F25_LittleDaisies/project/ros_ws/install/mobile_sensor/share/mobile_sensor//node_modules/side-channel/.editorconfig
[1.167s] -- Installing: /home/ogan/ME461F25_LittleDaisies/project/ros_ws/install/mobile_sensor/share/mobile_sensor//node_modules/side-channel/.eslintrc
[1.167s] -- Installing: /home/ogan/ME461F25_LittleDaisies/project/ros_ws/install/mobile_sensor/share/mobile_sensor//node_modules/side-channel/package.json
[1.167s] -- Installing: /home/ogan/ME461F25_LittleDaisies/project/ros_ws/install/mobile_sensor/share/mobile_sensor//node_modules/side-channel/LICENSE
[1.167s] -- Installing: /home/ogan/ME461F25_LittleDaisies/project/ros_ws/install/mobile_sensor/share/mobile_sensor//node_modules/side-channel/index.js
[1.168s] -- Installing: /home/ogan/ME461F25_LittleDaisies/project/ros_ws/install/mobile_sensor/share/mobile_sensor//node_modules/side-channel/index.d.ts
[1.168s] -- Installing: /home/ogan/ME461F25_LittleDaisies/project/ros_ws/install/mobile_sensor/share/mobile_sensor//node_modules/side-channel/CHANGELOG.md
[1.168s] -- Installing: /home/ogan/ME461F25_LittleDaisies/project/ros_ws/install/mobile_sensor/share/mobile_sensor//node_modules/side-channel/tsconfig.json
[1.168s] -- Installing: /home/ogan/ME461F25_LittleDaisies/project/ros_ws/install/mobile_sensor/share/mobile_sensor//node_modules/side-channel/test
[1.168s] -- Installing: /home/ogan/ME461F25_LittleDaisies/project/ros_ws/install/mobile_sensor/share/mobile_sensor//node_modules/side-channel/test/index.js
[1.168s] -- Installing: /home/ogan/ME461F25_LittleDaisies/project/ros_ws/install/mobile_sensor/share/mobile_sensor//node_modules/side-channel/README.md
[1.168s] -- Installing: /home/ogan/ME461F25_LittleDaisies/project/ros_ws/install/mobile_sensor/share/mobile_sensor//node_modules/side-channel/.github
[1.168s] -- Installing: /home/ogan/ME461F25_LittleDaisies/project/ros_ws/install/mobile_sensor/share/mobile_sensor//node_modules/side-channel/.github/FUNDING.yml
[1.168s] -- Installing: /home/ogan/ME461F25_LittleDaisies/project/ros_ws/install/mobile_sensor/share/mobile_sensor//node_modules/side-channel/.nycrc
[1.168s] -- Installing: /home/ogan/ME461F25_LittleDaisies/project/ros_ws/install/mobile_sensor/share/mobile_sensor//node_modules/es5-ext
[1.169s] -- Installing: /home/ogan/ME461F25_LittleDaisies/project/ros_ws/install/mobile_sensor/share/mobile_sensor//node_modules/es5-ext/_postinstall.js
[1.169s] -- Installing: /home/ogan/ME461F25_LittleDaisies/project/ros_ws/install/mobile_sensor/share/mobile_sensor//node_modules/es5-ext/json
[1.169s] -- Installing: /home/ogan/ME461F25_LittleDaisies/project/ros_ws/install/mobile_sensor/share/mobile_sensor//node_modules/es5-ext/json/safe-stringify.js
[1.169s] -- Installing: /home/ogan/ME461F25_LittleDaisies/project/ros_ws/install/mobile_sensor/share/mobile_sensor//node_modules/es5-ext/json/index.js
[1.169s] -- Installing: /home/ogan/ME461F25_LittleDaisies/project/ros_ws/install/mobile_sensor/share/mobile_sensor//node_modules/es5-ext/optional-chaining.js
[1.169s] -- Installing: /home/ogan/ME461F25_LittleDaisies/project/ros_ws/install/mobile_sensor/share/mobile_sensor//node_modules/es5-ext/math
[1.169s] -- Installing: /home/ogan/ME461F25_LittleDaisies/project/ros_ws/install/mobile_sensor/share/mobile_sensor//node_modules/es5-ext/math/imul
[1.169s] -- Installing: /home/ogan/ME461F25_LittleDaisies/project/ros_ws/install/mobile_sensor/share/mobile_sensor//node_modules/es5-ext/math/imul/shim.js
[1.169s] -- Installing: /home/ogan/ME461F25_LittleDaisies/project/ros_ws/install/mobile_sensor/share/mobile_sensor//node_modules/es5-ext/math/imul/is-implemented.js
[1.169s] -- Installing: /home/ogan/ME461F25_LittleDaisies/project/ros_ws/install/mobile_sensor/share/mobile_sensor//node_modules/es5-ext/math/imul/index.js
[1.169s] -- Installing: /home/ogan/ME461F25_LittleDaisies/project/ros_ws/install/mobile_sensor/share/mobile_sensor//node_modules/es5-ext/math/imul/implement.js
[1.170s] -- Installing: /home/ogan/ME461F25_LittleDaisies/project/ros_ws/install/mobile_sensor/share/mobile_sensor//node_modules/es5-ext/math/_pack-ieee754.js
[1.170s] -- Installing: /home/ogan/ME461F25_LittleDaisies/project/ros_ws/install/mobile_sensor/share/mobile_sensor//node_modules/es5-ext/math/cosh
[1.170s] -- Installing: /home/ogan/ME461F25_LittleDaisies/project/ros_ws/install/mobile_sensor/share/mobile_sensor//node_modules/es5-ext/math/cosh/shim.js
[1.170s] -- Installing: /home/ogan/ME461F25_LittleDaisies/project/ros_ws/install/mobile_sensor/share/mobile_sensor//node_modules/es5-ext/math/cosh/is-implemented.js
[1.170s] -- Installing: /home/ogan/ME461F25_LittleDaisies/project/ros_ws/install/mobile_sensor/share/mobile_sensor//node_modules/es5-ext/math/cosh/index.js
[1.170s] -- Installing: /home/ogan/ME461F25_LittleDaisies/project/ros_ws/install/mobile_sensor/share/mobile_sensor//node_modules/es5-ext/math/cosh/implement.js
[1.170s] -- Installing: /home/ogan/ME461F25_LittleDaisies/project/ros_ws/install/mobile_sensor/share/mobile_sensor//node_modules/es5-ext/math/floor-10.js
[1.170s] -- Installing: /home/ogan/ME461F25_LittleDaisies/project/ros_ws/install/mobile_sensor/share/mobile_sensor//node_modules/es5-ext/math/cbrt
[1.170s] -- Installing: /home/ogan/ME461F25_LittleDaisies/project/ros_ws/install/mobile_sensor/share/mobile_sensor//node_modules/es5-ext/math/cbrt/shim.js
[1.170s] -- Installing: /home/ogan/ME461F25_LittleDaisies/project/ros_ws/install/mobile_sensor/share/mobile_sensor//node_modules/es5-ext/math/cbrt/is-implemented.js
[1.171s] -- Installing: /home/ogan/ME461F25_LittleDaisies/project/ros_ws/install/mobile_sensor/share/mobile_sensor//node_modules/es5-ext/math/cbrt/index.js
[1.171s] -- Installing: /home/ogan/ME461F25_LittleDaisies/project/ros_ws/install/mobile_sensor/share/mobile_sensor//node_modules/es5-ext/math/cbrt/implement.js
[1.171s] -- Installing: /home/ogan/ME461F25_LittleDaisies/project/ros_ws/install/mobile_sensor/share/mobile_sensor//node_modules/es5-ext/math/log10
[1.171s] -- Installing: /home/ogan/ME461F25_LittleDaisies/project/ros_ws/install/mobile_sensor/share/mobile_sensor//node_modules/es5-ext/math/log10/shim.js
[1.171s] -- Installing: /home/ogan/ME461F25_LittleDaisies/project/ros_ws/install/mobile_sensor/share/mobile_sensor//node_modules/es5-ext/math/log10/is-implemented.js
[1.171s] -- Installing: /home/ogan/ME461F25_LittleDaisies/project/ros_ws/install/mobile_sensor/share/mobile_sensor//node_modules/es5-ext/math/log10/index.js
[1.171s] -- Installing: /home/ogan/ME461F25_LittleDaisies/project/ros_ws/install/mobile_sensor/share/mobile_sensor//node_modules/es5-ext/math/log10/implement.js
[1.171s] -- Installing: /home/ogan/ME461F25_LittleDaisies/project/ros_ws/install/mobile_sensor/share/mobile_sensor//node_modules/es5-ext/math/sign
[1.171s] -- Installing: /home/ogan/ME461F25_LittleDaisies/project/ros_ws/install/mobile_sensor/share/mobile_sensor//node_modules/es5-ext/math/sign/shim.js
[1.171s] -- Installing: /home/ogan/ME461F25_LittleDaisies/project/ros_ws/install/mobile_sensor/share/mobile_sensor//node_modules/es5-ext/math/sign/is-implemented.js
[1.171s] -- Installing: /home/ogan/ME461F25_LittleDaisies/project/ros_ws/install/mobile_sensor/share/mobile_sensor//node_modules/es5-ext/math/sign/index.js
[1.172s] -- Installing: /home/ogan/ME461F25_LittleDaisies/project/ros_ws/install/mobile_sensor/share/mobile_sensor//node_modules/es5-ext/math/sign/implement.js
[1.172s] -- Installing: /home/ogan/ME461F25_LittleDaisies/project/ros_ws/install/mobile_sensor/share/mobile_sensor//node_modules/es5-ext/math/fround
[1.172s] -- Installing: /home/ogan/ME461F25_LittleDaisies/project/ros_ws/install/mobile_sensor/share/mobile_sensor//node_modules/es5-ext/math/fround/shim.js
[1.172s] -- Installing: /home/ogan/ME461F25_LittleDaisies/project/ros_ws/install/mobile_sensor/share/mobile_sensor//node_modules/es5-ext/math/fround/is-implemented.js
[1.172s] -- Installing: /home/ogan/ME461F25_LittleDaisies/project/ros_ws/install/mobile_sensor/share/mobile_sensor//node_modules/es5-ext/math/fround/index.js
[1.172s] -- Installing: /home/ogan/ME461F25_LittleDaisies/project/ros_ws/install/mobile_sensor/share/mobile_sensor//node_modules/es5-ext/math/fround/implement.js
[1.172s] -- Installing: /home/ogan/ME461F25_LittleDaisies/project/ros_ws/install/mobile_sensor/share/mobile_sensor//node_modules/es5-ext/math/acosh
[1.172s] -- Installing: /home/ogan/ME461F25_LittleDaisies/project/ros_ws/install/mobile_sensor/share/mobile_sensor//node_modules/es5-ext/math/acosh/shim.js
[1.172s] -- Installing: /home/ogan/ME461F25_LittleDaisies/project/ros_ws/install/mobile_sensor/share/mobile_sensor//node_modules/es5-ext/math/acosh/is-implemented.js
[1.173s] -- Installing: /home/ogan/ME461F25_LittleDaisies/project/ros_ws/install/mobile_sensor/share/mobile_sensor//node_modules/es5-ext/math/acosh/index.js
[1.173s] -- Installing: /home/ogan/ME461F25_LittleDaisies/project/ros_ws/install/mobile_sensor/share/mobile_sensor//node_modules/es5-ext/math/acosh/implement.js
[1.173s] -- Installing: /home/ogan/ME461F25_LittleDaisies/project/ros_ws/install/mobile_sensor/share/mobile_sensor//node_modules/es5-ext/math/clz32
[1.173s] -- Installing: /home/ogan/ME461F25_LittleDaisies/project/ros_ws/install/mobile_sensor/share/mobile_sensor//node_modules/es5-ext/math/clz32/shim.js
[1.173s] -- Installing: /home/ogan/ME461F25_LittleDaisies/project/ros_ws/install/mobile_sensor/share/mobile_sensor//node_modules/es5-ext/math/clz32/is-implemented.js
[1.173s] -- Installing: /home/ogan/ME461F25_LittleDaisies/project/ros_ws/install/mobile_sensor/share/mobile_sensor//node_modules/es5-ext/math/clz32/index.js
[1.173s] -- Installing: /home/ogan/ME461F25_LittleDaisies/project/ros_ws/install/mobile_sensor/share/mobile_sensor//node_modules/es5-ext/math/clz32/implement.js
[1.173s] -- Installing: /home/ogan/ME461F25_LittleDaisies/project/ros_ws/install/mobile_sensor/share/mobile_sensor//node_modules/es5-ext/math/ceil-10.js
[1.173s] -- Installing: /home/ogan/ME461F25_LittleDaisies/project/ros_ws/install/mobile_sensor/share/mobile_sensor//node_modules/es5-ext/math/round-10.js
[1.173s] -- Installing: /home/ogan/ME461F25_LittleDaisies/project/ros_ws/install/mobile_sensor/share/mobile_sensor//node_modules/es5-ext/math/_decimal-adjust.js
[1.173s] -- Installing: /home/ogan/ME461F25_LittleDaisies/project/ros_ws/install/mobile_sensor/share/mobile_sensor//node_modules/es5-ext/math/trunc
[1.174s] -- Installing: /home/ogan/ME461F25_LittleDaisies/project/ros_ws/install/mobile_sensor/share/mobile_sensor//node_modules/es5-ext/math/trunc/shim.js
[1.174s] -- Installing: /home/ogan/ME461F25_LittleDaisies/project/ros_ws/install/mobile_sensor/share/mobile_sensor//node_modules/es5-ext/math/trunc/is-implemented.js
[1.174s] -- Installing: /home/ogan/ME461F25_LittleDaisies/project/ros_ws/install/mobile_sensor/share/mobile_sensor//node_modules/es5-ext/math/trunc/index.js
[1.174s] -- Installing: /home/ogan/ME461F25_LittleDaisies/project/ros_ws/install/mobile_sensor/share/mobile_sensor//node_modules/es5-ext/math/trunc/implement.js
[1.174s] -- Installing: /home/ogan/ME461F25_LittleDaisies/project/ros_ws/install/mobile_sensor/share/mobile_sensor//node_modules/es5-ext/math/index.js
[1.174s] -- Installing: /home/ogan/ME461F25_LittleDaisies/project/ros_ws/install/mobile_sensor/share/mobile_sensor//node_modules/es5-ext/math/asinh
[1.174s] -- Installing: /home/ogan/ME461F25_LittleDaisies/project/ros_ws/install/mobile_sensor/share/mobile_sensor//node_modules/es5-ext/math/asinh/shim.js
[1.174s] -- Installing: /home/ogan/ME461F25_LittleDaisies/project/ros_ws/install/mobile_sensor/share/mobile_sensor//node_modules/es5-ext/math/asinh/is-implemented.js
[1.174s] -- Installing: /home/ogan/ME461F25_LittleDaisies/project/ros_ws/install/mobile_sensor/share/mobile_sensor//node_modules/es5-ext/math/asinh/index.js
[1.174s] -- Installing: /home/ogan/ME461F25_LittleDaisies/project/ros_ws/install/mobile_sensor/share/mobile_sensor//node_modules/es5-ext/math/asinh/implement.js
[1.175s] -- Installing: /home/ogan/ME461F25_LittleDaisies/project/ros_ws/install/mobile_sensor/share/mobile_sensor//node_modules/es5-ext/math/log1p
[1.175s] -- Installing: /home/ogan/ME461F25_LittleDaisies/project/ros_ws/install/mobile_sensor/share/mobile_sensor//node_modules/es5-ext/math/log1p/shim.js
[1.175s] -- Installing: /home/ogan/ME461F25_LittleDaisies/project/ros_ws/install/mobile_sensor/share/mobile_sensor//node_modules/es5-ext/math/log1p/is-implemented.js
[1.175s] -- Installing: /home/ogan/ME461F25_LittleDaisies/project/ros_ws/install/mobile_sensor/share/mobile_sensor//node_modules/es5-ext/math/log1p/index.js
[1.175s] -- Installing: /home/ogan/ME461F25_LittleDaisies/project/ros_ws/install/mobile_sensor/share/mobile_sensor//node_modules/es5-ext/math/log1p/implement.js
[1.175s] -- Installing: /home/ogan/ME461F25_LittleDaisies/project/ros_ws/install/mobile_sensor/share/mobile_sensor//node_modules/es5-ext/math/sinh
[1.175s] -- Installing: /home/ogan/ME461F25_LittleDaisies/project/ros_ws/install/mobile_sensor/share/mobile_sensor//node_modules/es5-ext/math/sinh/shim.js
[1.175s] -- Installing: /home/ogan/ME461F25_LittleDaisies/project/ros_ws/install/mobile_sensor/share/mobile_sensor//node_modules/es5-ext/math/sinh/is-implemented.js
[1.175s] -- Installing: /home/ogan/ME461F25_LittleDaisies/project/ros_ws/install/mobile_sensor/share/mobile_sensor//node_modules/es5-ext/math/sinh/index.js
[1.175s] -- Installing: /home/ogan/ME461F25_LittleDaisies/project/ros_ws/install/mobile_sensor/share/mobile_sensor//node_modules/es5-ext/math/sinh/implement.js
[1.176s] -- Installing: /home/ogan/ME461F25_LittleDaisies/project/ros_ws/install/mobile_sensor/share/mobile_sensor//node_modules/es5-ext/math/tanh
[1.176s] -- Installing: /home/ogan/ME461F25_LittleDaisies/project/ros_ws/install/mobile_sensor/share/mobile_sensor//node_modules/es5-ext/math/tanh/shim.js
[1.176s] -- Installing: /home/ogan/ME461F25_LittleDaisies/project/ros_ws/install/mobile_sensor/share/mobile_sensor//node_modules/es5-ext/math/tanh/is-implemented.js
[1.176s] -- Installing: /home/ogan/ME461F25_LittleDaisies/project/ros_ws/install/mobile_sensor/share/mobile_sensor//node_modules/es5-ext/math/tanh/index.js
[1.176s] -- Installing: /home/ogan/ME461F25_LittleDaisies/project/ros_ws/install/mobile_sensor/share/mobile_sensor//node_modules/es5-ext/math/tanh/implement.js
[1.176s] -- Installing: /home/ogan/ME461F25_LittleDaisies/project/ros_ws/install/mobile_sensor/share/mobile_sensor//node_modules/es5-ext/math/hypot
[1.176s] -- Installing: /home/ogan/ME461F25_LittleDaisies/project/ros_ws/install/mobile_sensor/share/mobile_sensor//node_modules/es5-ext/math/hypot/shim.js
[1.176s] -- Installing: /home/ogan/ME461F25_LittleDaisies/project/ros_ws/install/mobile_sensor/share/mobile_sensor//node_modules/es5-ext/math/hypot/is-implemented.js
[1.176s] -- Installing: /home/ogan/ME461F25_LittleDaisies/project/ros_ws/install/mobile_sensor/share/mobile_sensor//node_modules/es5-ext/math/hypot/index.js
[1.176s] -- Installing: /home/ogan/ME461F25_LittleDaisies/project/ros_ws/install/mobile_sensor/share/mobile_sensor//node_modules/es5-ext/math/hypot/implement.js
[1.176s] -- Installing: /home/ogan/ME461F25_LittleDaisies/project/ros_ws/install/mobile_sensor/share/mobile_sensor//node_modules/es5-ext/math/atanh
[1.177s] -- Installing: /home/ogan/ME461F25_LittleDaisies/project/ros_ws/install/mobile_sensor/share/mobile_sensor//node_modules/es5-ext/math/atanh/shim.js
[1.177s] -- Installing: /home/ogan/ME461F25_LittleDaisies/project/ros_ws/install/mobile_sensor/share/mobile_sensor//node_modules/es5-ext/math/atanh/is-implemented.js
[1.177s] -- Installing: /home/ogan/ME461F25_LittleDaisies/project/ros_ws/install/mobile_sensor/share/mobile_sensor//node_modules/es5-ext/math/atanh/index.js
[1.177s] -- Installing: /home/ogan/ME461F25_LittleDaisies/project/ros_ws/install/mobile_sensor/share/mobile_sensor//node_modules/es5-ext/math/atanh/implement.js
[1.177s] -- Installing: /home/ogan/ME461F25_LittleDaisies/project/ros_ws/install/mobile_sensor/share/mobile_sensor//node_modules/es5-ext/math/log2
[1.177s] -- Installing: /home/ogan/ME461F25_LittleDaisies/project/ros_ws/install/mobile_sensor/share/mobile_sensor//node_modules/es5-ext/math/log2/shim.js
[1.177s] -- Installing: /home/ogan/ME461F25_LittleDaisies/project/ros_ws/install/mobile_sensor/share/mobile_sensor//node_modules/es5-ext/math/log2/is-implemented.js
[1.177s] -- Installing: /home/ogan/ME461F25_LittleDaisies/project/ros_ws/install/mobile_sensor/share/mobile_sensor//node_modules/es5-ext/math/log2/index.js
[1.177s] -- Installing: /home/ogan/ME461F25_LittleDaisies/project/ros_ws/install/mobile_sensor/share/mobile_sensor//node_modules/es5-ext/math/log2/implement.js
[1.177s] -- Installing: /home/ogan/ME461F25_LittleDaisies/project/ros_ws/install/mobile_sensor/share/mobile_sensor//node_modules/es5-ext/math/_unpack-ieee754.js
[1.177s] -- Installing: /home/ogan/ME461F25_LittleDaisies/project/ros_ws/install/mobile_sensor/share/mobile_sensor//node_modules/es5-ext/math/expm1
[1.178s] -- Installing: /home/ogan/ME461F25_LittleDaisies/project/ros_ws/install/mobile_sensor/share/mobile_sensor//node_modules/es5-ext/math/expm1/shim.js
[1.178s] -- Installing: /home/ogan/ME461F25_LittleDaisies/project/ros_ws/install/mobile_sensor/share/mobile_sensor//node_modules/es5-ext/math/expm1/is-implemented.js
[1.178s] -- Installing: /home/ogan/ME461F25_LittleDaisies/project/ros_ws/install/mobile_sensor/share/mobile_sensor//node_modules/es5-ext/math/expm1/index.js
[1.178s] -- Installing: /home/ogan/ME461F25_LittleDaisies/project/ros_ws/install/mobile_sensor/share/mobile_sensor//node_modules/es5-ext/math/expm1/implement.js
[1.178s] -- Installing: /home/ogan/ME461F25_LittleDaisies/project/ros_ws/install/mobile_sensor/share/mobile_sensor//node_modules/es5-ext/to-short-string-representation.js
[1.178s] -- Installing: /home/ogan/ME461F25_LittleDaisies/project/ros_ws/install/mobile_sensor/share/mobile_sensor//node_modules/es5-ext/package.json
[1.178s] -- Installing: /home/ogan/ME461F25_LittleDaisies/project/ros_ws/install/mobile_sensor/share/mobile_sensor//node_modules/es5-ext/boolean
[1.178s] -- Installing: /home/ogan/ME461F25_LittleDaisies/project/ros_ws/install/mobile_sensor/share/mobile_sensor//node_modules/es5-ext/boolean/index.js
[1.178s] -- Installing: /home/ogan/ME461F25_LittleDaisies/project/ros_ws/install/mobile_sensor/share/mobile_sensor//node_modules/es5-ext/boolean/is-boolean.js
[1.178s] -- Installing: /home/ogan/ME461F25_LittleDaisies/project/ros_ws/install/mobile_sensor/share/mobile_sensor//node_modules/es5-ext/safe-to-string.js
[1.179s] -- Installing: /home/ogan/ME461F25_LittleDaisies/project/ros_ws/install/mobile_sensor/share/mobile_sensor//node_modules/es5-ext/string
[1.179s] -- Installing: /home/ogan/ME461F25_LittleDaisies/project/ros_ws/install/mobile_sensor/share/mobile_sensor//node_modules/es5-ext/string/raw
[1.179s] -- Installing: /home/ogan/ME461F25_LittleDaisies/project/ros_ws/install/mobile_sensor/share/mobile_sensor//node_modules/es5-ext/string/raw/shim.js
[1.179s] -- Installing: /home/ogan/ME461F25_LittleDaisies/project/ros_ws/install/mobile_sensor/share/mobile_sensor//node_modules/es5-ext/string/raw/is-implemented.js
[1.179s] -- Installing: /home/ogan/ME461F25_LittleDaisies/project/ros_ws/install/mobile_sensor/share/mobile_sensor//node_modules/es5-ext/string/raw/index.js
[1.179s] -- Installing: /home/ogan/ME461F25_LittleDaisies/project/ros_ws/install/mobile_sensor/share/mobile_sensor//node_modules/es5-ext/string/raw/implement.js
[1.179s] -- Installing: /home/ogan/ME461F25_LittleDaisies/project/ros_ws/install/mobile_sensor/share/mobile_sensor//node_modules/es5-ext/string/format-method.js
[1.179s] -- Installing: /home/ogan/ME461F25_LittleDaisies/project/ros_ws/install/mobile_sensor/share/mobile_sensor//node_modules/es5-ext/string/random.js
[1.179s] -- Installing: /home/ogan/ME461F25_LittleDaisies/project/ros_ws/install/mobile_sensor/share/mobile_sensor//node_modules/es5-ext/string/index.js
[1.179s] -- Installing: /home/ogan/ME461F25_LittleDaisies/project/ros_ws/install/mobile_sensor/share/mobile_sensor//node_modules/es5-ext/string/from-code-point
[1.179s] -- Installing: /home/ogan/ME461F25_LittleDaisies/project/ros_ws/install/mobile_sensor/share/mobile_sensor//node_modules/es5-ext/string/from-code-point/shim.js
[1.180s] -- Installing: /home/ogan/ME461F25_LittleDaisies/project/ros_ws/install/mobile_sensor/share/mobile_sensor//node_modules/es5-ext/string/from-code-point/is-implemented.js
[1.180s] -- Installing: /home/ogan/ME461F25_LittleDaisies/project/ros_ws/install/mobile_sensor/share/mobile_sensor//node_modules/es5-ext/string/from-code-point/index.js
[1.180s] -- Installing: /home/ogan/ME461F25_LittleDaisies/project/ros_ws/install/mobile_sensor/share/mobile_sensor//node_modules/es5-ext/string/from-code-point/implement.js
[1.180s] -- Installing: /home/ogan/ME461F25_LittleDaisies/project/ros_ws/install/mobile_sensor/share/mobile_sensor//node_modules/es5-ext/string/random-uniq.js
[1.180s] -- Installing: /home/ogan/ME461F25_LittleDaisies/project/ros_ws/install/mobile_sensor/share/mobile_sensor//node_modules/es5-ext/string/is-string.js
[1.180s] -- Installing: /home/ogan/ME461F25_LittleDaisies/project/ros_ws/install/mobile_sensor/share/mobile_sensor//node_modules/es5-ext/string/#
[1.180s] -- Installing: /home/ogan/ME461F25_LittleDaisies/project/ros_ws/install/mobile_sensor/share/mobile_sensor//node_modules/es5-ext/string/#/count.js
[1.180s] -- Installing: /home/ogan/ME461F25_LittleDaisies/project/ros_ws/install/mobile_sensor/share/mobile_sensor//node_modules/es5-ext/string/#/contains
[1.180s] -- Installing: /home/ogan/ME461F25_LittleDaisies/project/ros_ws/install/mobile_sensor/share/mobile_sensor//node_modules/es5-ext/string/#/contains/shim.js
[1.180s] -- Installing: /home/ogan/ME461F25_LittleDaisies/project/ros_ws/install/mobile_sensor/share/mobile_sensor//node_modules/es5-ext/string/#/contains/is-implemented.js
[1.181s] -- Installing: /home/ogan/ME461F25_LittleDaisies/project/ros_ws/install/mobile_sensor/share/mobile_sensor//node_modules/es5-ext/string/#/contains/index.js
[1.181s] -- Installing: /home/ogan/ME461F25_LittleDaisies/project/ros_ws/install/mobile_sensor/share/mobile_sensor//node_modules/es5-ext/string/#/contains/implement.js
[1.181s] -- Installing: /home/ogan/ME461F25_LittleDaisies/project/ros_ws/install/mobile_sensor/share/mobile_sensor//node_modules/es5-ext/string/#/normalize
[1.181s] -- Installing: /home/ogan/ME461F25_LittleDaisies/project/ros_ws/install/mobile_sensor/share/mobile_sensor//node_modules/es5-ext/string/#/normalize/shim.js
[1.181s] -- Installing: /home/ogan/ME461F25_LittleDaisies/project/ros_ws/install/mobile_sensor/share/mobile_sensor//node_modules/es5-ext/string/#/normalize/is-implemented.js
[1.181s] -- Installing: /home/ogan/ME461F25_LittleDaisies/project/ros_ws/install/mobile_sensor/share/mobile_sensor//node_modules/es5-ext/string/#/normalize/_data.js
[1.181s] -- Installing: /home/ogan/ME461F25_LittleDaisies/project/ros_ws/install/mobile_sensor/share/mobile_sensor//node_modules/es5-ext/string/#/normalize/index.js
[1.181s] -- Installing: /home/ogan/ME461F25_LittleDaisies/project/ros_ws/install/mobile_sensor/share/mobile_sensor//node_modules/es5-ext/string/#/normalize/implement.js
[1.182s] -- Installing: /home/ogan/ME461F25_LittleDaisies/project/ros_ws/install/mobile_sensor/share/mobile_sensor//node_modules/es5-ext/string/#/@@iterator
[1.182s] -- Installing: /home/ogan/ME461F25_LittleDaisies/project/ros_ws/install/mobile_sensor/share/mobile_sensor//node_modules/es5-ext/string/#/@@iterator/shim.js
[1.182s] -- Installing: /home/ogan/ME461F25_LittleDaisies/project/ros_ws/install/mobile_sensor/share/mobile_sensor//node_modules/es5-ext/string/#/@@iterator/is-implemented.js
[1.182s] -- Installing: /home/ogan/ME461F25_LittleDaisies/project/ros_ws/install/mobile_sensor/share/mobile_sensor//node_modules/es5-ext/string/#/@@iterator/index.js
[1.182s] -- Installing: /home/ogan/ME461F25_LittleDaisies/project/ros_ws/install/mobile_sensor/share/mobile_sensor//node_modules/es5-ext/string/#/@@iterator/implement.js
[1.182s] -- Installing: /home/ogan/ME461F25_LittleDaisies/project/ros_ws/install/mobile_sensor/share/mobile_sensor//node_modules/es5-ext/string/#/case-insensitive-compare.js
[1.182s] -- Installing: /home/ogan/ME461F25_LittleDaisies/project/ros_ws/install/mobile_sensor/share/mobile_sensor//node_modules/es5-ext/string/#/at.js
[1.182s] -- Installing: /home/ogan/ME461F25_LittleDaisies/project/ros_ws/install/mobile_sensor/share/mobile_sensor//node_modules/es5-ext/string/#/ends-with
[1.182s] -- Installing: /home/ogan/ME461F25_LittleDaisies/project/ros_ws/install/mobile_sensor/share/mobile_sensor//node_modules/es5-ext/string/#/ends-with/shim.js
[1.182s] -- Installing: /home/ogan/ME461F25_LittleDaisies/project/ros_ws/install/mobile_sensor/share/mobile_sensor//node_modules/es5-ext/string/#/ends-with/is-implemented.js
[1.183s] -- Installing: /home/ogan/ME461F25_LittleDaisies/project/ros_ws/install/mobile_sensor/share/mobile_sensor//node_modules/es5-ext/string/#/ends-with/index.js
[1.183s] -- Installing: /home/ogan/ME461F25_LittleDaisies/project/ros_ws/install/mobile_sensor/share/mobile_sensor//node_modules/es5-ext/string/#/ends-with/implement.js
[1.183s] -- Installing: /home/ogan/ME461F25_LittleDaisies/project/ros_ws/install/mobile_sensor/share/mobile_sensor//node_modules/es5-ext/string/#/index.js
[1.183s] -- Installing: /home/ogan/ME461F25_LittleDaisies/project/ros_ws/install/mobile_sensor/share/mobile_sensor//node_modules/es5-ext/string/#/code-point-at
[1.183s] -- Installing: /home/ogan/ME461F25_LittleDaisies/project/ros_ws/install/mobile_sensor/share/mobile_sensor//node_modules/es5-ext/string/#/code-point-at/shim.js
[1.183s] -- Installing: /home/ogan/ME461F25_LittleDaisies/project/ros_ws/install/mobile_sensor/share/mobile_sensor//node_modules/es5-ext/string/#/code-point-at/is-implemented.js
[1.183s] -- Installing: /home/ogan/ME461F25_LittleDaisies/project/ros_ws/install/mobile_sensor/share/mobile_sensor//node_modules/es5-ext/string/#/code-point-at/index.js
[1.183s] -- Installing: /home/ogan/ME461F25_LittleDaisies/project/ros_ws/install/mobile_sensor/share/mobile_sensor//node_modules/es5-ext/string/#/code-point-at/implement.js
[1.183s] -- Installing: /home/ogan/ME461F25_LittleDaisies/project/ros_ws/install/mobile_sensor/share/mobile_sensor//node_modules/es5-ext/string/#/plain-replace-all.js
[1.183s] -- Installing: /home/ogan/ME461F25_LittleDaisies/project/ros_ws/install/mobile_sensor/share/mobile_sensor//node_modules/es5-ext/string/#/uncapitalize.js
[1.184s] -- Installing: /home/ogan/ME461F25_LittleDaisies/project/ros_ws/install/mobile_sensor/share/mobile_sensor//node_modules/es5-ext/string/#/starts-with
[1.184s] -- Installing: /home/ogan/ME461F25_LittleDaisies/project/ros_ws/install/mobile_sensor/share/mobile_sensor//node_modules/es5-ext/string/#/starts-with/shim.js
[1.184s] -- Installing: /home/ogan/ME461F25_LittleDaisies/project/ros_ws/install/mobile_sensor/share/mobile_sensor//node_modules/es5-ext/string/#/starts-with/is-implemented.js
[1.184s] -- Installing: /home/ogan/ME461F25_LittleDaisies/project/ros_ws/install/mobile_sensor/share/mobile_sensor//node_modules/es5-ext/string/#/starts-with/index.js
[1.184s] -- Installing: /home/ogan/ME461F25_LittleDaisies/project/ros_ws/install/mobile_sensor/share/mobile_sensor//node_modules/es5-ext/string/#/starts-with/implement.js
[1.184s] -- Installing: /home/ogan/ME461F25_LittleDaisies/project/ros_ws/install/mobile_sensor/share/mobile_sensor//node_modules/es5-ext/string/#/indent.js
[1.184s] -- Installing: /home/ogan/ME461F25_LittleDaisies/project/ros_ws/install/mobile_sensor/share/mobile_sensor//node_modules/es5-ext/string/#/repeat
[1.184s] -- Installing: /home/ogan/ME461F25_LittleDaisies/project/ros_ws/install/mobile_sensor/share/mobile_sensor//node_modules/es5-ext/string/#/repeat/shim.js
[1.184s] -- Installing: /home/ogan/ME461F25_LittleDaisies/project/ros_ws/install/mobile_sensor/share/mobile_sensor//node_modules/es5-ext/string/#/repeat/is-implemented.js
[1.185s] -- Installing: /home/ogan/ME461F25_LittleDaisies/project/ros_ws/install/mobile_sensor/share/mobile_sensor//node_modules/es5-ext/string/#/repeat/index.js
[1.185s] -- Installing: /home/ogan/ME461F25_LittleDaisies/project/ros_ws/install/mobile_sensor/share/mobile_sensor//node_modules/es5-ext/string/#/repeat/implement.js
[1.185s] -- Installing: /home/ogan/ME461F25_LittleDaisies/project/ros_ws/install/mobile_sensor/share/mobile_sensor//node_modules/es5-ext/string/#/plain-replace.js
[1.185s] -- Installing: /home/ogan/ME461F25_LittleDaisies/project/ros_ws/install/mobile_sensor/share/mobile_sensor//node_modules/es5-ext/string/#/pad.js
[1.185s] -- Installing: /home/ogan/ME461F25_LittleDaisies/project/ros_ws/install/mobile_sensor/share/mobile_sensor//node_modules/es5-ext/string/#/last.js
[1.185s] -- Installing: /home/ogan/ME461F25_LittleDaisies/project/ros_ws/install/mobile_sensor/share/mobile_sensor//node_modules/es5-ext/string/#/hyphen-to-camel.js
[1.185s] -- Installing: /home/ogan/ME461F25_LittleDaisies/project/ros_ws/install/mobile_sensor/share/mobile_sensor//node_modules/es5-ext/string/#/camel-to-hyphen.js
[1.185s] -- Installing: /home/ogan/ME461F25_LittleDaisies/project/ros_ws/install/mobile_sensor/share/mobile_sensor//node_modules/es5-ext/string/#/capitalize.js
[1.185s] -- Installing: /home/ogan/ME461F25_LittleDaisies/project/ros_ws/install/mobile_sensor/share/mobile_sensor//node_modules/es5-ext/LICENSE
[1.186s] -- Installing: /home/ogan/ME461F25_LittleDaisies/project/ros_ws/install/mobile_sensor/share/mobile_sensor//node_modules/es5-ext/index.js
[1.186s] -- Installing: /home/ogan/ME461F25_LittleDaisies/project/ros_ws/install/mobile_sensor/share/mobile_sensor//node_modules/es5-ext/date
[1.186s] -- Installing: /home/ogan/ME461F25_LittleDaisies/project/ros_ws/install/mobile_sensor/share/mobile_sensor//node_modules/es5-ext/date/is-time-value.js
[1.186s] -- Installing: /home/ogan/ME461F25_LittleDaisies/project/ros_ws/install/mobile_sensor/share/mobile_sensor//node_modules/es5-ext/date/index.js
[1.186s] -- Installing: /home/ogan/ME461F25_LittleDaisies/project/ros_ws/install/mobile_sensor/share/mobile_sensor//node_modules/es5-ext/date/is-date.js
[1.186s] -- Installing: /home/ogan/ME461F25_LittleDaisies/project/ros_ws/install/mobile_sensor/share/mobile_sensor//node_modules/es5-ext/date/ensure-time-value.js
[1.186s] -- Installing: /home/ogan/ME461F25_LittleDaisies/project/ros_ws/install/mobile_sensor/share/mobile_sensor//node_modules/es5-ext/date/#
[1.186s] -- Installing: /home/ogan/ME461F25_LittleDaisies/project/ros_ws/install/mobile_sensor/share/mobile_sensor//node_modules/es5-ext/date/#/floor-year.js
[1.186s] -- Installing: /home/ogan/ME461F25_LittleDaisies/project/ros_ws/install/mobile_sensor/share/mobile_sensor//node_modules/es5-ext/date/#/days-in-month.js
[1.186s] -- Installing: /home/ogan/ME461F25_LittleDaisies/project/ros_ws/install/mobile_sensor/share/mobile_sensor//node_modules/es5-ext/date/#/floor-month.js
[1.186s] -- Installing: /home/ogan/ME461F25_LittleDaisies/project/ros_ws/install/mobile_sensor/share/mobile_sensor//node_modules/es5-ext/date/#/index.js
[1.187s] -- Installing: /home/ogan/ME461F25_LittleDaisies/project/ros_ws/install/mobile_sensor/share/mobile_sensor//node_modules/es5-ext/date/#/copy.js
[1.187s] -- Installing: /home/ogan/ME461F25_LittleDaisies/project/ros_ws/install/mobile_sensor/share/mobile_sensor//node_modules/es5-ext/date/#/format.js
[1.187s] -- Installing: /home/ogan/ME461F25_LittleDaisies/project/ros_ws/install/mobile_sensor/share/mobile_sensor//node_modules/es5-ext/date/#/floor-day.js
[1.187s] -- Installing: /home/ogan/ME461F25_LittleDaisies/project/ros_ws/install/mobile_sensor/share/mobile_sensor//node_modules/es5-ext/date/valid-date.js
[1.187s] -- Installing: /home/ogan/ME461F25_LittleDaisies/project/ros_ws/install/mobile_sensor/share/mobile_sensor//node_modules/es5-ext/reg-exp
[1.187s] -- Installing: /home/ogan/ME461F25_LittleDaisies/project/ros_ws/install/mobile_sensor/share/mobile_sensor//node_modules/es5-ext/reg-exp/valid-reg-exp.js
[1.187s] -- Installing: /home/ogan/ME461F25_LittleDaisies/project/ros_ws/install/mobile_sensor/share/mobile_sensor//node_modules/es5-ext/reg-exp/escape.js
[1.187s] -- Installing: /home/ogan/ME461F25_LittleDaisies/project/ros_ws/install/mobile_sensor/share/mobile_sensor//node_modules/es5-ext/reg-exp/is-reg-exp.js
[1.187s] -- Installing: /home/ogan/ME461F25_LittleDaisies/project/ros_ws/install/mobile_sensor/share/mobile_sensor//node_modules/es5-ext/reg-exp/index.js
[1.187s] -- Installing: /home/ogan/ME461F25_LittleDaisies/project/ros_ws/install/mobile_sensor/share/mobile_sensor//node_modules/es5-ext/reg-exp/#
[1.187s] -- Installing: /home/ogan/ME461F25_LittleDaisies/project/ros_ws/install/mobile_sensor/share/mobile_sensor//node_modules/es5-ext/reg-exp/#/replace
[1.188s] -- Installing: /home/ogan/ME461F25_LittleDaisies/project/ros_ws/install/mobile_sensor/share/mobile_sensor//node_modules/es5-ext/reg-exp/#/replace/shim.js
[1.188s] -- Installing: /home/ogan/ME461F25_LittleDaisies/project/ros_ws/install/mobile_sensor/share/mobile_sensor//node_modules/es5-ext/reg-exp/#/replace/is-implemented.js
[1.188s] -- Installing: /home/ogan/ME461F25_LittleDaisies/project/ros_ws/install/mobile_sensor/share/mobile_sensor//node_modules/es5-ext/reg-exp/#/replace/index.js
[1.188s] -- Installing: /home/ogan/ME461F25_LittleDaisies/project/ros_ws/install/mobile_sensor/share/mobile_sensor//node_modules/es5-ext/reg-exp/#/replace/implement.js
[1.188s] -- Installing: /home/ogan/ME461F25_LittleDaisies/project/ros_ws/install/mobile_sensor/share/mobile_sensor//node_modules/es5-ext/reg-exp/#/is-unicode.js
[1.188s] -- Installing: /home/ogan/ME461F25_LittleDaisies/project/ros_ws/install/mobile_sensor/share/mobile_sensor//node_modules/es5-ext/reg-exp/#/unicode
[1.188s] -- Installing: /home/ogan/ME461F25_LittleDaisies/project/ros_ws/install/mobile_sensor/share/mobile_sensor//node_modules/es5-ext/reg-exp/#/unicode/is-implemented.js
[1.188s] -- Installing: /home/ogan/ME461F25_LittleDaisies/project/ros_ws/install/mobile_sensor/share/mobile_sensor//node_modules/es5-ext/reg-exp/#/unicode/implement.js
[1.188s] -- Installing: /home/ogan/ME461F25_LittleDaisies/project/ros_ws/install/mobile_sensor/share/mobile_sensor//node_modules/es5-ext/reg-exp/#/match
[1.188s] -- Installing: /home/ogan/ME461F25_LittleDaisies/project/ros_ws/install/mobile_sensor/share/mobile_sensor//node_modules/es5-ext/reg-exp/#/match/shim.js
[1.188s] -- Installing: /home/ogan/ME461F25_LittleDaisies/project/ros_ws/install/mobile_sensor/share/mobile_sensor//node_modules/es5-ext/reg-exp/#/match/is-implemented.js
[1.189s] -- Installing: /home/ogan/ME461F25_LittleDaisies/project/ros_ws/install/mobile_sensor/share/mobile_sensor//node_modules/es5-ext/reg-exp/#/match/index.js
[1.189s] -- Installing: /home/ogan/ME461F25_LittleDaisies/project/ros_ws/install/mobile_sensor/share/mobile_sensor//node_modules/es5-ext/reg-exp/#/match/implement.js
[1.189s] -- Installing: /home/ogan/ME461F25_LittleDaisies/project/ros_ws/install/mobile_sensor/share/mobile_sensor//node_modules/es5-ext/reg-exp/#/index.js
[1.189s] -- Installing: /home/ogan/ME461F25_LittleDaisies/project/ros_ws/install/mobile_sensor/share/mobile_sensor//node_modules/es5-ext/reg-exp/#/search
[1.189s] -- Installing: /home/ogan/ME461F25_LittleDaisies/project/ros_ws/install/mobile_sensor/share/mobile_sensor//node_modules/es5-ext/reg-exp/#/search/shim.js
[1.189s] -- Installing: /home/ogan/ME461F25_LittleDaisies/project/ros_ws/install/mobile_sensor/share/mobile_sensor//node_modules/es5-ext/reg-exp/#/search/is-implemented.js
[1.189s] -- Installing: /home/ogan/ME461F25_LittleDaisies/project/ros_ws/install/mobile_sensor/share/mobile_sensor//node_modules/es5-ext/reg-exp/#/search/index.js
[1.189s] -- Installing: /home/ogan/ME461F25_LittleDaisies/project/ros_ws/install/mobile_sensor/share/mobile_sensor//node_modules/es5-ext/reg-exp/#/search/implement.js
[1.189s] -- Installing: /home/ogan/ME461F25_LittleDaisies/project/ros_ws/install/mobile_sensor/share/mobile_sensor//node_modules/es5-ext/reg-exp/#/is-sticky.js
[1.189s] -- Installing: /home/ogan/ME461F25_LittleDaisies/project/ros_ws/install/mobile_sensor/share/mobile_sensor//node_modules/es5-ext/reg-exp/#/split
[1.190s] -- Installing: /home/ogan/ME461F25_LittleDaisies/project/ros_ws/install/mobile_sensor/share/mobile_sensor//node_modules/es5-ext/reg-exp/#/split/shim.js
[1.190s] -- Installing: /home/ogan/ME461F25_LittleDaisies/project/ros_ws/install/mobile_sensor/share/mobile_sensor//node_modules/es5-ext/reg-exp/#/split/is-implemented.js
[1.190s] -- Installing: /home/ogan/ME461F25_LittleDaisies/project/ros_ws/install/mobile_sensor/share/mobile_sensor//node_modules/es5-ext/reg-exp/#/split/index.js
[1.190s] -- Installing: /home/ogan/ME461F25_LittleDaisies/project/ros_ws/install/mobile_sensor/share/mobile_sensor//node_modules/es5-ext/reg-exp/#/split/implement.js
[1.190s] -- Installing: /home/ogan/ME461F25_LittleDaisies/project/ros_ws/install/mobile_sensor/share/mobile_sensor//node_modules/es5-ext/reg-exp/#/sticky
[1.190s] -- Installing: /home/ogan/ME461F25_LittleDaisies/project/ros_ws/install/mobile_sensor/share/mobile_sensor//node_modules/es5-ext/reg-exp/#/sticky/is-implemented.js
[1.190s] -- Installing: /home/ogan/ME461F25_LittleDaisies/project/ros_ws/install/mobile_sensor/share/mobile_sensor//node_modules/es5-ext/reg-exp/#/sticky/implement.js
[1.190s] -- Installing: /home/ogan/ME461F25_LittleDaisies/project/ros_ws/install/mobile_sensor/share/mobile_sensor//node_modules/es5-ext/iterable
[1.190s] -- Installing: /home/ogan/ME461F25_LittleDaisies/project/ros_ws/install/mobile_sensor/share/mobile_sensor//node_modules/es5-ext/iterable/validate-object.js
[1.190s] -- Installing: /home/ogan/ME461F25_LittleDaisies/project/ros_ws/install/mobile_sensor/share/mobile_sensor//node_modules/es5-ext/iterable/index.js
[1.191s] -- Installing: /home/ogan/ME461F25_LittleDaisies/project/ros_ws/install/mobile_sensor/share/mobile_sensor//node_modules/es5-ext/iterable/for-each.js
[1.191s] -- Installing: /home/ogan/ME461F25_LittleDaisies/project/ros_ws/install/mobile_sensor/share/mobile_sensor//node_modules/es5-ext/iterable/validate.js
[1.191s] -- Installing: /home/ogan/ME461F25_LittleDaisies/project/ros_ws/install/mobile_sensor/share/mobile_sensor//node_modules/es5-ext/iterable/is.js
[1.191s] -- Installing: /home/ogan/ME461F25_LittleDaisies/project/ros_ws/install/mobile_sensor/share/mobile_sensor//node_modules/es5-ext/global.js
[1.191s] -- Installing: /home/ogan/ME461F25_LittleDaisies/project/ros_ws/install/mobile_sensor/share/mobile_sensor//node_modules/es5-ext/CHANGELOG.md
[1.191s] -- Installing: /home/ogan/ME461F25_LittleDaisies/project/ros_ws/install/mobile_sensor/share/mobile_sensor//node_modules/es5-ext/number
[1.191s] -- Installing: /home/ogan/ME461F25_LittleDaisies/project/ros_ws/install/mobile_sensor/share/mobile_sensor//node_modules/es5-ext/number/to-uint32.js
[1.191s] -- Installing: /home/ogan/ME461F25_LittleDaisies/project/ros_ws/install/mobile_sensor/share/mobile_sensor//node_modules/es5-ext/number/is-safe-integer
[1.191s] -- Installing: /home/ogan/ME461F25_LittleDaisies/project/ros_ws/install/mobile_sensor/share/mobile_sensor//node_modules/es5-ext/number/is-safe-integer/shim.js
[1.191s] -- Installing: /home/ogan/ME461F25_LittleDaisies/project/ros_ws/install/mobile_sensor/share/mobile_sensor//node_modules/es5-ext/number/is-safe-integer/is-implemented.js
[1.192s] -- Installing: /home/ogan/ME461F25_LittleDaisies/project/ros_ws/install/mobile_sensor/share/mobile_sensor//node_modules/es5-ext/number/is-safe-integer/index.js
[1.192s] -- Installing: /home/ogan/ME461F25_LittleDaisies/project/ros_ws/install/mobile_sensor/share/mobile_sensor//node_modules/es5-ext/number/is-safe-integer/implement.js
[1.192s] -- Installing: /home/ogan/ME461F25_LittleDaisies/project/ros_ws/install/mobile_sensor/share/mobile_sensor//node_modules/es5-ext/number/is-natural.js
[1.192s] -- Installing: /home/ogan/ME461F25_LittleDaisies/project/ros_ws/install/mobile_sensor/share/mobile_sensor//node_modules/es5-ext/number/is-finite
[1.192s] -- Installing: /home/ogan/ME461F25_LittleDaisies/project/ros_ws/install/mobile_sensor/share/mobile_sensor//node_modules/es5-ext/number/is-finite/shim.js
[1.192s] -- Installing: /home/ogan/ME461F25_LittleDaisies/project/ros_ws/install/mobile_sensor/share/mobile_sensor//node_modules/es5-ext/number/is-finite/is-implemented.js
[1.192s] -- Installing: /home/ogan/ME461F25_LittleDaisies/project/ros_ws/install/mobile_sensor/share/mobile_sensor//node_modules/es5-ext/number/is-finite/index.js
[1.192s] -- Installing: /home/ogan/ME461F25_LittleDaisies/project/ros_ws/install/mobile_sensor/share/mobile_sensor//node_modules/es5-ext/number/is-finite/implement.js
[1.192s] -- Installing: /home/ogan/ME461F25_LittleDaisies/project/ros_ws/install/mobile_sensor/share/mobile_sensor//node_modules/es5-ext/number/max-safe-integer
[1.192s] -- Installing: /home/ogan/ME461F25_LittleDaisies/project/ros_ws/install/mobile_sensor/share/mobile_sensor//node_modules/es5-ext/number/max-safe-integer/is-implemented.js
[1.192s] -- Installing: /home/ogan/ME461F25_LittleDaisies/project/ros_ws/install/mobile_sensor/share/mobile_sensor//node_modules/es5-ext/number/max-safe-integer/index.js
[1.193s] -- Installing: /home/ogan/ME461F25_LittleDaisies/project/ros_ws/install/mobile_sensor/share/mobile_sensor//node_modules/es5-ext/number/max-safe-integer/implement.js
[1.193s] -- Installing: /home/ogan/ME461F25_LittleDaisies/project/ros_ws/install/mobile_sensor/share/mobile_sensor//node_modules/es5-ext/number/to-integer.js
[1.193s] -- Installing: /home/ogan/ME461F25_LittleDaisies/project/ros_ws/install/mobile_sensor/share/mobile_sensor//node_modules/es5-ext/number/is-integer
[1.193s] -- Installing: /home/ogan/ME461F25_LittleDaisies/project/ros_ws/install/mobile_sensor/share/mobile_sensor//node_modules/es5-ext/number/is-integer/shim.js
[1.193s] -- Installing: /home/ogan/ME461F25_LittleDaisies/project/ros_ws/install/mobile_sensor/share/mobile_sensor//node_modules/es5-ext/number/is-integer/is-implemented.js
[1.193s] -- Installing: /home/ogan/ME461F25_LittleDaisies/project/ros_ws/install/mobile_sensor/share/mobile_sensor//node_modules/es5-ext/number/is-integer/index.js
[1.193s] -- Installing: /home/ogan/ME461F25_LittleDaisies/project/ros_ws/install/mobile_sensor/share/mobile_sensor//node_modules/es5-ext/number/is-integer/implement.js
[1.193s] -- Installing: /home/ogan/ME461F25_LittleDaisies/project/ros_ws/install/mobile_sensor/share/mobile_sensor//node_modules/es5-ext/number/index.js
[1.193s] -- Installing: /home/ogan/ME461F25_LittleDaisies/project/ros_ws/install/mobile_sensor/share/mobile_sensor//node_modules/es5-ext/number/is-nan
[1.193s] -- Installing: /home/ogan/ME461F25_LittleDaisies/project/ros_ws/install/mobile_sensor/share/mobile_sensor//node_modules/es5-ext/number/is-nan/shim.js
[1.193s] -- Installing: /home/ogan/ME461F25_LittleDaisies/project/ros_ws/install/mobile_sensor/share/mobile_sensor//node_modules/es5-ext/number/is-nan/is-implemented.js
[1.194s] -- Installing: /home/ogan/ME461F25_LittleDaisies/project/ros_ws/install/mobile_sensor/share/mobile_sensor//node_modules/es5-ext/number/is-nan/index.js
[1.194s] -- Installing: /home/ogan/ME461F25_LittleDaisies/project/ros_ws/install/mobile_sensor/share/mobile_sensor//node_modules/es5-ext/number/is-nan/implement.js
[1.194s] -- Installing: /home/ogan/ME461F25_LittleDaisies/project/ros_ws/install/mobile_sensor/share/mobile_sensor//node_modules/es5-ext/number/to-pos-integer.js
[1.194s] -- Installing: /home/ogan/ME461F25_LittleDaisies/project/ros_ws/install/mobile_sensor/share/mobile_sensor//node_modules/es5-ext/number/is-number.js
[1.194s] -- Installing: /home/ogan/ME461F25_LittleDaisies/project/ros_ws/install/mobile_sensor/share/mobile_sensor//node_modules/es5-ext/number/epsilon
[1.194s] -- Installing: /home/ogan/ME461F25_LittleDaisies/project/ros_ws/install/mobile_sensor/share/mobile_sensor//node_modules/es5-ext/number/epsilon/is-implemented.js
[1.194s] -- Installing: /home/ogan/ME461F25_LittleDaisies/project/ros_ws/install/mobile_sensor/share/mobile_sensor//node_modules/es5-ext/number/epsilon/index.js
[1.194s] -- Installing: /home/ogan/ME461F25_LittleDaisies/project/ros_ws/install/mobile_sensor/share/mobile_sensor//node_modules/es5-ext/number/epsilon/implement.js
[1.194s] -- Installing: /home/ogan/ME461F25_LittleDaisies/project/ros_ws/install/mobile_sensor/share/mobile_sensor//node_modules/es5-ext/number/min-safe-integer
[1.194s] -- Installing: /home/ogan/ME461F25_LittleDaisies/project/ros_ws/install/mobile_sensor/share/mobile_sensor//node_modules/es5-ext/number/min-safe-integer/is-implemented.js
[1.195s] -- Installing: /home/ogan/ME461F25_LittleDaisies/project/ros_ws/install/mobile_sensor/share/mobile_sensor//node_modules/es5-ext/number/min-safe-integer/index.js
[1.195s] -- Installing: /home/ogan/ME461F25_LittleDaisies/project/ros_ws/install/mobile_sensor/share/mobile_sensor//node_modules/es5-ext/number/min-safe-integer/implement.js
[1.195s] -- Installing: /home/ogan/ME461F25_LittleDaisies/project/ros_ws/install/mobile_sensor/share/mobile_sensor//node_modules/es5-ext/number/#
[1.195s] -- Installing: /home/ogan/ME461F25_LittleDaisies/project/ros_ws/install/mobile_sensor/share/mobile_sensor//node_modules/es5-ext/number/#/index.js
[1.195s] -- Installing: /home/ogan/ME461F25_LittleDaisies/project/ros_ws/install/mobile_sensor/share/mobile_sensor//node_modules/es5-ext/number/#/pad.js
[1.195s] -- Installing: /home/ogan/ME461F25_LittleDaisies/project/ros_ws/install/mobile_sensor/share/mobile_sensor//node_modules/es5-ext/error
[1.195s] -- Installing: /home/ogan/ME461F25_LittleDaisies/project/ros_ws/install/mobile_sensor/share/mobile_sensor//node_modules/es5-ext/error/custom.js
[1.195s] -- Installing: /home/ogan/ME461F25_LittleDaisies/project/ros_ws/install/mobile_sensor/share/mobile_sensor//node_modules/es5-ext/error/index.js
[1.195s] -- Installing: /home/ogan/ME461F25_LittleDaisies/project/ros_ws/install/mobile_sensor/share/mobile_sensor//node_modules/es5-ext/error/valid-error.js
[1.195s] -- Installing: /home/ogan/ME461F25_LittleDaisies/project/ros_ws/install/mobile_sensor/share/mobile_sensor//node_modules/es5-ext/error/is-error.js
[1.195s] -- Installing: /home/ogan/ME461F25_LittleDaisies/project/ros_ws/install/mobile_sensor/share/mobile_sensor//node_modules/es5-ext/error/#
[1.196s] -- Installing: /home/ogan/ME461F25_LittleDaisies/project/ros_ws/install/mobile_sensor/share/mobile_sensor//node_modules/es5-ext/error/#/throw.js
[1.196s] -- Installing: /home/ogan/ME461F25_LittleDaisies/project/ros_ws/install/mobile_sensor/share/mobile_sensor//node_modules/es5-ext/error/#/index.js
[1.196s] -- Installing: /home/ogan/ME461F25_LittleDaisies/project/ros_ws/install/mobile_sensor/share/mobile_sensor//node_modules/es5-ext/function
[1.196s] -- Installing: /home/ogan/ME461F25_LittleDaisies/project/ros_ws/install/mobile_sensor/share/mobile_sensor//node_modules/es5-ext/function/is-function.js
[1.196s] -- Installing: /home/ogan/ME461F25_LittleDaisies/project/ros_ws/install/mobile_sensor/share/mobile_sensor//node_modules/es5-ext/function/pluck.js
[1.196s] -- Installing: /home/ogan/ME461F25_LittleDaisies/project/ros_ws/install/mobile_sensor/share/mobile_sensor//node_modules/es5-ext/function/invoke.js
[1.196s] -- Installing: /home/ogan/ME461F25_LittleDaisies/project/ros_ws/install/mobile_sensor/share/mobile_sensor//node_modules/es5-ext/function/_define-length.js
[1.196s] -- Installing: /home/ogan/ME461F25_LittleDaisies/project/ros_ws/install/mobile_sensor/share/mobile_sensor//node_modules/es5-ext/function/valid-function.js
[1.196s] -- Installing: /home/ogan/ME461F25_LittleDaisies/project/ros_ws/install/mobile_sensor/share/mobile_sensor//node_modules/es5-ext/function/is-arguments.js
[1.196s] -- Installing: /home/ogan/ME461F25_LittleDaisies/project/ros_ws/install/mobile_sensor/share/mobile_sensor//node_modules/es5-ext/function/index.js
[1.196s] -- Installing: /home/ogan/ME461F25_LittleDaisies/project/ros_ws/install/mobile_sensor/share/mobile_sensor//node_modules/es5-ext/function/constant.js
[1.197s] -- Installing: /home/ogan/ME461F25_LittleDaisies/project/ros_ws/install/mobile_sensor/share/mobile_sensor//node_modules/es5-ext/function/noop.js
[1.197s] -- Installing: /home/ogan/ME461F25_LittleDaisies/project/ros_ws/install/mobile_sensor/share/mobile_sensor//node_modules/es5-ext/function/identity.js
[1.197s] -- Installing: /home/ogan/ME461F25_LittleDaisies/project/ros_ws/install/mobile_sensor/share/mobile_sensor//node_modules/es5-ext/function/#
[1.197s] -- Installing: /home/ogan/ME461F25_LittleDaisies/project/ros_ws/install/mobile_sensor/share/mobile_sensor//node_modules/es5-ext/function/#/microtask-delay.js
[1.197s] -- Installing: /home/ogan/ME461F25_LittleDaisies/project/ros_ws/install/mobile_sensor/share/mobile_sensor//node_modules/es5-ext/function/#/to-string-tokens.js
[1.197s] -- Installing: /home/ogan/ME461F25_LittleDaisies/project/ros_ws/install/mobile_sensor/share/mobile_sensor//node_modules/es5-ext/function/#/partial.js
[1.197s] -- Installing: /home/ogan/ME461F25_LittleDaisies/project/ros_ws/install/mobile_sensor/share/mobile_sensor//node_modules/es5-ext/function/#/curry.js
[1.197s] -- Installing: /home/ogan/ME461F25_LittleDaisies/project/ros_ws/install/mobile_sensor/share/mobile_sensor//node_modules/es5-ext/function/#/not.js
[1.197s] -- Installing: /home/ogan/ME461F25_LittleDaisies/project/ros_ws/install/mobile_sensor/share/mobile_sensor//node_modules/es5-ext/function/#/index.js
[1.197s] -- Installing: /home/ogan/ME461F25_LittleDaisies/project/ros_ws/install/mobile_sensor/share/mobile_sensor//node_modules/es5-ext/function/#/compose.js
[1.198s] -- Installing: /home/ogan/ME461F25_LittleDaisies/project/ros_ws/install/mobile_sensor/share/mobile_sensor//node_modules/es5-ext/function/#/copy.js
[1.198s] -- Installing: /home/ogan/ME461F25_LittleDaisies/project/ros_ws/install/mobile_sensor/share/mobile_sensor//node_modules/es5-ext/function/#/spread.js
[1.198s] -- Installing: /home/ogan/ME461F25_LittleDaisies/project/ros_ws/install/mobile_sensor/share/mobile_sensor//node_modules/es5-ext/function/#/lock.js
[1.198s] -- Installing: /home/ogan/ME461F25_LittleDaisies/project/ros_ws/install/mobile_sensor/share/mobile_sensor//node_modules/es5-ext/promise
[1.198s] -- Installing: /home/ogan/ME461F25_LittleDaisies/project/ros_ws/install/mobile_sensor/share/mobile_sensor//node_modules/es5-ext/promise/.eslintrc.json
[1.198s] -- Installing: /home/ogan/ME461F25_LittleDaisies/project/ros_ws/install/mobile_sensor/share/mobile_sensor//node_modules/es5-ext/promise/index.js
[1.198s] -- Installing: /home/ogan/ME461F25_LittleDaisies/project/ros_ws/install/mobile_sensor/share/mobile_sensor//node_modules/es5-ext/promise/lazy.js
[1.198s] -- Installing: /home/ogan/ME461F25_LittleDaisies/project/ros_ws/install/mobile_sensor/share/mobile_sensor//node_modules/es5-ext/promise/#
[1.198s] -- Installing: /home/ogan/ME461F25_LittleDaisies/project/ros_ws/install/mobile_sensor/share/mobile_sensor//node_modules/es5-ext/promise/#/finally
[1.198s] -- Installing: /home/ogan/ME461F25_LittleDaisies/project/ros_ws/install/mobile_sensor/share/mobile_sensor//node_modules/es5-ext/promise/#/finally/shim.js
[1.199s] -- Installing: /home/ogan/ME461F25_LittleDaisies/project/ros_ws/install/mobile_sensor/share/mobile_sensor//node_modules/es5-ext/promise/#/finally/is-implemented.js
[1.199s] -- Installing: /home/ogan/ME461F25_LittleDaisies/project/ros_ws/install/mobile_sensor/share/mobile_sensor//node_modules/es5-ext/promise/#/finally/index.js
[1.199s] -- Installing: /home/ogan/ME461F25_LittleDaisies/project/ros_ws/install/mobile_sensor/share/mobile_sensor//node_modules/es5-ext/promise/#/finally/implement.js
[1.199s] -- Installing: /home/ogan/ME461F25_LittleDaisies/project/ros_ws/install/mobile_sensor/share/mobile_sensor//node_modules/es5-ext/promise/#/index.js
[1.199s] -- Installing: /home/ogan/ME461F25_LittleDaisies/project/ros_ws/install/mobile_sensor/share/mobile_sensor//node_modules/es5-ext/promise/#/as-callback.js
[1.199s] -- Installing: /home/ogan/ME461F25_LittleDaisies/project/ros_ws/install/mobile_sensor/share/mobile_sensor//node_modules/es5-ext/object
[1.199s] -- Installing: /home/ogan/ME461F25_LittleDaisies/project/ros_ws/install/mobile_sensor/share/mobile_sensor//node_modules/es5-ext/object/entries
[1.199s] -- Installing: /home/ogan/ME461F25_LittleDaisies/project/ros_ws/install/mobile_sensor/share/mobile_sensor//node_modules/es5-ext/object/entries/shim.js
[1.199s] -- Installing: /home/ogan/ME461F25_LittleDaisies/project/ros_ws/install/mobile_sensor/share/mobile_sensor//node_modules/es5-ext/object/entries/is-implemented.js
[1.199s] -- Installing: /home/ogan/ME461F25_LittleDaisies/project/ros_ws/install/mobile_sensor/share/mobile_sensor//node_modules/es5-ext/object/entries/index.js
[1.199s] -- Installing: /home/ogan/ME461F25_LittleDaisies/project/ros_ws/install/mobile_sensor/share/mobile_sensor//node_modules/es5-ext/object/entries/implement.js
[1.200s] -- Installing: /home/ogan/ME461F25_LittleDaisies/project/ros_ws/install/mobile_sensor/share/mobile_sensor//node_modules/es5-ext/object/is-empty.js
[1.200s] -- Installing: /home/ogan/ME461F25_LittleDaisies/project/ros_ws/install/mobile_sensor/share/mobile_sensor//node_modules/es5-ext/object/is-value.js
[1.200s] -- Installing: /home/ogan/ME461F25_LittleDaisies/project/ros_ws/install/mobile_sensor/share/mobile_sensor//node_modules/es5-ext/object/mixin-prototypes.js
[1.200s] -- Installing: /home/ogan/ME461F25_LittleDaisies/project/ros_ws/install/mobile_sensor/share/mobile_sensor//node_modules/es5-ext/object/is-callable.js
[1.200s] -- Installing: /home/ogan/ME461F25_LittleDaisies/project/ros_ws/install/mobile_sensor/share/mobile_sensor//node_modules/es5-ext/object/valid-callable.js
[1.200s] -- Installing: /home/ogan/ME461F25_LittleDaisies/project/ros_ws/install/mobile_sensor/share/mobile_sensor//node_modules/es5-ext/object/compact.js
[1.200s] -- Installing: /home/ogan/ME461F25_LittleDaisies/project/ros_ws/install/mobile_sensor/share/mobile_sensor//node_modules/es5-ext/object/is-copy-deep.js
[1.200s] -- Installing: /home/ogan/ME461F25_LittleDaisies/project/ros_ws/install/mobile_sensor/share/mobile_sensor//node_modules/es5-ext/object/get-property-names.js
[1.200s] -- Installing: /home/ogan/ME461F25_LittleDaisies/project/ros_ws/install/mobile_sensor/share/mobile_sensor//node_modules/es5-ext/object/count.js
[1.201s] -- Installing: /home/ogan/ME461F25_LittleDaisies/project/ros_ws/install/mobile_sensor/share/mobile_sensor//node_modules/es5-ext/object/assign-deep.js
[1.201s] -- Installing: /home/ogan/ME461F25_LittleDaisies/project/ros_ws/install/mobile_sensor/share/mobile_sensor//node_modules/es5-ext/object/create.js
[1.201s] -- Installing: /home/ogan/ME461F25_LittleDaisies/project/ros_ws/install/mobile_sensor/share/mobile_sensor//node_modules/es5-ext/object/is-number-value.js
[1.201s] -- Installing: /home/ogan/ME461F25_LittleDaisies/project/ros_ws/install/mobile_sensor/share/mobile_sensor//node_modules/es5-ext/object/is-natural-number-value.js
[1.201s] -- Installing: /home/ogan/ME461F25_LittleDaisies/project/ros_ws/install/mobile_sensor/share/mobile_sensor//node_modules/es5-ext/object/eq.js
[1.201s] -- Installing: /home/ogan/ME461F25_LittleDaisies/project/ros_ws/install/mobile_sensor/share/mobile_sensor//node_modules/es5-ext/object/filter.js
[1.201s] -- Installing: /home/ogan/ME461F25_LittleDaisies/project/ros_ws/install/mobile_sensor/share/mobile_sensor//node_modules/es5-ext/object/is-object.js
[1.201s] -- Installing: /home/ogan/ME461F25_LittleDaisies/project/ros_ws/install/mobile_sensor/share/mobile_sensor//node_modules/es5-ext/object/set-prototype-of
[1.201s] -- Installing: /home/ogan/ME461F25_LittleDaisies/project/ros_ws/install/mobile_sensor/share/mobile_sensor//node_modules/es5-ext/object/set-prototype-of/shim.js
[1.201s] -- Installing: /home/ogan/ME461F25_LittleDaisies/project/ros_ws/install/mobile_sensor/share/mobile_sensor//node_modules/es5-ext/object/set-prototype-of/is-implemented.js
[1.202s] -- Installing: /home/ogan/ME461F25_LittleDaisies/project/ros_ws/install/mobile_sensor/share/mobile_sensor//node_modules/es5-ext/object/set-prototype-of/index.js
[1.202s] -- Installing: /home/ogan/ME461F25_LittleDaisies/project/ros_ws/install/mobile_sensor/share/mobile_sensor//node_modules/es5-ext/object/set-prototype-of/implement.js
[1.202s] -- Installing: /home/ogan/ME461F25_LittleDaisies/project/ros_ws/install/mobile_sensor/share/mobile_sensor//node_modules/es5-ext/object/flatten.js
[1.202s] -- Installing: /home/ogan/ME461F25_LittleDaisies/project/ros_ws/install/mobile_sensor/share/mobile_sensor//node_modules/es5-ext/object/ensure-plain-object.js
[1.202s] -- Installing: /home/ogan/ME461F25_LittleDaisies/project/ros_ws/install/mobile_sensor/share/mobile_sensor//node_modules/es5-ext/object/is-integer.js
[1.202s] -- Installing: /home/ogan/ME461F25_LittleDaisies/project/ros_ws/install/mobile_sensor/share/mobile_sensor//node_modules/es5-ext/object/unserialize.js
[1.202s] -- Installing: /home/ogan/ME461F25_LittleDaisies/project/ros_ws/install/mobile_sensor/share/mobile_sensor//node_modules/es5-ext/object/ensure-promise.js
[1.202s] -- Installing: /home/ogan/ME461F25_LittleDaisies/project/ros_ws/install/mobile_sensor/share/mobile_sensor//node_modules/es5-ext/object/some.js
[1.202s] -- Installing: /home/ogan/ME461F25_LittleDaisies/project/ros_ws/install/mobile_sensor/share/mobile_sensor//node_modules/es5-ext/object/ensure-finite-number.js
[1.202s] -- Installing: /home/ogan/ME461F25_LittleDaisies/project/ros_ws/install/mobile_sensor/share/mobile_sensor//node_modules/es5-ext/object/validate-array-like-object.js
[1.202s] -- Installing: /home/ogan/ME461F25_LittleDaisies/project/ros_ws/install/mobile_sensor/share/mobile_sensor//node_modules/es5-ext/object/mixin.js
[1.203s] -- Installing: /home/ogan/ME461F25_LittleDaisies/project/ros_ws/install/mobile_sensor/share/mobile_sensor//node_modules/es5-ext/object/ensure-array.js
[1.203s] -- Installing: /home/ogan/ME461F25_LittleDaisies/project/ros_ws/install/mobile_sensor/share/mobile_sensor//node_modules/es5-ext/object/is-promise.js
[1.203s] -- Installing: /home/ogan/ME461F25_LittleDaisies/project/ros_ws/install/mobile_sensor/share/mobile_sensor//node_modules/es5-ext/object/compare.js
[1.203s] -- Installing: /home/ogan/ME461F25_LittleDaisies/project/ros_ws/install/mobile_sensor/share/mobile_sensor//node_modules/es5-ext/object/is-plain-object.js
[1.203s] -- Installing: /home/ogan/ME461F25_LittleDaisies/project/ros_ws/install/mobile_sensor/share/mobile_sensor//node_modules/es5-ext/object/validate-stringifiable.js
[1.203s] -- Installing: /home/ogan/ME461F25_LittleDaisies/project/ros_ws/install/mobile_sensor/share/mobile_sensor//node_modules/es5-ext/object/is-array-like.js
[1.203s] -- Installing: /home/ogan/ME461F25_LittleDaisies/project/ros_ws/install/mobile_sensor/share/mobile_sensor//node_modules/es5-ext/object/primitive-set.js
[1.203s] -- Installing: /home/ogan/ME461F25_LittleDaisies/project/ros_ws/install/mobile_sensor/share/mobile_sensor//node_modules/es5-ext/object/ensure-thenable.js
[1.203s] -- Installing: /home/ogan/ME461F25_LittleDaisies/project/ros_ws/install/mobile_sensor/share/mobile_sensor//node_modules/es5-ext/object/index.js
[1.204s] -- Installing: /home/ogan/ME461F25_LittleDaisies/project/ros_ws/install/mobile_sensor/share/mobile_sensor//node_modules/es5-ext/object/validate-stringifiable-value.js
[1.204s] -- Installing: /home/ogan/ME461F25_LittleDaisies/project/ros_ws/install/mobile_sensor/share/mobile_sensor//node_modules/es5-ext/object/serialize.js
[1.204s] -- Installing: /home/ogan/ME461F25_LittleDaisies/project/ros_ws/install/mobile_sensor/share/mobile_sensor//node_modules/es5-ext/object/to-array.js
[1.204s] -- Installing: /home/ogan/ME461F25_LittleDaisies/project/ros_ws/install/mobile_sensor/share/mobile_sensor//node_modules/es5-ext/object/map-keys.js
[1.204s] -- Installing: /home/ogan/ME461F25_LittleDaisies/project/ros_ws/install/mobile_sensor/share/mobile_sensor//node_modules/es5-ext/object/first-key.js
[1.204s] -- Installing: /home/ogan/ME461F25_LittleDaisies/project/ros_ws/install/mobile_sensor/share/mobile_sensor//node_modules/es5-ext/object/safe-traverse.js
[1.204s] -- Installing: /home/ogan/ME461F25_LittleDaisies/project/ros_ws/install/mobile_sensor/share/mobile_sensor//node_modules/es5-ext/object/copy-deep.js
[1.204s] -- Installing: /home/ogan/ME461F25_LittleDaisies/project/ros_ws/install/mobile_sensor/share/mobile_sensor//node_modules/es5-ext/object/find.js
[1.204s] -- Installing: /home/ogan/ME461F25_LittleDaisies/project/ros_ws/install/mobile_sensor/share/mobile_sensor//node_modules/es5-ext/object/key-of.js
[1.204s] -- Installing: /home/ogan/ME461F25_LittleDaisies/project/ros_ws/install/mobile_sensor/share/mobile_sensor//node_modules/es5-ext/object/is-natural-number.js
[1.205s] -- Installing: /home/ogan/ME461F25_LittleDaisies/project/ros_ws/install/mobile_sensor/share/mobile_sensor//node_modules/es5-ext/object/validate-array-like.js
[1.205s] -- Installing: /home/ogan/ME461F25_LittleDaisies/project/ros_ws/install/mobile_sensor/share/mobile_sensor//node_modules/es5-ext/object/_iterate.js
[1.205s] -- Installing: /home/ogan/ME461F25_LittleDaisies/project/ros_ws/install/mobile_sensor/share/mobile_sensor//node_modules/es5-ext/object/keys
[1.205s] -- Installing: /home/ogan/ME461F25_LittleDaisies/project/ros_ws/install/mobile_sensor/share/mobile_sensor//node_modules/es5-ext/object/keys/shim.js
[1.205s] -- Installing: /home/ogan/ME461F25_LittleDaisies/project/ros_ws/install/mobile_sensor/share/mobile_sensor//node_modules/es5-ext/object/keys/is-implemented.js
[1.205s] -- Installing: /home/ogan/ME461F25_LittleDaisies/project/ros_ws/install/mobile_sensor/share/mobile_sensor//node_modules/es5-ext/object/keys/index.js
[1.205s] -- Installing: /home/ogan/ME461F25_LittleDaisies/project/ros_ws/install/mobile_sensor/share/mobile_sensor//node_modules/es5-ext/object/keys/implement.js
[1.205s] -- Installing: /home/ogan/ME461F25_LittleDaisies/project/ros_ws/install/mobile_sensor/share/mobile_sensor//node_modules/es5-ext/object/ensure-plain-function.js
[1.205s] -- Installing: /home/ogan/ME461F25_LittleDaisies/project/ros_ws/install/mobile_sensor/share/mobile_sensor//node_modules/es5-ext/object/ensure-natural-number.js
[1.206s] -- Installing: /home/ogan/ME461F25_LittleDaisies/project/ros_ws/install/mobile_sensor/share/mobile_sensor//node_modules/es5-ext/object/map.js
[1.206s] -- Installing: /home/ogan/ME461F25_LittleDaisies/project/ros_ws/install/mobile_sensor/share/mobile_sensor//node_modules/es5-ext/object/copy.js
[1.206s] -- Installing: /home/ogan/ME461F25_LittleDaisies/project/ros_ws/install/mobile_sensor/share/mobile_sensor//node_modules/es5-ext/object/normalize-options.js
[1.206s] -- Installing: /home/ogan/ME461F25_LittleDaisies/project/ros_ws/install/mobile_sensor/share/mobile_sensor//node_modules/es5-ext/object/is-finite-number.js
[1.206s] -- Installing: /home/ogan/ME461F25_LittleDaisies/project/ros_ws/install/mobile_sensor/share/mobile_sensor//node_modules/es5-ext/object/ensure-integer.js
[1.206s] -- Installing: /home/ogan/ME461F25_LittleDaisies/project/ros_ws/install/mobile_sensor/share/mobile_sensor//node_modules/es5-ext/object/for-each.js
[1.206s] -- Installing: /home/ogan/ME461F25_LittleDaisies/project/ros_ws/install/mobile_sensor/share/mobile_sensor//node_modules/es5-ext/object/assign
[1.206s] -- Installing: /home/ogan/ME461F25_LittleDaisies/project/ros_ws/install/mobile_sensor/share/mobile_sensor//node_modules/es5-ext/object/assign/shim.js
[1.207s] -- Installing: /home/ogan/ME461F25_LittleDaisies/project/ros_ws/install/mobile_sensor/share/mobile_sensor//node_modules/es5-ext/object/assign/is-implemented.js
[1.207s] -- Installing: /home/ogan/ME461F25_LittleDaisies/project/ros_ws/install/mobile_sensor/share/mobile_sensor//node_modules/es5-ext/object/assign/index.js
[1.207s] -- Installing: /home/ogan/ME461F25_LittleDaisies/project/ros_ws/install/mobile_sensor/share/mobile_sensor//node_modules/es5-ext/object/assign/implement.js
[1.207s] -- Installing: /home/ogan/ME461F25_LittleDaisies/project/ros_ws/install/mobile_sensor/share/mobile_sensor//node_modules/es5-ext/object/valid-object.js
[1.207s] -- Installing: /home/ogan/ME461F25_LittleDaisies/project/ros_ws/install/mobile_sensor/share/mobile_sensor//node_modules/es5-ext/object/clear.js
[1.207s] -- Installing: /home/ogan/ME461F25_LittleDaisies/project/ros_ws/install/mobile_sensor/share/mobile_sensor//node_modules/es5-ext/object/every.js
[1.207s] -- Installing: /home/ogan/ME461F25_LittleDaisies/project/ros_ws/install/mobile_sensor/share/mobile_sensor//node_modules/es5-ext/object/find-key.js
[1.207s] -- Installing: /home/ogan/ME461F25_LittleDaisies/project/ros_ws/install/mobile_sensor/share/mobile_sensor//node_modules/es5-ext/object/is-copy.js
[1.207s] -- Installing: /home/ogan/ME461F25_LittleDaisies/project/ros_ws/install/mobile_sensor/share/mobile_sensor//node_modules/es5-ext/object/ensure-natural-number-value.js
[1.207s] -- Installing: /home/ogan/ME461F25_LittleDaisies/project/ros_ws/install/mobile_sensor/share/mobile_sensor//node_modules/es5-ext/object/valid-value.js
[1.208s] -- Installing: /home/ogan/ME461F25_LittleDaisies/project/ros_ws/install/mobile_sensor/share/mobile_sensor//node_modules/es5-ext/object/is-plain-function.js
[1.208s] -- Installing: /home/ogan/ME461F25_LittleDaisies/project/ros_ws/install/mobile_sensor/share/mobile_sensor//node_modules/es5-ext/object/is.js
[1.208s] -- Installing: /home/ogan/ME461F25_LittleDaisies/project/ros_ws/install/mobile_sensor/share/mobile_sensor//node_modules/es5-ext/object/is-thenable.js
[1.208s] -- Installing: /home/ogan/ME461F25_LittleDaisies/project/ros_ws/install/mobile_sensor/share/mobile_sensor//node_modules/es5-ext/README.md
[1.208s] -- Installing: /home/ogan/ME461F25_LittleDaisies/project/ros_ws/install/mobile_sensor/share/mobile_sensor//node_modules/es5-ext/array
[1.208s] -- Installing: /home/ogan/ME461F25_LittleDaisies/project/ros_ws/install/mobile_sensor/share/mobile_sensor//node_modules/es5-ext/array/_is-extensible.js
[1.208s] -- Installing: /home/ogan/ME461F25_LittleDaisies/project/ros_ws/install/mobile_sensor/share/mobile_sensor//node_modules/es5-ext/array/_sub-array-dummy.js
[1.208s] -- Installing: /home/ogan/ME461F25_LittleDaisies/project/ros_ws/install/mobile_sensor/share/mobile_sensor//node_modules/es5-ext/array/of
[1.208s] -- Installing: /home/ogan/ME461F25_LittleDaisies/project/ros_ws/install/mobile_sensor/share/mobile_sensor//node_modules/es5-ext/array/of/shim.js
[1.209s] -- Installing: /home/ogan/ME461F25_LittleDaisies/project/ros_ws/install/mobile_sensor/share/mobile_sensor//node_modules/es5-ext/array/of/is-implemented.js
[1.209s] -- Installing: /home/ogan/ME461F25_LittleDaisies/project/ros_ws/install/mobile_sensor/share/mobile_sensor//node_modules/es5-ext/array/of/index.js
[1.209s] -- Installing: /home/ogan/ME461F25_LittleDaisies/project/ros_ws/install/mobile_sensor/share/mobile_sensor//node_modules/es5-ext/array/of/implement.js
[1.209s] -- Installing: /home/ogan/ME461F25_LittleDaisies/project/ros_ws/install/mobile_sensor/share/mobile_sensor//node_modules/es5-ext/array/_sub-array-dummy-safe.js
[1.209s] -- Installing: /home/ogan/ME461F25_LittleDaisies/project/ros_ws/install/mobile_sensor/share/mobile_sensor//node_modules/es5-ext/array/index.js
[1.209s] -- Installing: /home/ogan/ME461F25_LittleDaisies/project/ros_ws/install/mobile_sensor/share/mobile_sensor//node_modules/es5-ext/array/valid-array.js
[1.209s] -- Installing: /home/ogan/ME461F25_LittleDaisies/project/ros_ws/install/mobile_sensor/share/mobile_sensor//node_modules/es5-ext/array/to-array.js
[1.209s] -- Installing: /home/ogan/ME461F25_LittleDaisies/project/ros_ws/install/mobile_sensor/share/mobile_sensor//node_modules/es5-ext/array/from
[1.209s] -- Installing: /home/ogan/ME461F25_LittleDaisies/project/ros_ws/install/mobile_sensor/share/mobile_sensor//node_modules/es5-ext/array/from/shim.js
[1.209s] -- Installing: /home/ogan/ME461F25_LittleDaisies/project/ros_ws/install/mobile_sensor/share/mobile_sensor//node_modules/es5-ext/array/from/is-implemented.js
[1.209s] -- Installing: /home/ogan/ME461F25_LittleDaisies/project/ros_ws/install/mobile_sensor/share/mobile_sensor//node_modules/es5-ext/array/from/index.js
[1.210s] -- Installing: /home/ogan/ME461F25_LittleDaisies/project/ros_ws/install/mobile_sensor/share/mobile_sensor//node_modules/es5-ext/array/from/implement.js
[1.210s] -- Installing: /home/ogan/ME461F25_LittleDaisies/project/ros_ws/install/mobile_sensor/share/mobile_sensor//node_modules/es5-ext/array/is-plain-array.js
[1.210s] -- Installing: /home/ogan/ME461F25_LittleDaisies/project/ros_ws/install/mobile_sensor/share/mobile_sensor//node_modules/es5-ext/array/generate.js
[1.210s] -- Installing: /home/ogan/ME461F25_LittleDaisies/project/ros_ws/install/mobile_sensor/share/mobile_sensor//node_modules/es5-ext/array/#
[1.210s] -- Installing: /home/ogan/ME461F25_LittleDaisies/project/ros_ws/install/mobile_sensor/share/mobile_sensor//node_modules/es5-ext/array/#/entries
[1.210s] -- Installing: /home/ogan/ME461F25_LittleDaisies/project/ros_ws/install/mobile_sensor/share/mobile_sensor//node_modules/es5-ext/array/#/entries/shim.js
[1.210s] -- Installing: /home/ogan/ME461F25_LittleDaisies/project/ros_ws/install/mobile_sensor/share/mobile_sensor//node_modules/es5-ext/array/#/entries/is-implemented.js
[1.210s] -- Installing: /home/ogan/ME461F25_LittleDaisies/project/ros_ws/install/mobile_sensor/share/mobile_sensor//node_modules/es5-ext/array/#/entries/index.js
[1.210s] -- Installing: /home/ogan/ME461F25_LittleDaisies/project/ros_ws/install/mobile_sensor/share/mobile_sensor//node_modules/es5-ext/array/#/entries/implement.js
[1.210s] -- Installing: /home/ogan/ME461F25_LittleDaisies/project/ros_ws/install/mobile_sensor/share/mobile_sensor//node_modules/es5-ext/array/#/is-empty.js
[1.211s] -- Installing: /home/ogan/ME461F25_LittleDaisies/project/ros_ws/install/mobile_sensor/share/mobile_sensor//node_modules/es5-ext/array/#/slice
[1.211s] -- Installing: /home/ogan/ME461F25_LittleDaisies/project/ros_ws/install/mobile_sensor/share/mobile_sensor//node_modules/es5-ext/array/#/slice/shim.js
[1.211s] -- Installing: /home/ogan/ME461F25_LittleDaisies/project/ros_ws/install/mobile_sensor/share/mobile_sensor//node_modules/es5-ext/array/#/slice/is-implemented.js
[1.211s] -- Installing: /home/ogan/ME461F25_LittleDaisies/project/ros_ws/install/mobile_sensor/share/mobile_sensor//node_modules/es5-ext/array/#/slice/index.js
[1.211s] -- Installing: /home/ogan/ME461F25_LittleDaisies/project/ros_ws/install/mobile_sensor/share/mobile_sensor//node_modules/es5-ext/array/#/slice/implement.js
[1.211s] -- Installing: /home/ogan/ME461F25_LittleDaisies/project/ros_ws/install/mobile_sensor/share/mobile_sensor//node_modules/es5-ext/array/#/concat
[1.211s] -- Installing: /home/ogan/ME461F25_LittleDaisies/project/ros_ws/install/mobile_sensor/share/mobile_sensor//node_modules/es5-ext/array/#/concat/shim.js
[1.211s] -- Installing: /home/ogan/ME461F25_LittleDaisies/project/ros_ws/install/mobile_sensor/share/mobile_sensor//node_modules/es5-ext/array/#/concat/is-implemented.js
[1.211s] -- Installing: /home/ogan/ME461F25_LittleDaisies/project/ros_ws/install/mobile_sensor/share/mobile_sensor//node_modules/es5-ext/array/#/concat/index.js
[1.211s] -- Installing: /home/ogan/ME461F25_LittleDaisies/project/ros_ws/install/mobile_sensor/share/mobile_sensor//node_modules/es5-ext/array/#/concat/implement.js
[1.212s] -- Installing: /home/ogan/ME461F25_LittleDaisies/project/ros_ws/install/mobile_sensor/share/mobile_sensor//node_modules/es5-ext/array/#/is-uniq.js
[1.212s] -- Installing: /home/ogan/ME461F25_LittleDaisies/project/ros_ws/install/mobile_sensor/share/mobile_sensor//node_modules/es5-ext/array/#/fill
[1.212s] -- Installing: /home/ogan/ME461F25_LittleDaisies/project/ros_ws/install/mobile_sensor/share/mobile_sensor//node_modules/es5-ext/array/#/fill/shim.js
[1.212s] -- Installing: /home/ogan/ME461F25_LittleDaisies/project/ros_ws/install/mobile_sensor/share/mobile_sensor//node_modules/es5-ext/array/#/fill/is-implemented.js
[1.212s] -- Installing: /home/ogan/ME461F25_LittleDaisies/project/ros_ws/install/mobile_sensor/share/mobile_sensor//node_modules/es5-ext/array/#/fill/index.js
[1.212s] -- Installing: /home/ogan/ME461F25_LittleDaisies/project/ros_ws/install/mobile_sensor/share/mobile_sensor//node_modules/es5-ext/array/#/fill/implement.js
[1.212s] -- Installing: /home/ogan/ME461F25_LittleDaisies/project/ros_ws/install/mobile_sensor/share/mobile_sensor//node_modules/es5-ext/array/#/first-index.js
[1.212s] -- Installing: /home/ogan/ME461F25_LittleDaisies/project/ros_ws/install/mobile_sensor/share/mobile_sensor//node_modules/es5-ext/array/#/first.js
[1.212s] -- Installing: /home/ogan/ME461F25_LittleDaisies/project/ros_ws/install/mobile_sensor/share/mobile_sensor//node_modules/es5-ext/array/#/compact.js
[1.212s] -- Installing: /home/ogan/ME461F25_LittleDaisies/project/ros_ws/install/mobile_sensor/share/mobile_sensor//node_modules/es5-ext/array/#/last-index.js
[1.213s] -- Installing: /home/ogan/ME461F25_LittleDaisies/project/ros_ws/install/mobile_sensor/share/mobile_sensor//node_modules/es5-ext/array/#/values
[1.213s] -- Installing: /home/ogan/ME461F25_LittleDaisies/project/ros_ws/install/mobile_sensor/share/mobile_sensor//node_modules/es5-ext/array/#/values/shim.js
[1.213s] -- Installing: /home/ogan/ME461F25_LittleDaisies/project/ros_ws/install/mobile_sensor/share/mobile_sensor//node_modules/es5-ext/array/#/values/is-implemented.js
[1.213s] -- Installing: /home/ogan/ME461F25_LittleDaisies/project/ros_ws/install/mobile_sensor/share/mobile_sensor//node_modules/es5-ext/array/#/values/index.js
[1.213s] -- Installing: /home/ogan/ME461F25_LittleDaisies/project/ros_ws/install/mobile_sensor/share/mobile_sensor//node_modules/es5-ext/array/#/values/implement.js
[1.213s] -- Installing: /home/ogan/ME461F25_LittleDaisies/project/ros_ws/install/mobile_sensor/share/mobile_sensor//node_modules/es5-ext/array/#/_compare-by-length.js
[1.213s] -- Installing: /home/ogan/ME461F25_LittleDaisies/project/ros_ws/install/mobile_sensor/share/mobile_sensor//node_modules/es5-ext/array/#/diff.js
[1.213s] -- Installing: /home/ogan/ME461F25_LittleDaisies/project/ros_ws/install/mobile_sensor/share/mobile_sensor//node_modules/es5-ext/array/#/binary-search.js
[1.213s] -- Installing: /home/ogan/ME461F25_LittleDaisies/project/ros_ws/install/mobile_sensor/share/mobile_sensor//node_modules/es5-ext/array/#/flatten.js
[1.213s] -- Installing: /home/ogan/ME461F25_LittleDaisies/project/ros_ws/install/mobile_sensor/share/mobile_sensor//node_modules/es5-ext/array/#/exclusion.js
[1.214s] -- Installing: /home/ogan/ME461F25_LittleDaisies/project/ros_ws/install/mobile_sensor/share/mobile_sensor//node_modules/es5-ext/array/#/@@iterator
[1.214s] -- Installing: /home/ogan/ME461F25_LittleDaisies/project/ros_ws/install/mobile_sensor/share/mobile_sensor//node_modules/es5-ext/array/#/@@iterator/shim.js
[1.214s] -- Installing: /home/ogan/ME461F25_LittleDaisies/project/ros_ws/install/mobile_sensor/share/mobile_sensor//node_modules/es5-ext/array/#/@@iterator/is-implemented.js
[1.214s] -- Installing: /home/ogan/ME461F25_LittleDaisies/project/ros_ws/install/mobile_sensor/share/mobile_sensor//node_modules/es5-ext/array/#/@@iterator/index.js
[1.214s] -- Installing: /home/ogan/ME461F25_LittleDaisies/project/ros_ws/install/mobile_sensor/share/mobile_sensor//node_modules/es5-ext/array/#/@@iterator/implement.js
[1.214s] -- Installing: /home/ogan/ME461F25_LittleDaisies/project/ros_ws/install/mobile_sensor/share/mobile_sensor//node_modules/es5-ext/array/#/map
[1.214s] -- Installing: /home/ogan/ME461F25_LittleDaisies/project/ros_ws/install/mobile_sensor/share/mobile_sensor//node_modules/es5-ext/array/#/map/shim.js
[1.214s] -- Installing: /home/ogan/ME461F25_LittleDaisies/project/ros_ws/install/mobile_sensor/share/mobile_sensor//node_modules/es5-ext/array/#/map/is-implemented.js
[1.214s] -- Installing: /home/ogan/ME461F25_LittleDaisies/project/ros_ws/install/mobile_sensor/share/mobile_sensor//node_modules/es5-ext/array/#/map/index.js
[1.214s] -- Installing: /home/ogan/ME461F25_LittleDaisies/project/ros_ws/install/mobile_sensor/share/mobile_sensor//node_modules/es5-ext/array/#/map/implement.js
[1.215s] -- Installing: /home/ogan/ME461F25_LittleDaisies/project/ros_ws/install/mobile_sensor/share/mobile_sensor//node_modules/es5-ext/array/#/uniq.js
[1.215s] -- Installing: /home/ogan/ME461F25_LittleDaisies/project/ros_ws/install/mobile_sensor/share/mobile_sensor//node_modules/es5-ext/array/#/index.js
[1.215s] -- Installing: /home/ogan/ME461F25_LittleDaisies/project/ros_ws/install/mobile_sensor/share/mobile_sensor//node_modules/es5-ext/array/#/filter
[1.215s] -- Installing: /home/ogan/ME461F25_LittleDaisies/project/ros_ws/install/mobile_sensor/share/mobile_sensor//node_modules/es5-ext/array/#/filter/shim.js
[1.215s] -- Installing: /home/ogan/ME461F25_LittleDaisies/project/ros_ws/install/mobile_sensor/share/mobile_sensor//node_modules/es5-ext/array/#/filter/is-implemented.js
[1.215s] -- Installing: /home/ogan/ME461F25_LittleDaisies/project/ros_ws/install/mobile_sensor/share/mobile_sensor//node_modules/es5-ext/array/#/filter/index.js
[1.215s] -- Installing: /home/ogan/ME461F25_LittleDaisies/project/ros_ws/install/mobile_sensor/share/mobile_sensor//node_modules/es5-ext/array/#/filter/implement.js
[1.215s] -- Installing: /home/ogan/ME461F25_LittleDaisies/project/ros_ws/install/mobile_sensor/share/mobile_sensor//node_modules/es5-ext/array/#/e-last-index-of.js
[1.215s] -- Installing: /home/ogan/ME461F25_LittleDaisies/project/ros_ws/install/mobile_sensor/share/mobile_sensor//node_modules/es5-ext/array/#/for-each-right.js
[1.215s] -- Installing: /home/ogan/ME461F25_LittleDaisies/project/ros_ws/install/mobile_sensor/share/mobile_sensor//node_modules/es5-ext/array/#/contains.js
[1.216s] -- Installing: /home/ogan/ME461F25_LittleDaisies/project/ros_ws/install/mobile_sensor/share/mobile_sensor//node_modules/es5-ext/array/#/find
[1.216s] -- Installing: /home/ogan/ME461F25_LittleDaisies/project/ros_ws/install/mobile_sensor/share/mobile_sensor//node_modules/es5-ext/array/#/find/shim.js
[1.216s] -- Installing: /home/ogan/ME461F25_LittleDaisies/project/ros_ws/install/mobile_sensor/share/mobile_sensor//node_modules/es5-ext/array/#/find/is-implemented.js
[1.216s] -- Installing: /home/ogan/ME461F25_LittleDaisies/project/ros_ws/install/mobile_sensor/share/mobile_sensor//node_modules/es5-ext/array/#/find/index.js
[1.216s] -- Installing: /home/ogan/ME461F25_LittleDaisies/project/ros_ws/install/mobile_sensor/share/mobile_sensor//node_modules/es5-ext/array/#/find/implement.js
[1.216s] -- Installing: /home/ogan/ME461F25_LittleDaisies/project/ros_ws/install/mobile_sensor/share/mobile_sensor//node_modules/es5-ext/array/#/group.js
[1.216s] -- Installing: /home/ogan/ME461F25_LittleDaisies/project/ros_ws/install/mobile_sensor/share/mobile_sensor//node_modules/es5-ext/array/#/keys
[1.216s] -- Installing: /home/ogan/ME461F25_LittleDaisies/project/ros_ws/install/mobile_sensor/share/mobile_sensor//node_modules/es5-ext/array/#/keys/shim.js
[1.216s] -- Installing: /home/ogan/ME461F25_LittleDaisies/project/ros_ws/install/mobile_sensor/share/mobile_sensor//node_modules/es5-ext/array/#/keys/is-implemented.js
[1.216s] -- Installing: /home/ogan/ME461F25_LittleDaisies/project/ros_ws/install/mobile_sensor/share/mobile_sensor//node_modules/es5-ext/array/#/keys/index.js
[1.217s] -- Installing: /home/ogan/ME461F25_LittleDaisies/project/ros_ws/install/mobile_sensor/share/mobile_sensor//node_modules/es5-ext/array/#/keys/implement.js
[1.217s] -- Installing: /home/ogan/ME461F25_LittleDaisies/project/ros_ws/install/mobile_sensor/share/mobile_sensor//node_modules/es5-ext/array/#/find-index
[1.217s] -- Installing: /home/ogan/ME461F25_LittleDaisies/project/ros_ws/install/mobile_sensor/share/mobile_sensor//node_modules/es5-ext/array/#/find-index/shim.js
[1.217s] -- Installing: /home/ogan/ME461F25_LittleDaisies/project/ros_ws/install/mobile_sensor/share/mobile_sensor//node_modules/es5-ext/array/#/find-index/is-implemented.js
[1.217s] -- Installing: /home/ogan/ME461F25_LittleDaisies/project/ros_ws/install/mobile_sensor/share/mobile_sensor//node_modules/es5-ext/array/#/find-index/index.js
[1.217s] -- Installing: /home/ogan/ME461F25_LittleDaisies/project/ros_ws/install/mobile_sensor/share/mobile_sensor//node_modules/es5-ext/array/#/find-index/implement.js
[1.217s] -- Installing: /home/ogan/ME461F25_LittleDaisies/project/ros_ws/install/mobile_sensor/share/mobile_sensor//node_modules/es5-ext/array/#/some-right.js
[1.217s] -- Installing: /home/ogan/ME461F25_LittleDaisies/project/ros_ws/install/mobile_sensor/share/mobile_sensor//node_modules/es5-ext/array/#/intersection.js
[1.217s] -- Installing: /home/ogan/ME461F25_LittleDaisies/project/ros_ws/install/mobile_sensor/share/mobile_sensor//node_modules/es5-ext/array/#/copy-within
[1.217s] -- Installing: /home/ogan/ME461F25_LittleDaisies/project/ros_ws/install/mobile_sensor/share/mobile_sensor//node_modules/es5-ext/array/#/copy-within/shim.js
[1.217s] -- Installing: /home/ogan/ME461F25_LittleDaisies/project/ros_ws/install/mobile_sensor/share/mobile_sensor//node_modules/es5-ext/array/#/copy-within/is-implemented.js
[1.218s] -- Installing: /home/ogan/ME461F25_LittleDaisies/project/ros_ws/install/mobile_sensor/share/mobile_sensor//node_modules/es5-ext/array/#/copy-within/index.js
[1.218s] -- Installing: /home/ogan/ME461F25_LittleDaisies/project/ros_ws/install/mobile_sensor/share/mobile_sensor//node_modules/es5-ext/array/#/copy-within/implement.js
[1.218s] -- Installing: /home/ogan/ME461F25_LittleDaisies/project/ros_ws/install/mobile_sensor/share/mobile_sensor//node_modules/es5-ext/array/#/splice
[1.218s] -- Installing: /home/ogan/ME461F25_LittleDaisies/project/ros_ws/install/mobile_sensor/share/mobile_sensor//node_modules/es5-ext/array/#/splice/shim.js
[1.218s] -- Installing: /home/ogan/ME461F25_LittleDaisies/project/ros_ws/install/mobile_sensor/share/mobile_sensor//node_modules/es5-ext/array/#/splice/is-implemented.js
[1.218s] -- Installing: /home/ogan/ME461F25_LittleDaisies/project/ros_ws/install/mobile_sensor/share/mobile_sensor//node_modules/es5-ext/array/#/splice/index.js
[1.218s] -- Installing: /home/ogan/ME461F25_LittleDaisies/project/ros_ws/install/mobile_sensor/share/mobile_sensor//node_modules/es5-ext/array/#/splice/implement.js
[1.218s] -- Installing: /home/ogan/ME461F25_LittleDaisies/project/ros_ws/install/mobile_sensor/share/mobile_sensor//node_modules/es5-ext/array/#/indexes-of.js
[1.218s] -- Installing: /home/ogan/ME461F25_LittleDaisies/project/ros_ws/install/mobile_sensor/share/mobile_sensor//node_modules/es5-ext/array/#/remove.js
[1.218s] -- Installing: /home/ogan/ME461F25_LittleDaisies/project/ros_ws/install/mobile_sensor/share/mobile_sensor//node_modules/es5-ext/array/#/separate.js
[1.219s] -- Installing: /home/ogan/ME461F25_LittleDaisies/project/ros_ws/install/mobile_sensor/share/mobile_sensor//node_modules/es5-ext/array/#/e-index-of.js
[1.219s] -- Installing: /home/ogan/ME461F25_LittleDaisies/project/ros_ws/install/mobile_sensor/share/mobile_sensor//node_modules/es5-ext/array/#/clear.js
[1.219s] -- Installing: /home/ogan/ME461F25_LittleDaisies/project/ros_ws/install/mobile_sensor/share/mobile_sensor//node_modules/es5-ext/array/#/is-copy.js
[1.219s] -- Installing: /home/ogan/ME461F25_LittleDaisies/project/ros_ws/install/mobile_sensor/share/mobile_sensor//node_modules/es5-ext/array/#/last.js
[1.219s] -- Installing: /home/ogan/ME461F25_LittleDaisies/project/ros_ws/install/mobile_sensor/share/mobile_sensor//node_modules/foreachasync
[1.219s] -- Installing: /home/ogan/ME461F25_LittleDaisies/project/ros_ws/install/mobile_sensor/share/mobile_sensor//node_modules/foreachasync/.npmignore
[1.219s] -- Installing: /home/ogan/ME461F25_LittleDaisies/project/ros_ws/install/mobile_sensor/share/mobile_sensor//node_modules/foreachasync/package.json
[1.219s] -- Installing: /home/ogan/ME461F25_LittleDaisies/project/ros_ws/install/mobile_sensor/share/mobile_sensor//node_modules/foreachasync/LICENSE
[1.219s] -- Installing: /home/ogan/ME461F25_LittleDaisies/project/ros_ws/install/mobile_sensor/share/mobile_sensor//node_modules/foreachasync/test.js
[1.220s] -- Installing: /home/ogan/ME461F25_LittleDaisies/project/ros_ws/install/mobile_sensor/share/mobile_sensor//node_modules/foreachasync/README.md
[1.220s] -- Installing: /home/ogan/ME461F25_LittleDaisies/project/ros_ws/install/mobile_sensor/share/mobile_sensor//node_modules/foreachasync/forEachAsync.js
[1.220s] -- Installing: /home/ogan/ME461F25_LittleDaisies/project/ros_ws/install/mobile_sensor/share/mobile_sensor//node_modules/foreachasync/bower.json
[1.220s] -- Installing: /home/ogan/ME461F25_LittleDaisies/project/ros_ws/install/mobile_sensor/share/mobile_sensor//node_modules/nan
[1.220s] -- Installing: /home/ogan/ME461F25_LittleDaisies/project/ros_ws/install/mobile_sensor/share/mobile_sensor//node_modules/nan/include_dirs.js
[1.220s] -- Installing: /home/ogan/ME461F25_LittleDaisies/project/ros_ws/install/mobile_sensor/share/mobile_sensor//node_modules/nan/nan_callbacks_pre_12_inl.h
[1.220s] -- Installing: /home/ogan/ME461F25_LittleDaisies/project/ros_ws/install/mobile_sensor/share/mobile_sensor//node_modules/nan/nan_maybe_43_inl.h
[1.220s] -- Installing: /home/ogan/ME461F25_LittleDaisies/project/ros_ws/install/mobile_sensor/share/mobile_sensor//node_modules/nan/nan_callbacks.h
[1.220s] -- Installing: /home/ogan/ME461F25_LittleDaisies/project/ros_ws/install/mobile_sensor/share/mobile_sensor//node_modules/nan/nan_persistent_pre_12_inl.h
[1.220s] -- Installing: /home/ogan/ME461F25_LittleDaisies/project/ros_ws/install/mobile_sensor/share/mobile_sensor//node_modules/nan/nan_converters_43_inl.h
[1.221s] -- Installing: /home/ogan/ME461F25_LittleDaisies/project/ros_ws/install/mobile_sensor/share/mobile_sensor//node_modules/nan/package.json
[1.221s] -- Installing: /home/ogan/ME461F25_LittleDaisies/project/ros_ws/install/mobile_sensor/share/mobile_sensor//node_modules/nan/nan_converters_pre_43_inl.h
[1.221s] -- Installing: /home/ogan/ME461F25_LittleDaisies/project/ros_ws/install/mobile_sensor/share/mobile_sensor//node_modules/nan/nan_scriptorigin.h
[1.221s] -- Installing: /home/ogan/ME461F25_LittleDaisies/project/ros_ws/install/mobile_sensor/share/mobile_sensor//node_modules/nan/LICENSE.md
[1.221s] -- Installing: /home/ogan/ME461F25_LittleDaisies/project/ros_ws/install/mobile_sensor/share/mobile_sensor//node_modules/nan/nan_persistent_12_inl.h
[1.221s] -- Installing: /home/ogan/ME461F25_LittleDaisies/project/ros_ws/install/mobile_sensor/share/mobile_sensor//node_modules/nan/nan_json.h
[1.221s] -- Installing: /home/ogan/ME461F25_LittleDaisies/project/ros_ws/install/mobile_sensor/share/mobile_sensor//node_modules/nan/nan_callbacks_12_inl.h
[1.221s] -- Installing: /home/ogan/ME461F25_LittleDaisies/project/ros_ws/install/mobile_sensor/share/mobile_sensor//node_modules/nan/nan_implementation_12_inl.h
[1.221s] -- Installing: /home/ogan/ME461F25_LittleDaisies/project/ros_ws/install/mobile_sensor/share/mobile_sensor//node_modules/nan/tools
[1.221s] -- Installing: /home/ogan/ME461F25_LittleDaisies/project/ros_ws/install/mobile_sensor/share/mobile_sensor//node_modules/nan/tools/package.json
[1.222s] -- Installing: /home/ogan/ME461F25_LittleDaisies/project/ros_ws/install/mobile_sensor/share/mobile_sensor//node_modules/nan/tools/1to2.js
[1.222s] -- Installing: /home/ogan/ME461F25_LittleDaisies/project/ros_ws/install/mobile_sensor/share/mobile_sensor//node_modules/nan/tools/README.md
[1.222s] -- Installing: /home/ogan/ME461F25_LittleDaisies/project/ros_ws/install/mobile_sensor/share/mobile_sensor//node_modules/nan/nan_define_own_property_helper.h
[1.222s] -- Installing: /home/ogan/ME461F25_LittleDaisies/project/ros_ws/install/mobile_sensor/share/mobile_sensor//node_modules/nan/nan_private.h
[1.222s] -- Installing: /home/ogan/ME461F25_LittleDaisies/project/ros_ws/install/mobile_sensor/share/mobile_sensor//node_modules/nan/nan_object_wrap.h
[1.222s] -- Installing: /home/ogan/ME461F25_LittleDaisies/project/ros_ws/install/mobile_sensor/share/mobile_sensor//node_modules/nan/CMakeLists.txt
[1.222s] -- Installing: /home/ogan/ME461F25_LittleDaisies/project/ros_ws/install/mobile_sensor/share/mobile_sensor//node_modules/nan/nan_typedarray_contents.h
[1.222s] -- Installing: /home/ogan/ME461F25_LittleDaisies/project/ros_ws/install/mobile_sensor/share/mobile_sensor//node_modules/nan/CHANGELOG.md
[1.222s] -- Installing: /home/ogan/ME461F25_LittleDaisies/project/ros_ws/install/mobile_sensor/share/mobile_sensor//node_modules/nan/nan_maybe_pre_43_inl.h
[1.222s] -- Installing: /home/ogan/ME461F25_LittleDaisies/project/ros_ws/install/mobile_sensor/share/mobile_sensor//node_modules/nan/.pre-commit-config.yaml
[1.223s] -- Installing: /home/ogan/ME461F25_LittleDaisies/project/ros_ws/install/mobile_sensor/share/mobile_sensor//node_modules/nan/nan_new.h
[1.223s] -- Installing: /home/ogan/ME461F25_LittleDaisies/project/ros_ws/install/mobile_sensor/share/mobile_sensor//node_modules/nan/nan_converters.h
[1.223s] -- Installing: /home/ogan/ME461F25_LittleDaisies/project/ros_ws/install/mobile_sensor/share/mobile_sensor//node_modules/nan/nan_weak.h
[1.223s] -- Installing: /home/ogan/ME461F25_LittleDaisies/project/ros_ws/install/mobile_sensor/share/mobile_sensor//node_modules/nan/nan_string_bytes.h
[1.223s] -- Installing: /home/ogan/ME461F25_LittleDaisies/project/ros_ws/install/mobile_sensor/share/mobile_sensor//node_modules/nan/README.md
[1.223s] -- Installing: /home/ogan/ME461F25_LittleDaisies/project/ros_ws/install/mobile_sensor/share/mobile_sensor//node_modules/nan/nan.h
[1.223s] -- Installing: /home/ogan/ME461F25_LittleDaisies/project/ros_ws/install/mobile_sensor/share/mobile_sensor//node_modules/nan/doc
[1.223s] -- Installing: /home/ogan/ME461F25_LittleDaisies/project/ros_ws/install/mobile_sensor/share/mobile_sensor//node_modules/nan/doc/buffers.md
[1.223s] -- Installing: /home/ogan/ME461F25_LittleDaisies/project/ros_ws/install/mobile_sensor/share/mobile_sensor//node_modules/nan/doc/v8_internals.md
[1.224s] -- Installing: /home/ogan/ME461F25_LittleDaisies/project/ros_ws/install/mobile_sensor/share/mobile_sensor//node_modules/nan/doc/methods.md
[1.224s] -- Installing: /home/ogan/ME461F25_LittleDaisies/project/ros_ws/install/mobile_sensor/share/mobile_sensor//node_modules/nan/doc/persistent.md
[1.224s] -- Installing: /home/ogan/ME461F25_LittleDaisies/project/ros_ws/install/mobile_sensor/share/mobile_sensor//node_modules/nan/doc/object_wrappers.md
[1.224s] -- Installing: /home/ogan/ME461F25_LittleDaisies/project/ros_ws/install/mobile_sensor/share/mobile_sensor//node_modules/nan/doc/json.md
[1.224s] -- Installing: /home/ogan/ME461F25_LittleDaisies/project/ros_ws/install/mobile_sensor/share/mobile_sensor//node_modules/nan/doc/script.md
[1.224s] -- Installing: /home/ogan/ME461F25_LittleDaisies/project/ros_ws/install/mobile_sensor/share/mobile_sensor//node_modules/nan/doc/asyncworker.md
[1.224s] -- Installing: /home/ogan/ME461F25_LittleDaisies/project/ros_ws/install/mobile_sensor/share/mobile_sensor//node_modules/nan/doc/new.md
[1.224s] -- Installing: /home/ogan/ME461F25_LittleDaisies/project/ros_ws/install/mobile_sensor/share/mobile_sensor//node_modules/nan/doc/callback.md
[1.224s] -- Installing: /home/ogan/ME461F25_LittleDaisies/project/ros_ws/install/mobile_sensor/share/mobile_sensor//node_modules/nan/doc/scopes.md
[1.225s] -- Installing: /home/ogan/ME461F25_LittleDaisies/project/ros_ws/install/mobile_sensor/share/mobile_sensor//node_modules/nan/doc/string_bytes.md
[1.225s] -- Installing: /home/ogan/ME461F25_LittleDaisies/project/ros_ws/install/mobile_sensor/share/mobile_sensor//node_modules/nan/doc/errors.md
[1.225s] -- Installing: /home/ogan/ME461F25_LittleDaisies/project/ros_ws/install/mobile_sensor/share/mobile_sensor//node_modules/nan/doc/maybe_types.md
[1.225s] -- Installing: /home/ogan/ME461F25_LittleDaisies/project/ros_ws/install/mobile_sensor/share/mobile_sensor//node_modules/nan/doc/node_misc.md
[1.225s] -- Installing: /home/ogan/ME461F25_LittleDaisies/project/ros_ws/install/mobile_sensor/share/mobile_sensor//node_modules/nan/doc/v8_misc.md
[1.225s] -- Installing: /home/ogan/ME461F25_LittleDaisies/project/ros_ws/install/mobile_sensor/share/mobile_sensor//node_modules/nan/doc/converters.md
[1.225s] -- Installing: /home/ogan/ME461F25_LittleDaisies/project/ros_ws/install/mobile_sensor/share/mobile_sensor//node_modules/nan/.github
[1.225s] -- Installing: /home/ogan/ME461F25_LittleDaisies/project/ros_ws/install/mobile_sensor/share/mobile_sensor//node_modules/nan/.github/workflows
[1.225s] -- Installing: /home/ogan/ME461F25_LittleDaisies/project/ros_ws/install/mobile_sensor/share/mobile_sensor//node_modules/nan/.github/workflows/ci.yml
[1.225s] -- Installing: /home/ogan/ME461F25_LittleDaisies/project/ros_ws/install/mobile_sensor/share/mobile_sensor//node_modules/nan/nan_implementation_pre_12_inl.h
[1.226s] -- Installing: /home/ogan/ME461F25_LittleDaisies/project/ros_ws/install/mobile_sensor/share/mobile_sensor//node_modules/universalify
[1.226s] -- Installing: /home/ogan/ME461F25_LittleDaisies/project/ros_ws/install/mobile_sensor/share/mobile_sensor//node_modules/universalify/package.json
[1.226s] -- Installing: /home/ogan/ME461F25_LittleDaisies/project/ros_ws/install/mobile_sensor/share/mobile_sensor//node_modules/universalify/LICENSE
[1.226s] -- Installing: /home/ogan/ME461F25_LittleDaisies/project/ros_ws/install/mobile_sensor/share/mobile_sensor//node_modules/universalify/index.js
[1.226s] -- Installing: /home/ogan/ME461F25_LittleDaisies/project/ros_ws/install/mobile_sensor/share/mobile_sensor//node_modules/universalify/README.md
[1.226s] -- Installing: /home/ogan/ME461F25_LittleDaisies/project/ros_ws/install/mobile_sensor/share/mobile_sensor//node_modules/express
[1.226s] -- Installing: /home/ogan/ME461F25_LittleDaisies/project/ros_ws/install/mobile_sensor/share/mobile_sensor//node_modules/express/package.json
[1.226s] -- Installing: /home/ogan/ME461F25_LittleDaisies/project/ros_ws/install/mobile_sensor/share/mobile_sensor//node_modules/express/LICENSE
[1.226s] -- Installing: /home/ogan/ME461F25_LittleDaisies/project/ros_ws/install/mobile_sensor/share/mobile_sensor//node_modules/express/index.js
[1.226s] -- Installing: /home/ogan/ME461F25_LittleDaisies/project/ros_ws/install/mobile_sensor/share/mobile_sensor//node_modules/express/lib
[1.226s] -- Installing: /home/ogan/ME461F25_LittleDaisies/project/ros_ws/install/mobile_sensor/share/mobile_sensor//node_modules/express/lib/utils.js
[1.227s] -- Installing: /home/ogan/ME461F25_LittleDaisies/project/ros_ws/install/mobile_sensor/share/mobile_sensor//node_modules/express/lib/view.js
[1.227s] -- Installing: /home/ogan/ME461F25_LittleDaisies/project/ros_ws/install/mobile_sensor/share/mobile_sensor//node_modules/express/lib/router
[1.227s] -- Installing: /home/ogan/ME461F25_LittleDaisies/project/ros_ws/install/mobile_sensor/share/mobile_sensor//node_modules/express/lib/router/route.js
[1.227s] -- Installing: /home/ogan/ME461F25_LittleDaisies/project/ros_ws/install/mobile_sensor/share/mobile_sensor//node_modules/express/lib/router/index.js
[1.227s] -- Installing: /home/ogan/ME461F25_LittleDaisies/project/ros_ws/install/mobile_sensor/share/mobile_sensor//node_modules/express/lib/router/layer.js
[1.227s] -- Installing: /home/ogan/ME461F25_LittleDaisies/project/ros_ws/install/mobile_sensor/share/mobile_sensor//node_modules/express/lib/request.js
[1.227s] -- Installing: /home/ogan/ME461F25_LittleDaisies/project/ros_ws/install/mobile_sensor/share/mobile_sensor//node_modules/express/lib/middleware
[1.227s] -- Installing: /home/ogan/ME461F25_LittleDaisies/project/ros_ws/install/mobile_sensor/share/mobile_sensor//node_modules/express/lib/middleware/query.js
[1.227s] -- Installing: /home/ogan/ME461F25_LittleDaisies/project/ros_ws/install/mobile_sensor/share/mobile_sensor//node_modules/express/lib/middleware/init.js
[1.227s] -- Installing: /home/ogan/ME461F25_LittleDaisies/project/ros_ws/install/mobile_sensor/share/mobile_sensor//node_modules/express/lib/express.js
[1.228s] -- Installing: /home/ogan/ME461F25_LittleDaisies/project/ros_ws/install/mobile_sensor/share/mobile_sensor//node_modules/express/lib/application.js
[1.228s] -- Installing: /home/ogan/ME461F25_LittleDaisies/project/ros_ws/install/mobile_sensor/share/mobile_sensor//node_modules/express/lib/response.js
[1.228s] -- Installing: /home/ogan/ME461F25_LittleDaisies/project/ros_ws/install/mobile_sensor/share/mobile_sensor//node_modules/express/Readme.md
[1.228s] -- Installing: /home/ogan/ME461F25_LittleDaisies/project/ros_ws/install/mobile_sensor/share/mobile_sensor//node_modules/express/History.md
[1.228s] -- Installing: /home/ogan/ME461F25_LittleDaisies/project/ros_ws/install/mobile_sensor/share/mobile_sensor//node_modules/@jridgewell
[1.228s] -- Installing: /home/ogan/ME461F25_LittleDaisies/project/ros_ws/install/mobile_sensor/share/mobile_sensor//node_modules/@jridgewell/sourcemap-codec
[1.228s] -- Installing: /home/ogan/ME461F25_LittleDaisies/project/ros_ws/install/mobile_sensor/share/mobile_sensor//node_modules/@jridgewell/sourcemap-codec/dist
[1.228s] -- Installing: /home/ogan/ME461F25_LittleDaisies/project/ros_ws/install/mobile_sensor/share/mobile_sensor//node_modules/@jridgewell/sourcemap-codec/dist/sourcemap-codec.mjs.map
[1.229s] -- Installing: /home/ogan/ME461F25_LittleDaisies/project/ros_ws/install/mobile_sensor/share/mobile_sensor//node_modules/@jridgewell/sourcemap-codec/dist/sourcemap-codec.umd.js
[1.229s] -- Installing: /home/ogan/ME461F25_LittleDaisies/project/ros_ws/install/mobile_sensor/share/mobile_sensor//node_modules/@jridgewell/sourcemap-codec/dist/sourcemap-codec.mjs
[1.229s] -- Installing: /home/ogan/ME461F25_LittleDaisies/project/ros_ws/install/mobile_sensor/share/mobile_sensor//node_modules/@jridgewell/sourcemap-codec/dist/sourcemap-codec.umd.js.map
[1.229s] -- Installing: /home/ogan/ME461F25_LittleDaisies/project/ros_ws/install/mobile_sensor/share/mobile_sensor//node_modules/@jridgewell/sourcemap-codec/package.json
[1.229s] -- Installing: /home/ogan/ME461F25_LittleDaisies/project/ros_ws/install/mobile_sensor/share/mobile_sensor//node_modules/@jridgewell/sourcemap-codec/src
[1.229s] -- Installing: /home/ogan/ME461F25_LittleDaisies/project/ros_ws/install/mobile_sensor/share/mobile_sensor//node_modules/@jridgewell/sourcemap-codec/src/strings.ts
[1.229s] -- Installing: /home/ogan/ME461F25_LittleDaisies/project/ros_ws/install/mobile_sensor/share/mobile_sensor//node_modules/@jridgewell/sourcemap-codec/src/scopes.ts
[1.229s] -- Installing: /home/ogan/ME461F25_LittleDaisies/project/ros_ws/install/mobile_sensor/share/mobile_sensor//node_modules/@jridgewell/sourcemap-codec/src/sourcemap-codec.ts
[1.229s] -- Installing: /home/ogan/ME461F25_LittleDaisies/project/ros_ws/install/mobile_sensor/share/mobile_sensor//node_modules/@jridgewell/sourcemap-codec/src/vlq.ts
[1.230s] -- Installing: /home/ogan/ME461F25_LittleDaisies/project/ros_ws/install/mobile_sensor/share/mobile_sensor//node_modules/@jridgewell/sourcemap-codec/LICENSE
[1.230s] -- Installing: /home/ogan/ME461F25_LittleDaisies/project/ros_ws/install/mobile_sensor/share/mobile_sensor//node_modules/@jridgewell/sourcemap-codec/types
[1.230s] -- Installing: /home/ogan/ME461F25_LittleDaisies/project/ros_ws/install/mobile_sensor/share/mobile_sensor//node_modules/@jridgewell/sourcemap-codec/types/scopes.d.cts
[1.230s] -- Installing: /home/ogan/ME461F25_LittleDaisies/project/ros_ws/install/mobile_sensor/share/mobile_sensor//node_modules/@jridgewell/sourcemap-codec/types/strings.d.cts
[1.230s] -- Installing: /home/ogan/ME461F25_LittleDaisies/project/ros_ws/install/mobile_sensor/share/mobile_sensor//node_modules/@jridgewell/sourcemap-codec/types/vlq.d.mts.map
[1.230s] -- Installing: /home/ogan/ME461F25_LittleDaisies/project/ros_ws/install/mobile_sensor/share/mobile_sensor//node_modules/@jridgewell/sourcemap-codec/types/vlq.d.mts
[1.230s] -- Installing: /home/ogan/ME461F25_LittleDaisies/project/ros_ws/install/mobile_sensor/share/mobile_sensor//node_modules/@jridgewell/sourcemap-codec/types/sourcemap-codec.d.mts.map
[1.230s] -- Installing: /home/ogan/ME461F25_LittleDaisies/project/ros_ws/install/mobile_sensor/share/mobile_sensor//node_modules/@jridgewell/sourcemap-codec/types/sourcemap-codec.d.cts.map
[1.230s] -- Installing: /home/ogan/ME461F25_LittleDaisies/project/ros_ws/install/mobile_sensor/share/mobile_sensor//node_modules/@jridgewell/sourcemap-codec/types/strings.d.cts.map
[1.230s] -- Installing: /home/ogan/ME461F25_LittleDaisies/project/ros_ws/install/mobile_sensor/share/mobile_sensor//node_modules/@jridgewell/sourcemap-codec/types/vlq.d.cts
[1.231s] -- Installing: /home/ogan/ME461F25_LittleDaisies/project/ros_ws/install/mobile_sensor/share/mobile_sensor//node_modules/@jridgewell/sourcemap-codec/types/sourcemap-codec.d.mts
[1.231s] -- Installing: /home/ogan/ME461F25_LittleDaisies/project/ros_ws/install/mobile_sensor/share/mobile_sensor//node_modules/@jridgewell/sourcemap-codec/types/sourcemap-codec.d.cts
[1.231s] -- Installing: /home/ogan/ME461F25_LittleDaisies/project/ros_ws/install/mobile_sensor/share/mobile_sensor//node_modules/@jridgewell/sourcemap-codec/types/strings.d.mts.map
[1.231s] -- Installing: /home/ogan/ME461F25_LittleDaisies/project/ros_ws/install/mobile_sensor/share/mobile_sensor//node_modules/@jridgewell/sourcemap-codec/types/scopes.d.cts.map
[1.231s] -- Installing: /home/ogan/ME461F25_LittleDaisies/project/ros_ws/install/mobile_sensor/share/mobile_sensor//node_modules/@jridgewell/sourcemap-codec/types/strings.d.mts
[1.231s] -- Installing: /home/ogan/ME461F25_LittleDaisies/project/ros_ws/install/mobile_sensor/share/mobile_sensor//node_modules/@jridgewell/sourcemap-codec/types/scopes.d.mts
[1.231s] -- Installing: /home/ogan/ME461F25_LittleDaisies/project/ros_ws/install/mobile_sensor/share/mobile_sensor//node_modules/@jridgewell/sourcemap-codec/types/scopes.d.mts.map
[1.231s] -- Installing: /home/ogan/ME461F25_LittleDaisies/project/ros_ws/install/mobile_sensor/share/mobile_sensor//node_modules/@jridgewell/sourcemap-codec/types/vlq.d.cts.map
[1.231s] -- Installing: /home/ogan/ME461F25_LittleDaisies/project/ros_ws/install/mobile_sensor/share/mobile_sensor//node_modules/@jridgewell/sourcemap-codec/README.md
[1.232s] -- Installing: /home/ogan/ME461F25_LittleDaisies/project/ros_ws/install/mobile_sensor/share/mobile_sensor//node_modules/@jridgewell/resolve-uri
[1.232s] -- Installing: /home/ogan/ME461F25_LittleDaisies/project/ros_ws/install/mobile_sensor/share/mobile_sensor//node_modules/@jridgewell/resolve-uri/dist
[1.232s] -- Installing: /home/ogan/ME461F25_LittleDaisies/project/ros_ws/install/mobile_sensor/share/mobile_sensor//node_modules/@jridgewell/resolve-uri/dist/resolve-uri.mjs
[1.232s] -- Installing: /home/ogan/ME461F25_LittleDaisies/project/ros_ws/install/mobile_sensor/share/mobile_sensor//node_modules/@jridgewell/resolve-uri/dist/resolve-uri.mjs.map
[1.232s] -- Installing: /home/ogan/ME461F25_LittleDaisies/project/ros_ws/install/mobile_sensor/share/mobile_sensor//node_modules/@jridgewell/resolve-uri/dist/types
[1.232s] -- Installing: /home/ogan/ME461F25_LittleDaisies/project/ros_ws/install/mobile_sensor/share/mobile_sensor//node_modules/@jridgewell/resolve-uri/dist/types/resolve-uri.d.ts
[1.232s] -- Installing: /home/ogan/ME461F25_LittleDaisies/project/ros_ws/install/mobile_sensor/share/mobile_sensor//node_modules/@jridgewell/resolve-uri/dist/resolve-uri.umd.js
[1.232s] -- Installing: /home/ogan/ME461F25_LittleDaisies/project/ros_ws/install/mobile_sensor/share/mobile_sensor//node_modules/@jridgewell/resolve-uri/dist/resolve-uri.umd.js.map
[1.232s] -- Installing: /home/ogan/ME461F25_LittleDaisies/project/ros_ws/install/mobile_sensor/share/mobile_sensor//node_modules/@jridgewell/resolve-uri/package.json
[1.232s] -- Installing: /home/ogan/ME461F25_LittleDaisies/project/ros_ws/install/mobile_sensor/share/mobile_sensor//node_modules/@jridgewell/resolve-uri/LICENSE
[1.233s] -- Installing: /home/ogan/ME461F25_LittleDaisies/project/ros_ws/install/mobile_sensor/share/mobile_sensor//node_modules/@jridgewell/resolve-uri/README.md
[1.233s] -- Installing: /home/ogan/ME461F25_LittleDaisies/project/ros_ws/install/mobile_sensor/share/mobile_sensor//node_modules/@jridgewell/trace-mapping
[1.233s] -- Installing: /home/ogan/ME461F25_LittleDaisies/project/ros_ws/install/mobile_sensor/share/mobile_sensor//node_modules/@jridgewell/trace-mapping/dist
[1.233s] -- Installing: /home/ogan/ME461F25_LittleDaisies/project/ros_ws/install/mobile_sensor/share/mobile_sensor//node_modules/@jridgewell/trace-mapping/dist/trace-mapping.umd.js
[1.233s] -- Installing: /home/ogan/ME461F25_LittleDaisies/project/ros_ws/install/mobile_sensor/share/mobile_sensor//node_modules/@jridgewell/trace-mapping/dist/trace-mapping.umd.js.map
[1.233s] -- Installing: /home/ogan/ME461F25_LittleDaisies/project/ros_ws/install/mobile_sensor/share/mobile_sensor//node_modules/@jridgewell/trace-mapping/dist/trace-mapping.mjs
[1.233s] -- Installing: /home/ogan/ME461F25_LittleDaisies/project/ros_ws/install/mobile_sensor/share/mobile_sensor//node_modules/@jridgewell/trace-mapping/dist/trace-mapping.mjs.map
[1.233s] -- Installing: /home/ogan/ME461F25_LittleDaisies/project/ros_ws/install/mobile_sensor/share/mobile_sensor//node_modules/@jridgewell/trace-mapping/package.json
[1.233s] -- Installing: /home/ogan/ME461F25_LittleDaisies/project/ros_ws/install/mobile_sensor/share/mobile_sensor//node_modules/@jridgewell/trace-mapping/src
[1.233s] -- Installing: /home/ogan/ME461F25_LittleDaisies/project/ros_ws/install/mobile_sensor/share/mobile_sensor//node_modules/@jridgewell/trace-mapping/src/sourcemap-segment.ts
[1.233s] -- Installing: /home/ogan/ME461F25_LittleDaisies/project/ros_ws/install/mobile_sensor/share/mobile_sensor//node_modules/@jridgewell/trace-mapping/src/types.ts
[1.234s] -- Installing: /home/ogan/ME461F25_LittleDaisies/project/ros_ws/install/mobile_sensor/share/mobile_sensor//node_modules/@jridgewell/trace-mapping/src/trace-mapping.ts
[1.234s] -- Installing: /home/ogan/ME461F25_LittleDaisies/project/ros_ws/install/mobile_sensor/share/mobile_sensor//node_modules/@jridgewell/trace-mapping/src/flatten-map.ts
[1.234s] -- Installing: /home/ogan/ME461F25_LittleDaisies/project/ros_ws/install/mobile_sensor/share/mobile_sensor//node_modules/@jridgewell/trace-mapping/src/by-source.ts
[1.234s] -- Installing: /home/ogan/ME461F25_LittleDaisies/project/ros_ws/install/mobile_sensor/share/mobile_sensor//node_modules/@jridgewell/trace-mapping/src/strip-filename.ts
[1.234s] -- Installing: /home/ogan/ME461F25_LittleDaisies/project/ros_ws/install/mobile_sensor/share/mobile_sensor//node_modules/@jridgewell/trace-mapping/src/resolve.ts
[1.234s] -- Installing: /home/ogan/ME461F25_LittleDaisies/project/ros_ws/install/mobile_sensor/share/mobile_sensor//node_modules/@jridgewell/trace-mapping/src/sort.ts
[1.234s] -- Installing: /home/ogan/ME461F25_LittleDaisies/project/ros_ws/install/mobile_sensor/share/mobile_sensor//node_modules/@jridgewell/trace-mapping/src/binary-search.ts
[1.234s] -- Installing: /home/ogan/ME461F25_LittleDaisies/project/ros_ws/install/mobile_sensor/share/mobile_sensor//node_modules/@jridgewell/trace-mapping/LICENSE
[1.234s] -- Installing: /home/ogan/ME461F25_LittleDaisies/project/ros_ws/install/mobile_sensor/share/mobile_sensor//node_modules/@jridgewell/trace-mapping/types
[1.234s] -- Installing: /home/ogan/ME461F25_LittleDaisies/project/ros_ws/install/mobile_sensor/share/mobile_sensor//node_modules/@jridgewell/trace-mapping/types/sourcemap-segment.d.cts.map
[1.235s] -- Installing: /home/ogan/ME461F25_LittleDaisies/project/ros_ws/install/mobile_sensor/share/mobile_sensor//node_modules/@jridgewell/trace-mapping/types/by-source.d.cts.map
[1.235s] -- Installing: /home/ogan/ME461F25_LittleDaisies/project/ros_ws/install/mobile_sensor/share/mobile_sensor//node_modules/@jridgewell/trace-mapping/types/trace-mapping.d.mts
[1.235s] -- Installing: /home/ogan/ME461F25_LittleDaisies/project/ros_ws/install/mobile_sensor/share/mobile_sensor//node_modules/@jridgewell/trace-mapping/types/types.d.mts.map
[1.235s] -- Installing: /home/ogan/ME461F25_LittleDaisies/project/ros_ws/install/mobile_sensor/share/mobile_sensor//node_modules/@jridgewell/trace-mapping/types/flatten-map.d.cts.map
[1.235s] -- Installing: /home/ogan/ME461F25_LittleDaisies/project/ros_ws/install/mobile_sensor/share/mobile_sensor//node_modules/@jridgewell/trace-mapping/types/binary-search.d.cts.map
[1.235s] -- Installing: /home/ogan/ME461F25_LittleDaisies/project/ros_ws/install/mobile_sensor/share/mobile_sensor//node_modules/@jridgewell/trace-mapping/types/flatten-map.d.mts
[1.235s] -- Installing: /home/ogan/ME461F25_LittleDaisies/project/ros_ws/install/mobile_sensor/share/mobile_sensor//node_modules/@jridgewell/trace-mapping/types/types.d.cts
[1.235s] -- Installing: /home/ogan/ME461F25_LittleDaisies/project/ros_ws/install/mobile_sensor/share/mobile_sensor//node_modules/@jridgewell/trace-mapping/types/sourcemap-segment.d.mts
[1.235s] -- Installing: /home/ogan/ME461F25_LittleDaisies/project/ros_ws/install/mobile_sensor/share/mobile_sensor//node_modules/@jridgewell/trace-mapping/types/flatten-map.d.mts.map
[1.236s] -- Installing: /home/ogan/ME461F25_LittleDaisies/project/ros_ws/install/mobile_sensor/share/mobile_sensor//node_modules/@jridgewell/trace-mapping/types/trace-mapping.d.mts.map
[1.236s] -- Installing: /home/ogan/ME461F25_LittleDaisies/project/ros_ws/install/mobile_sensor/share/mobile_sensor//node_modules/@jridgewell/trace-mapping/types/resolve.d.mts.map
[1.236s] -- Installing: /home/ogan/ME461F25_LittleDaisies/project/ros_ws/install/mobile_sensor/share/mobile_sensor//node_modules/@jridgewell/trace-mapping/types/strip-filename.d.cts
[1.236s] -- Installing: /home/ogan/ME461F25_LittleDaisies/project/ros_ws/install/mobile_sensor/share/mobile_sensor//node_modules/@jridgewell/trace-mapping/types/resolve.d.mts
[1.236s] -- Installing: /home/ogan/ME461F25_LittleDaisies/project/ros_ws/install/mobile_sensor/share/mobile_sensor//node_modules/@jridgewell/trace-mapping/types/by-source.d.cts
[1.236s] -- Installing: /home/ogan/ME461F25_LittleDaisies/project/ros_ws/install/mobile_sensor/share/mobile_sensor//node_modules/@jridgewell/trace-mapping/types/trace-mapping.d.cts.map
[1.236s] -- Installing: /home/ogan/ME461F25_LittleDaisies/project/ros_ws/install/mobile_sensor/share/mobile_sensor//node_modules/@jridgewell/trace-mapping/types/sourcemap-segment.d.mts.map
[1.236s] -- Installing: /home/ogan/ME461F25_LittleDaisies/project/ros_ws/install/mobile_sensor/share/mobile_sensor//node_modules/@jridgewell/trace-mapping/types/by-source.d.mts.map
[1.236s] -- Installing: /home/ogan/ME461F25_LittleDaisies/project/ros_ws/install/mobile_sensor/share/mobile_sensor//node_modules/@jridgewell/trace-mapping/types/binary-search.d.mts.map
[1.236s] -- Installing: /home/ogan/ME461F25_LittleDaisies/project/ros_ws/install/mobile_sensor/share/mobile_sensor//node_modules/@jridgewell/trace-mapping/types/strip-filename.d.mts.map
[1.237s] -- Installing: /home/ogan/ME461F25_LittleDaisies/project/ros_ws/install/mobile_sensor/share/mobile_sensor//node_modules/@jridgewell/trace-mapping/types/resolve.d.cts.map
[1.237s] -- Installing: /home/ogan/ME461F25_LittleDaisies/project/ros_ws/install/mobile_sensor/share/mobile_sensor//node_modules/@jridgewell/trace-mapping/types/by-source.d.mts
[1.237s] -- Installing: /home/ogan/ME461F25_LittleDaisies/project/ros_ws/install/mobile_sensor/share/mobile_sensor//node_modules/@jridgewell/trace-mapping/types/sort.d.mts.map
[1.237s] -- Installing: /home/ogan/ME461F25_LittleDaisies/project/ros_ws/install/mobile_sensor/share/mobile_sensor//node_modules/@jridgewell/trace-mapping/types/types.d.mts
[1.237s] -- Installing: /home/ogan/ME461F25_LittleDaisies/project/ros_ws/install/mobile_sensor/share/mobile_sensor//node_modules/@jridgewell/trace-mapping/types/flatten-map.d.cts
[1.237s] -- Installing: /home/ogan/ME461F25_LittleDaisies/project/ros_ws/install/mobile_sensor/share/mobile_sensor//node_modules/@jridgewell/trace-mapping/types/binary-search.d.cts
[1.237s] -- Installing: /home/ogan/ME461F25_LittleDaisies/project/ros_ws/install/mobile_sensor/share/mobile_sensor//node_modules/@jridgewell/trace-mapping/types/sort.d.cts
[1.237s] -- Installing: /home/ogan/ME461F25_LittleDaisies/project/ros_ws/install/mobile_sensor/share/mobile_sensor//node_modules/@jridgewell/trace-mapping/types/trace-mapping.d.cts
[1.237s] -- Installing: /home/ogan/ME461F25_LittleDaisies/project/ros_ws/install/mobile_sensor/share/mobile_sensor//node_modules/@jridgewell/trace-mapping/types/resolve.d.cts
[1.238s] -- Installing: /home/ogan/ME461F25_LittleDaisies/project/ros_ws/install/mobile_sensor/share/mobile_sensor//node_modules/@jridgewell/trace-mapping/types/sourcemap-segment.d.cts
[1.238s] -- Installing: /home/ogan/ME461F25_LittleDaisies/project/ros_ws/install/mobile_sensor/share/mobile_sensor//node_modules/@jridgewell/trace-mapping/types/sort.d.mts
[1.238s] -- Installing: /home/ogan/ME461F25_LittleDaisies/project/ros_ws/install/mobile_sensor/share/mobile_sensor//node_modules/@jridgewell/trace-mapping/types/types.d.cts.map
[1.238s] -- Installing: /home/ogan/ME461F25_LittleDaisies/project/ros_ws/install/mobile_sensor/share/mobile_sensor//node_modules/@jridgewell/trace-mapping/types/binary-search.d.mts
[1.238s] -- Installing: /home/ogan/ME461F25_LittleDaisies/project/ros_ws/install/mobile_sensor/share/mobile_sensor//node_modules/@jridgewell/trace-mapping/types/strip-filename.d.cts.map
[1.238s] -- Installing: /home/ogan/ME461F25_LittleDaisies/project/ros_ws/install/mobile_sensor/share/mobile_sensor//node_modules/@jridgewell/trace-mapping/types/sort.d.cts.map
[1.238s] -- Installing: /home/ogan/ME461F25_LittleDaisies/project/ros_ws/install/mobile_sensor/share/mobile_sensor//node_modules/@jridgewell/trace-mapping/types/strip-filename.d.mts
[1.238s] -- Installing: /home/ogan/ME461F25_LittleDaisies/project/ros_ws/install/mobile_sensor/share/mobile_sensor//node_modules/@jridgewell/trace-mapping/README.md
[1.238s] -- Installing: /home/ogan/ME461F25_LittleDaisies/project/ros_ws/install/mobile_sensor/share/mobile_sensor//node_modules/@jridgewell/source-map
[1.238s] -- Installing: /home/ogan/ME461F25_LittleDaisies/project/ros_ws/install/mobile_sensor/share/mobile_sensor//node_modules/@jridgewell/source-map/dist
[1.239s] -- Installing: /home/ogan/ME461F25_LittleDaisies/project/ros_ws/install/mobile_sensor/share/mobile_sensor//node_modules/@jridgewell/source-map/dist/source-map.umd.js
[1.239s] -- Installing: /home/ogan/ME461F25_LittleDaisies/project/ros_ws/install/mobile_sensor/share/mobile_sensor//node_modules/@jridgewell/source-map/dist/source-map.mjs
[1.239s] -- Installing: /home/ogan/ME461F25_LittleDaisies/project/ros_ws/install/mobile_sensor/share/mobile_sensor//node_modules/@jridgewell/source-map/dist/source-map.mjs.map
[1.239s] -- Installing: /home/ogan/ME461F25_LittleDaisies/project/ros_ws/install/mobile_sensor/share/mobile_sensor//node_modules/@jridgewell/source-map/dist/source-map.umd.js.map
[1.239s] -- Installing: /home/ogan/ME461F25_LittleDaisies/project/ros_ws/install/mobile_sensor/share/mobile_sensor//node_modules/@jridgewell/source-map/package.json
[1.239s] -- Installing: /home/ogan/ME461F25_LittleDaisies/project/ros_ws/install/mobile_sensor/share/mobile_sensor//node_modules/@jridgewell/source-map/src
[1.239s] -- Installing: /home/ogan/ME461F25_LittleDaisies/project/ros_ws/install/mobile_sensor/share/mobile_sensor//node_modules/@jridgewell/source-map/src/source-map.ts
[1.239s] -- Installing: /home/ogan/ME461F25_LittleDaisies/project/ros_ws/install/mobile_sensor/share/mobile_sensor//node_modules/@jridgewell/source-map/LICENSE
[1.239s] -- Installing: /home/ogan/ME461F25_LittleDaisies/project/ros_ws/install/mobile_sensor/share/mobile_sensor//node_modules/@jridgewell/source-map/types
[1.240s] -- Installing: /home/ogan/ME461F25_LittleDaisies/project/ros_ws/install/mobile_sensor/share/mobile_sensor//node_modules/@jridgewell/source-map/types/source-map.d.cts.map
[1.240s] -- Installing: /home/ogan/ME461F25_LittleDaisies/project/ros_ws/install/mobile_sensor/share/mobile_sensor//node_modules/@jridgewell/source-map/types/source-map.d.cts
[1.240s] -- Installing: /home/ogan/ME461F25_LittleDaisies/project/ros_ws/install/mobile_sensor/share/mobile_sensor//node_modules/@jridgewell/source-map/types/source-map.d.mts.map
[1.240s] -- Installing: /home/ogan/ME461F25_LittleDaisies/project/ros_ws/install/mobile_sensor/share/mobile_sensor//node_modules/@jridgewell/source-map/types/source-map.d.mts
[1.240s] -- Installing: /home/ogan/ME461F25_LittleDaisies/project/ros_ws/install/mobile_sensor/share/mobile_sensor//node_modules/@jridgewell/source-map/README.md
[1.240s] -- Installing: /home/ogan/ME461F25_LittleDaisies/project/ros_ws/install/mobile_sensor/share/mobile_sensor//node_modules/@jridgewell/gen-mapping
[1.240s] -- Installing: /home/ogan/ME461F25_LittleDaisies/project/ros_ws/install/mobile_sensor/share/mobile_sensor//node_modules/@jridgewell/gen-mapping/dist
[1.240s] -- Installing: /home/ogan/ME461F25_LittleDaisies/project/ros_ws/install/mobile_sensor/share/mobile_sensor//node_modules/@jridgewell/gen-mapping/dist/gen-mapping.mjs
[1.240s] -- Installing: /home/ogan/ME461F25_LittleDaisies/project/ros_ws/install/mobile_sensor/share/mobile_sensor//node_modules/@jridgewell/gen-mapping/dist/types
[1.240s] -- Installing: /home/ogan/ME461F25_LittleDaisies/project/ros_ws/install/mobile_sensor/share/mobile_sensor//node_modules/@jridgewell/gen-mapping/dist/types/sourcemap-segment.d.ts
[1.240s] -- Installing: /home/ogan/ME461F25_LittleDaisies/project/ros_ws/install/mobile_sensor/share/mobile_sensor//node_modules/@jridgewell/gen-mapping/dist/types/gen-mapping.d.ts
[1.241s] -- Installing: /home/ogan/ME461F25_LittleDaisies/project/ros_ws/install/mobile_sensor/share/mobile_sensor//node_modules/@jridgewell/gen-mapping/dist/types/set-array.d.ts
[1.241s] -- Installing: /home/ogan/ME461F25_LittleDaisies/project/ros_ws/install/mobile_sensor/share/mobile_sensor//node_modules/@jridgewell/gen-mapping/dist/types/types.d.ts
[1.241s] -- Installing: /home/ogan/ME461F25_LittleDaisies/project/ros_ws/install/mobile_sensor/share/mobile_sensor//node_modules/@jridgewell/gen-mapping/dist/gen-mapping.umd.js.map
[1.241s] -- Installing: /home/ogan/ME461F25_LittleDaisies/project/ros_ws/install/mobile_sensor/share/mobile_sensor//node_modules/@jridgewell/gen-mapping/dist/gen-mapping.mjs.map
[1.241s] -- Installing: /home/ogan/ME461F25_LittleDaisies/project/ros_ws/install/mobile_sensor/share/mobile_sensor//node_modules/@jridgewell/gen-mapping/dist/gen-mapping.umd.js
[1.241s] -- Installing: /home/ogan/ME461F25_LittleDaisies/project/ros_ws/install/mobile_sensor/share/mobile_sensor//node_modules/@jridgewell/gen-mapping/package.json
[1.241s] -- Installing: /home/ogan/ME461F25_LittleDaisies/project/ros_ws/install/mobile_sensor/share/mobile_sensor//node_modules/@jridgewell/gen-mapping/src
[1.241s] -- Installing: /home/ogan/ME461F25_LittleDaisies/project/ros_ws/install/mobile_sensor/share/mobile_sensor//node_modules/@jridgewell/gen-mapping/src/sourcemap-segment.ts
[1.241s] -- Installing: /home/ogan/ME461F25_LittleDaisies/project/ros_ws/install/mobile_sensor/share/mobile_sensor//node_modules/@jridgewell/gen-mapping/src/types.ts
[1.241s] -- Installing: /home/ogan/ME461F25_LittleDaisies/project/ros_ws/install/mobile_sensor/share/mobile_sensor//node_modules/@jridgewell/gen-mapping/src/gen-mapping.ts
[1.242s] -- Installing: /home/ogan/ME461F25_LittleDaisies/project/ros_ws/install/mobile_sensor/share/mobile_sensor//node_modules/@jridgewell/gen-mapping/src/set-array.ts
[1.242s] -- Installing: /home/ogan/ME461F25_LittleDaisies/project/ros_ws/install/mobile_sensor/share/mobile_sensor//node_modules/@jridgewell/gen-mapping/LICENSE
[1.242s] -- Installing: /home/ogan/ME461F25_LittleDaisies/project/ros_ws/install/mobile_sensor/share/mobile_sensor//node_modules/@jridgewell/gen-mapping/types
[1.242s] -- Installing: /home/ogan/ME461F25_LittleDaisies/project/ros_ws/install/mobile_sensor/share/mobile_sensor//node_modules/@jridgewell/gen-mapping/types/set-array.d.cts.map
[1.242s] -- Installing: /home/ogan/ME461F25_LittleDaisies/project/ros_ws/install/mobile_sensor/share/mobile_sensor//node_modules/@jridgewell/gen-mapping/types/sourcemap-segment.d.cts.map
[1.242s] -- Installing: /home/ogan/ME461F25_LittleDaisies/project/ros_ws/install/mobile_sensor/share/mobile_sensor//node_modules/@jridgewell/gen-mapping/types/gen-mapping.d.cts.map
[1.242s] -- Installing: /home/ogan/ME461F25_LittleDaisies/project/ros_ws/install/mobile_sensor/share/mobile_sensor//node_modules/@jridgewell/gen-mapping/types/types.d.mts.map
[1.242s] -- Installing: /home/ogan/ME461F25_LittleDaisies/project/ros_ws/install/mobile_sensor/share/mobile_sensor//node_modules/@jridgewell/gen-mapping/types/set-array.d.mts
[1.242s] -- Installing: /home/ogan/ME461F25_LittleDaisies/project/ros_ws/install/mobile_sensor/share/mobile_sensor//node_modules/@jridgewell/gen-mapping/types/gen-mapping.d.mts.map
[1.243s] -- Installing: /home/ogan/ME461F25_LittleDaisies/project/ros_ws/install/mobile_sensor/share/mobile_sensor//node_modules/@jridgewell/gen-mapping/types/types.d.cts
[1.243s] -- Installing: /home/ogan/ME461F25_LittleDaisies/project/ros_ws/install/mobile_sensor/share/mobile_sensor//node_modules/@jridgewell/gen-mapping/types/sourcemap-segment.d.mts
[1.243s] -- Installing: /home/ogan/ME461F25_LittleDaisies/project/ros_ws/install/mobile_sensor/share/mobile_sensor//node_modules/@jridgewell/gen-mapping/types/gen-mapping.d.cts
[1.243s] -- Installing: /home/ogan/ME461F25_LittleDaisies/project/ros_ws/install/mobile_sensor/share/mobile_sensor//node_modules/@jridgewell/gen-mapping/types/set-array.d.cts
[1.243s] -- Installing: /home/ogan/ME461F25_LittleDaisies/project/ros_ws/install/mobile_sensor/share/mobile_sensor//node_modules/@jridgewell/gen-mapping/types/sourcemap-segment.d.mts.map
[1.243s] -- Installing: /home/ogan/ME461F25_LittleDaisies/project/ros_ws/install/mobile_sensor/share/mobile_sensor//node_modules/@jridgewell/gen-mapping/types/gen-mapping.d.mts
[1.243s] -- Installing: /home/ogan/ME461F25_LittleDaisies/project/ros_ws/install/mobile_sensor/share/mobile_sensor//node_modules/@jridgewell/gen-mapping/types/types.d.mts
[1.243s] -- Installing: /home/ogan/ME461F25_LittleDaisies/project/ros_ws/install/mobile_sensor/share/mobile_sensor//node_modules/@jridgewell/gen-mapping/types/sourcemap-segment.d.cts
[1.243s] -- Installing: /home/ogan/ME461F25_LittleDaisies/project/ros_ws/install/mobile_sensor/share/mobile_sensor//node_modules/@jridgewell/gen-mapping/types/types.d.cts.map
[1.244s] -- Installing: /home/ogan/ME461F25_LittleDaisies/project/ros_ws/install/mobile_sensor/share/mobile_sensor//node_modules/@jridgewell/gen-mapping/types/set-array.d.mts.map
[1.244s] -- Installing: /home/ogan/ME461F25_LittleDaisies/project/ros_ws/install/mobile_sensor/share/mobile_sensor//node_modules/@jridgewell/gen-mapping/README.md
[1.244s] -- Installing: /home/ogan/ME461F25_LittleDaisies/project/ros_ws/install/mobile_sensor/share/mobile_sensor//node_modules/es6-symbol
[1.244s] -- Installing: /home/ogan/ME461F25_LittleDaisies/project/ros_ws/install/mobile_sensor/share/mobile_sensor//node_modules/es6-symbol/polyfill.js
[1.244s] -- Installing: /home/ogan/ME461F25_LittleDaisies/project/ros_ws/install/mobile_sensor/share/mobile_sensor//node_modules/es6-symbol/package.json
[1.244s] -- Installing: /home/ogan/ME461F25_LittleDaisies/project/ros_ws/install/mobile_sensor/share/mobile_sensor//node_modules/es6-symbol/is-native-implemented.js
[1.244s] -- Installing: /home/ogan/ME461F25_LittleDaisies/project/ros_ws/install/mobile_sensor/share/mobile_sensor//node_modules/es6-symbol/is-implemented.js
[1.244s] -- Installing: /home/ogan/ME461F25_LittleDaisies/project/ros_ws/install/mobile_sensor/share/mobile_sensor//node_modules/es6-symbol/is-symbol.js
[1.244s] -- Installing: /home/ogan/ME461F25_LittleDaisies/project/ros_ws/install/mobile_sensor/share/mobile_sensor//node_modules/es6-symbol/LICENSE
[1.244s] -- Installing: /home/ogan/ME461F25_LittleDaisies/project/ros_ws/install/mobile_sensor/share/mobile_sensor//node_modules/es6-symbol/index.js
[1.245s] -- Installing: /home/ogan/ME461F25_LittleDaisies/project/ros_ws/install/mobile_sensor/share/mobile_sensor//node_modules/es6-symbol/lib
[1.245s] -- Installing: /home/ogan/ME461F25_LittleDaisies/project/ros_ws/install/mobile_sensor/share/mobile_sensor//node_modules/es6-symbol/lib/private
[1.245s] -- Installing: /home/ogan/ME461F25_LittleDaisies/project/ros_ws/install/mobile_sensor/share/mobile_sensor//node_modules/es6-symbol/lib/private/setup
[1.245s] -- Installing: /home/ogan/ME461F25_LittleDaisies/project/ros_ws/install/mobile_sensor/share/mobile_sensor//node_modules/es6-symbol/lib/private/setup/standard-symbols.js
[1.245s] -- Installing: /home/ogan/ME461F25_LittleDaisies/project/ros_ws/install/mobile_sensor/share/mobile_sensor//node_modules/es6-symbol/lib/private/setup/symbol-registry.js
[1.245s] -- Installing: /home/ogan/ME461F25_LittleDaisies/project/ros_ws/install/mobile_sensor/share/mobile_sensor//node_modules/es6-symbol/lib/private/generate-name.js
[1.245s] -- Installing: /home/ogan/ME461F25_LittleDaisies/project/ros_ws/install/mobile_sensor/share/mobile_sensor//node_modules/es6-symbol/validate-symbol.js
[1.245s] -- Installing: /home/ogan/ME461F25_LittleDaisies/project/ros_ws/install/mobile_sensor/share/mobile_sensor//node_modules/es6-symbol/CHANGELOG.md
[1.245s] -- Installing: /home/ogan/ME461F25_LittleDaisies/project/ros_ws/install/mobile_sensor/share/mobile_sensor//node_modules/es6-symbol/implement.js
[1.245s] -- Installing: /home/ogan/ME461F25_LittleDaisies/project/ros_ws/install/mobile_sensor/share/mobile_sensor//node_modules/es6-symbol/README.md
[1.245s] -- Installing: /home/ogan/ME461F25_LittleDaisies/project/ros_ws/install/mobile_sensor/share/mobile_sensor//node_modules/es6-symbol/.testignore
[1.246s] -- Installing: /home/ogan/ME461F25_LittleDaisies/project/ros_ws/install/mobile_sensor/share/mobile_sensor//node_modules/es6-symbol/CHANGES
[1.246s] -- Installing: /home/ogan/ME461F25_LittleDaisies/project/ros_ws/install/mobile_sensor/share/mobile_sensor//node_modules/object-inspect
[1.246s] -- Installing: /home/ogan/ME461F25_LittleDaisies/project/ros_ws/install/mobile_sensor/share/mobile_sensor//node_modules/object-inspect/example
[1.246s] -- Installing: /home/ogan/ME461F25_LittleDaisies/project/ros_ws/install/mobile_sensor/share/mobile_sensor//node_modules/object-inspect/example/fn.js
[1.246s] -- Installing: /home/ogan/ME461F25_LittleDaisies/project/ros_ws/install/mobile_sensor/share/mobile_sensor//node_modules/object-inspect/example/inspect.js
[1.246s] -- Installing: /home/ogan/ME461F25_LittleDaisies/project/ros_ws/install/mobile_sensor/share/mobile_sensor//node_modules/object-inspect/example/circular.js
[1.246s] -- Installing: /home/ogan/ME461F25_LittleDaisies/project/ros_ws/install/mobile_sensor/share/mobile_sensor//node_modules/object-inspect/example/all.js
[1.246s] -- Installing: /home/ogan/ME461F25_LittleDaisies/project/ros_ws/install/mobile_sensor/share/mobile_sensor//node_modules/object-inspect/.eslintrc
[1.246s] -- Installing: /home/ogan/ME461F25_LittleDaisies/project/ros_ws/install/mobile_sensor/share/mobile_sensor//node_modules/object-inspect/package.json
[1.246s] -- Installing: /home/ogan/ME461F25_LittleDaisies/project/ros_ws/install/mobile_sensor/share/mobile_sensor//node_modules/object-inspect/LICENSE
[1.246s] -- Installing: /home/ogan/ME461F25_LittleDaisies/project/ros_ws/install/mobile_sensor/share/mobile_sensor//node_modules/object-inspect/test-core-js.js
[1.247s] -- Installing: /home/ogan/ME461F25_LittleDaisies/project/ros_ws/install/mobile_sensor/share/mobile_sensor//node_modules/object-inspect/index.js
[1.247s] -- Installing: /home/ogan/ME461F25_LittleDaisies/project/ros_ws/install/mobile_sensor/share/mobile_sensor//node_modules/object-inspect/util.inspect.js
[1.247s] -- Installing: /home/ogan/ME461F25_LittleDaisies/project/ros_ws/install/mobile_sensor/share/mobile_sensor//node_modules/object-inspect/CHANGELOG.md
[1.247s] -- Installing: /home/ogan/ME461F25_LittleDaisies/project/ros_ws/install/mobile_sensor/share/mobile_sensor//node_modules/object-inspect/package-support.json
[1.247s] -- Installing: /home/ogan/ME461F25_LittleDaisies/project/ros_ws/install/mobile_sensor/share/mobile_sensor//node_modules/object-inspect/test
[1.247s] -- Installing: /home/ogan/ME461F25_LittleDaisies/project/ros_ws/install/mobile_sensor/share/mobile_sensor//node_modules/object-inspect/test/undef.js
[1.247s] -- Installing: /home/ogan/ME461F25_LittleDaisies/project/ros_ws/install/mobile_sensor/share/mobile_sensor//node_modules/object-inspect/test/has.js
[1.247s] -- Installing: /home/ogan/ME461F25_LittleDaisies/project/ros_ws/install/mobile_sensor/share/mobile_sensor//node_modules/object-inspect/test/holes.js
[1.247s] -- Installing: /home/ogan/ME461F25_LittleDaisies/project/ros_ws/install/mobile_sensor/share/mobile_sensor//node_modules/object-inspect/test/number.js
[1.247s] -- Installing: /home/ogan/ME461F25_LittleDaisies/project/ros_ws/install/mobile_sensor/share/mobile_sensor//node_modules/object-inspect/test/fakes.js
[1.248s] -- Installing: /home/ogan/ME461F25_LittleDaisies/project/ros_ws/install/mobile_sensor/share/mobile_sensor//node_modules/object-inspect/test/err.js
[1.248s] -- Installing: /home/ogan/ME461F25_LittleDaisies/project/ros_ws/install/mobile_sensor/share/mobile_sensor//node_modules/object-inspect/test/fn.js
[1.248s] -- Installing: /home/ogan/ME461F25_LittleDaisies/project/ros_ws/install/mobile_sensor/share/mobile_sensor//node_modules/object-inspect/test/values.js
[1.248s] -- Installing: /home/ogan/ME461F25_LittleDaisies/project/ros_ws/install/mobile_sensor/share/mobile_sensor//node_modules/object-inspect/test/bigint.js
[1.248s] -- Installing: /home/ogan/ME461F25_LittleDaisies/project/ros_ws/install/mobile_sensor/share/mobile_sensor//node_modules/object-inspect/test/deep.js
[1.248s] -- Installing: /home/ogan/ME461F25_LittleDaisies/project/ros_ws/install/mobile_sensor/share/mobile_sensor//node_modules/object-inspect/test/quoteStyle.js
[1.248s] -- Installing: /home/ogan/ME461F25_LittleDaisies/project/ros_ws/install/mobile_sensor/share/mobile_sensor//node_modules/object-inspect/test/element.js
[1.248s] -- Installing: /home/ogan/ME461F25_LittleDaisies/project/ros_ws/install/mobile_sensor/share/mobile_sensor//node_modules/object-inspect/test/global.js
[1.248s] -- Installing: /home/ogan/ME461F25_LittleDaisies/project/ros_ws/install/mobile_sensor/share/mobile_sensor//node_modules/object-inspect/test/browser
[1.248s] -- Installing: /home/ogan/ME461F25_LittleDaisies/project/ros_ws/install/mobile_sensor/share/mobile_sensor//node_modules/object-inspect/test/browser/dom.js
[1.249s] -- Installing: /home/ogan/ME461F25_LittleDaisies/project/ros_ws/install/mobile_sensor/share/mobile_sensor//node_modules/object-inspect/test/toStringTag.js
[1.249s] -- Installing: /home/ogan/ME461F25_LittleDaisies/project/ros_ws/install/mobile_sensor/share/mobile_sensor//node_modules/object-inspect/test/indent-option.js
[1.249s] -- Installing: /home/ogan/ME461F25_LittleDaisies/project/ros_ws/install/mobile_sensor/share/mobile_sensor//node_modules/object-inspect/test/inspect.js
[1.249s] -- Installing: /home/ogan/ME461F25_LittleDaisies/project/ros_ws/install/mobile_sensor/share/mobile_sensor//node_modules/object-inspect/test/circular.js
[1.249s] -- Installing: /home/ogan/ME461F25_LittleDaisies/project/ros_ws/install/mobile_sensor/share/mobile_sensor//node_modules/object-inspect/test/lowbyte.js
[1.249s] -- Installing: /home/ogan/ME461F25_LittleDaisies/project/ros_ws/install/mobile_sensor/share/mobile_sensor//node_modules/object-inspect/.github
[1.249s] -- Installing: /home/ogan/ME461F25_LittleDaisies/project/ros_ws/install/mobile_sensor/share/mobile_sensor//node_modules/object-inspect/.github/FUNDING.yml
[1.249s] -- Installing: /home/ogan/ME461F25_LittleDaisies/project/ros_ws/install/mobile_sensor/share/mobile_sensor//node_modules/object-inspect/readme.markdown
[1.249s] -- Installing: /home/ogan/ME461F25_LittleDaisies/project/ros_ws/install/mobile_sensor/share/mobile_sensor//node_modules/object-inspect/.nycrc
[1.249s] -- Installing: /home/ogan/ME461F25_LittleDaisies/project/ros_ws/install/mobile_sensor/share/mobile_sensor//node_modules/array-index
[1.250s] -- Installing: /home/ogan/ME461F25_LittleDaisies/project/ros_ws/install/mobile_sensor/share/mobile_sensor//node_modules/array-index/.npmignore
[1.250s] -- Installing: /home/ogan/ME461F25_LittleDaisies/project/ros_ws/install/mobile_sensor/share/mobile_sensor//node_modules/array-index/package.json
[1.250s] -- Installing: /home/ogan/ME461F25_LittleDaisies/project/ros_ws/install/mobile_sensor/share/mobile_sensor//node_modules/array-index/LICENSE
[1.250s] -- Installing: /home/ogan/ME461F25_LittleDaisies/project/ros_ws/install/mobile_sensor/share/mobile_sensor//node_modules/array-index/index.js
[1.250s] -- Installing: /home/ogan/ME461F25_LittleDaisies/project/ros_ws/install/mobile_sensor/share/mobile_sensor//node_modules/array-index/test.js
[1.250s] -- Installing: /home/ogan/ME461F25_LittleDaisies/project/ros_ws/install/mobile_sensor/share/mobile_sensor//node_modules/array-index/Makefile
[1.250s] -- Installing: /home/ogan/ME461F25_LittleDaisies/project/ros_ws/install/mobile_sensor/share/mobile_sensor//node_modules/array-index/History.md
[1.250s] -- Installing: /home/ogan/ME461F25_LittleDaisies/project/ros_ws/install/mobile_sensor/share/mobile_sensor//node_modules/array-index/component.json
[1.250s] -- Installing: /home/ogan/ME461F25_LittleDaisies/project/ros_ws/install/mobile_sensor/share/mobile_sensor//node_modules/array-index/README.md
[1.250s] -- Installing: /home/ogan/ME461F25_LittleDaisies/project/ros_ws/install/mobile_sensor/share/mobile_sensor//node_modules/array-index/.travis.yml
[1.251s] -- Installing: /home/ogan/ME461F25_LittleDaisies/project/ros_ws/install/mobile_sensor/share/mobile_sensor//node_modules/array-index/.jshintrc
[1.251s] -- Installing: /home/ogan/ME461F25_LittleDaisies/project/ros_ws/install/mobile_sensor/share/mobile_sensor//node_modules/file-uri-to-path
[1.251s] -- Installing: /home/ogan/ME461F25_LittleDaisies/project/ros_ws/install/mobile_sensor/share/mobile_sensor//node_modules/file-uri-to-path/.npmignore
[1.251s] -- Installing: /home/ogan/ME461F25_LittleDaisies/project/ros_ws/install/mobile_sensor/share/mobile_sensor//node_modules/file-uri-to-path/package.json
[1.251s] -- Installing: /home/ogan/ME461F25_LittleDaisies/project/ros_ws/install/mobile_sensor/share/mobile_sensor//node_modules/file-uri-to-path/LICENSE
[1.251s] -- Installing: /home/ogan/ME461F25_LittleDaisies/project/ros_ws/install/mobile_sensor/share/mobile_sensor//node_modules/file-uri-to-path/index.js
[1.251s] -- Installing: /home/ogan/ME461F25_LittleDaisies/project/ros_ws/install/mobile_sensor/share/mobile_sensor//node_modules/file-uri-to-path/index.d.ts
[1.251s] -- Installing: /home/ogan/ME461F25_LittleDaisies/project/ros_ws/install/mobile_sensor/share/mobile_sensor//node_modules/file-uri-to-path/History.md
[1.251s] -- Installing: /home/ogan/ME461F25_LittleDaisies/project/ros_ws/install/mobile_sensor/share/mobile_sensor//node_modules/file-uri-to-path/test
[1.251s] -- Installing: /home/ogan/ME461F25_LittleDaisies/project/ros_ws/install/mobile_sensor/share/mobile_sensor//node_modules/file-uri-to-path/test/test.js
[1.252s] -- Installing: /home/ogan/ME461F25_LittleDaisies/project/ros_ws/install/mobile_sensor/share/mobile_sensor//node_modules/file-uri-to-path/test/tests.json
[1.252s] -- Installing: /home/ogan/ME461F25_LittleDaisies/project/ros_ws/install/mobile_sensor/share/mobile_sensor//node_modules/file-uri-to-path/README.md
[1.252s] -- Installing: /home/ogan/ME461F25_LittleDaisies/project/ros_ws/install/mobile_sensor/share/mobile_sensor//node_modules/file-uri-to-path/.travis.yml
[1.252s] -- Installing: /home/ogan/ME461F25_LittleDaisies/project/ros_ws/install/mobile_sensor/share/mobile_sensor//node_modules/fs
[1.252s] -- Installing: /home/ogan/ME461F25_LittleDaisies/project/ros_ws/install/mobile_sensor/share/mobile_sensor//node_modules/fs/package.json
[1.252s] -- Installing: /home/ogan/ME461F25_LittleDaisies/project/ros_ws/install/mobile_sensor/share/mobile_sensor//node_modules/fs/README.md
[1.252s] -- Installing: /home/ogan/ME461F25_LittleDaisies/project/ros_ws/install/mobile_sensor/share/mobile_sensor//node_modules/utils-merge
[1.252s] -- Installing: /home/ogan/ME461F25_LittleDaisies/project/ros_ws/install/mobile_sensor/share/mobile_sensor//node_modules/utils-merge/.npmignore
[1.252s] -- Installing: /home/ogan/ME461F25_LittleDaisies/project/ros_ws/install/mobile_sensor/share/mobile_sensor//node_modules/utils-merge/package.json
[1.252s] -- Installing: /home/ogan/ME461F25_LittleDaisies/project/ros_ws/install/mobile_sensor/share/mobile_sensor//node_modules/utils-merge/LICENSE
[1.252s] -- Installing: /home/ogan/ME461F25_LittleDaisies/project/ros_ws/install/mobile_sensor/share/mobile_sensor//node_modules/utils-merge/index.js
[1.253s] -- Installing: /home/ogan/ME461F25_LittleDaisies/project/ros_ws/install/mobile_sensor/share/mobile_sensor//node_modules/utils-merge/README.md
[1.253s] -- Installing: /home/ogan/ME461F25_LittleDaisies/project/ros_ws/install/mobile_sensor/share/mobile_sensor//node_modules/source-map
[1.253s] -- Installing: /home/ogan/ME461F25_LittleDaisies/project/ros_ws/install/mobile_sensor/share/mobile_sensor//node_modules/source-map/dist
[1.253s] -- Installing: /home/ogan/ME461F25_LittleDaisies/project/ros_ws/install/mobile_sensor/share/mobile_sensor//node_modules/source-map/dist/source-map.min.js
[1.253s] -- Installing: /home/ogan/ME461F25_LittleDaisies/project/ros_ws/install/mobile_sensor/share/mobile_sensor//node_modules/source-map/dist/source-map.js
[1.253s] -- Installing: /home/ogan/ME461F25_LittleDaisies/project/ros_ws/install/mobile_sensor/share/mobile_sensor//node_modules/source-map/dist/source-map.debug.js
[1.253s] -- Installing: /home/ogan/ME461F25_LittleDaisies/project/ros_ws/install/mobile_sensor/share/mobile_sensor//node_modules/source-map/dist/source-map.min.js.map
[1.254s] -- Installing: /home/ogan/ME461F25_LittleDaisies/project/ros_ws/install/mobile_sensor/share/mobile_sensor//node_modules/source-map/package.json
[1.254s] -- Installing: /home/ogan/ME461F25_LittleDaisies/project/ros_ws/install/mobile_sensor/share/mobile_sensor//node_modules/source-map/source-map.js
[1.254s] -- Installing: /home/ogan/ME461F25_LittleDaisies/project/ros_ws/install/mobile_sensor/share/mobile_sensor//node_modules/source-map/LICENSE
[1.254s] -- Installing: /home/ogan/ME461F25_LittleDaisies/project/ros_ws/install/mobile_sensor/share/mobile_sensor//node_modules/source-map/lib
[1.254s] -- Installing: /home/ogan/ME461F25_LittleDaisies/project/ros_ws/install/mobile_sensor/share/mobile_sensor//node_modules/source-map/lib/mapping-list.js
[1.254s] -- Installing: /home/ogan/ME461F25_LittleDaisies/project/ros_ws/install/mobile_sensor/share/mobile_sensor//node_modules/source-map/lib/binary-search.js
[1.254s] -- Installing: /home/ogan/ME461F25_LittleDaisies/project/ros_ws/install/mobile_sensor/share/mobile_sensor//node_modules/source-map/lib/quick-sort.js
[1.254s] -- Installing: /home/ogan/ME461F25_LittleDaisies/project/ros_ws/install/mobile_sensor/share/mobile_sensor//node_modules/source-map/lib/base64.js
[1.255s] -- Installing: /home/ogan/ME461F25_LittleDaisies/project/ros_ws/install/mobile_sensor/share/mobile_sensor//node_modules/source-map/lib/source-node.js
[1.255s] -- Installing: /home/ogan/ME461F25_LittleDaisies/project/ros_ws/install/mobile_sensor/share/mobile_sensor//node_modules/source-map/lib/source-map-generator.js
[1.255s] -- Installing: /home/ogan/ME461F25_LittleDaisies/project/ros_ws/install/mobile_sensor/share/mobile_sensor//node_modules/source-map/lib/source-map-consumer.js
[1.255s] -- Installing: /home/ogan/ME461F25_LittleDaisies/project/ros_ws/install/mobile_sensor/share/mobile_sensor//node_modules/source-map/lib/base64-vlq.js
[1.255s] -- Installing: /home/ogan/ME461F25_LittleDaisies/project/ros_ws/install/mobile_sensor/share/mobile_sensor//node_modules/source-map/lib/util.js
[1.255s] -- Installing: /home/ogan/ME461F25_LittleDaisies/project/ros_ws/install/mobile_sensor/share/mobile_sensor//node_modules/source-map/lib/array-set.js
[1.255s] -- Installing: /home/ogan/ME461F25_LittleDaisies/project/ros_ws/install/mobile_sensor/share/mobile_sensor//node_modules/source-map/CHANGELOG.md
[1.255s] -- Installing: /home/ogan/ME461F25_LittleDaisies/project/ros_ws/install/mobile_sensor/share/mobile_sensor//node_modules/source-map/source-map.d.ts
[1.256s] -- Installing: /home/ogan/ME461F25_LittleDaisies/project/ros_ws/install/mobile_sensor/share/mobile_sensor//node_modules/source-map/README.md
[1.256s] -- Installing: /home/ogan/ME461F25_LittleDaisies/project/ros_ws/install/mobile_sensor/share/mobile_sensor//node_modules/es-object-atoms
[1.256s] -- Installing: /home/ogan/ME461F25_LittleDaisies/project/ros_ws/install/mobile_sensor/share/mobile_sensor//node_modules/es-object-atoms/RequireObjectCoercible.js
[1.256s] -- Installing: /home/ogan/ME461F25_LittleDaisies/project/ros_ws/install/mobile_sensor/share/mobile_sensor//node_modules/es-object-atoms/.eslintrc
[1.256s] -- Installing: /home/ogan/ME461F25_LittleDaisies/project/ros_ws/install/mobile_sensor/share/mobile_sensor//node_modules/es-object-atoms/package.json
[1.256s] -- Installing: /home/ogan/ME461F25_LittleDaisies/project/ros_ws/install/mobile_sensor/share/mobile_sensor//node_modules/es-object-atoms/LICENSE
[1.256s] -- Installing: /home/ogan/ME461F25_LittleDaisies/project/ros_ws/install/mobile_sensor/share/mobile_sensor//node_modules/es-object-atoms/ToObject.js
[1.256s] -- Installing: /home/ogan/ME461F25_LittleDaisies/project/ros_ws/install/mobile_sensor/share/mobile_sensor//node_modules/es-object-atoms/index.js
[1.256s] -- Installing: /home/ogan/ME461F25_LittleDaisies/project/ros_ws/install/mobile_sensor/share/mobile_sensor//node_modules/es-object-atoms/ToObject.d.ts
[1.256s] -- Installing: /home/ogan/ME461F25_LittleDaisies/project/ros_ws/install/mobile_sensor/share/mobile_sensor//node_modules/es-object-atoms/index.d.ts
[1.257s] -- Installing: /home/ogan/ME461F25_LittleDaisies/project/ros_ws/install/mobile_sensor/share/mobile_sensor//node_modules/es-object-atoms/CHANGELOG.md
[1.257s] -- Installing: /home/ogan/ME461F25_LittleDaisies/project/ros_ws/install/mobile_sensor/share/mobile_sensor//node_modules/es-object-atoms/RequireObjectCoercible.d.ts
[1.257s] -- Installing: /home/ogan/ME461F25_LittleDaisies/project/ros_ws/install/mobile_sensor/share/mobile_sensor//node_modules/es-object-atoms/tsconfig.json
[1.257s] -- Installing: /home/ogan/ME461F25_LittleDaisies/project/ros_ws/install/mobile_sensor/share/mobile_sensor//node_modules/es-object-atoms/test
[1.257s] -- Installing: /home/ogan/ME461F25_LittleDaisies/project/ros_ws/install/mobile_sensor/share/mobile_sensor//node_modules/es-object-atoms/test/index.js
[1.257s] -- Installing: /home/ogan/ME461F25_LittleDaisies/project/ros_ws/install/mobile_sensor/share/mobile_sensor//node_modules/es-object-atoms/isObject.d.ts
[1.257s] -- Installing: /home/ogan/ME461F25_LittleDaisies/project/ros_ws/install/mobile_sensor/share/mobile_sensor//node_modules/es-object-atoms/README.md
[1.257s] -- Installing: /home/ogan/ME461F25_LittleDaisies/project/ros_ws/install/mobile_sensor/share/mobile_sensor//node_modules/es-object-atoms/.github
[1.257s] -- Installing: /home/ogan/ME461F25_LittleDaisies/project/ros_ws/install/mobile_sensor/share/mobile_sensor//node_modules/es-object-atoms/.github/FUNDING.yml
[1.258s] -- Installing: /home/ogan/ME461F25_LittleDaisies/project/ros_ws/install/mobile_sensor/share/mobile_sensor//node_modules/es-object-atoms/isObject.js
[1.258s] -- Installing: /home/ogan/ME461F25_LittleDaisies/project/ros_ws/install/mobile_sensor/share/mobile_sensor//node_modules/cookie-signature
[1.258s] -- Installing: /home/ogan/ME461F25_LittleDaisies/project/ros_ws/install/mobile_sensor/share/mobile_sensor//node_modules/cookie-signature/package.json
[1.258s] -- Installing: /home/ogan/ME461F25_LittleDaisies/project/ros_ws/install/mobile_sensor/share/mobile_sensor//node_modules/cookie-signature/index.js
[1.258s] -- Installing: /home/ogan/ME461F25_LittleDaisies/project/ros_ws/install/mobile_sensor/share/mobile_sensor//node_modules/cookie-signature/Readme.md
[1.258s] -- Installing: /home/ogan/ME461F25_LittleDaisies/project/ros_ws/install/mobile_sensor/share/mobile_sensor//node_modules/cookie-signature/History.md
[1.258s] -- Installing: /home/ogan/ME461F25_LittleDaisies/project/ros_ws/install/mobile_sensor/share/mobile_sensor//node_modules/https
[1.258s] -- Installing: /home/ogan/ME461F25_LittleDaisies/project/ros_ws/install/mobile_sensor/share/mobile_sensor//node_modules/https/package.json
[1.258s] -- Installing: /home/ogan/ME461F25_LittleDaisies/project/ros_ws/install/mobile_sensor/share/mobile_sensor//node_modules/.bin
[1.258s] -- Installing: /home/ogan/ME461F25_LittleDaisies/project/ros_ws/install/mobile_sensor/share/mobile_sensor//node_modules/.bin/acorn
[1.258s] -- Installing: /home/ogan/ME461F25_LittleDaisies/project/ros_ws/install/mobile_sensor/share/mobile_sensor//node_modules/.bin/node-gyp-build
[1.258s] -- Installing: /home/ogan/ME461F25_LittleDaisies/project/ros_ws/install/mobile_sensor/share/mobile_sensor//node_modules/.bin/node-gyp-build-optional
[1.259s] -- Installing: /home/ogan/ME461F25_LittleDaisies/project/ros_ws/install/mobile_sensor/share/mobile_sensor//node_modules/.bin/terser
[1.259s] -- Installing: /home/ogan/ME461F25_LittleDaisies/project/ros_ws/install/mobile_sensor/share/mobile_sensor//node_modules/.bin/generate-ros-messages
[1.259s] -- Installing: /home/ogan/ME461F25_LittleDaisies/project/ros_ws/install/mobile_sensor/share/mobile_sensor//node_modules/.bin/dottojs
[1.259s] -- Installing: /home/ogan/ME461F25_LittleDaisies/project/ros_ws/install/mobile_sensor/share/mobile_sensor//node_modules/.bin/js-yaml
[1.259s] -- Installing: /home/ogan/ME461F25_LittleDaisies/project/ros_ws/install/mobile_sensor/share/mobile_sensor//node_modules/.bin/node-gyp-build-test
[1.259s] -- Installing: /home/ogan/ME461F25_LittleDaisies/project/ros_ws/install/mobile_sensor/share/mobile_sensor//node_modules/.bin/mime
[1.259s] -- Installing: /home/ogan/ME461F25_LittleDaisies/project/ros_ws/install/mobile_sensor/share/mobile_sensor//node_modules/js-yaml
[1.259s] -- Installing: /home/ogan/ME461F25_LittleDaisies/project/ros_ws/install/mobile_sensor/share/mobile_sensor//node_modules/js-yaml/dist
[1.259s] -- Installing: /home/ogan/ME461F25_LittleDaisies/project/ros_ws/install/mobile_sensor/share/mobile_sensor//node_modules/js-yaml/dist/js-yaml.min.js
[1.259s] -- Installing: /home/ogan/ME461F25_LittleDaisies/project/ros_ws/install/mobile_sensor/share/mobile_sensor//node_modules/js-yaml/dist/js-yaml.js
[1.259s] -- Installing: /home/ogan/ME461F25_LittleDaisies/project/ros_ws/install/mobile_sensor/share/mobile_sensor//node_modules/js-yaml/dist/js-yaml.mjs
[1.259s] -- Installing: /home/ogan/ME461F25_LittleDaisies/project/ros_ws/install/mobile_sensor/share/mobile_sensor//node_modules/js-yaml/package.json
[1.259s] -- Installing: /home/ogan/ME461F25_LittleDaisies/project/ros_ws/install/mobile_sensor/share/mobile_sensor//node_modules/js-yaml/LICENSE
[1.259s] -- Installing: /home/ogan/ME461F25_LittleDaisies/project/ros_ws/install/mobile_sensor/share/mobile_sensor//node_modules/js-yaml/index.js
[1.260s] -- Installing: /home/ogan/ME461F25_LittleDaisies/project/ros_ws/install/mobile_sensor/share/mobile_sensor//node_modules/js-yaml/lib
[1.260s] -- Installing: /home/ogan/ME461F25_LittleDaisies/project/ros_ws/install/mobile_sensor/share/mobile_sensor//node_modules/js-yaml/lib/common.js
[1.260s] -- Installing: /home/ogan/ME461F25_LittleDaisies/project/ros_ws/install/mobile_sensor/share/mobile_sensor//node_modules/js-yaml/lib/exception.js
[1.260s] -- Installing: /home/ogan/ME461F25_LittleDaisies/project/ros_ws/install/mobile_sensor/share/mobile_sensor//node_modules/js-yaml/lib/snippet.js
[1.260s] -- Installing: /home/ogan/ME461F25_LittleDaisies/project/ros_ws/install/mobile_sensor/share/mobile_sensor//node_modules/js-yaml/lib/schema
[1.260s] -- Installing: /home/ogan/ME461F25_LittleDaisies/project/ros_ws/install/mobile_sensor/share/mobile_sensor//node_modules/js-yaml/lib/schema/core.js
[1.260s] -- Installing: /home/ogan/ME461F25_LittleDaisies/project/ros_ws/install/mobile_sensor/share/mobile_sensor//node_modules/js-yaml/lib/schema/default.js
[1.260s] -- Installing: /home/ogan/ME461F25_LittleDaisies/project/ros_ws/install/mobile_sensor/share/mobile_sensor//node_modules/js-yaml/lib/schema/failsafe.js
[1.260s] -- Installing: /home/ogan/ME461F25_LittleDaisies/project/ros_ws/install/mobile_sensor/share/mobile_sensor//node_modules/js-yaml/lib/schema/json.js
[1.260s] -- Installing: /home/ogan/ME461F25_LittleDaisies/project/ros_ws/install/mobile_sensor/share/mobile_sensor//node_modules/js-yaml/lib/dumper.js
[1.261s] -- Installing: /home/ogan/ME461F25_LittleDaisies/project/ros_ws/install/mobile_sensor/share/mobile_sensor//node_modules/js-yaml/lib/loader.js
[1.261s] -- Installing: /home/ogan/ME461F25_LittleDaisies/project/ros_ws/install/mobile_sensor/share/mobile_sensor//node_modules/js-yaml/lib/type.js
[1.261s] -- Installing: /home/ogan/ME461F25_LittleDaisies/project/ros_ws/install/mobile_sensor/share/mobile_sensor//node_modules/js-yaml/lib/type
[1.261s] -- Installing: /home/ogan/ME461F25_LittleDaisies/project/ros_ws/install/mobile_sensor/share/mobile_sensor//node_modules/js-yaml/lib/type/null.js
[1.261s] -- Installing: /home/ogan/ME461F25_LittleDaisies/project/ros_ws/install/mobile_sensor/share/mobile_sensor//node_modules/js-yaml/lib/type/set.js
[1.261s] -- Installing: /home/ogan/ME461F25_LittleDaisies/project/ros_ws/install/mobile_sensor/share/mobile_sensor//node_modules/js-yaml/lib/type/timestamp.js
[1.261s] -- Installing: /home/ogan/ME461F25_LittleDaisies/project/ros_ws/install/mobile_sensor/share/mobile_sensor//node_modules/js-yaml/lib/type/omap.js
[1.261s] -- Installing: /home/ogan/ME461F25_LittleDaisies/project/ros_ws/install/mobile_sensor/share/mobile_sensor//node_modules/js-yaml/lib/type/int.js
[1.261s] -- Installing: /home/ogan/ME461F25_LittleDaisies/project/ros_ws/install/mobile_sensor/share/mobile_sensor//node_modules/js-yaml/lib/type/merge.js
[1.261s] -- Installing: /home/ogan/ME461F25_LittleDaisies/project/ros_ws/install/mobile_sensor/share/mobile_sensor//node_modules/js-yaml/lib/type/binary.js
[1.262s] -- Installing: /home/ogan/ME461F25_LittleDaisies/project/ros_ws/install/mobile_sensor/share/mobile_sensor//node_modules/js-yaml/lib/type/seq.js
[1.262s] -- Installing: /home/ogan/ME461F25_LittleDaisies/project/ros_ws/install/mobile_sensor/share/mobile_sensor//node_modules/js-yaml/lib/type/map.js
[1.262s] -- Installing: /home/ogan/ME461F25_LittleDaisies/project/ros_ws/install/mobile_sensor/share/mobile_sensor//node_modules/js-yaml/lib/type/pairs.js
[1.262s] -- Installing: /home/ogan/ME461F25_LittleDaisies/project/ros_ws/install/mobile_sensor/share/mobile_sensor//node_modules/js-yaml/lib/type/bool.js
[1.262s] -- Installing: /home/ogan/ME461F25_LittleDaisies/project/ros_ws/install/mobile_sensor/share/mobile_sensor//node_modules/js-yaml/lib/type/float.js
[1.262s] -- Installing: /home/ogan/ME461F25_LittleDaisies/project/ros_ws/install/mobile_sensor/share/mobile_sensor//node_modules/js-yaml/lib/type/str.js
[1.262s] -- Installing: /home/ogan/ME461F25_LittleDaisies/project/ros_ws/install/mobile_sensor/share/mobile_sensor//node_modules/js-yaml/lib/schema.js
[1.262s] -- Installing: /home/ogan/ME461F25_LittleDaisies/project/ros_ws/install/mobile_sensor/share/mobile_sensor//node_modules/js-yaml/bin
[1.262s] -- Installing: /home/ogan/ME461F25_LittleDaisies/project/ros_ws/install/mobile_sensor/share/mobile_sensor//node_modules/js-yaml/bin/js-yaml.js
[1.262s] -- Installing: /home/ogan/ME461F25_LittleDaisies/project/ros_ws/install/mobile_sensor/share/mobile_sensor//node_modules/js-yaml/README.md
[1.263s] -- Installing: /home/ogan/ME461F25_LittleDaisies/project/ros_ws/install/mobile_sensor/share/mobile_sensor//node_modules/statuses
[1.263s] -- Installing: /home/ogan/ME461F25_LittleDaisies/project/ros_ws/install/mobile_sensor/share/mobile_sensor//node_modules/statuses/codes.json
[1.263s] -- Installing: /home/ogan/ME461F25_LittleDaisies/project/ros_ws/install/mobile_sensor/share/mobile_sensor//node_modules/statuses/package.json
[1.263s] -- Installing: /home/ogan/ME461F25_LittleDaisies/project/ros_ws/install/mobile_sensor/share/mobile_sensor//node_modules/statuses/LICENSE
[1.263s] -- Installing: /home/ogan/ME461F25_LittleDaisies/project/ros_ws/install/mobile_sensor/share/mobile_sensor//node_modules/statuses/index.js
[1.263s] -- Installing: /home/ogan/ME461F25_LittleDaisies/project/ros_ws/install/mobile_sensor/share/mobile_sensor//node_modules/statuses/HISTORY.md
[1.263s] -- Installing: /home/ogan/ME461F25_LittleDaisies/project/ros_ws/install/mobile_sensor/share/mobile_sensor//node_modules/statuses/README.md
[1.263s] -- Installing: /home/ogan/ME461F25_LittleDaisies/project/ros_ws/install/mobile_sensor/share/mobile_sensor//node_modules/parseurl
[1.263s] -- Installing: /home/ogan/ME461F25_LittleDaisies/project/ros_ws/install/mobile_sensor/share/mobile_sensor//node_modules/parseurl/package.json
[1.263s] -- Installing: /home/ogan/ME461F25_LittleDaisies/project/ros_ws/install/mobile_sensor/share/mobile_sensor//node_modules/parseurl/LICENSE
[1.264s] -- Installing: /home/ogan/ME461F25_LittleDaisies/project/ros_ws/install/mobile_sensor/share/mobile_sensor//node_modules/parseurl/index.js
[1.264s] -- Installing: /home/ogan/ME461F25_LittleDaisies/project/ros_ws/install/mobile_sensor/share/mobile_sensor//node_modules/parseurl/HISTORY.md
[1.264s] -- Installing: /home/ogan/ME461F25_LittleDaisies/project/ros_ws/install/mobile_sensor/share/mobile_sensor//node_modules/parseurl/README.md
[1.264s] -- Installing: /home/ogan/ME461F25_LittleDaisies/project/ros_ws/install/mobile_sensor/share/mobile_sensor//node_modules/type
[1.264s] -- Installing: /home/ogan/ME461F25_LittleDaisies/project/ros_ws/install/mobile_sensor/share/mobile_sensor//node_modules/type/big-int
[1.264s] -- Installing: /home/ogan/ME461F25_LittleDaisies/project/ros_ws/install/mobile_sensor/share/mobile_sensor//node_modules/type/big-int/coerce.js
[1.264s] -- Installing: /home/ogan/ME461F25_LittleDaisies/project/ros_ws/install/mobile_sensor/share/mobile_sensor//node_modules/type/big-int/ensure.js
[1.264s] -- Installing: /home/ogan/ME461F25_LittleDaisies/project/ros_ws/install/mobile_sensor/share/mobile_sensor//node_modules/type/plain-function
[1.264s] -- Installing: /home/ogan/ME461F25_LittleDaisies/project/ros_ws/install/mobile_sensor/share/mobile_sensor//node_modules/type/plain-function/ensure.js
[1.264s] -- Installing: /home/ogan/ME461F25_LittleDaisies/project/ros_ws/install/mobile_sensor/share/mobile_sensor//node_modules/type/plain-function/is.js
[1.264s] -- Installing: /home/ogan/ME461F25_LittleDaisies/project/ros_ws/install/mobile_sensor/share/mobile_sensor//node_modules/type/set
[1.264s] -- Installing: /home/ogan/ME461F25_LittleDaisies/project/ros_ws/install/mobile_sensor/share/mobile_sensor//node_modules/type/set/ensure.js
[1.265s] -- Installing: /home/ogan/ME461F25_LittleDaisies/project/ros_ws/install/mobile_sensor/share/mobile_sensor//node_modules/type/set/is.js
[1.265s] -- Installing: /home/ogan/ME461F25_LittleDaisies/project/ros_ws/install/mobile_sensor/share/mobile_sensor//node_modules/type/integer
[1.265s] -- Installing: /home/ogan/ME461F25_LittleDaisies/project/ros_ws/install/mobile_sensor/share/mobile_sensor//node_modules/type/integer/coerce.js
[1.265s] -- Installing: /home/ogan/ME461F25_LittleDaisies/project/ros_ws/install/mobile_sensor/share/mobile_sensor//node_modules/type/integer/ensure.js
[1.265s] -- Installing: /home/ogan/ME461F25_LittleDaisies/project/ros_ws/install/mobile_sensor/share/mobile_sensor//node_modules/type/finite
[1.265s] -- Installing: /home/ogan/ME461F25_LittleDaisies/project/ros_ws/install/mobile_sensor/share/mobile_sensor//node_modules/type/finite/coerce.js
[1.265s] -- Installing: /home/ogan/ME461F25_LittleDaisies/project/ros_ws/install/mobile_sensor/share/mobile_sensor//node_modules/type/finite/ensure.js
[1.265s] -- Installing: /home/ogan/ME461F25_LittleDaisies/project/ros_ws/install/mobile_sensor/share/mobile_sensor//node_modules/type/ts-types
[1.265s] -- Installing: /home/ogan/ME461F25_LittleDaisies/project/ros_ws/install/mobile_sensor/share/mobile_sensor//node_modules/type/ts-types/big-int
[1.265s] -- Installing: /home/ogan/ME461F25_LittleDaisies/project/ros_ws/install/mobile_sensor/share/mobile_sensor//node_modules/type/ts-types/big-int/ensure.d.ts
[1.265s] -- Installing: /home/ogan/ME461F25_LittleDaisies/project/ros_ws/install/mobile_sensor/share/mobile_sensor//node_modules/type/ts-types/big-int/coerce.d.ts
[1.266s] -- Installing: /home/ogan/ME461F25_LittleDaisies/project/ros_ws/install/mobile_sensor/share/mobile_sensor//node_modules/type/ts-types/plain-function
[1.266s] -- Installing: /home/ogan/ME461F25_LittleDaisies/project/ros_ws/install/mobile_sensor/share/mobile_sensor//node_modules/type/ts-types/plain-function/ensure.d.ts
[1.266s] -- Installing: /home/ogan/ME461F25_LittleDaisies/project/ros_ws/install/mobile_sensor/share/mobile_sensor//node_modules/type/ts-types/plain-function/is.d.ts
[1.266s] -- Installing: /home/ogan/ME461F25_LittleDaisies/project/ros_ws/install/mobile_sensor/share/mobile_sensor//node_modules/type/ts-types/set
[1.266s] -- Installing: /home/ogan/ME461F25_LittleDaisies/project/ros_ws/install/mobile_sensor/share/mobile_sensor//node_modules/type/ts-types/set/ensure.d.ts
[1.266s] -- Installing: /home/ogan/ME461F25_LittleDaisies/project/ros_ws/install/mobile_sensor/share/mobile_sensor//node_modules/type/ts-types/set/is.d.ts
[1.266s] -- Installing: /home/ogan/ME461F25_LittleDaisies/project/ros_ws/install/mobile_sensor/share/mobile_sensor//node_modules/type/ts-types/integer
[1.266s] -- Installing: /home/ogan/ME461F25_LittleDaisies/project/ros_ws/install/mobile_sensor/share/mobile_sensor//node_modules/type/ts-types/integer/ensure.d.ts
[1.266s] -- Installing: /home/ogan/ME461F25_LittleDaisies/project/ros_ws/install/mobile_sensor/share/mobile_sensor//node_modules/type/ts-types/integer/coerce.d.ts
[1.266s] -- Installing: /home/ogan/ME461F25_LittleDaisies/project/ros_ws/install/mobile_sensor/share/mobile_sensor//node_modules/type/ts-types/finite
[1.266s] -- Installing: /home/ogan/ME461F25_LittleDaisies/project/ros_ws/install/mobile_sensor/share/mobile_sensor//node_modules/type/ts-types/finite/ensure.d.ts
[1.267s] -- Installing: /home/ogan/ME461F25_LittleDaisies/project/ros_ws/install/mobile_sensor/share/mobile_sensor//node_modules/type/ts-types/finite/coerce.d.ts
[1.267s] -- Installing: /home/ogan/ME461F25_LittleDaisies/project/ros_ws/install/mobile_sensor/share/mobile_sensor//node_modules/type/ts-types/thenable
[1.267s] -- Installing: /home/ogan/ME461F25_LittleDaisies/project/ros_ws/install/mobile_sensor/share/mobile_sensor//node_modules/type/ts-types/thenable/ensure.d.ts
[1.267s] -- Installing: /home/ogan/ME461F25_LittleDaisies/project/ros_ws/install/mobile_sensor/share/mobile_sensor//node_modules/type/ts-types/thenable/is.d.ts
[1.267s] -- Installing: /home/ogan/ME461F25_LittleDaisies/project/ros_ws/install/mobile_sensor/share/mobile_sensor//node_modules/type/ts-types/map
[1.267s] -- Installing: /home/ogan/ME461F25_LittleDaisies/project/ros_ws/install/mobile_sensor/share/mobile_sensor//node_modules/type/ts-types/map/ensure.d.ts
[1.267s] -- Installing: /home/ogan/ME461F25_LittleDaisies/project/ros_ws/install/mobile_sensor/share/mobile_sensor//node_modules/type/ts-types/map/is.d.ts
[1.267s] -- Installing: /home/ogan/ME461F25_LittleDaisies/project/ros_ws/install/mobile_sensor/share/mobile_sensor//node_modules/type/ts-types/string
[1.267s] -- Installing: /home/ogan/ME461F25_LittleDaisies/project/ros_ws/install/mobile_sensor/share/mobile_sensor//node_modules/type/ts-types/string/ensure.d.ts
[1.267s] -- Installing: /home/ogan/ME461F25_LittleDaisies/project/ros_ws/install/mobile_sensor/share/mobile_sensor//node_modules/type/ts-types/string/coerce.d.ts
[1.267s] -- Installing: /home/ogan/ME461F25_LittleDaisies/project/ros_ws/install/mobile_sensor/share/mobile_sensor//node_modules/type/ts-types/date
[1.268s] -- Installing: /home/ogan/ME461F25_LittleDaisies/project/ros_ws/install/mobile_sensor/share/mobile_sensor//node_modules/type/ts-types/date/ensure.d.ts
[1.268s] -- Installing: /home/ogan/ME461F25_LittleDaisies/project/ros_ws/install/mobile_sensor/share/mobile_sensor//node_modules/type/ts-types/date/is.d.ts
[1.268s] -- Installing: /home/ogan/ME461F25_LittleDaisies/project/ros_ws/install/mobile_sensor/share/mobile_sensor//node_modules/type/ts-types/reg-exp
[1.268s] -- Installing: /home/ogan/ME461F25_LittleDaisies/project/ros_ws/install/mobile_sensor/share/mobile_sensor//node_modules/type/ts-types/reg-exp/ensure.d.ts
[1.268s] -- Installing: /home/ogan/ME461F25_LittleDaisies/project/ros_ws/install/mobile_sensor/share/mobile_sensor//node_modules/type/ts-types/reg-exp/is.d.ts
[1.268s] -- Installing: /home/ogan/ME461F25_LittleDaisies/project/ros_ws/install/mobile_sensor/share/mobile_sensor//node_modules/type/ts-types/iterable
[1.268s] -- Installing: /home/ogan/ME461F25_LittleDaisies/project/ros_ws/install/mobile_sensor/share/mobile_sensor//node_modules/type/ts-types/iterable/ensure.d.ts
[1.268s] -- Installing: /home/ogan/ME461F25_LittleDaisies/project/ros_ws/install/mobile_sensor/share/mobile_sensor//node_modules/type/ts-types/iterable/is.d.ts
[1.268s] -- Installing: /home/ogan/ME461F25_LittleDaisies/project/ros_ws/install/mobile_sensor/share/mobile_sensor//node_modules/type/ts-types/constructor
[1.268s] -- Installing: /home/ogan/ME461F25_LittleDaisies/project/ros_ws/install/mobile_sensor/share/mobile_sensor//node_modules/type/ts-types/constructor/ensure.d.ts
[1.268s] -- Installing: /home/ogan/ME461F25_LittleDaisies/project/ros_ws/install/mobile_sensor/share/mobile_sensor//node_modules/type/ts-types/constructor/is.d.ts
[1.269s] -- Installing: /home/ogan/ME461F25_LittleDaisies/project/ros_ws/install/mobile_sensor/share/mobile_sensor//node_modules/type/ts-types/ensure.d.ts
[1.269s] -- Installing: /home/ogan/ME461F25_LittleDaisies/project/ros_ws/install/mobile_sensor/share/mobile_sensor//node_modules/type/ts-types/number
[1.269s] -- Installing: /home/ogan/ME461F25_LittleDaisies/project/ros_ws/install/mobile_sensor/share/mobile_sensor//node_modules/type/ts-types/number/ensure.d.ts
[1.269s] -- Installing: /home/ogan/ME461F25_LittleDaisies/project/ros_ws/install/mobile_sensor/share/mobile_sensor//node_modules/type/ts-types/number/coerce.d.ts
[1.269s] -- Installing: /home/ogan/ME461F25_LittleDaisies/project/ros_ws/install/mobile_sensor/share/mobile_sensor//node_modules/type/ts-types/array-like
[1.269s] -- Installing: /home/ogan/ME461F25_LittleDaisies/project/ros_ws/install/mobile_sensor/share/mobile_sensor//node_modules/type/ts-types/array-like/ensure.d.ts
[1.269s] -- Installing: /home/ogan/ME461F25_LittleDaisies/project/ros_ws/install/mobile_sensor/share/mobile_sensor//node_modules/type/ts-types/array-like/is.d.ts
[1.269s] -- Installing: /home/ogan/ME461F25_LittleDaisies/project/ros_ws/install/mobile_sensor/share/mobile_sensor//node_modules/type/ts-types/error
[1.269s] -- Installing: /home/ogan/ME461F25_LittleDaisies/project/ros_ws/install/mobile_sensor/share/mobile_sensor//node_modules/type/ts-types/error/ensure.d.ts
[1.269s] -- Installing: /home/ogan/ME461F25_LittleDaisies/project/ros_ws/install/mobile_sensor/share/mobile_sensor//node_modules/type/ts-types/error/is.d.ts
[1.269s] -- Installing: /home/ogan/ME461F25_LittleDaisies/project/ros_ws/install/mobile_sensor/share/mobile_sensor//node_modules/type/ts-types/safe-integer
[1.270s] -- Installing: /home/ogan/ME461F25_LittleDaisies/project/ros_ws/install/mobile_sensor/share/mobile_sensor//node_modules/type/ts-types/safe-integer/ensure.d.ts
[1.270s] -- Installing: /home/ogan/ME461F25_LittleDaisies/project/ros_ws/install/mobile_sensor/share/mobile_sensor//node_modules/type/ts-types/safe-integer/coerce.d.ts
[1.270s] -- Installing: /home/ogan/ME461F25_LittleDaisies/project/ros_ws/install/mobile_sensor/share/mobile_sensor//node_modules/type/ts-types/plain-object
[1.270s] -- Installing: /home/ogan/ME461F25_LittleDaisies/project/ros_ws/install/mobile_sensor/share/mobile_sensor//node_modules/type/ts-types/plain-object/ensure.d.ts
[1.270s] -- Installing: /home/ogan/ME461F25_LittleDaisies/project/ros_ws/install/mobile_sensor/share/mobile_sensor//node_modules/type/ts-types/plain-object/is.d.ts
[1.270s] -- Installing: /home/ogan/ME461F25_LittleDaisies/project/ros_ws/install/mobile_sensor/share/mobile_sensor//node_modules/type/ts-types/time-value
[1.270s] -- Installing: /home/ogan/ME461F25_LittleDaisies/project/ros_ws/install/mobile_sensor/share/mobile_sensor//node_modules/type/ts-types/time-value/ensure.d.ts
[1.270s] -- Installing: /home/ogan/ME461F25_LittleDaisies/project/ros_ws/install/mobile_sensor/share/mobile_sensor//node_modules/type/ts-types/time-value/coerce.d.ts
[1.270s] -- Installing: /home/ogan/ME461F25_LittleDaisies/project/ros_ws/install/mobile_sensor/share/mobile_sensor//node_modules/type/ts-types/function
[1.270s] -- Installing: /home/ogan/ME461F25_LittleDaisies/project/ros_ws/install/mobile_sensor/share/mobile_sensor//node_modules/type/ts-types/function/ensure.d.ts
[1.270s] -- Installing: /home/ogan/ME461F25_LittleDaisies/project/ros_ws/install/mobile_sensor/share/mobile_sensor//node_modules/type/ts-types/function/is.d.ts
[1.271s] -- Installing: /home/ogan/ME461F25_LittleDaisies/project/ros_ws/install/mobile_sensor/share/mobile_sensor//node_modules/type/ts-types/natural-number
[1.271s] -- Installing: /home/ogan/ME461F25_LittleDaisies/project/ros_ws/install/mobile_sensor/share/mobile_sensor//node_modules/type/ts-types/natural-number/ensure.d.ts
[1.271s] -- Installing: /home/ogan/ME461F25_LittleDaisies/project/ros_ws/install/mobile_sensor/share/mobile_sensor//node_modules/type/ts-types/natural-number/coerce.d.ts
[1.271s] -- Installing: /home/ogan/ME461F25_LittleDaisies/project/ros_ws/install/mobile_sensor/share/mobile_sensor//node_modules/type/ts-types/promise
[1.271s] -- Installing: /home/ogan/ME461F25_LittleDaisies/project/ros_ws/install/mobile_sensor/share/mobile_sensor//node_modules/type/ts-types/promise/ensure.d.ts
[1.271s] -- Installing: /home/ogan/ME461F25_LittleDaisies/project/ros_ws/install/mobile_sensor/share/mobile_sensor//node_modules/type/ts-types/promise/is.d.ts
[1.271s] -- Installing: /home/ogan/ME461F25_LittleDaisies/project/ros_ws/install/mobile_sensor/share/mobile_sensor//node_modules/type/ts-types/array-length
[1.271s] -- Installing: /home/ogan/ME461F25_LittleDaisies/project/ros_ws/install/mobile_sensor/share/mobile_sensor//node_modules/type/ts-types/array-length/ensure.d.ts
[1.271s] -- Installing: /home/ogan/ME461F25_LittleDaisies/project/ros_ws/install/mobile_sensor/share/mobile_sensor//node_modules/type/ts-types/array-length/coerce.d.ts
[1.271s] -- Installing: /home/ogan/ME461F25_LittleDaisies/project/ros_ws/install/mobile_sensor/share/mobile_sensor//node_modules/type/ts-types/object
[1.271s] -- Installing: /home/ogan/ME461F25_LittleDaisies/project/ros_ws/install/mobile_sensor/share/mobile_sensor//node_modules/type/ts-types/object/ensure.d.ts
[1.272s] -- Installing: /home/ogan/ME461F25_LittleDaisies/project/ros_ws/install/mobile_sensor/share/mobile_sensor//node_modules/type/ts-types/object/is.d.ts
[1.272s] -- Installing: /home/ogan/ME461F25_LittleDaisies/project/ros_ws/install/mobile_sensor/share/mobile_sensor//node_modules/type/ts-types/array
[1.272s] -- Installing: /home/ogan/ME461F25_LittleDaisies/project/ros_ws/install/mobile_sensor/share/mobile_sensor//node_modules/type/ts-types/array/ensure.d.ts
[1.272s] -- Installing: /home/ogan/ME461F25_LittleDaisies/project/ros_ws/install/mobile_sensor/share/mobile_sensor//node_modules/type/ts-types/array/is.d.ts
[1.272s] -- Installing: /home/ogan/ME461F25_LittleDaisies/project/ros_ws/install/mobile_sensor/share/mobile_sensor//node_modules/type/ts-types/prototype
[1.272s] -- Installing: /home/ogan/ME461F25_LittleDaisies/project/ros_ws/install/mobile_sensor/share/mobile_sensor//node_modules/type/ts-types/prototype/is.d.ts
[1.272s] -- Installing: /home/ogan/ME461F25_LittleDaisies/project/ros_ws/install/mobile_sensor/share/mobile_sensor//node_modules/type/ts-types/value
[1.272s] -- Installing: /home/ogan/ME461F25_LittleDaisies/project/ros_ws/install/mobile_sensor/share/mobile_sensor//node_modules/type/ts-types/value/ensure.d.ts
[1.272s] -- Installing: /home/ogan/ME461F25_LittleDaisies/project/ros_ws/install/mobile_sensor/share/mobile_sensor//node_modules/type/ts-types/value/is.d.ts
[1.272s] -- Installing: /home/ogan/ME461F25_LittleDaisies/project/ros_ws/install/mobile_sensor/share/mobile_sensor//node_modules/type/package.json
[1.273s] -- Installing: /home/ogan/ME461F25_LittleDaisies/project/ros_ws/install/mobile_sensor/share/mobile_sensor//node_modules/type/thenable
[1.273s] -- Installing: /home/ogan/ME461F25_LittleDaisies/project/ros_ws/install/mobile_sensor/share/mobile_sensor//node_modules/type/thenable/ensure.js
[1.273s] -- Installing: /home/ogan/ME461F25_LittleDaisies/project/ros_ws/install/mobile_sensor/share/mobile_sensor//node_modules/type/thenable/is.js
[1.273s] -- Installing: /home/ogan/ME461F25_LittleDaisies/project/ros_ws/install/mobile_sensor/share/mobile_sensor//node_modules/type/map
[1.273s] -- Installing: /home/ogan/ME461F25_LittleDaisies/project/ros_ws/install/mobile_sensor/share/mobile_sensor//node_modules/type/map/ensure.js
[1.273s] -- Installing: /home/ogan/ME461F25_LittleDaisies/project/ros_ws/install/mobile_sensor/share/mobile_sensor//node_modules/type/map/is.js
[1.273s] -- Installing: /home/ogan/ME461F25_LittleDaisies/project/ros_ws/install/mobile_sensor/share/mobile_sensor//node_modules/type/ensure.js
[1.273s] -- Installing: /home/ogan/ME461F25_LittleDaisies/project/ros_ws/install/mobile_sensor/share/mobile_sensor//node_modules/type/string
[1.273s] -- Installing: /home/ogan/ME461F25_LittleDaisies/project/ros_ws/install/mobile_sensor/share/mobile_sensor//node_modules/type/string/coerce.js
[1.273s] -- Installing: /home/ogan/ME461F25_LittleDaisies/project/ros_ws/install/mobile_sensor/share/mobile_sensor//node_modules/type/string/ensure.js
[1.274s] -- Installing: /home/ogan/ME461F25_LittleDaisies/project/ros_ws/install/mobile_sensor/share/mobile_sensor//node_modules/type/LICENSE
[1.274s] -- Installing: /home/ogan/ME461F25_LittleDaisies/project/ros_ws/install/mobile_sensor/share/mobile_sensor//node_modules/type/lib
[1.274s] -- Installing: /home/ogan/ME461F25_LittleDaisies/project/ros_ws/install/mobile_sensor/share/mobile_sensor//node_modules/type/lib/ensure
[1.274s] -- Installing: /home/ogan/ME461F25_LittleDaisies/project/ros_ws/install/mobile_sensor/share/mobile_sensor//node_modules/type/lib/ensure/min.js
[1.274s] -- Installing: /home/ogan/ME461F25_LittleDaisies/project/ros_ws/install/mobile_sensor/share/mobile_sensor//node_modules/type/lib/resolve-error-message.js
[1.274s] -- Installing: /home/ogan/ME461F25_LittleDaisies/project/ros_ws/install/mobile_sensor/share/mobile_sensor//node_modules/type/lib/to-short-string.js
[1.274s] -- Installing: /home/ogan/ME461F25_LittleDaisies/project/ros_ws/install/mobile_sensor/share/mobile_sensor//node_modules/type/lib/safe-to-string.js
[1.274s] -- Installing: /home/ogan/ME461F25_LittleDaisies/project/ros_ws/install/mobile_sensor/share/mobile_sensor//node_modules/type/lib/is-to-string-tag-supported.js
[1.274s] -- Installing: /home/ogan/ME461F25_LittleDaisies/project/ros_ws/install/mobile_sensor/share/mobile_sensor//node_modules/type/lib/resolve-exception.js
[1.274s] -- Installing: /home/ogan/ME461F25_LittleDaisies/project/ros_ws/install/mobile_sensor/share/mobile_sensor//node_modules/type/date
[1.274s] -- Installing: /home/ogan/ME461F25_LittleDaisies/project/ros_ws/install/mobile_sensor/share/mobile_sensor//node_modules/type/date/ensure.js
[1.275s] -- Installing: /home/ogan/ME461F25_LittleDaisies/project/ros_ws/install/mobile_sensor/share/mobile_sensor//node_modules/type/date/is.js
[1.275s] -- Installing: /home/ogan/ME461F25_LittleDaisies/project/ros_ws/install/mobile_sensor/share/mobile_sensor//node_modules/type/reg-exp
[1.275s] -- Installing: /home/ogan/ME461F25_LittleDaisies/project/ros_ws/install/mobile_sensor/share/mobile_sensor//node_modules/type/reg-exp/ensure.js
[1.275s] -- Installing: /home/ogan/ME461F25_LittleDaisies/project/ros_ws/install/mobile_sensor/share/mobile_sensor//node_modules/type/reg-exp/is.js
[1.275s] -- Installing: /home/ogan/ME461F25_LittleDaisies/project/ros_ws/install/mobile_sensor/share/mobile_sensor//node_modules/type/iterable
[1.275s] -- Installing: /home/ogan/ME461F25_LittleDaisies/project/ros_ws/install/mobile_sensor/share/mobile_sensor//node_modules/type/iterable/ensure.js
[1.275s] -- Installing: /home/ogan/ME461F25_LittleDaisies/project/ros_ws/install/mobile_sensor/share/mobile_sensor//node_modules/type/iterable/is.js
[1.275s] -- Installing: /home/ogan/ME461F25_LittleDaisies/project/ros_ws/install/mobile_sensor/share/mobile_sensor//node_modules/type/docs
[1.275s] -- Installing: /home/ogan/ME461F25_LittleDaisies/project/ros_ws/install/mobile_sensor/share/mobile_sensor//node_modules/type/docs/array-like.md
[1.275s] -- Installing: /home/ogan/ME461F25_LittleDaisies/project/ros_ws/install/mobile_sensor/share/mobile_sensor//node_modules/type/docs/plain-object.md
[1.275s] -- Installing: /home/ogan/ME461F25_LittleDaisies/project/ros_ws/install/mobile_sensor/share/mobile_sensor//node_modules/type/docs/iterable.md
[1.276s] -- Installing: /home/ogan/ME461F25_LittleDaisies/project/ros_ws/install/mobile_sensor/share/mobile_sensor//node_modules/type/docs/string.md
[1.276s] -- Installing: /home/ogan/ME461F25_LittleDaisies/project/ros_ws/install/mobile_sensor/share/mobile_sensor//node_modules/type/docs/error.md
[1.276s] -- Installing: /home/ogan/ME461F25_LittleDaisies/project/ros_ws/install/mobile_sensor/share/mobile_sensor//node_modules/type/docs/map.md
[1.276s] -- Installing: /home/ogan/ME461F25_LittleDaisies/project/ros_ws/install/mobile_sensor/share/mobile_sensor//node_modules/type/docs/object.md
[1.276s] -- Installing: /home/ogan/ME461F25_LittleDaisies/project/ros_ws/install/mobile_sensor/share/mobile_sensor//node_modules/type/docs/plain-function.md
[1.276s] -- Installing: /home/ogan/ME461F25_LittleDaisies/project/ros_ws/install/mobile_sensor/share/mobile_sensor//node_modules/type/docs/set.md
[1.276s] -- Installing: /home/ogan/ME461F25_LittleDaisies/project/ros_ws/install/mobile_sensor/share/mobile_sensor//node_modules/type/docs/big-int.md
[1.276s] -- Installing: /home/ogan/ME461F25_LittleDaisies/project/ros_ws/install/mobile_sensor/share/mobile_sensor//node_modules/type/docs/promise.md
[1.276s] -- Installing: /home/ogan/ME461F25_LittleDaisies/project/ros_ws/install/mobile_sensor/share/mobile_sensor//node_modules/type/docs/time-value.md
[1.276s] -- Installing: /home/ogan/ME461F25_LittleDaisies/project/ros_ws/install/mobile_sensor/share/mobile_sensor//node_modules/type/docs/finite.md
[1.277s] -- Installing: /home/ogan/ME461F25_LittleDaisies/project/ros_ws/install/mobile_sensor/share/mobile_sensor//node_modules/type/docs/natural-number.md
[1.277s] -- Installing: /home/ogan/ME461F25_LittleDaisies/project/ros_ws/install/mobile_sensor/share/mobile_sensor//node_modules/type/docs/value.md
[1.277s] -- Installing: /home/ogan/ME461F25_LittleDaisies/project/ros_ws/install/mobile_sensor/share/mobile_sensor//node_modules/type/docs/function.md
[1.277s] -- Installing: /home/ogan/ME461F25_LittleDaisies/project/ros_ws/install/mobile_sensor/share/mobile_sensor//node_modules/type/docs/array-length.md
[1.277s] -- Installing: /home/ogan/ME461F25_LittleDaisies/project/ros_ws/install/mobile_sensor/share/mobile_sensor//node_modules/type/docs/constructor.md
[1.277s] -- Installing: /home/ogan/ME461F25_LittleDaisies/project/ros_ws/install/mobile_sensor/share/mobile_sensor//node_modules/type/docs/number.md
[1.277s] -- Installing: /home/ogan/ME461F25_LittleDaisies/project/ros_ws/install/mobile_sensor/share/mobile_sensor//node_modules/type/docs/ensure.md
[1.277s] -- Installing: /home/ogan/ME461F25_LittleDaisies/project/ros_ws/install/mobile_sensor/share/mobile_sensor//node_modules/type/docs/integer.md
[1.277s] -- Installing: /home/ogan/ME461F25_LittleDaisies/project/ros_ws/install/mobile_sensor/share/mobile_sensor//node_modules/type/docs/array.md
[1.277s] -- Installing: /home/ogan/ME461F25_LittleDaisies/project/ros_ws/install/mobile_sensor/share/mobile_sensor//node_modules/type/docs/date.md
[1.278s] -- Installing: /home/ogan/ME461F25_LittleDaisies/project/ros_ws/install/mobile_sensor/share/mobile_sensor//node_modules/type/docs/reg-exp.md
[1.278s] -- Installing: /home/ogan/ME461F25_LittleDaisies/project/ros_ws/install/mobile_sensor/share/mobile_sensor//node_modules/type/docs/prototype.md
[1.278s] -- Installing: /home/ogan/ME461F25_LittleDaisies/project/ros_ws/install/mobile_sensor/share/mobile_sensor//node_modules/type/docs/thenable.md
[1.278s] -- Installing: /home/ogan/ME461F25_LittleDaisies/project/ros_ws/install/mobile_sensor/share/mobile_sensor//node_modules/type/docs/safe-integer.md
[1.278s] -- Installing: /home/ogan/ME461F25_LittleDaisies/project/ros_ws/install/mobile_sensor/share/mobile_sensor//node_modules/type/constructor
[1.278s] -- Installing: /home/ogan/ME461F25_LittleDaisies/project/ros_ws/install/mobile_sensor/share/mobile_sensor//node_modules/type/constructor/ensure.js
[1.278s] -- Installing: /home/ogan/ME461F25_LittleDaisies/project/ros_ws/install/mobile_sensor/share/mobile_sensor//node_modules/type/constructor/is.js
[1.278s] -- Installing: /home/ogan/ME461F25_LittleDaisies/project/ros_ws/install/mobile_sensor/share/mobile_sensor//node_modules/type/CHANGELOG.md
[1.278s] -- Installing: /home/ogan/ME461F25_LittleDaisies/project/ros_ws/install/mobile_sensor/share/mobile_sensor//node_modules/type/number
[1.278s] -- Installing: /home/ogan/ME461F25_LittleDaisies/project/ros_ws/install/mobile_sensor/share/mobile_sensor//node_modules/type/number/coerce.js
[1.279s] -- Installing: /home/ogan/ME461F25_LittleDaisies/project/ros_ws/install/mobile_sensor/share/mobile_sensor//node_modules/type/number/ensure.js
[1.279s] -- Installing: /home/ogan/ME461F25_LittleDaisies/project/ros_ws/install/mobile_sensor/share/mobile_sensor//node_modules/type/array-like
[1.279s] -- Installing: /home/ogan/ME461F25_LittleDaisies/project/ros_ws/install/mobile_sensor/share/mobile_sensor//node_modules/type/array-like/ensure.js
[1.279s] -- Installing: /home/ogan/ME461F25_LittleDaisies/project/ros_ws/install/mobile_sensor/share/mobile_sensor//node_modules/type/array-like/is.js
[1.279s] -- Installing: /home/ogan/ME461F25_LittleDaisies/project/ros_ws/install/mobile_sensor/share/mobile_sensor//node_modules/type/error
[1.279s] -- Installing: /home/ogan/ME461F25_LittleDaisies/project/ros_ws/install/mobile_sensor/share/mobile_sensor//node_modules/type/error/ensure.js
[1.279s] -- Installing: /home/ogan/ME461F25_LittleDaisies/project/ros_ws/install/mobile_sensor/share/mobile_sensor//node_modules/type/error/is.js
[1.279s] -- Installing: /home/ogan/ME461F25_LittleDaisies/project/ros_ws/install/mobile_sensor/share/mobile_sensor//node_modules/type/safe-integer
[1.279s] -- Installing: /home/ogan/ME461F25_LittleDaisies/project/ros_ws/install/mobile_sensor/share/mobile_sensor//node_modules/type/safe-integer/coerce.js
[1.279s] -- Installing: /home/ogan/ME461F25_LittleDaisies/project/ros_ws/install/mobile_sensor/share/mobile_sensor//node_modules/type/safe-integer/ensure.js
[1.279s] -- Installing: /home/ogan/ME461F25_LittleDaisies/project/ros_ws/install/mobile_sensor/share/mobile_sensor//node_modules/type/plain-object
[1.280s] -- Installing: /home/ogan/ME461F25_LittleDaisies/project/ros_ws/install/mobile_sensor/share/mobile_sensor//node_modules/type/plain-object/ensure.js
[1.280s] -- Installing: /home/ogan/ME461F25_LittleDaisies/project/ros_ws/install/mobile_sensor/share/mobile_sensor//node_modules/type/plain-object/is.js
[1.280s] -- Installing: /home/ogan/ME461F25_LittleDaisies/project/ros_ws/install/mobile_sensor/share/mobile_sensor//node_modules/type/time-value
[1.280s] -- Installing: /home/ogan/ME461F25_LittleDaisies/project/ros_ws/install/mobile_sensor/share/mobile_sensor//node_modules/type/time-value/coerce.js
[1.280s] -- Installing: /home/ogan/ME461F25_LittleDaisies/project/ros_ws/install/mobile_sensor/share/mobile_sensor//node_modules/type/time-value/ensure.js
[1.280s] -- Installing: /home/ogan/ME461F25_LittleDaisies/project/ros_ws/install/mobile_sensor/share/mobile_sensor//node_modules/type/function
[1.280s] -- Installing: /home/ogan/ME461F25_LittleDaisies/project/ros_ws/install/mobile_sensor/share/mobile_sensor//node_modules/type/function/ensure.js
[1.280s] -- Installing: /home/ogan/ME461F25_LittleDaisies/project/ros_ws/install/mobile_sensor/share/mobile_sensor//node_modules/type/function/is.js
[1.280s] -- Installing: /home/ogan/ME461F25_LittleDaisies/project/ros_ws/install/mobile_sensor/share/mobile_sensor//node_modules/type/natural-number
[1.280s] -- Installing: /home/ogan/ME461F25_LittleDaisies/project/ros_ws/install/mobile_sensor/share/mobile_sensor//node_modules/type/natural-number/coerce.js
[1.280s] -- Installing: /home/ogan/ME461F25_LittleDaisies/project/ros_ws/install/mobile_sensor/share/mobile_sensor//node_modules/type/natural-number/ensure.js
[1.281s] -- Installing: /home/ogan/ME461F25_LittleDaisies/project/ros_ws/install/mobile_sensor/share/mobile_sensor//node_modules/type/promise
[1.281s] -- Installing: /home/ogan/ME461F25_LittleDaisies/project/ros_ws/install/mobile_sensor/share/mobile_sensor//node_modules/type/promise/ensure.js
[1.281s] -- Installing: /home/ogan/ME461F25_LittleDaisies/project/ros_ws/install/mobile_sensor/share/mobile_sensor//node_modules/type/promise/is.js
[1.281s] -- Installing: /home/ogan/ME461F25_LittleDaisies/project/ros_ws/install/mobile_sensor/share/mobile_sensor//node_modules/type/array-length
[1.281s] -- Installing: /home/ogan/ME461F25_LittleDaisies/project/ros_ws/install/mobile_sensor/share/mobile_sensor//node_modules/type/array-length/coerce.js
[1.281s] -- Installing: /home/ogan/ME461F25_LittleDaisies/project/ros_ws/install/mobile_sensor/share/mobile_sensor//node_modules/type/array-length/ensure.js
[1.281s] -- Installing: /home/ogan/ME461F25_LittleDaisies/project/ros_ws/install/mobile_sensor/share/mobile_sensor//node_modules/type/object
[1.281s] -- Installing: /home/ogan/ME461F25_LittleDaisies/project/ros_ws/install/mobile_sensor/share/mobile_sensor//node_modules/type/object/ensure.js
[1.281s] -- Installing: /home/ogan/ME461F25_LittleDaisies/project/ros_ws/install/mobile_sensor/share/mobile_sensor//node_modules/type/object/is.js
[1.281s] -- Installing: /home/ogan/ME461F25_LittleDaisies/project/ros_ws/install/mobile_sensor/share/mobile_sensor//node_modules/type/README.md
[1.281s] -- Installing: /home/ogan/ME461F25_LittleDaisies/project/ros_ws/install/mobile_sensor/share/mobile_sensor//node_modules/type/array
[1.282s] -- Installing: /home/ogan/ME461F25_LittleDaisies/project/ros_ws/install/mobile_sensor/share/mobile_sensor//node_modules/type/array/ensure.js
[1.282s] -- Installing: /home/ogan/ME461F25_LittleDaisies/project/ros_ws/install/mobile_sensor/share/mobile_sensor//node_modules/type/array/is.js
[1.282s] -- Installing: /home/ogan/ME461F25_LittleDaisies/project/ros_ws/install/mobile_sensor/share/mobile_sensor//node_modules/type/prototype
[1.282s] -- Installing: /home/ogan/ME461F25_LittleDaisies/project/ros_ws/install/mobile_sensor/share/mobile_sensor//node_modules/type/prototype/is.js
[1.282s] -- Installing: /home/ogan/ME461F25_LittleDaisies/project/ros_ws/install/mobile_sensor/share/mobile_sensor//node_modules/type/value
[1.282s] -- Installing: /home/ogan/ME461F25_LittleDaisies/project/ros_ws/install/mobile_sensor/share/mobile_sensor//node_modules/type/value/ensure.js
[1.282s] -- Installing: /home/ogan/ME461F25_LittleDaisies/project/ros_ws/install/mobile_sensor/share/mobile_sensor//node_modules/type/value/is.js
[1.282s] -- Installing: /home/ogan/ME461F25_LittleDaisies/project/ros_ws/install/mobile_sensor/share/mobile_sensor//node_modules/path-to-regexp
[1.282s] -- Installing: /home/ogan/ME461F25_LittleDaisies/project/ros_ws/install/mobile_sensor/share/mobile_sensor//node_modules/path-to-regexp/package.json
[1.282s] -- Installing: /home/ogan/ME461F25_LittleDaisies/project/ros_ws/install/mobile_sensor/share/mobile_sensor//node_modules/path-to-regexp/LICENSE
[1.282s] -- Installing: /home/ogan/ME461F25_LittleDaisies/project/ros_ws/install/mobile_sensor/share/mobile_sensor//node_modules/path-to-regexp/index.js
[1.282s] -- Installing: /home/ogan/ME461F25_LittleDaisies/project/ros_ws/install/mobile_sensor/share/mobile_sensor//node_modules/path-to-regexp/Readme.md
[1.283s] -- Installing: /home/ogan/ME461F25_LittleDaisies/project/ros_ws/install/mobile_sensor/share/mobile_sensor//node_modules/walk
[1.283s] -- Installing: /home/ogan/ME461F25_LittleDaisies/project/ros_ws/install/mobile_sensor/share/mobile_sensor//node_modules/walk/package.json
[1.283s] -- Installing: /home/ogan/ME461F25_LittleDaisies/project/ros_ws/install/mobile_sensor/share/mobile_sensor//node_modules/walk/LICENSE
[1.283s] -- Installing: /home/ogan/ME461F25_LittleDaisies/project/ros_ws/install/mobile_sensor/share/mobile_sensor//node_modules/walk/lib
[1.283s] -- Installing: /home/ogan/ME461F25_LittleDaisies/project/ros_ws/install/mobile_sensor/share/mobile_sensor//node_modules/walk/lib/node-type-emitter.js
[1.283s] -- Installing: /home/ogan/ME461F25_LittleDaisies/project/ros_ws/install/mobile_sensor/share/mobile_sensor//node_modules/walk/lib/walk-async-only.js
[1.283s] -- Installing: /home/ogan/ME461F25_LittleDaisies/project/ros_ws/install/mobile_sensor/share/mobile_sensor//node_modules/walk/lib/walk.js
[1.283s] -- Installing: /home/ogan/ME461F25_LittleDaisies/project/ros_ws/install/mobile_sensor/share/mobile_sensor//node_modules/walk/README.md
[1.283s] -- Installing: /home/ogan/ME461F25_LittleDaisies/project/ros_ws/install/mobile_sensor/share/mobile_sensor//node_modules/ws
[1.283s] -- Installing: /home/ogan/ME461F25_LittleDaisies/project/ros_ws/install/mobile_sensor/share/mobile_sensor//node_modules/ws/package.json
[1.283s] -- Installing: /home/ogan/ME461F25_LittleDaisies/project/ros_ws/install/mobile_sensor/share/mobile_sensor//node_modules/ws/LICENSE
[1.284s] -- Installing: /home/ogan/ME461F25_LittleDaisies/project/ros_ws/install/mobile_sensor/share/mobile_sensor//node_modules/ws/index.js
[1.284s] -- Installing: /home/ogan/ME461F25_LittleDaisies/project/ros_ws/install/mobile_sensor/share/mobile_sensor//node_modules/ws/lib
[1.284s] -- Installing: /home/ogan/ME461F25_LittleDaisies/project/ros_ws/install/mobile_sensor/share/mobile_sensor//node_modules/ws/lib/event-target.js
[1.284s] -- Installing: /home/ogan/ME461F25_LittleDaisies/project/ros_ws/install/mobile_sensor/share/mobile_sensor//node_modules/ws/lib/limiter.js
[1.284s] -- Installing: /home/ogan/ME461F25_LittleDaisies/project/ros_ws/install/mobile_sensor/share/mobile_sensor//node_modules/ws/lib/receiver.js
[1.284s] -- Installing: /home/ogan/ME461F25_LittleDaisies/project/ros_ws/install/mobile_sensor/share/mobile_sensor//node_modules/ws/lib/constants.js
[1.284s] -- Installing: /home/ogan/ME461F25_LittleDaisies/project/ros_ws/install/mobile_sensor/share/mobile_sensor//node_modules/ws/lib/permessage-deflate.js
[1.284s] -- Installing: /home/ogan/ME461F25_LittleDaisies/project/ros_ws/install/mobile_sensor/share/mobile_sensor//node_modules/ws/lib/sender.js
[1.284s] -- Installing: /home/ogan/ME461F25_LittleDaisies/project/ros_ws/install/mobile_sensor/share/mobile_sensor//node_modules/ws/lib/validation.js
[1.285s] -- Installing: /home/ogan/ME461F25_LittleDaisies/project/ros_ws/install/mobile_sensor/share/mobile_sensor//node_modules/ws/lib/extension.js
[1.285s] -- Installing: /home/ogan/ME461F25_LittleDaisies/project/ros_ws/install/mobile_sensor/share/mobile_sensor//node_modules/ws/lib/stream.js
[1.285s] -- Installing: /home/ogan/ME461F25_LittleDaisies/project/ros_ws/install/mobile_sensor/share/mobile_sensor//node_modules/ws/lib/buffer-util.js
[1.285s] -- Installing: /home/ogan/ME461F25_LittleDaisies/project/ros_ws/install/mobile_sensor/share/mobile_sensor//node_modules/ws/lib/subprotocol.js
[1.285s] -- Installing: /home/ogan/ME461F25_LittleDaisies/project/ros_ws/install/mobile_sensor/share/mobile_sensor//node_modules/ws/lib/websocket-server.js
[1.285s] -- Installing: /home/ogan/ME461F25_LittleDaisies/project/ros_ws/install/mobile_sensor/share/mobile_sensor//node_modules/ws/lib/websocket.js
[1.285s] -- Installing: /home/ogan/ME461F25_LittleDaisies/project/ros_ws/install/mobile_sensor/share/mobile_sensor//node_modules/ws/browser.js
[1.285s] -- Installing: /home/ogan/ME461F25_LittleDaisies/project/ros_ws/install/mobile_sensor/share/mobile_sensor//node_modules/ws/wrapper.mjs
[1.285s] -- Installing: /home/ogan/ME461F25_LittleDaisies/project/ros_ws/install/mobile_sensor/share/mobile_sensor//node_modules/ws/README.md
[1.286s] -- Installing: /home/ogan/ME461F25_LittleDaisies/project/ros_ws/install/mobile_sensor/share/mobile_sensor//node_modules/on-finished
[1.286s] -- Installing: /home/ogan/ME461F25_LittleDaisies/project/ros_ws/install/mobile_sensor/share/mobile_sensor//node_modules/on-finished/package.json
[1.286s] -- Installing: /home/ogan/ME461F25_LittleDaisies/project/ros_ws/install/mobile_sensor/share/mobile_sensor//node_modules/on-finished/LICENSE
[1.286s] -- Installing: /home/ogan/ME461F25_LittleDaisies/project/ros_ws/install/mobile_sensor/share/mobile_sensor//node_modules/on-finished/index.js
[1.286s] -- Installing: /home/ogan/ME461F25_LittleDaisies/project/ros_ws/install/mobile_sensor/share/mobile_sensor//node_modules/on-finished/HISTORY.md
[1.286s] -- Installing: /home/ogan/ME461F25_LittleDaisies/project/ros_ws/install/mobile_sensor/share/mobile_sensor//node_modules/on-finished/README.md
[1.286s] -- Installing: /home/ogan/ME461F25_LittleDaisies/project/ros_ws/install/mobile_sensor/share/mobile_sensor//node_modules/merge-descriptors
[1.286s] -- Installing: /home/ogan/ME461F25_LittleDaisies/project/ros_ws/install/mobile_sensor/share/mobile_sensor//node_modules/merge-descriptors/package.json
[1.286s] -- Installing: /home/ogan/ME461F25_LittleDaisies/project/ros_ws/install/mobile_sensor/share/mobile_sensor//node_modules/merge-descriptors/LICENSE
[1.286s] -- Installing: /home/ogan/ME461F25_LittleDaisies/project/ros_ws/install/mobile_sensor/share/mobile_sensor//node_modules/merge-descriptors/index.js
[1.286s] -- Installing: /home/ogan/ME461F25_LittleDaisies/project/ros_ws/install/mobile_sensor/share/mobile_sensor//node_modules/merge-descriptors/HISTORY.md
[1.287s] -- Installing: /home/ogan/ME461F25_LittleDaisies/project/ros_ws/install/mobile_sensor/share/mobile_sensor//node_modules/merge-descriptors/README.md
[1.287s] -- Installing: /home/ogan/ME461F25_LittleDaisies/project/ros_ws/install/mobile_sensor/share/mobile_sensor//node_modules/bindings
[1.287s] -- Installing: /home/ogan/ME461F25_LittleDaisies/project/ros_ws/install/mobile_sensor/share/mobile_sensor//node_modules/bindings/package.json
[1.287s] -- Installing: /home/ogan/ME461F25_LittleDaisies/project/ros_ws/install/mobile_sensor/share/mobile_sensor//node_modules/bindings/bindings.js
[1.287s] -- Installing: /home/ogan/ME461F25_LittleDaisies/project/ros_ws/install/mobile_sensor/share/mobile_sensor//node_modules/bindings/LICENSE.md
[1.287s] -- Installing: /home/ogan/ME461F25_LittleDaisies/project/ros_ws/install/mobile_sensor/share/mobile_sensor//node_modules/bindings/README.md
[1.287s] -- Installing: /home/ogan/ME461F25_LittleDaisies/project/ros_ws/install/mobile_sensor/share/mobile_sensor//node_modules/process
[1.287s] -- Installing: /home/ogan/ME461F25_LittleDaisies/project/ros_ws/install/mobile_sensor/share/mobile_sensor//node_modules/process/.eslintrc
[1.287s] -- Installing: /home/ogan/ME461F25_LittleDaisies/project/ros_ws/install/mobile_sensor/share/mobile_sensor//node_modules/process/package.json
[1.287s] -- Installing: /home/ogan/ME461F25_LittleDaisies/project/ros_ws/install/mobile_sensor/share/mobile_sensor//node_modules/process/LICENSE
[1.288s] -- Installing: /home/ogan/ME461F25_LittleDaisies/project/ros_ws/install/mobile_sensor/share/mobile_sensor//node_modules/process/index.js
[1.288s] -- Installing: /home/ogan/ME461F25_LittleDaisies/project/ros_ws/install/mobile_sensor/share/mobile_sensor//node_modules/process/test.js
[1.288s] -- Installing: /home/ogan/ME461F25_LittleDaisies/project/ros_ws/install/mobile_sensor/share/mobile_sensor//node_modules/process/browser.js
[1.288s] -- Installing: /home/ogan/ME461F25_LittleDaisies/project/ros_ws/install/mobile_sensor/share/mobile_sensor//node_modules/process/README.md
[1.288s] -- Installing: /home/ogan/ME461F25_LittleDaisies/project/ros_ws/install/mobile_sensor/share/mobile_sensor//node_modules/http-errors
[1.288s] -- Installing: /home/ogan/ME461F25_LittleDaisies/project/ros_ws/install/mobile_sensor/share/mobile_sensor//node_modules/http-errors/package.json
[1.288s] -- Installing: /home/ogan/ME461F25_LittleDaisies/project/ros_ws/install/mobile_sensor/share/mobile_sensor//node_modules/http-errors/LICENSE
[1.288s] -- Installing: /home/ogan/ME461F25_LittleDaisies/project/ros_ws/install/mobile_sensor/share/mobile_sensor//node_modules/http-errors/index.js
[1.288s] -- Installing: /home/ogan/ME461F25_LittleDaisies/project/ros_ws/install/mobile_sensor/share/mobile_sensor//node_modules/http-errors/HISTORY.md
[1.288s] -- Installing: /home/ogan/ME461F25_LittleDaisies/project/ros_ws/install/mobile_sensor/share/mobile_sensor//node_modules/http-errors/README.md
[1.288s] -- Installing: /home/ogan/ME461F25_LittleDaisies/project/ros_ws/install/mobile_sensor/share/mobile_sensor//node_modules/inherits
[1.289s] -- Installing: /home/ogan/ME461F25_LittleDaisies/project/ros_ws/install/mobile_sensor/share/mobile_sensor//node_modules/inherits/inherits_browser.js
[1.289s] -- Installing: /home/ogan/ME461F25_LittleDaisies/project/ros_ws/install/mobile_sensor/share/mobile_sensor//node_modules/inherits/inherits.js
[1.289s] -- Installing: /home/ogan/ME461F25_LittleDaisies/project/ros_ws/install/mobile_sensor/share/mobile_sensor//node_modules/inherits/package.json
[1.289s] -- Installing: /home/ogan/ME461F25_LittleDaisies/project/ros_ws/install/mobile_sensor/share/mobile_sensor//node_modules/inherits/LICENSE
[1.289s] -- Installing: /home/ogan/ME461F25_LittleDaisies/project/ros_ws/install/mobile_sensor/share/mobile_sensor//node_modules/inherits/README.md
[1.289s] -- Installing: /home/ogan/ME461F25_LittleDaisies/project/ros_ws/install/mobile_sensor/share/mobile_sensor//node_modules/path
[1.289s] -- Installing: /home/ogan/ME461F25_LittleDaisies/project/ros_ws/install/mobile_sensor/share/mobile_sensor//node_modules/path/.npmignore
[1.289s] -- Installing: /home/ogan/ME461F25_LittleDaisies/project/ros_ws/install/mobile_sensor/share/mobile_sensor//node_modules/path/package.json
[1.289s] -- Installing: /home/ogan/ME461F25_LittleDaisies/project/ros_ws/install/mobile_sensor/share/mobile_sensor//node_modules/path/LICENSE
[1.289s] -- Installing: /home/ogan/ME461F25_LittleDaisies/project/ros_ws/install/mobile_sensor/share/mobile_sensor//node_modules/path/path.js
[1.290s] -- Installing: /home/ogan/ME461F25_LittleDaisies/project/ros_ws/install/mobile_sensor/share/mobile_sensor//node_modules/path/README.md
[1.290s] -- Installing: /home/ogan/ME461F25_LittleDaisies/project/ros_ws/install/mobile_sensor/share/mobile_sensor//node_modules/setprototypeof
[1.290s] -- Installing: /home/ogan/ME461F25_LittleDaisies/project/ros_ws/install/mobile_sensor/share/mobile_sensor//node_modules/setprototypeof/package.json
[1.290s] -- Installing: /home/ogan/ME461F25_LittleDaisies/project/ros_ws/install/mobile_sensor/share/mobile_sensor//node_modules/setprototypeof/LICENSE
[1.290s] -- Installing: /home/ogan/ME461F25_LittleDaisies/project/ros_ws/install/mobile_sensor/share/mobile_sensor//node_modules/setprototypeof/index.js
[1.290s] -- Installing: /home/ogan/ME461F25_LittleDaisies/project/ros_ws/install/mobile_sensor/share/mobile_sensor//node_modules/setprototypeof/index.d.ts
[1.290s] -- Installing: /home/ogan/ME461F25_LittleDaisies/project/ros_ws/install/mobile_sensor/share/mobile_sensor//node_modules/setprototypeof/test
[1.290s] -- Installing: /home/ogan/ME461F25_LittleDaisies/project/ros_ws/install/mobile_sensor/share/mobile_sensor//node_modules/setprototypeof/test/index.js
[1.290s] -- Installing: /home/ogan/ME461F25_LittleDaisies/project/ros_ws/install/mobile_sensor/share/mobile_sensor//node_modules/setprototypeof/README.md
[1.290s] -- Installing: /home/ogan/ME461F25_LittleDaisies/project/ros_ws/install/mobile_sensor/share/mobile_sensor//node_modules/gopd
[1.290s] -- Installing: /home/ogan/ME461F25_LittleDaisies/project/ros_ws/install/mobile_sensor/share/mobile_sensor//node_modules/gopd/.eslintrc
[1.291s] -- Installing: /home/ogan/ME461F25_LittleDaisies/project/ros_ws/install/mobile_sensor/share/mobile_sensor//node_modules/gopd/package.json
[1.291s] -- Installing: /home/ogan/ME461F25_LittleDaisies/project/ros_ws/install/mobile_sensor/share/mobile_sensor//node_modules/gopd/LICENSE
[1.291s] -- Installing: /home/ogan/ME461F25_LittleDaisies/project/ros_ws/install/mobile_sensor/share/mobile_sensor//node_modules/gopd/index.js
[1.291s] -- Installing: /home/ogan/ME461F25_LittleDaisies/project/ros_ws/install/mobile_sensor/share/mobile_sensor//node_modules/gopd/gOPD.js
[1.291s] -- Installing: /home/ogan/ME461F25_LittleDaisies/project/ros_ws/install/mobile_sensor/share/mobile_sensor//node_modules/gopd/index.d.ts
[1.291s] -- Installing: /home/ogan/ME461F25_LittleDaisies/project/ros_ws/install/mobile_sensor/share/mobile_sensor//node_modules/gopd/CHANGELOG.md
[1.291s] -- Installing: /home/ogan/ME461F25_LittleDaisies/project/ros_ws/install/mobile_sensor/share/mobile_sensor//node_modules/gopd/tsconfig.json
[1.291s] -- Installing: /home/ogan/ME461F25_LittleDaisies/project/ros_ws/install/mobile_sensor/share/mobile_sensor//node_modules/gopd/test
[1.291s] -- Installing: /home/ogan/ME461F25_LittleDaisies/project/ros_ws/install/mobile_sensor/share/mobile_sensor//node_modules/gopd/test/index.js
[1.291s] -- Installing: /home/ogan/ME461F25_LittleDaisies/project/ros_ws/install/mobile_sensor/share/mobile_sensor//node_modules/gopd/README.md
[1.292s] -- Installing: /home/ogan/ME461F25_LittleDaisies/project/ros_ws/install/mobile_sensor/share/mobile_sensor//node_modules/gopd/gOPD.d.ts
[1.292s] -- Installing: /home/ogan/ME461F25_LittleDaisies/project/ros_ws/install/mobile_sensor/share/mobile_sensor//node_modules/gopd/.github
[1.292s] -- Installing: /home/ogan/ME461F25_LittleDaisies/project/ros_ws/install/mobile_sensor/share/mobile_sensor//node_modules/gopd/.github/FUNDING.yml
[1.292s] -- Installing: /home/ogan/ME461F25_LittleDaisies/project/ros_ws/install/mobile_sensor/share/mobile_sensor//node_modules/ms
[1.292s] -- Installing: /home/ogan/ME461F25_LittleDaisies/project/ros_ws/install/mobile_sensor/share/mobile_sensor//node_modules/ms/package.json
[1.292s] -- Installing: /home/ogan/ME461F25_LittleDaisies/project/ros_ws/install/mobile_sensor/share/mobile_sensor//node_modules/ms/index.js
[1.292s] -- Installing: /home/ogan/ME461F25_LittleDaisies/project/ros_ws/install/mobile_sensor/share/mobile_sensor//node_modules/ms/license.md
[1.292s] -- Installing: /home/ogan/ME461F25_LittleDaisies/project/ros_ws/install/mobile_sensor/share/mobile_sensor//node_modules/ms/readme.md
[1.292s] -- Installing: /home/ogan/ME461F25_LittleDaisies/project/ros_ws/install/mobile_sensor/share/mobile_sensor//node_modules/d
[1.292s] -- Installing: /home/ogan/ME461F25_LittleDaisies/project/ros_ws/install/mobile_sensor/share/mobile_sensor//node_modules/d/package.json
[1.292s] -- Installing: /home/ogan/ME461F25_LittleDaisies/project/ros_ws/install/mobile_sensor/share/mobile_sensor//node_modules/d/LICENSE
[1.293s] -- Installing: /home/ogan/ME461F25_LittleDaisies/project/ros_ws/install/mobile_sensor/share/mobile_sensor//node_modules/d/index.js
[1.293s] -- Installing: /home/ogan/ME461F25_LittleDaisies/project/ros_ws/install/mobile_sensor/share/mobile_sensor//node_modules/d/auto-bind.js
[1.293s] -- Installing: /home/ogan/ME461F25_LittleDaisies/project/ros_ws/install/mobile_sensor/share/mobile_sensor//node_modules/d/CHANGELOG.md
[1.293s] -- Installing: /home/ogan/ME461F25_LittleDaisies/project/ros_ws/install/mobile_sensor/share/mobile_sensor//node_modules/d/README.md
[1.293s] -- Installing: /home/ogan/ME461F25_LittleDaisies/project/ros_ws/install/mobile_sensor/share/mobile_sensor//node_modules/d/lazy.js
[1.293s] -- Installing: /home/ogan/ME461F25_LittleDaisies/project/ros_ws/install/mobile_sensor/share/mobile_sensor//node_modules/d/CHANGES
[1.293s] -- Installing: /home/ogan/ME461F25_LittleDaisies/project/ros_ws/install/mobile_sensor/share/mobile_sensor//node_modules/iconv-lite
[1.293s] -- Installing: /home/ogan/ME461F25_LittleDaisies/project/ros_ws/install/mobile_sensor/share/mobile_sensor//node_modules/iconv-lite/package.json
[1.293s] -- Installing: /home/ogan/ME461F25_LittleDaisies/project/ros_ws/install/mobile_sensor/share/mobile_sensor//node_modules/iconv-lite/encodings
[1.293s] -- Installing: /home/ogan/ME461F25_LittleDaisies/project/ros_ws/install/mobile_sensor/share/mobile_sensor//node_modules/iconv-lite/encodings/dbcs-data.js
[1.294s] -- Installing: /home/ogan/ME461F25_LittleDaisies/project/ros_ws/install/mobile_sensor/share/mobile_sensor//node_modules/iconv-lite/encodings/tables
[1.294s] -- Installing: /home/ogan/ME461F25_LittleDaisies/project/ros_ws/install/mobile_sensor/share/mobile_sensor//node_modules/iconv-lite/encodings/tables/big5-added.json
[1.294s] -- Installing: /home/ogan/ME461F25_LittleDaisies/project/ros_ws/install/mobile_sensor/share/mobile_sensor//node_modules/iconv-lite/encodings/tables/cp936.json
[1.294s] -- Installing: /home/ogan/ME461F25_LittleDaisies/project/ros_ws/install/mobile_sensor/share/mobile_sensor//node_modules/iconv-lite/encodings/tables/gbk-added.json
[1.294s] -- Installing: /home/ogan/ME461F25_LittleDaisies/project/ros_ws/install/mobile_sensor/share/mobile_sensor//node_modules/iconv-lite/encodings/tables/shiftjis.json
[1.294s] -- Installing: /home/ogan/ME461F25_LittleDaisies/project/ros_ws/install/mobile_sensor/share/mobile_sensor//node_modules/iconv-lite/encodings/tables/cp949.json
[1.294s] -- Installing: /home/ogan/ME461F25_LittleDaisies/project/ros_ws/install/mobile_sensor/share/mobile_sensor//node_modules/iconv-lite/encodings/tables/eucjp.json
[1.294s] -- Installing: /home/ogan/ME461F25_LittleDaisies/project/ros_ws/install/mobile_sensor/share/mobile_sensor//node_modules/iconv-lite/encodings/tables/cp950.json
[1.295s] -- Installing: /home/ogan/ME461F25_LittleDaisies/project/ros_ws/install/mobile_sensor/share/mobile_sensor//node_modules/iconv-lite/encodings/tables/gb18030-ranges.json
[1.295s] -- Installing: /home/ogan/ME461F25_LittleDaisies/project/ros_ws/install/mobile_sensor/share/mobile_sensor//node_modules/iconv-lite/encodings/dbcs-codec.js
[1.295s] -- Installing: /home/ogan/ME461F25_LittleDaisies/project/ros_ws/install/mobile_sensor/share/mobile_sensor//node_modules/iconv-lite/encodings/index.js
[1.295s] -- Installing: /home/ogan/ME461F25_LittleDaisies/project/ros_ws/install/mobile_sensor/share/mobile_sensor//node_modules/iconv-lite/encodings/sbcs-codec.js
[1.295s] -- Installing: /home/ogan/ME461F25_LittleDaisies/project/ros_ws/install/mobile_sensor/share/mobile_sensor//node_modules/iconv-lite/encodings/utf7.js
[1.295s] -- Installing: /home/ogan/ME461F25_LittleDaisies/project/ros_ws/install/mobile_sensor/share/mobile_sensor//node_modules/iconv-lite/encodings/utf16.js
[1.295s] -- Installing: /home/ogan/ME461F25_LittleDaisies/project/ros_ws/install/mobile_sensor/share/mobile_sensor//node_modules/iconv-lite/encodings/sbcs-data-generated.js
[1.295s] -- Installing: /home/ogan/ME461F25_LittleDaisies/project/ros_ws/install/mobile_sensor/share/mobile_sensor//node_modules/iconv-lite/encodings/sbcs-data.js
[1.295s] -- Installing: /home/ogan/ME461F25_LittleDaisies/project/ros_ws/install/mobile_sensor/share/mobile_sensor//node_modules/iconv-lite/encodings/internal.js
[1.295s] -- Installing: /home/ogan/ME461F25_LittleDaisies/project/ros_ws/install/mobile_sensor/share/mobile_sensor//node_modules/iconv-lite/LICENSE
[1.296s] -- Installing: /home/ogan/ME461F25_LittleDaisies/project/ros_ws/install/mobile_sensor/share/mobile_sensor//node_modules/iconv-lite/lib
[1.296s] -- Installing: /home/ogan/ME461F25_LittleDaisies/project/ros_ws/install/mobile_sensor/share/mobile_sensor//node_modules/iconv-lite/lib/streams.js
[1.296s] -- Installing: /home/ogan/ME461F25_LittleDaisies/project/ros_ws/install/mobile_sensor/share/mobile_sensor//node_modules/iconv-lite/lib/index.js
[1.296s] -- Installing: /home/ogan/ME461F25_LittleDaisies/project/ros_ws/install/mobile_sensor/share/mobile_sensor//node_modules/iconv-lite/lib/bom-handling.js
[1.296s] -- Installing: /home/ogan/ME461F25_LittleDaisies/project/ros_ws/install/mobile_sensor/share/mobile_sensor//node_modules/iconv-lite/lib/extend-node.js
[1.296s] -- Installing: /home/ogan/ME461F25_LittleDaisies/project/ros_ws/install/mobile_sensor/share/mobile_sensor//node_modules/iconv-lite/lib/index.d.ts
[1.296s] -- Installing: /home/ogan/ME461F25_LittleDaisies/project/ros_ws/install/mobile_sensor/share/mobile_sensor//node_modules/iconv-lite/Changelog.md
[1.296s] -- Installing: /home/ogan/ME461F25_LittleDaisies/project/ros_ws/install/mobile_sensor/share/mobile_sensor//node_modules/iconv-lite/README.md
[1.296s] -- Installing: /home/ogan/ME461F25_LittleDaisies/project/ros_ws/install/mobile_sensor/share/mobile_sensor//node_modules/mime-types
[1.296s] -- Installing: /home/ogan/ME461F25_LittleDaisies/project/ros_ws/install/mobile_sensor/share/mobile_sensor//node_modules/mime-types/package.json
[1.297s] -- Installing: /home/ogan/ME461F25_LittleDaisies/project/ros_ws/install/mobile_sensor/share/mobile_sensor//node_modules/mime-types/LICENSE
[1.297s] -- Installing: /home/ogan/ME461F25_LittleDaisies/project/ros_ws/install/mobile_sensor/share/mobile_sensor//node_modules/mime-types/index.js
[1.297s] -- Installing: /home/ogan/ME461F25_LittleDaisies/project/ros_ws/install/mobile_sensor/share/mobile_sensor//node_modules/mime-types/HISTORY.md
[1.297s] -- Installing: /home/ogan/ME461F25_LittleDaisies/project/ros_ws/install/mobile_sensor/share/mobile_sensor//node_modules/mime-types/README.md
[1.297s] -- Installing: /home/ogan/ME461F25_LittleDaisies/project/ros_ws/install/mobile_sensor/share/mobile_sensor//node_modules/fs-extra
[1.297s] -- Installing: /home/ogan/ME461F25_LittleDaisies/project/ros_ws/install/mobile_sensor/share/mobile_sensor//node_modules/fs-extra/package.json
[1.297s] -- Installing: /home/ogan/ME461F25_LittleDaisies/project/ros_ws/install/mobile_sensor/share/mobile_sensor//node_modules/fs-extra/LICENSE
[1.297s] -- Installing: /home/ogan/ME461F25_LittleDaisies/project/ros_ws/install/mobile_sensor/share/mobile_sensor//node_modules/fs-extra/lib
[1.297s] -- Installing: /home/ogan/ME461F25_LittleDaisies/project/ros_ws/install/mobile_sensor/share/mobile_sensor//node_modules/fs-extra/lib/ensure
[1.297s] -- Installing: /home/ogan/ME461F25_LittleDaisies/project/ros_ws/install/mobile_sensor/share/mobile_sensor//node_modules/fs-extra/lib/ensure/link.js
[1.298s] -- Installing: /home/ogan/ME461F25_LittleDaisies/project/ros_ws/install/mobile_sensor/share/mobile_sensor//node_modules/fs-extra/lib/ensure/symlink.js
[1.298s] -- Installing: /home/ogan/ME461F25_LittleDaisies/project/ros_ws/install/mobile_sensor/share/mobile_sensor//node_modules/fs-extra/lib/ensure/file.js
[1.298s] -- Installing: /home/ogan/ME461F25_LittleDaisies/project/ros_ws/install/mobile_sensor/share/mobile_sensor//node_modules/fs-extra/lib/ensure/index.js
[1.298s] -- Installing: /home/ogan/ME461F25_LittleDaisies/project/ros_ws/install/mobile_sensor/share/mobile_sensor//node_modules/fs-extra/lib/ensure/symlink-paths.js
[1.298s] -- Installing: /home/ogan/ME461F25_LittleDaisies/project/ros_ws/install/mobile_sensor/share/mobile_sensor//node_modules/fs-extra/lib/ensure/symlink-type.js
[1.298s] -- Installing: /home/ogan/ME461F25_LittleDaisies/project/ros_ws/install/mobile_sensor/share/mobile_sensor//node_modules/fs-extra/lib/json
[1.298s] -- Installing: /home/ogan/ME461F25_LittleDaisies/project/ros_ws/install/mobile_sensor/share/mobile_sensor//node_modules/fs-extra/lib/json/index.js
[1.298s] -- Installing: /home/ogan/ME461F25_LittleDaisies/project/ros_ws/install/mobile_sensor/share/mobile_sensor//node_modules/fs-extra/lib/json/output-json-sync.js
[1.298s] -- Installing: /home/ogan/ME461F25_LittleDaisies/project/ros_ws/install/mobile_sensor/share/mobile_sensor//node_modules/fs-extra/lib/json/jsonfile.js
[1.298s] -- Installing: /home/ogan/ME461F25_LittleDaisies/project/ros_ws/install/mobile_sensor/share/mobile_sensor//node_modules/fs-extra/lib/json/output-json.js
[1.298s] -- Installing: /home/ogan/ME461F25_LittleDaisies/project/ros_ws/install/mobile_sensor/share/mobile_sensor//node_modules/fs-extra/lib/remove
[1.299s] -- Installing: /home/ogan/ME461F25_LittleDaisies/project/ros_ws/install/mobile_sensor/share/mobile_sensor//node_modules/fs-extra/lib/remove/index.js
[1.299s] -- Installing: /home/ogan/ME461F25_LittleDaisies/project/ros_ws/install/mobile_sensor/share/mobile_sensor//node_modules/fs-extra/lib/path-exists
[1.299s] -- Installing: /home/ogan/ME461F25_LittleDaisies/project/ros_ws/install/mobile_sensor/share/mobile_sensor//node_modules/fs-extra/lib/path-exists/index.js
[1.299s] -- Installing: /home/ogan/ME461F25_LittleDaisies/project/ros_ws/install/mobile_sensor/share/mobile_sensor//node_modules/fs-extra/lib/util
[1.299s] -- Installing: /home/ogan/ME461F25_LittleDaisies/project/ros_ws/install/mobile_sensor/share/mobile_sensor//node_modules/fs-extra/lib/util/async.js
[1.299s] -- Installing: /home/ogan/ME461F25_LittleDaisies/project/ros_ws/install/mobile_sensor/share/mobile_sensor//node_modules/fs-extra/lib/util/utimes.js
[1.299s] -- Installing: /home/ogan/ME461F25_LittleDaisies/project/ros_ws/install/mobile_sensor/share/mobile_sensor//node_modules/fs-extra/lib/util/stat.js
[1.299s] -- Installing: /home/ogan/ME461F25_LittleDaisies/project/ros_ws/install/mobile_sensor/share/mobile_sensor//node_modules/fs-extra/lib/copy
[1.299s] -- Installing: /home/ogan/ME461F25_LittleDaisies/project/ros_ws/install/mobile_sensor/share/mobile_sensor//node_modules/fs-extra/lib/copy/copy-sync.js
[1.299s] -- Installing: /home/ogan/ME461F25_LittleDaisies/project/ros_ws/install/mobile_sensor/share/mobile_sensor//node_modules/fs-extra/lib/copy/index.js
[1.299s] -- Installing: /home/ogan/ME461F25_LittleDaisies/project/ros_ws/install/mobile_sensor/share/mobile_sensor//node_modules/fs-extra/lib/copy/copy.js
[1.300s] -- Installing: /home/ogan/ME461F25_LittleDaisies/project/ros_ws/install/mobile_sensor/share/mobile_sensor//node_modules/fs-extra/lib/index.js
[1.300s] -- Installing: /home/ogan/ME461F25_LittleDaisies/project/ros_ws/install/mobile_sensor/share/mobile_sensor//node_modules/fs-extra/lib/esm.mjs
[1.300s] -- Installing: /home/ogan/ME461F25_LittleDaisies/project/ros_ws/install/mobile_sensor/share/mobile_sensor//node_modules/fs-extra/lib/fs
[1.300s] -- Installing: /home/ogan/ME461F25_LittleDaisies/project/ros_ws/install/mobile_sensor/share/mobile_sensor//node_modules/fs-extra/lib/fs/index.js
[1.300s] -- Installing: /home/ogan/ME461F25_LittleDaisies/project/ros_ws/install/mobile_sensor/share/mobile_sensor//node_modules/fs-extra/lib/move
[1.300s] -- Installing: /home/ogan/ME461F25_LittleDaisies/project/ros_ws/install/mobile_sensor/share/mobile_sensor//node_modules/fs-extra/lib/move/index.js
[1.300s] -- Installing: /home/ogan/ME461F25_LittleDaisies/project/ros_ws/install/mobile_sensor/share/mobile_sensor//node_modules/fs-extra/lib/move/move-sync.js
[1.300s] -- Installing: /home/ogan/ME461F25_LittleDaisies/project/ros_ws/install/mobile_sensor/share/mobile_sensor//node_modules/fs-extra/lib/move/move.js
[1.300s] -- Installing: /home/ogan/ME461F25_LittleDaisies/project/ros_ws/install/mobile_sensor/share/mobile_sensor//node_modules/fs-extra/lib/output-file
[1.300s] -- Installing: /home/ogan/ME461F25_LittleDaisies/project/ros_ws/install/mobile_sensor/share/mobile_sensor//node_modules/fs-extra/lib/output-file/index.js
[1.300s] -- Installing: /home/ogan/ME461F25_LittleDaisies/project/ros_ws/install/mobile_sensor/share/mobile_sensor//node_modules/fs-extra/lib/empty
[1.301s] -- Installing: /home/ogan/ME461F25_LittleDaisies/project/ros_ws/install/mobile_sensor/share/mobile_sensor//node_modules/fs-extra/lib/empty/index.js
[1.301s] -- Installing: /home/ogan/ME461F25_LittleDaisies/project/ros_ws/install/mobile_sensor/share/mobile_sensor//node_modules/fs-extra/lib/mkdirs
[1.301s] -- Installing: /home/ogan/ME461F25_LittleDaisies/project/ros_ws/install/mobile_sensor/share/mobile_sensor//node_modules/fs-extra/lib/mkdirs/utils.js
[1.301s] -- Installing: /home/ogan/ME461F25_LittleDaisies/project/ros_ws/install/mobile_sensor/share/mobile_sensor//node_modules/fs-extra/lib/mkdirs/index.js
[1.301s] -- Installing: /home/ogan/ME461F25_LittleDaisies/project/ros_ws/install/mobile_sensor/share/mobile_sensor//node_modules/fs-extra/lib/mkdirs/make-dir.js
[1.301s] -- Installing: /home/ogan/ME461F25_LittleDaisies/project/ros_ws/install/mobile_sensor/share/mobile_sensor//node_modules/fs-extra/README.md
[1.301s] -- Installing: /home/ogan/ME461F25_LittleDaisies/project/ros_ws/install/mobile_sensor/share/mobile_sensor//node_modules/cookie
[1.301s] -- Installing: /home/ogan/ME461F25_LittleDaisies/project/ros_ws/install/mobile_sensor/share/mobile_sensor//node_modules/cookie/SECURITY.md
[1.301s] -- Installing: /home/ogan/ME461F25_LittleDaisies/project/ros_ws/install/mobile_sensor/share/mobile_sensor//node_modules/cookie/package.json
[1.301s] -- Installing: /home/ogan/ME461F25_LittleDaisies/project/ros_ws/install/mobile_sensor/share/mobile_sensor//node_modules/cookie/LICENSE
[1.301s] -- Installing: /home/ogan/ME461F25_LittleDaisies/project/ros_ws/install/mobile_sensor/share/mobile_sensor//node_modules/cookie/index.js
[1.302s] -- Installing: /home/ogan/ME461F25_LittleDaisies/project/ros_ws/install/mobile_sensor/share/mobile_sensor//node_modules/cookie/README.md
[1.302s] -- Installing: /home/ogan/ME461F25_LittleDaisies/project/ros_ws/install/mobile_sensor/share/mobile_sensor//node_modules/escape-html
[1.302s] -- Installing: /home/ogan/ME461F25_LittleDaisies/project/ros_ws/install/mobile_sensor/share/mobile_sensor//node_modules/escape-html/package.json
[1.302s] -- Installing: /home/ogan/ME461F25_LittleDaisies/project/ros_ws/install/mobile_sensor/share/mobile_sensor//node_modules/escape-html/LICENSE
[1.302s] -- Installing: /home/ogan/ME461F25_LittleDaisies/project/ros_ws/install/mobile_sensor/share/mobile_sensor//node_modules/escape-html/index.js
[1.302s] -- Installing: /home/ogan/ME461F25_LittleDaisies/project/ros_ws/install/mobile_sensor/share/mobile_sensor//node_modules/escape-html/Readme.md
[1.302s] -- Installing: /home/ogan/ME461F25_LittleDaisies/project/ros_ws/install/mobile_sensor/share/mobile_sensor//node_modules/mime
[1.302s] -- Installing: /home/ogan/ME461F25_LittleDaisies/project/ros_ws/install/mobile_sensor/share/mobile_sensor//node_modules/mime/cli.js
[1.302s] -- Installing: /home/ogan/ME461F25_LittleDaisies/project/ros_ws/install/mobile_sensor/share/mobile_sensor//node_modules/mime/.npmignore
[1.302s] -- Installing: /home/ogan/ME461F25_LittleDaisies/project/ros_ws/install/mobile_sensor/share/mobile_sensor//node_modules/mime/package.json
[1.302s] -- Installing: /home/ogan/ME461F25_LittleDaisies/project/ros_ws/install/mobile_sensor/share/mobile_sensor//node_modules/mime/src
[1.303s] -- Installing: /home/ogan/ME461F25_LittleDaisies/project/ros_ws/install/mobile_sensor/share/mobile_sensor//node_modules/mime/src/test.js
[1.303s] -- Installing: /home/ogan/ME461F25_LittleDaisies/project/ros_ws/install/mobile_sensor/share/mobile_sensor//node_modules/mime/src/build.js
[1.303s] -- Installing: /home/ogan/ME461F25_LittleDaisies/project/ros_ws/install/mobile_sensor/share/mobile_sensor//node_modules/mime/mime.js
[1.303s] -- Installing: /home/ogan/ME461F25_LittleDaisies/project/ros_ws/install/mobile_sensor/share/mobile_sensor//node_modules/mime/types.json
[1.303s] -- Installing: /home/ogan/ME461F25_LittleDaisies/project/ros_ws/install/mobile_sensor/share/mobile_sensor//node_modules/mime/LICENSE
[1.303s] -- Installing: /home/ogan/ME461F25_LittleDaisies/project/ros_ws/install/mobile_sensor/share/mobile_sensor//node_modules/mime/CHANGELOG.md
[1.303s] -- Installing: /home/ogan/ME461F25_LittleDaisies/project/ros_ws/install/mobile_sensor/share/mobile_sensor//node_modules/mime/README.md
[1.303s] -- Installing: /home/ogan/ME461F25_LittleDaisies/project/ros_ws/install/mobile_sensor/share/mobile_sensor//node_modules/side-channel-weakmap
[1.303s] -- Installing: /home/ogan/ME461F25_LittleDaisies/project/ros_ws/install/mobile_sensor/share/mobile_sensor//node_modules/side-channel-weakmap/.editorconfig
[1.303s] -- Installing: /home/ogan/ME461F25_LittleDaisies/project/ros_ws/install/mobile_sensor/share/mobile_sensor//node_modules/side-channel-weakmap/.eslintrc
[1.304s] -- Installing: /home/ogan/ME461F25_LittleDaisies/project/ros_ws/install/mobile_sensor/share/mobile_sensor//node_modules/side-channel-weakmap/package.json
[1.304s] -- Installing: /home/ogan/ME461F25_LittleDaisies/project/ros_ws/install/mobile_sensor/share/mobile_sensor//node_modules/side-channel-weakmap/LICENSE
[1.304s] -- Installing: /home/ogan/ME461F25_LittleDaisies/project/ros_ws/install/mobile_sensor/share/mobile_sensor//node_modules/side-channel-weakmap/index.js
[1.304s] -- Installing: /home/ogan/ME461F25_LittleDaisies/project/ros_ws/install/mobile_sensor/share/mobile_sensor//node_modules/side-channel-weakmap/index.d.ts
[1.304s] -- Installing: /home/ogan/ME461F25_LittleDaisies/project/ros_ws/install/mobile_sensor/share/mobile_sensor//node_modules/side-channel-weakmap/CHANGELOG.md
[1.304s] -- Installing: /home/ogan/ME461F25_LittleDaisies/project/ros_ws/install/mobile_sensor/share/mobile_sensor//node_modules/side-channel-weakmap/tsconfig.json
[1.304s] -- Installing: /home/ogan/ME461F25_LittleDaisies/project/ros_ws/install/mobile_sensor/share/mobile_sensor//node_modules/side-channel-weakmap/test
[1.304s] -- Installing: /home/ogan/ME461F25_LittleDaisies/project/ros_ws/install/mobile_sensor/share/mobile_sensor//node_modules/side-channel-weakmap/test/index.js
[1.304s] -- Installing: /home/ogan/ME461F25_LittleDaisies/project/ros_ws/install/mobile_sensor/share/mobile_sensor//node_modules/side-channel-weakmap/README.md
[1.304s] -- Installing: /home/ogan/ME461F25_LittleDaisies/project/ros_ws/install/mobile_sensor/share/mobile_sensor//node_modules/side-channel-weakmap/.github
[1.305s] -- Installing: /home/ogan/ME461F25_LittleDaisies/project/ros_ws/install/mobile_sensor/share/mobile_sensor//node_modules/side-channel-weakmap/.github/FUNDING.yml
[1.305s] -- Installing: /home/ogan/ME461F25_LittleDaisies/project/ros_ws/install/mobile_sensor/share/mobile_sensor//node_modules/side-channel-weakmap/.nycrc
[1.305s] -- Installing: /home/ogan/ME461F25_LittleDaisies/project/ros_ws/install/mobile_sensor/share/mobile_sensor//node_modules/raw-body
[1.305s] -- Installing: /home/ogan/ME461F25_LittleDaisies/project/ros_ws/install/mobile_sensor/share/mobile_sensor//node_modules/raw-body/package.json
[1.305s] -- Installing: /home/ogan/ME461F25_LittleDaisies/project/ros_ws/install/mobile_sensor/share/mobile_sensor//node_modules/raw-body/LICENSE
[1.305s] -- Installing: /home/ogan/ME461F25_LittleDaisies/project/ros_ws/install/mobile_sensor/share/mobile_sensor//node_modules/raw-body/index.js
[1.305s] -- Installing: /home/ogan/ME461F25_LittleDaisies/project/ros_ws/install/mobile_sensor/share/mobile_sensor//node_modules/raw-body/index.d.ts
[1.305s] -- Installing: /home/ogan/ME461F25_LittleDaisies/project/ros_ws/install/mobile_sensor/share/mobile_sensor//node_modules/raw-body/README.md
[1.305s] -- Installing: /home/ogan/ME461F25_LittleDaisies/project/ros_ws/install/mobile_sensor/share/mobile_sensor//node_modules/toidentifier
[1.305s] -- Installing: /home/ogan/ME461F25_LittleDaisies/project/ros_ws/install/mobile_sensor/share/mobile_sensor//node_modules/toidentifier/package.json
[1.306s] -- Installing: /home/ogan/ME461F25_LittleDaisies/project/ros_ws/install/mobile_sensor/share/mobile_sensor//node_modules/toidentifier/LICENSE
[1.306s] -- Installing: /home/ogan/ME461F25_LittleDaisies/project/ros_ws/install/mobile_sensor/share/mobile_sensor//node_modules/toidentifier/index.js
[1.306s] -- Installing: /home/ogan/ME461F25_LittleDaisies/project/ros_ws/install/mobile_sensor/share/mobile_sensor//node_modules/toidentifier/HISTORY.md
[1.306s] -- Installing: /home/ogan/ME461F25_LittleDaisies/project/ros_ws/install/mobile_sensor/share/mobile_sensor//node_modules/toidentifier/README.md
[1.306s] -- Installing: /home/ogan/ME461F25_LittleDaisies/project/ros_ws/install/mobile_sensor/share/mobile_sensor//node_modules/side-channel-list
[1.306s] -- Installing: /home/ogan/ME461F25_LittleDaisies/project/ros_ws/install/mobile_sensor/share/mobile_sensor//node_modules/side-channel-list/.editorconfig
[1.306s] -- Installing: /home/ogan/ME461F25_LittleDaisies/project/ros_ws/install/mobile_sensor/share/mobile_sensor//node_modules/side-channel-list/.eslintrc
[1.306s] -- Installing: /home/ogan/ME461F25_LittleDaisies/project/ros_ws/install/mobile_sensor/share/mobile_sensor//node_modules/side-channel-list/package.json
[1.306s] -- Installing: /home/ogan/ME461F25_LittleDaisies/project/ros_ws/install/mobile_sensor/share/mobile_sensor//node_modules/side-channel-list/LICENSE
[1.306s] -- Installing: /home/ogan/ME461F25_LittleDaisies/project/ros_ws/install/mobile_sensor/share/mobile_sensor//node_modules/side-channel-list/index.js
[1.307s] -- Installing: /home/ogan/ME461F25_LittleDaisies/project/ros_ws/install/mobile_sensor/share/mobile_sensor//node_modules/side-channel-list/index.d.ts
[1.307s] -- Installing: /home/ogan/ME461F25_LittleDaisies/project/ros_ws/install/mobile_sensor/share/mobile_sensor//node_modules/side-channel-list/CHANGELOG.md
[1.307s] -- Installing: /home/ogan/ME461F25_LittleDaisies/project/ros_ws/install/mobile_sensor/share/mobile_sensor//node_modules/side-channel-list/tsconfig.json
[1.307s] -- Installing: /home/ogan/ME461F25_LittleDaisies/project/ros_ws/install/mobile_sensor/share/mobile_sensor//node_modules/side-channel-list/test
[1.307s] -- Installing: /home/ogan/ME461F25_LittleDaisies/project/ros_ws/install/mobile_sensor/share/mobile_sensor//node_modules/side-channel-list/test/index.js
[1.307s] -- Installing: /home/ogan/ME461F25_LittleDaisies/project/ros_ws/install/mobile_sensor/share/mobile_sensor//node_modules/side-channel-list/README.md
[1.307s] -- Installing: /home/ogan/ME461F25_LittleDaisies/project/ros_ws/install/mobile_sensor/share/mobile_sensor//node_modules/side-channel-list/.github
[1.307s] -- Installing: /home/ogan/ME461F25_LittleDaisies/project/ros_ws/install/mobile_sensor/share/mobile_sensor//node_modules/side-channel-list/.github/FUNDING.yml
[1.307s] -- Installing: /home/ogan/ME461F25_LittleDaisies/project/ros_ws/install/mobile_sensor/share/mobile_sensor//node_modules/side-channel-list/.nycrc
[1.307s] -- Installing: /home/ogan/ME461F25_LittleDaisies/project/ros_ws/install/mobile_sensor/share/mobile_sensor//node_modules/side-channel-list/list.d.ts
[1.308s] -- Installing: /home/ogan/ME461F25_LittleDaisies/project/ros_ws/install/mobile_sensor/share/mobile_sensor//node_modules/function-bind
[1.308s] -- Installing: /home/ogan/ME461F25_LittleDaisies/project/ros_ws/install/mobile_sensor/share/mobile_sensor//node_modules/function-bind/.eslintrc
[1.308s] -- Installing: /home/ogan/ME461F25_LittleDaisies/project/ros_ws/install/mobile_sensor/share/mobile_sensor//node_modules/function-bind/package.json
[1.308s] -- Installing: /home/ogan/ME461F25_LittleDaisies/project/ros_ws/install/mobile_sensor/share/mobile_sensor//node_modules/function-bind/implementation.js
[1.308s] -- Installing: /home/ogan/ME461F25_LittleDaisies/project/ros_ws/install/mobile_sensor/share/mobile_sensor//node_modules/function-bind/LICENSE
[1.308s] -- Installing: /home/ogan/ME461F25_LittleDaisies/project/ros_ws/install/mobile_sensor/share/mobile_sensor//node_modules/function-bind/index.js
[1.308s] -- Installing: /home/ogan/ME461F25_LittleDaisies/project/ros_ws/install/mobile_sensor/share/mobile_sensor//node_modules/function-bind/CHANGELOG.md
[1.308s] -- Installing: /home/ogan/ME461F25_LittleDaisies/project/ros_ws/install/mobile_sensor/share/mobile_sensor//node_modules/function-bind/test
[1.308s] -- Installing: /home/ogan/ME461F25_LittleDaisies/project/ros_ws/install/mobile_sensor/share/mobile_sensor//node_modules/function-bind/test/.eslintrc
[1.308s] -- Installing: /home/ogan/ME461F25_LittleDaisies/project/ros_ws/install/mobile_sensor/share/mobile_sensor//node_modules/function-bind/test/index.js
[1.309s] -- Installing: /home/ogan/ME461F25_LittleDaisies/project/ros_ws/install/mobile_sensor/share/mobile_sensor//node_modules/function-bind/README.md
[1.309s] -- Installing: /home/ogan/ME461F25_LittleDaisies/project/ros_ws/install/mobile_sensor/share/mobile_sensor//node_modules/function-bind/.github
[1.309s] -- Installing: /home/ogan/ME461F25_LittleDaisies/project/ros_ws/install/mobile_sensor/share/mobile_sensor//node_modules/function-bind/.github/SECURITY.md
[1.309s] -- Installing: /home/ogan/ME461F25_LittleDaisies/project/ros_ws/install/mobile_sensor/share/mobile_sensor//node_modules/function-bind/.github/FUNDING.yml
[1.309s] -- Installing: /home/ogan/ME461F25_LittleDaisies/project/ros_ws/install/mobile_sensor/share/mobile_sensor//node_modules/function-bind/.nycrc
[1.309s] -- Installing: /home/ogan/ME461F25_LittleDaisies/project/ros_ws/install/mobile_sensor/share/mobile_sensor//node_modules/finalhandler
[1.309s] -- Installing: /home/ogan/ME461F25_LittleDaisies/project/ros_ws/install/mobile_sensor/share/mobile_sensor//node_modules/finalhandler/SECURITY.md
[1.309s] -- Installing: /home/ogan/ME461F25_LittleDaisies/project/ros_ws/install/mobile_sensor/share/mobile_sensor//node_modules/finalhandler/package.json
[1.309s] -- Installing: /home/ogan/ME461F25_LittleDaisies/project/ros_ws/install/mobile_sensor/share/mobile_sensor//node_modules/finalhandler/LICENSE
[1.309s] -- Installing: /home/ogan/ME461F25_LittleDaisies/project/ros_ws/install/mobile_sensor/share/mobile_sensor//node_modules/finalhandler/index.js
[1.309s] -- Installing: /home/ogan/ME461F25_LittleDaisies/project/ros_ws/install/mobile_sensor/share/mobile_sensor//node_modules/finalhandler/HISTORY.md
[1.310s] -- Installing: /home/ogan/ME461F25_LittleDaisies/project/ros_ws/install/mobile_sensor/share/mobile_sensor//node_modules/finalhandler/README.md
[1.310s] -- Installing: /home/ogan/ME461F25_LittleDaisies/project/ros_ws/install/mobile_sensor/share/mobile_sensor//node_modules/negotiator
[1.310s] -- Installing: /home/ogan/ME461F25_LittleDaisies/project/ros_ws/install/mobile_sensor/share/mobile_sensor//node_modules/negotiator/package.json
[1.310s] -- Installing: /home/ogan/ME461F25_LittleDaisies/project/ros_ws/install/mobile_sensor/share/mobile_sensor//node_modules/negotiator/LICENSE
[1.310s] -- Installing: /home/ogan/ME461F25_LittleDaisies/project/ros_ws/install/mobile_sensor/share/mobile_sensor//node_modules/negotiator/index.js
[1.310s] -- Installing: /home/ogan/ME461F25_LittleDaisies/project/ros_ws/install/mobile_sensor/share/mobile_sensor//node_modules/negotiator/lib
[1.310s] -- Installing: /home/ogan/ME461F25_LittleDaisies/project/ros_ws/install/mobile_sensor/share/mobile_sensor//node_modules/negotiator/lib/language.js
[1.310s] -- Installing: /home/ogan/ME461F25_LittleDaisies/project/ros_ws/install/mobile_sensor/share/mobile_sensor//node_modules/negotiator/lib/encoding.js
[1.310s] -- Installing: /home/ogan/ME461F25_LittleDaisies/project/ros_ws/install/mobile_sensor/share/mobile_sensor//node_modules/negotiator/lib/mediaType.js
[1.310s] -- Installing: /home/ogan/ME461F25_LittleDaisies/project/ros_ws/install/mobile_sensor/share/mobile_sensor//node_modules/negotiator/lib/charset.js
[1.311s] -- Installing: /home/ogan/ME461F25_LittleDaisies/project/ros_ws/install/mobile_sensor/share/mobile_sensor//node_modules/negotiator/HISTORY.md
[1.311s] -- Installing: /home/ogan/ME461F25_LittleDaisies/project/ros_ws/install/mobile_sensor/share/mobile_sensor//node_modules/negotiator/README.md
[1.314s] Invoked command in '/home/ogan/ME461F25_LittleDaisies/project/ros_ws/build/mobile_sensor' returned '0': CMAKE_PREFIX_PATH=${CMAKE_PREFIX_PATH}:/home/ogan/kobot_ws/install/kobot_subsystems:/home/ogan/kobot_ws/install/kobot_behavior:/opt/ros/humble /usr/bin/cmake --install /home/ogan/ME461F25_LittleDaisies/project/ros_ws/build/mobile_sensor
