[0.000000] (-) TimerEvent: {}
[0.000137] (-) JobUnselected: {'identifier': 'camera_pkg'}
[0.000537] (mobile_sensor) JobQueued: {'identifier': 'mobile_sensor', 'dependencies': OrderedDict()}
[0.000568] (mobile_sensor) JobStarted: {'identifier': 'mobile_sensor'}
[0.006974] (mobile_sensor) JobProgress: {'identifier': 'mobile_sensor', 'progress': 'cmake'}
[0.007490] (mobile_sensor) Command: {'cmd': ['/usr/bin/cmake', '/home/ogan/ME461F25_LittleDaisies/project/ros_ws/src/mobile_sensor', '-DCMAKE_INSTALL_PREFIX=/home/ogan/ME461F25_LittleDaisies/project/ros_ws/install/mobile_sensor'], 'cwd': '/home/ogan/ME461F25_LittleDaisies/project/ros_ws/build/mobile_sensor', 'env': OrderedDict([('CONDA_PROMPT_MODIFIER', ''), ('TMUX', '/tmp/tmux-1000/default,28414,0'), ('LC_TIME', 'tr_TR.UTF-8'), ('USER', 'ogan'), ('XDG_SESSION_TYPE', 'x11'), ('LD_LIBRARY_PATH', '/home/ogan/kobot_ws/install/kobot_msgs/lib:/opt/ros/humble/opt/rviz_ogre_vendor/lib:/opt/ros/humble/lib/x86_64-linux-gnu:/opt/ros/humble/lib'), ('SHLVL', '2'), ('CONDA_SHLVL', '0'), ('HOME', '/home/ogan'), ('LESS', '-R'), ('OLDPWD', '/home/ogan/ME461F25_LittleDaisies/project/ros_ws/src/mobile_sensor/src'), ('PICO_EXTRAS_PATH', '/home/ogan/pico/pico-extras'), ('CONF_PATH', '/home/ogan/.ubuntu_conf'), ('DESKTOP_SESSION', 'ubuntu'), ('TERM_PROGRAM_VERSION', '3.2a'), ('NVM_BIN', '/home/ogan/.nvm/versions/node/v24.13.0/bin'), ('LSCOLORS', 'Gxfxcxdxbxegedabagacad'), ('ZSH', '/home/ogan/.oh-my-zsh'), ('NVM_INC', '/home/ogan/.nvm/versions/node/v24.13.0/include/node'), ('GNOME_SHELL_SESSION_MODE', 'ubuntu'), ('GTK_MODULES', 'gail:atk-bridge'), ('PAGER', 'less'), ('ROS_PYTHON_VERSION', '3'), ('LC_MONETARY', 'tr_TR.UTF-8'), ('DBUS_SESSION_BUS_ADDRESS', 'unix:path=/run/user/1000/bus'), ('P9K_TTY', 'old'), ('SYSTEMD_EXEC_PID', '3934'), ('COLORTERM', 'truecolor'), ('_CE_M', ''), ('_CONDA_ROOT', '/home/ogan/miniconda3'), ('_colcon_cd_root', '/opt/ros/humble/'), ('NVM_DIR', '/home/ogan/.nvm'), ('COLCON_PREFIX_PATH', '/home/ogan/kobot_ws/install'), ('ROS_DISTRO', 'humble'), ('GTK_IM_MODULE', 'ibus'), ('LOGNAME', 'ogan'), ('_', '/usr/bin/colcon'), ('_P9K_SSH_TTY', '/dev/pts/2'), ('ROS_VERSION', '2'), ('XDG_SESSION_CLASS', 'user'), ('STM32_PRG_PATH', '/home/ogan/STMicroelectronics/STM32Cube/STM32CubeProgrammer/binexport'), ('TERM', 'screen-256color'), ('USERNAME', 'ogan'), ('GNOME_DESKTOP_SESSION_ID', 'this-is-deprecated'), ('ROS_LOCALHOST_ONLY', '0'), ('_CE_CONDA', ''), ('WINDOWPATH', '2'), ('PATH', '/home/ogan/.nvm/versions/node/v24.13.0/bin:/opt/ros/humble/bin:/home/ogan/.local/bin:/home/ogan/bin:/home/ogan/.cargo/bin:/home/ogan/miniconda3/condabin:/usr/local/sbin:/usr/local/bin:/usr/sbin:/usr/bin:/sbin:/bin:/usr/games:/usr/local/games:/snap/bin:/snap/bin:/home/ogan/bin:/home/ogan/bin'), ('SESSION_MANAGER', 'local/ogan-laptop:@/tmp/.ICE-unix/3651,unix/ogan-laptop:/tmp/.ICE-unix/3651'), ('GNOME_TERMINAL_SCREEN', '/org/gnome/Terminal/screen/2678be11_53cd_4593_8069_a76fd6357348'), ('LC_ADDRESS', 'tr_TR.UTF-8'), ('XDG_MENU_PREFIX', 'gnome-'), ('XDG_RUNTIME_DIR', '/run/user/1000'), ('DISPLAY', ':1'), ('LANG', 'en_US.UTF-8'), ('LC_TELEPHONE', 'tr_TR.UTF-8'), ('XDG_CURRENT_DESKTOP', 'ubuntu:GNOME'), ('GNOME_TERMINAL_SERVICE', ':1.94'), ('LS_COLORS', 'rs=0:di=01;34:ln=01;36:mh=00:pi=40;33:so=01;35:do=01;35:bd=40;33;01:cd=40;33;01:or=40;31;01:mi=00:su=37;41:sg=30;43:ca=30;41:tw=30;42:ow=34;42:st=37;44:ex=01;32:*.tar=01;31:*.tgz=01;31:*.arc=01;31:*.arj=01;31:*.taz=01;31:*.lha=01;31:*.lz4=01;31:*.lzh=01;31:*.lzma=01;31:*.tlz=01;31:*.txz=01;31:*.tzo=01;31:*.t7z=01;31:*.zip=01;31:*.z=01;31:*.dz=01;31:*.gz=01;31:*.lrz=01;31:*.lz=01;31:*.lzo=01;31:*.xz=01;31:*.zst=01;31:*.tzst=01;31:*.bz2=01;31:*.bz=01;31:*.tbz=01;31:*.tbz2=01;31:*.tz=01;31:*.deb=01;31:*.rpm=01;31:*.jar=01;31:*.war=01;31:*.ear=01;31:*.sar=01;31:*.rar=01;31:*.alz=01;31:*.ace=01;31:*.zoo=01;31:*.cpio=01;31:*.7z=01;31:*.rz=01;31:*.cab=01;31:*.wim=01;31:*.swm=01;31:*.dwm=01;31:*.esd=01;31:*.jpg=01;35:*.jpeg=01;35:*.mjpg=01;35:*.mjpeg=01;35:*.gif=01;35:*.bmp=01;35:*.pbm=01;35:*.pgm=01;35:*.ppm=01;35:*.tga=01;35:*.xbm=01;35:*.xpm=01;35:*.tif=01;35:*.tiff=01;35:*.png=01;35:*.svg=01;35:*.svgz=01;35:*.mng=01;35:*.pcx=01;35:*.mov=01;35:*.mpg=01;35:*.mpeg=01;35:*.m2v=01;35:*.mkv=01;35:*.webm=01;35:*.webp=01;35:*.ogm=01;35:*.mp4=01;35:*.m4v=01;35:*.mp4v=01;35:*.vob=01;35:*.qt=01;35:*.nuv=01;35:*.wmv=01;35:*.asf=01;35:*.rm=01;35:*.rmvb=01;35:*.flc=01;35:*.avi=01;35:*.fli=01;35:*.flv=01;35:*.gl=01;35:*.dl=01;35:*.xcf=01;35:*.xwd=01;35:*.yuv=01;35:*.cgm=01;35:*.emf=01;35:*.ogv=01;35:*.ogx=01;35:*.aac=00;36:*.au=00;36:*.flac=00;36:*.m4a=00;36:*.mid=00;36:*.midi=00;36:*.mka=00;36:*.mp3=00;36:*.mpc=00;36:*.ogg=00;36:*.ra=00;36:*.wav=00;36:*.oga=00;36:*.opus=00;36:*.spx=00;36:*.xspf=00;36:'), ('PICO_EXAMPLES_PATH', '/home/ogan/pico/pico-examples'), ('TERM_PROGRAM', 'tmux'), ('XAUTHORITY', '/run/user/1000/gdm/Xauthority'), ('XDG_SESSION_DESKTOP', 'ubuntu'), ('XMODIFIERS', '@im=ibus'), ('AMENT_PREFIX_PATH', '/home/ogan/kobot_ws/install/kobot_subsystems:/home/ogan/kobot_ws/install/kobot_legacy_sim:/home/ogan/kobot_ws/install/kobot_behavior:/home/ogan/kobot_ws/install/kobot_msgs:/opt/ros/humble'), ('CONDA_PYTHON_EXE', '/home/ogan/miniconda3/bin/python'), ('ROS_DOMAIN_ID', '28'), ('SSH_AGENT_LAUNCHER', 'gnome-keyring'), ('SSH_AUTH_SOCK', '/run/user/1000/keyring/ssh'), ('LC_NAME', 'tr_TR.UTF-8'), ('SHELL', '/usr/bin/zsh'), ('GDMSESSION', 'ubuntu'), ('QT_ACCESSIBILITY', '1'), ('CONDA_DEFAULT_ENV', ''), ('LC_MEASUREMENT', 'tr_TR.UTF-8'), ('GPG_AGENT_INFO', '/run/user/1000/gnupg/S.gpg-agent:0:1'), ('LC_IDENTIFICATION', 'tr_TR.UTF-8'), ('_CONDA_EXE', '/home/ogan/miniconda3/bin/conda'), ('P9K_SSH', '0'), ('QT_IM_MODULE', 'ibus'), ('PWD', '/home/ogan/ME461F25_LittleDaisies/project/ros_ws/build/mobile_sensor'), ('CONDA_EXE', '/home/ogan/miniconda3/bin/conda'), ('PICO_SDK_PATH', '/home/ogan/pico/pico-sdk'), ('XDG_CONFIG_DIRS', '/etc/xdg/xdg-ubuntu:/etc/xdg'), ('XDG_DATA_DIRS', '/usr/share/ubuntu:/usr/share/gnome:/home/ogan/.local/share/flatpak/exports/share:/var/lib/flatpak/exports/share:/usr/local/share/:/usr/share/:/var/lib/snapd/desktop'), ('_P9K_TTY', '/dev/pts/2'), ('NVM_CD_FLAGS', '-q'), ('LC_NUMERIC', 'tr_TR.UTF-8'), ('PICO_PLAYGROUND_PATH', '/home/ogan/pico/pico-playground'), ('PYTHONPATH', '/home/ogan/kobot_ws/build/kobot_subsystems:/home/ogan/kobot_ws/install/kobot_subsystems/lib/python3.10/site-packages:/home/ogan/kobot_ws/build/kobot_behavior:/home/ogan/kobot_ws/install/kobot_behavior/lib/python3.10/site-packages:/home/ogan/kobot_ws/install/kobot_msgs/local/lib/python3.10/dist-packages:/opt/ros/humble/lib/python3.10/site-packages:/opt/ros/humble/local/lib/python3.10/dist-packages'), ('CONDA_PREFIX', ''), ('LC_PAPER', 'tr_TR.UTF-8'), ('TMUX_PLUGIN_MANAGER_PATH', '/home/ogan/.tmux/plugins/'), ('COLCON', '1'), ('TMUX_PANE', '%1'), ('VTE_VERSION', '6800'), ('CMAKE_PREFIX_PATH', '/home/ogan/kobot_ws/install/kobot_legacy_sim:/home/ogan/kobot_ws/install/kobot_msgs:/home/ogan/kobot_ws/install/kobot_subsystems:/home/ogan/kobot_ws/install/kobot_behavior:/opt/ros/humble'), ('EDITOR', 'code'), ('NVM_RC_VERSION', '')]), 'shell': False}
[0.014042] (mobile_sensor) StderrLine: {'line': b'\x1b[0mCMake Deprecation Warning at CMakeLists.txt:1 (cmake_minimum_required):\n'}
[0.014221] (mobile_sensor) StderrLine: {'line': b'  Compatibility with CMake < 3.10 will be removed from a future version of\n'}
[0.014291] (mobile_sensor) StderrLine: {'line': b'  CMake.\n'}
[0.014347] (mobile_sensor) StderrLine: {'line': b'\n'}
[0.014401] (mobile_sensor) StderrLine: {'line': b'  Update the VERSION argument <min> value.  Or, use the <min>...<max> syntax\n'}
[0.014452] (mobile_sensor) StderrLine: {'line': b'  to tell CMake that the project requires at least <min> but has been updated\n'}
[0.014507] (mobile_sensor) StderrLine: {'line': b'  to work with policies introduced by <max> or earlier.\n'}
[0.014561] (mobile_sensor) StderrLine: {'line': b'\n'}
[0.014611] (mobile_sensor) StderrLine: {'line': b'\x1b[0m\n'}
[0.053769] (mobile_sensor) StdoutLine: {'line': b'-- The C compiler identification is GNU 11.4.0\n'}
[0.099690] (-) TimerEvent: {}
[0.107658] (mobile_sensor) StdoutLine: {'line': b'-- The CXX compiler identification is GNU 11.4.0\n'}
[0.113788] (mobile_sensor) StdoutLine: {'line': b'-- Detecting C compiler ABI info\n'}
[0.167497] (mobile_sensor) StdoutLine: {'line': b'-- Detecting C compiler ABI info - done\n'}
[0.179587] (mobile_sensor) StdoutLine: {'line': b'-- Check for working C compiler: /usr/bin/cc - skipped\n'}
[0.179868] (mobile_sensor) StdoutLine: {'line': b'-- Detecting C compile features\n'}
[0.180186] (mobile_sensor) StdoutLine: {'line': b'-- Detecting C compile features - done\n'}
[0.190274] (mobile_sensor) StdoutLine: {'line': b'-- Detecting CXX compiler ABI info\n'}
[0.199791] (-) TimerEvent: {}
[0.251068] (mobile_sensor) StdoutLine: {'line': b'-- Detecting CXX compiler ABI info - done\n'}
[0.262770] (mobile_sensor) StdoutLine: {'line': b'-- Check for working CXX compiler: /usr/bin/c++ - skipped\n'}
[0.263096] (mobile_sensor) StdoutLine: {'line': b'-- Detecting CXX compile features\n'}
[0.263699] (mobile_sensor) StdoutLine: {'line': b'-- Detecting CXX compile features - done\n'}
[0.272380] (mobile_sensor) StdoutLine: {'line': b'-- Found ament_cmake: 1.3.11 (/opt/ros/humble/share/ament_cmake/cmake)\n'}
[0.299891] (-) TimerEvent: {}
[0.387881] (mobile_sensor) StdoutLine: {'line': b'-- Found Python3: /usr/bin/python3 (found version "3.10.12") found components: Interpreter\n'}
[0.399971] (-) TimerEvent: {}
[0.471426] (mobile_sensor) StdoutLine: {'line': b'-- Found ament_lint_auto: 0.12.12 (/opt/ros/humble/share/ament_lint_auto/cmake)\n'}
[0.500083] (-) TimerEvent: {}
[0.600362] (-) TimerEvent: {}
[0.688411] (mobile_sensor) StdoutLine: {'line': b"-- Added test 'cppcheck' to perform static code analysis on C / C++ code\n"}
[0.688582] (mobile_sensor) StdoutLine: {'line': b'-- Configured cppcheck include dirs: \n'}
[0.688650] (mobile_sensor) StdoutLine: {'line': b'-- Configured cppcheck exclude dirs and/or files: \n'}
[0.700463] (-) TimerEvent: {}
[0.707565] (mobile_sensor) StdoutLine: {'line': b"-- Added test 'flake8' to check Python code syntax and style conventions\n"}
[0.743840] (mobile_sensor) StdoutLine: {'line': b"-- Added test 'lint_cmake' to check CMake code style\n"}
[0.762361] (mobile_sensor) StdoutLine: {'line': b"-- Added test 'pep257' to check Python code against some of the docstring style conventions in PEP 257\n"}
[0.800582] (-) TimerEvent: {}
[0.900856] (-) TimerEvent: {}
[0.904658] (mobile_sensor) StdoutLine: {'line': b"-- Added test 'uncrustify' to check C / C++ code style\n"}
[0.904796] (mobile_sensor) StdoutLine: {'line': b'-- Configured uncrustify additional arguments: \n'}
[0.923972] (mobile_sensor) StdoutLine: {'line': b"-- Added test 'xmllint' to check XML markup files\n"}
[0.926378] (mobile_sensor) StdoutLine: {'line': b'-- Configuring done (0.9s)\n'}
[0.929763] (mobile_sensor) StdoutLine: {'line': b'-- Generating done (0.0s)\n'}
[0.931471] (mobile_sensor) StdoutLine: {'line': b'-- Build files have been written to: /home/ogan/ME461F25_LittleDaisies/project/ros_ws/build/mobile_sensor\n'}
[0.935301] (mobile_sensor) CommandEnded: {'returncode': 0}
[0.935850] (mobile_sensor) JobProgress: {'identifier': 'mobile_sensor', 'progress': 'build'}
[0.936456] (mobile_sensor) Command: {'cmd': ['/usr/bin/cmake', '--build', '/home/ogan/ME461F25_LittleDaisies/project/ros_ws/build/mobile_sensor', '--', '-j16', '-l16'], 'cwd': '/home/ogan/ME461F25_LittleDaisies/project/ros_ws/build/mobile_sensor', 'env': OrderedDict([('CONDA_PROMPT_MODIFIER', ''), ('TMUX', '/tmp/tmux-1000/default,28414,0'), ('LC_TIME', 'tr_TR.UTF-8'), ('USER', 'ogan'), ('XDG_SESSION_TYPE', 'x11'), ('LD_LIBRARY_PATH', '/home/ogan/kobot_ws/install/kobot_msgs/lib:/opt/ros/humble/opt/rviz_ogre_vendor/lib:/opt/ros/humble/lib/x86_64-linux-gnu:/opt/ros/humble/lib'), ('SHLVL', '2'), ('CONDA_SHLVL', '0'), ('HOME', '/home/ogan'), ('LESS', '-R'), ('OLDPWD', '/home/ogan/ME461F25_LittleDaisies/project/ros_ws/src/mobile_sensor/src'), ('PICO_EXTRAS_PATH', '/home/ogan/pico/pico-extras'), ('CONF_PATH', '/home/ogan/.ubuntu_conf'), ('DESKTOP_SESSION', 'ubuntu'), ('TERM_PROGRAM_VERSION', '3.2a'), ('NVM_BIN', '/home/ogan/.nvm/versions/node/v24.13.0/bin'), ('LSCOLORS', 'Gxfxcxdxbxegedabagacad'), ('ZSH', '/home/ogan/.oh-my-zsh'), ('NVM_INC', '/home/ogan/.nvm/versions/node/v24.13.0/include/node'), ('GNOME_SHELL_SESSION_MODE', 'ubuntu'), ('GTK_MODULES', 'gail:atk-bridge'), ('PAGER', 'less'), ('ROS_PYTHON_VERSION', '3'), ('LC_MONETARY', 'tr_TR.UTF-8'), ('DBUS_SESSION_BUS_ADDRESS', 'unix:path=/run/user/1000/bus'), ('P9K_TTY', 'old'), ('SYSTEMD_EXEC_PID', '3934'), ('COLORTERM', 'truecolor'), ('_CE_M', ''), ('_CONDA_ROOT', '/home/ogan/miniconda3'), ('_colcon_cd_root', '/opt/ros/humble/'), ('NVM_DIR', '/home/ogan/.nvm'), ('COLCON_PREFIX_PATH', '/home/ogan/kobot_ws/install'), ('ROS_DISTRO', 'humble'), ('GTK_IM_MODULE', 'ibus'), ('LOGNAME', 'ogan'), ('_', '/usr/bin/colcon'), ('_P9K_SSH_TTY', '/dev/pts/2'), ('ROS_VERSION', '2'), ('XDG_SESSION_CLASS', 'user'), ('STM32_PRG_PATH', '/home/ogan/STMicroelectronics/STM32Cube/STM32CubeProgrammer/binexport'), ('TERM', 'screen-256color'), ('USERNAME', 'ogan'), ('GNOME_DESKTOP_SESSION_ID', 'this-is-deprecated'), ('ROS_LOCALHOST_ONLY', '0'), ('_CE_CONDA', ''), ('WINDOWPATH', '2'), ('PATH', '/home/ogan/.nvm/versions/node/v24.13.0/bin:/opt/ros/humble/bin:/home/ogan/.local/bin:/home/ogan/bin:/home/ogan/.cargo/bin:/home/ogan/miniconda3/condabin:/usr/local/sbin:/usr/local/bin:/usr/sbin:/usr/bin:/sbin:/bin:/usr/games:/usr/local/games:/snap/bin:/snap/bin:/home/ogan/bin:/home/ogan/bin'), ('SESSION_MANAGER', 'local/ogan-laptop:@/tmp/.ICE-unix/3651,unix/ogan-laptop:/tmp/.ICE-unix/3651'), ('GNOME_TERMINAL_SCREEN', '/org/gnome/Terminal/screen/2678be11_53cd_4593_8069_a76fd6357348'), ('LC_ADDRESS', 'tr_TR.UTF-8'), ('XDG_MENU_PREFIX', 'gnome-'), ('XDG_RUNTIME_DIR', '/run/user/1000'), ('DISPLAY', ':1'), ('LANG', 'en_US.UTF-8'), ('LC_TELEPHONE', 'tr_TR.UTF-8'), ('XDG_CURRENT_DESKTOP', 'ubuntu:GNOME'), ('GNOME_TERMINAL_SERVICE', ':1.94'), ('LS_COLORS', 'rs=0:di=01;34:ln=01;36:mh=00:pi=40;33:so=01;35:do=01;35:bd=40;33;01:cd=40;33;01:or=40;31;01:mi=00:su=37;41:sg=30;43:ca=30;41:tw=30;42:ow=34;42:st=37;44:ex=01;32:*.tar=01;31:*.tgz=01;31:*.arc=01;31:*.arj=01;31:*.taz=01;31:*.lha=01;31:*.lz4=01;31:*.lzh=01;31:*.lzma=01;31:*.tlz=01;31:*.txz=01;31:*.tzo=01;31:*.t7z=01;31:*.zip=01;31:*.z=01;31:*.dz=01;31:*.gz=01;31:*.lrz=01;31:*.lz=01;31:*.lzo=01;31:*.xz=01;31:*.zst=01;31:*.tzst=01;31:*.bz2=01;31:*.bz=01;31:*.tbz=01;31:*.tbz2=01;31:*.tz=01;31:*.deb=01;31:*.rpm=01;31:*.jar=01;31:*.war=01;31:*.ear=01;31:*.sar=01;31:*.rar=01;31:*.alz=01;31:*.ace=01;31:*.zoo=01;31:*.cpio=01;31:*.7z=01;31:*.rz=01;31:*.cab=01;31:*.wim=01;31:*.swm=01;31:*.dwm=01;31:*.esd=01;31:*.jpg=01;35:*.jpeg=01;35:*.mjpg=01;35:*.mjpeg=01;35:*.gif=01;35:*.bmp=01;35:*.pbm=01;35:*.pgm=01;35:*.ppm=01;35:*.tga=01;35:*.xbm=01;35:*.xpm=01;35:*.tif=01;35:*.tiff=01;35:*.png=01;35:*.svg=01;35:*.svgz=01;35:*.mng=01;35:*.pcx=01;35:*.mov=01;35:*.mpg=01;35:*.mpeg=01;35:*.m2v=01;35:*.mkv=01;35:*.webm=01;35:*.webp=01;35:*.ogm=01;35:*.mp4=01;35:*.m4v=01;35:*.mp4v=01;35:*.vob=01;35:*.qt=01;35:*.nuv=01;35:*.wmv=01;35:*.asf=01;35:*.rm=01;35:*.rmvb=01;35:*.flc=01;35:*.avi=01;35:*.fli=01;35:*.flv=01;35:*.gl=01;35:*.dl=01;35:*.xcf=01;35:*.xwd=01;35:*.yuv=01;35:*.cgm=01;35:*.emf=01;35:*.ogv=01;35:*.ogx=01;35:*.aac=00;36:*.au=00;36:*.flac=00;36:*.m4a=00;36:*.mid=00;36:*.midi=00;36:*.mka=00;36:*.mp3=00;36:*.mpc=00;36:*.ogg=00;36:*.ra=00;36:*.wav=00;36:*.oga=00;36:*.opus=00;36:*.spx=00;36:*.xspf=00;36:'), ('PICO_EXAMPLES_PATH', '/home/ogan/pico/pico-examples'), ('TERM_PROGRAM', 'tmux'), ('XAUTHORITY', '/run/user/1000/gdm/Xauthority'), ('XDG_SESSION_DESKTOP', 'ubuntu'), ('XMODIFIERS', '@im=ibus'), ('AMENT_PREFIX_PATH', '/home/ogan/kobot_ws/install/kobot_subsystems:/home/ogan/kobot_ws/install/kobot_legacy_sim:/home/ogan/kobot_ws/install/kobot_behavior:/home/ogan/kobot_ws/install/kobot_msgs:/opt/ros/humble'), ('CONDA_PYTHON_EXE', '/home/ogan/miniconda3/bin/python'), ('ROS_DOMAIN_ID', '28'), ('SSH_AGENT_LAUNCHER', 'gnome-keyring'), ('SSH_AUTH_SOCK', '/run/user/1000/keyring/ssh'), ('LC_NAME', 'tr_TR.UTF-8'), ('SHELL', '/usr/bin/zsh'), ('GDMSESSION', 'ubuntu'), ('QT_ACCESSIBILITY', '1'), ('CONDA_DEFAULT_ENV', ''), ('LC_MEASUREMENT', 'tr_TR.UTF-8'), ('GPG_AGENT_INFO', '/run/user/1000/gnupg/S.gpg-agent:0:1'), ('LC_IDENTIFICATION', 'tr_TR.UTF-8'), ('_CONDA_EXE', '/home/ogan/miniconda3/bin/conda'), ('P9K_SSH', '0'), ('QT_IM_MODULE', 'ibus'), ('PWD', '/home/ogan/ME461F25_LittleDaisies/project/ros_ws/build/mobile_sensor'), ('CONDA_EXE', '/home/ogan/miniconda3/bin/conda'), ('PICO_SDK_PATH', '/home/ogan/pico/pico-sdk'), ('XDG_CONFIG_DIRS', '/etc/xdg/xdg-ubuntu:/etc/xdg'), ('XDG_DATA_DIRS', '/usr/share/ubuntu:/usr/share/gnome:/home/ogan/.local/share/flatpak/exports/share:/var/lib/flatpak/exports/share:/usr/local/share/:/usr/share/:/var/lib/snapd/desktop'), ('_P9K_TTY', '/dev/pts/2'), ('NVM_CD_FLAGS', '-q'), ('LC_NUMERIC', 'tr_TR.UTF-8'), ('PICO_PLAYGROUND_PATH', '/home/ogan/pico/pico-playground'), ('PYTHONPATH', '/home/ogan/kobot_ws/build/kobot_subsystems:/home/ogan/kobot_ws/install/kobot_subsystems/lib/python3.10/site-packages:/home/ogan/kobot_ws/build/kobot_behavior:/home/ogan/kobot_ws/install/kobot_behavior/lib/python3.10/site-packages:/home/ogan/kobot_ws/install/kobot_msgs/local/lib/python3.10/dist-packages:/opt/ros/humble/lib/python3.10/site-packages:/opt/ros/humble/local/lib/python3.10/dist-packages'), ('CONDA_PREFIX', ''), ('LC_PAPER', 'tr_TR.UTF-8'), ('TMUX_PLUGIN_MANAGER_PATH', '/home/ogan/.tmux/plugins/'), ('COLCON', '1'), ('TMUX_PANE', '%1'), ('VTE_VERSION', '6800'), ('CMAKE_PREFIX_PATH', '/home/ogan/kobot_ws/install/kobot_legacy_sim:/home/ogan/kobot_ws/install/kobot_msgs:/home/ogan/kobot_ws/install/kobot_subsystems:/home/ogan/kobot_ws/install/kobot_behavior:/opt/ros/humble'), ('EDITOR', 'code'), ('NVM_RC_VERSION', '')]), 'shell': False}
[0.955791] (mobile_sensor) CommandEnded: {'returncode': 0}
[0.956524] (mobile_sensor) JobProgress: {'identifier': 'mobile_sensor', 'progress': 'install'}
[0.960251] (mobile_sensor) Command: {'cmd': ['/usr/bin/cmake', '--install', '/home/ogan/ME461F25_LittleDaisies/project/ros_ws/build/mobile_sensor'], 'cwd': '/home/ogan/ME461F25_LittleDaisies/project/ros_ws/build/mobile_sensor', 'env': OrderedDict([('CONDA_PROMPT_MODIFIER', ''), ('TMUX', '/tmp/tmux-1000/default,28414,0'), ('LC_TIME', 'tr_TR.UTF-8'), ('USER', 'ogan'), ('XDG_SESSION_TYPE', 'x11'), ('LD_LIBRARY_PATH', '/home/ogan/kobot_ws/install/kobot_msgs/lib:/opt/ros/humble/opt/rviz_ogre_vendor/lib:/opt/ros/humble/lib/x86_64-linux-gnu:/opt/ros/humble/lib'), ('SHLVL', '2'), ('CONDA_SHLVL', '0'), ('HOME', '/home/ogan'), ('LESS', '-R'), ('OLDPWD', '/home/ogan/ME461F25_LittleDaisies/project/ros_ws/src/mobile_sensor/src'), ('PICO_EXTRAS_PATH', '/home/ogan/pico/pico-extras'), ('CONF_PATH', '/home/ogan/.ubuntu_conf'), ('DESKTOP_SESSION', 'ubuntu'), ('TERM_PROGRAM_VERSION', '3.2a'), ('NVM_BIN', '/home/ogan/.nvm/versions/node/v24.13.0/bin'), ('LSCOLORS', 'Gxfxcxdxbxegedabagacad'), ('ZSH', '/home/ogan/.oh-my-zsh'), ('NVM_INC', '/home/ogan/.nvm/versions/node/v24.13.0/include/node'), ('GNOME_SHELL_SESSION_MODE', 'ubuntu'), ('GTK_MODULES', 'gail:atk-bridge'), ('PAGER', 'less'), ('ROS_PYTHON_VERSION', '3'), ('LC_MONETARY', 'tr_TR.UTF-8'), ('DBUS_SESSION_BUS_ADDRESS', 'unix:path=/run/user/1000/bus'), ('P9K_TTY', 'old'), ('SYSTEMD_EXEC_PID', '3934'), ('COLORTERM', 'truecolor'), ('_CE_M', ''), ('_CONDA_ROOT', '/home/ogan/miniconda3'), ('_colcon_cd_root', '/opt/ros/humble/'), ('NVM_DIR', '/home/ogan/.nvm'), ('COLCON_PREFIX_PATH', '/home/ogan/kobot_ws/install'), ('ROS_DISTRO', 'humble'), ('GTK_IM_MODULE', 'ibus'), ('LOGNAME', 'ogan'), ('_', '/usr/bin/colcon'), ('_P9K_SSH_TTY', '/dev/pts/2'), ('ROS_VERSION', '2'), ('XDG_SESSION_CLASS', 'user'), ('STM32_PRG_PATH', '/home/ogan/STMicroelectronics/STM32Cube/STM32CubeProgrammer/binexport'), ('TERM', 'screen-256color'), ('USERNAME', 'ogan'), ('GNOME_DESKTOP_SESSION_ID', 'this-is-deprecated'), ('ROS_LOCALHOST_ONLY', '0'), ('_CE_CONDA', ''), ('WINDOWPATH', '2'), ('PATH', '/home/ogan/.nvm/versions/node/v24.13.0/bin:/opt/ros/humble/bin:/home/ogan/.local/bin:/home/ogan/bin:/home/ogan/.cargo/bin:/home/ogan/miniconda3/condabin:/usr/local/sbin:/usr/local/bin:/usr/sbin:/usr/bin:/sbin:/bin:/usr/games:/usr/local/games:/snap/bin:/snap/bin:/home/ogan/bin:/home/ogan/bin'), ('SESSION_MANAGER', 'local/ogan-laptop:@/tmp/.ICE-unix/3651,unix/ogan-laptop:/tmp/.ICE-unix/3651'), ('GNOME_TERMINAL_SCREEN', '/org/gnome/Terminal/screen/2678be11_53cd_4593_8069_a76fd6357348'), ('LC_ADDRESS', 'tr_TR.UTF-8'), ('XDG_MENU_PREFIX', 'gnome-'), ('XDG_RUNTIME_DIR', '/run/user/1000'), ('DISPLAY', ':1'), ('LANG', 'en_US.UTF-8'), ('LC_TELEPHONE', 'tr_TR.UTF-8'), ('XDG_CURRENT_DESKTOP', 'ubuntu:GNOME'), ('GNOME_TERMINAL_SERVICE', ':1.94'), ('LS_COLORS', 'rs=0:di=01;34:ln=01;36:mh=00:pi=40;33:so=01;35:do=01;35:bd=40;33;01:cd=40;33;01:or=40;31;01:mi=00:su=37;41:sg=30;43:ca=30;41:tw=30;42:ow=34;42:st=37;44:ex=01;32:*.tar=01;31:*.tgz=01;31:*.arc=01;31:*.arj=01;31:*.taz=01;31:*.lha=01;31:*.lz4=01;31:*.lzh=01;31:*.lzma=01;31:*.tlz=01;31:*.txz=01;31:*.tzo=01;31:*.t7z=01;31:*.zip=01;31:*.z=01;31:*.dz=01;31:*.gz=01;31:*.lrz=01;31:*.lz=01;31:*.lzo=01;31:*.xz=01;31:*.zst=01;31:*.tzst=01;31:*.bz2=01;31:*.bz=01;31:*.tbz=01;31:*.tbz2=01;31:*.tz=01;31:*.deb=01;31:*.rpm=01;31:*.jar=01;31:*.war=01;31:*.ear=01;31:*.sar=01;31:*.rar=01;31:*.alz=01;31:*.ace=01;31:*.zoo=01;31:*.cpio=01;31:*.7z=01;31:*.rz=01;31:*.cab=01;31:*.wim=01;31:*.swm=01;31:*.dwm=01;31:*.esd=01;31:*.jpg=01;35:*.jpeg=01;35:*.mjpg=01;35:*.mjpeg=01;35:*.gif=01;35:*.bmp=01;35:*.pbm=01;35:*.pgm=01;35:*.ppm=01;35:*.tga=01;35:*.xbm=01;35:*.xpm=01;35:*.tif=01;35:*.tiff=01;35:*.png=01;35:*.svg=01;35:*.svgz=01;35:*.mng=01;35:*.pcx=01;35:*.mov=01;35:*.mpg=01;35:*.mpeg=01;35:*.m2v=01;35:*.mkv=01;35:*.webm=01;35:*.webp=01;35:*.ogm=01;35:*.mp4=01;35:*.m4v=01;35:*.mp4v=01;35:*.vob=01;35:*.qt=01;35:*.nuv=01;35:*.wmv=01;35:*.asf=01;35:*.rm=01;35:*.rmvb=01;35:*.flc=01;35:*.avi=01;35:*.fli=01;35:*.flv=01;35:*.gl=01;35:*.dl=01;35:*.xcf=01;35:*.xwd=01;35:*.yuv=01;35:*.cgm=01;35:*.emf=01;35:*.ogv=01;35:*.ogx=01;35:*.aac=00;36:*.au=00;36:*.flac=00;36:*.m4a=00;36:*.mid=00;36:*.midi=00;36:*.mka=00;36:*.mp3=00;36:*.mpc=00;36:*.ogg=00;36:*.ra=00;36:*.wav=00;36:*.oga=00;36:*.opus=00;36:*.spx=00;36:*.xspf=00;36:'), ('PICO_EXAMPLES_PATH', '/home/ogan/pico/pico-examples'), ('TERM_PROGRAM', 'tmux'), ('XAUTHORITY', '/run/user/1000/gdm/Xauthority'), ('XDG_SESSION_DESKTOP', 'ubuntu'), ('XMODIFIERS', '@im=ibus'), ('AMENT_PREFIX_PATH', '/home/ogan/kobot_ws/install/kobot_subsystems:/home/ogan/kobot_ws/install/kobot_legacy_sim:/home/ogan/kobot_ws/install/kobot_behavior:/home/ogan/kobot_ws/install/kobot_msgs:/opt/ros/humble'), ('CONDA_PYTHON_EXE', '/home/ogan/miniconda3/bin/python'), ('ROS_DOMAIN_ID', '28'), ('SSH_AGENT_LAUNCHER', 'gnome-keyring'), ('SSH_AUTH_SOCK', '/run/user/1000/keyring/ssh'), ('LC_NAME', 'tr_TR.UTF-8'), ('SHELL', '/usr/bin/zsh'), ('GDMSESSION', 'ubuntu'), ('QT_ACCESSIBILITY', '1'), ('CONDA_DEFAULT_ENV', ''), ('LC_MEASUREMENT', 'tr_TR.UTF-8'), ('GPG_AGENT_INFO', '/run/user/1000/gnupg/S.gpg-agent:0:1'), ('LC_IDENTIFICATION', 'tr_TR.UTF-8'), ('_CONDA_EXE', '/home/ogan/miniconda3/bin/conda'), ('P9K_SSH', '0'), ('QT_IM_MODULE', 'ibus'), ('PWD', '/home/ogan/ME461F25_LittleDaisies/project/ros_ws/build/mobile_sensor'), ('CONDA_EXE', '/home/ogan/miniconda3/bin/conda'), ('PICO_SDK_PATH', '/home/ogan/pico/pico-sdk'), ('XDG_CONFIG_DIRS', '/etc/xdg/xdg-ubuntu:/etc/xdg'), ('XDG_DATA_DIRS', '/usr/share/ubuntu:/usr/share/gnome:/home/ogan/.local/share/flatpak/exports/share:/var/lib/flatpak/exports/share:/usr/local/share/:/usr/share/:/var/lib/snapd/desktop'), ('_P9K_TTY', '/dev/pts/2'), ('NVM_CD_FLAGS', '-q'), ('LC_NUMERIC', 'tr_TR.UTF-8'), ('PICO_PLAYGROUND_PATH', '/home/ogan/pico/pico-playground'), ('PYTHONPATH', '/home/ogan/kobot_ws/build/kobot_subsystems:/home/ogan/kobot_ws/install/kobot_subsystems/lib/python3.10/site-packages:/home/ogan/kobot_ws/build/kobot_behavior:/home/ogan/kobot_ws/install/kobot_behavior/lib/python3.10/site-packages:/home/ogan/kobot_ws/install/kobot_msgs/local/lib/python3.10/dist-packages:/opt/ros/humble/lib/python3.10/site-packages:/opt/ros/humble/local/lib/python3.10/dist-packages'), ('CONDA_PREFIX', ''), ('LC_PAPER', 'tr_TR.UTF-8'), ('TMUX_PLUGIN_MANAGER_PATH', '/home/ogan/.tmux/plugins/'), ('COLCON', '1'), ('TMUX_PANE', '%1'), ('VTE_VERSION', '6800'), ('CMAKE_PREFIX_PATH', '/home/ogan/kobot_ws/install/kobot_legacy_sim:/home/ogan/kobot_ws/install/kobot_msgs:/home/ogan/kobot_ws/install/kobot_subsystems:/home/ogan/kobot_ws/install/kobot_behavior:/opt/ros/humble'), ('EDITOR', 'code'), ('NVM_RC_VERSION', '')]), 'shell': False}
[0.964047] (mobile_sensor) StdoutLine: {'line': b'-- Install configuration: ""\n'}
[0.964250] (mobile_sensor) StdoutLine: {'line': b'-- Installing: /home/ogan/ME461F25_LittleDaisies/project/ros_ws/install/mobile_sensor/share/ament_index/resource_index/package_run_dependencies/mobile_sensor\n'}
[0.964432] (mobile_sensor) StdoutLine: {'line': b'-- Installing: /home/ogan/ME461F25_LittleDaisies/project/ros_ws/install/mobile_sensor/share/ament_index/resource_index/parent_prefix_path/mobile_sensor\n'}
[0.964597] (mobile_sensor) StdoutLine: {'line': b'-- Installing: /home/ogan/ME461F25_LittleDaisies/project/ros_ws/install/mobile_sensor/share/mobile_sensor/environment/ament_prefix_path.sh\n'}
[0.964707] (mobile_sensor) StdoutLine: {'line': b'-- Installing: /home/ogan/ME461F25_LittleDaisies/project/ros_ws/install/mobile_sensor/share/mobile_sensor/environment/ament_prefix_path.dsv\n'}
[0.964820] (mobile_sensor) StdoutLine: {'line': b'-- Installing: /home/ogan/ME461F25_LittleDaisies/project/ros_ws/install/mobile_sensor/share/mobile_sensor/environment/path.sh\n'}
[0.964945] (mobile_sensor) StdoutLine: {'line': b'-- Installing: /home/ogan/ME461F25_LittleDaisies/project/ros_ws/install/mobile_sensor/share/mobile_sensor/environment/path.dsv\n'}
[0.965054] (mobile_sensor) StdoutLine: {'line': b'-- Installing: /home/ogan/ME461F25_LittleDaisies/project/ros_ws/install/mobile_sensor/share/mobile_sensor/local_setup.bash\n'}
[0.965181] (mobile_sensor) StdoutLine: {'line': b'-- Installing: /home/ogan/ME461F25_LittleDaisies/project/ros_ws/install/mobile_sensor/share/mobile_sensor/local_setup.sh\n'}
[0.965296] (mobile_sensor) StdoutLine: {'line': b'-- Installing: /home/ogan/ME461F25_LittleDaisies/project/ros_ws/install/mobile_sensor/share/mobile_sensor/local_setup.zsh\n'}
[0.965403] (mobile_sensor) StdoutLine: {'line': b'-- Installing: /home/ogan/ME461F25_LittleDaisies/project/ros_ws/install/mobile_sensor/share/mobile_sensor/local_setup.dsv\n'}
[0.965518] (mobile_sensor) StdoutLine: {'line': b'-- Installing: /home/ogan/ME461F25_LittleDaisies/project/ros_ws/install/mobile_sensor/share/mobile_sensor/package.dsv\n'}
[0.965668] (mobile_sensor) StdoutLine: {'line': b'-- Installing: /home/ogan/ME461F25_LittleDaisies/project/ros_ws/install/mobile_sensor/share/ament_index/resource_index/packages/mobile_sensor\n'}
[0.965811] (mobile_sensor) StdoutLine: {'line': b'-- Installing: /home/ogan/ME461F25_LittleDaisies/project/ros_ws/install/mobile_sensor/share/mobile_sensor/cmake/mobile_sensorConfig.cmake\n'}
[0.965923] (mobile_sensor) StdoutLine: {'line': b'-- Installing: /home/ogan/ME461F25_LittleDaisies/project/ros_ws/install/mobile_sensor/share/mobile_sensor/cmake/mobile_sensorConfig-version.cmake\n'}
[0.966036] (mobile_sensor) StdoutLine: {'line': b'-- Installing: /home/ogan/ME461F25_LittleDaisies/project/ros_ws/install/mobile_sensor/share/mobile_sensor/package.xml\n'}
[0.966150] (mobile_sensor) StdoutLine: {'line': b'-- Installing: /home/ogan/ME461F25_LittleDaisies/project/ros_ws/install/mobile_sensor/share/mobile_sensor/package.json\n'}
[0.966254] (mobile_sensor) StdoutLine: {'line': b'-- Installing: /home/ogan/ME461F25_LittleDaisies/project/ros_ws/install/mobile_sensor/share/mobile_sensor/dist\n'}
[0.966323] (mobile_sensor) StdoutLine: {'line': b'-- Installing: /home/ogan/ME461F25_LittleDaisies/project/ros_ws/install/mobile_sensor/share/mobile_sensor/dist/client\n'}
[0.966397] (mobile_sensor) StdoutLine: {'line': b'-- Installing: /home/ogan/ME461F25_LittleDaisies/project/ros_ws/install/mobile_sensor/share/mobile_sensor/dist/client/style.css\n'}
[0.966502] (mobile_sensor) StdoutLine: {'line': b'-- Installing: /home/ogan/ME461F25_LittleDaisies/project/ros_ws/install/mobile_sensor/share/mobile_sensor/dist/client/main.js\n'}
[0.966632] (mobile_sensor) StdoutLine: {'line': b'-- Installing: /home/ogan/ME461F25_LittleDaisies/project/ros_ws/install/mobile_sensor/share/mobile_sensor/dist/client/camera.js\n'}
[0.966732] (mobile_sensor) StdoutLine: {'line': b'-- Installing: /home/ogan/ME461F25_LittleDaisies/project/ros_ws/install/mobile_sensor/share/mobile_sensor/dist/client/speechRecognition.js\n'}
[0.966846] (mobile_sensor) StdoutLine: {'line': b'-- Installing: /home/ogan/ME461F25_LittleDaisies/project/ros_ws/install/mobile_sensor/share/mobile_sensor/dist/client/iosCameraManager.js\n'}
[0.966969] (mobile_sensor) StdoutLine: {'line': b'-- Installing: /home/ogan/ME461F25_LittleDaisies/project/ros_ws/install/mobile_sensor/share/mobile_sensor/dist/client/gpsWebSocket.js\n'}
[0.967058] (mobile_sensor) StdoutLine: {'line': b'-- Installing: /home/ogan/ME461F25_LittleDaisies/project/ros_ws/install/mobile_sensor/share/mobile_sensor/dist/client/audioPlayer.js\n'}
[0.967184] (mobile_sensor) StdoutLine: {'line': b'-- Installing: /home/ogan/ME461F25_LittleDaisies/project/ros_ws/install/mobile_sensor/share/mobile_sensor/dist/client/index.html\n'}
[0.967291] (mobile_sensor) StdoutLine: {'line': b'-- Installing: /home/ogan/ME461F25_LittleDaisies/project/ros_ws/install/mobile_sensor/share/mobile_sensor/dist/client/textToSpeech.js\n'}
[0.967413] (mobile_sensor) StdoutLine: {'line': b'-- Installing: /home/ogan/ME461F25_LittleDaisies/project/ros_ws/install/mobile_sensor/share/mobile_sensor/dist/client/test.html\n'}
[0.967528] (mobile_sensor) StdoutLine: {'line': b'-- Installing: /home/ogan/ME461F25_LittleDaisies/project/ros_ws/install/mobile_sensor/share/mobile_sensor/dist/client/gpsSensor.js\n'}
[0.967678] (mobile_sensor) StdoutLine: {'line': b'-- Installing: /home/ogan/ME461F25_LittleDaisies/project/ros_ws/install/mobile_sensor/share/mobile_sensor/dist/client/imuSensor.js\n'}
[0.967794] (mobile_sensor) StdoutLine: {'line': b'-- Installing: /home/ogan/ME461F25_LittleDaisies/project/ros_ws/install/mobile_sensor/share/mobile_sensor/dist/ssl\n'}
[0.967886] (mobile_sensor) StdoutLine: {'line': b'-- Installing: /home/ogan/ME461F25_LittleDaisies/project/ros_ws/install/mobile_sensor/share/mobile_sensor/dist/ssl/key.pem\n'}
[0.967978] (mobile_sensor) StdoutLine: {'line': b'-- Installing: /home/ogan/ME461F25_LittleDaisies/project/ros_ws/install/mobile_sensor/share/mobile_sensor/dist/ssl/cert.pem\n'}
[0.968057] (mobile_sensor) StdoutLine: {'line': b'-- Installing: /home/ogan/ME461F25_LittleDaisies/project/ros_ws/install/mobile_sensor/share/mobile_sensor/dist/generate_ssl_cert.sh\n'}
[0.968134] (mobile_sensor) StdoutLine: {'line': b'-- Installing: /home/ogan/ME461F25_LittleDaisies/project/ros_ws/install/mobile_sensor/share/mobile_sensor/dist/server\n'}
[0.968216] (mobile_sensor) StdoutLine: {'line': b'-- Installing: /home/ogan/ME461F25_LittleDaisies/project/ros_ws/install/mobile_sensor/share/mobile_sensor/dist/server/websocket_handlers.js\n'}
[0.968300] (mobile_sensor) StdoutLine: {'line': b'-- Installing: /home/ogan/ME461F25_LittleDaisies/project/ros_ws/install/mobile_sensor/share/mobile_sensor/dist/server/logger.js\n'}
[0.968397] (mobile_sensor) StdoutLine: {'line': b'-- Installing: /home/ogan/ME461F25_LittleDaisies/project/ros_ws/install/mobile_sensor/share/mobile_sensor/dist/server/express_server.js\n'}
[0.968495] (mobile_sensor) StdoutLine: {'line': b'-- Installing: /home/ogan/ME461F25_LittleDaisies/project/ros_ws/install/mobile_sensor/share/mobile_sensor/dist/server/ros_interface.js\n'}
[0.968603] (mobile_sensor) StdoutLine: {'line': b'-- Installing: /home/ogan/ME461F25_LittleDaisies/project/ros_ws/install/mobile_sensor/share/mobile_sensor/dist/server/index.js\n'}
[0.968720] (mobile_sensor) StdoutLine: {'line': b'-- Installing: /home/ogan/ME461F25_LittleDaisies/project/ros_ws/install/mobile_sensor/share/mobile_sensor//config\n'}
[0.968789] (mobile_sensor) StdoutLine: {'line': b'-- Installing: /home/ogan/ME461F25_LittleDaisies/project/ros_ws/install/mobile_sensor/share/mobile_sensor//config/config.yaml\n'}
[0.968892] (mobile_sensor) StdoutLine: {'line': b'-- Installing: /home/ogan/ME461F25_LittleDaisies/project/ros_ws/install/mobile_sensor/share/mobile_sensor//launch\n'}
[0.968967] (mobile_sensor) StdoutLine: {'line': b'-- Installing: /home/ogan/ME461F25_LittleDaisies/project/ros_ws/install/mobile_sensor/share/mobile_sensor//launch/mobile_sensors.launch.py\n'}
[0.969061] (mobile_sensor) StdoutLine: {'line': b'-- Installing: /home/ogan/ME461F25_LittleDaisies/project/ros_ws/install/mobile_sensor/share/mobile_sensor//node_modules\n'}
[0.969186] (mobile_sensor) StdoutLine: {'line': b'-- Installing: /home/ogan/ME461F25_LittleDaisies/project/ros_ws/install/mobile_sensor/share/mobile_sensor//node_modules/mime-db\n'}
[0.969316] (mobile_sensor) StdoutLine: {'line': b'-- Installing: /home/ogan/ME461F25_LittleDaisies/project/ros_ws/install/mobile_sensor/share/mobile_sensor//node_modules/mime-db/package.json\n'}
[0.969477] (mobile_sensor) StdoutLine: {'line': b'-- Installing: /home/ogan/ME461F25_LittleDaisies/project/ros_ws/install/mobile_sensor/share/mobile_sensor//node_modules/mime-db/LICENSE\n'}
[0.969621] (mobile_sensor) StdoutLine: {'line': b'-- Installing: /home/ogan/ME461F25_LittleDaisies/project/ros_ws/install/mobile_sensor/share/mobile_sensor//node_modules/mime-db/index.js\n'}
[0.969764] (mobile_sensor) StdoutLine: {'line': b'-- Installing: /home/ogan/ME461F25_LittleDaisies/project/ros_ws/install/mobile_sensor/share/mobile_sensor//node_modules/mime-db/db.json\n'}
[0.970204] (mobile_sensor) StdoutLine: {'line': b'-- Installing: /home/ogan/ME461F25_LittleDaisies/project/ros_ws/install/mobile_sensor/share/mobile_sensor//node_modules/mime-db/HISTORY.md\n'}
[0.970367] (mobile_sensor) StdoutLine: {'line': b'-- Installing: /home/ogan/ME461F25_LittleDaisies/project/ros_ws/install/mobile_sensor/share/mobile_sensor//node_modules/mime-db/README.md\n'}
[0.970512] (mobile_sensor) StdoutLine: {'line': b'-- Installing: /home/ogan/ME461F25_LittleDaisies/project/ros_ws/install/mobile_sensor/share/mobile_sensor//node_modules/serve-static\n'}
[0.970625] (mobile_sensor) StdoutLine: {'line': b'-- Installing: /home/ogan/ME461F25_LittleDaisies/project/ros_ws/install/mobile_sensor/share/mobile_sensor//node_modules/serve-static/package.json\n'}
[0.970779] (mobile_sensor) StdoutLine: {'line': b'-- Installing: /home/ogan/ME461F25_LittleDaisies/project/ros_ws/install/mobile_sensor/share/mobile_sensor//node_modules/serve-static/LICENSE\n'}
[0.970925] (mobile_sensor) StdoutLine: {'line': b'-- Installing: /home/ogan/ME461F25_LittleDaisies/project/ros_ws/install/mobile_sensor/share/mobile_sensor//node_modules/serve-static/index.js\n'}
[0.971045] (mobile_sensor) StdoutLine: {'line': b'-- Installing: /home/ogan/ME461F25_LittleDaisies/project/ros_ws/install/mobile_sensor/share/mobile_sensor//node_modules/serve-static/HISTORY.md\n'}
[0.971175] (mobile_sensor) StdoutLine: {'line': b'-- Installing: /home/ogan/ME461F25_LittleDaisies/project/ros_ws/install/mobile_sensor/share/mobile_sensor//node_modules/serve-static/README.md\n'}
[0.971329] (mobile_sensor) StdoutLine: {'line': b'-- Installing: /home/ogan/ME461F25_LittleDaisies/project/ros_ws/install/mobile_sensor/share/mobile_sensor//node_modules/array-flatten\n'}
[0.971447] (mobile_sensor) StdoutLine: {'line': b'-- Installing: /home/ogan/ME461F25_LittleDaisies/project/ros_ws/install/mobile_sensor/share/mobile_sensor//node_modules/array-flatten/array-flatten.js\n'}
[0.971566] (mobile_sensor) StdoutLine: {'line': b'-- Installing: /home/ogan/ME461F25_LittleDaisies/project/ros_ws/install/mobile_sensor/share/mobile_sensor//node_modules/array-flatten/package.json\n'}
[0.971725] (mobile_sensor) StdoutLine: {'line': b'-- Installing: /home/ogan/ME461F25_LittleDaisies/project/ros_ws/install/mobile_sensor/share/mobile_sensor//node_modules/array-flatten/LICENSE\n'}
[0.971799] (mobile_sensor) StdoutLine: {'line': b'-- Installing: /home/ogan/ME461F25_LittleDaisies/project/ros_ws/install/mobile_sensor/share/mobile_sensor//node_modules/array-flatten/README.md\n'}
[0.971922] (mobile_sensor) StdoutLine: {'line': b'-- Installing: /home/ogan/ME461F25_LittleDaisies/project/ros_ws/install/mobile_sensor/share/mobile_sensor//node_modules/acorn\n'}
[0.971987] (mobile_sensor) StdoutLine: {'line': b'-- Installing: /home/ogan/ME461F25_LittleDaisies/project/ros_ws/install/mobile_sensor/share/mobile_sensor//node_modules/acorn/dist\n'}
[0.972063] (mobile_sensor) StdoutLine: {'line': b'-- Installing: /home/ogan/ME461F25_LittleDaisies/project/ros_ws/install/mobile_sensor/share/mobile_sensor//node_modules/acorn/dist/acorn.d.mts\n'}
[0.972117] (mobile_sensor) StdoutLine: {'line': b'-- Installing: /home/ogan/ME461F25_LittleDaisies/project/ros_ws/install/mobile_sensor/share/mobile_sensor//node_modules/acorn/dist/acorn.mjs\n'}
[0.972344] (mobile_sensor) StdoutLine: {'line': b'-- Installing: /home/ogan/ME461F25_LittleDaisies/project/ros_ws/install/mobile_sensor/share/mobile_sensor//node_modules/acorn/dist/acorn.d.ts\n'}
[0.972521] (mobile_sensor) StdoutLine: {'line': b'-- Installing: /home/ogan/ME461F25_LittleDaisies/project/ros_ws/install/mobile_sensor/share/mobile_sensor//node_modules/acorn/dist/bin.js\n'}
[0.972636] (mobile_sensor) StdoutLine: {'line': b'-- Installing: /home/ogan/ME461F25_LittleDaisies/project/ros_ws/install/mobile_sensor/share/mobile_sensor//node_modules/acorn/dist/acorn.js\n'}
[0.972952] (mobile_sensor) StdoutLine: {'line': b'-- Installing: /home/ogan/ME461F25_LittleDaisies/project/ros_ws/install/mobile_sensor/share/mobile_sensor//node_modules/acorn/package.json\n'}
[0.973050] (mobile_sensor) StdoutLine: {'line': b'-- Installing: /home/ogan/ME461F25_LittleDaisies/project/ros_ws/install/mobile_sensor/share/mobile_sensor//node_modules/acorn/LICENSE\n'}
[0.973189] (mobile_sensor) StdoutLine: {'line': b'-- Installing: /home/ogan/ME461F25_LittleDaisies/project/ros_ws/install/mobile_sensor/share/mobile_sensor//node_modules/acorn/bin\n'}
[0.973283] (mobile_sensor) StdoutLine: {'line': b'-- Installing: /home/ogan/ME461F25_LittleDaisies/project/ros_ws/install/mobile_sensor/share/mobile_sensor//node_modules/acorn/bin/acorn\n'}
[0.973408] (mobile_sensor) StdoutLine: {'line': b'-- Installing: /home/ogan/ME461F25_LittleDaisies/project/ros_ws/install/mobile_sensor/share/mobile_sensor//node_modules/acorn/CHANGELOG.md\n'}
[0.973534] (mobile_sensor) StdoutLine: {'line': b'-- Installing: /home/ogan/ME461F25_LittleDaisies/project/ros_ws/install/mobile_sensor/share/mobile_sensor//node_modules/acorn/README.md\n'}
[0.973684] (mobile_sensor) StdoutLine: {'line': b'-- Installing: /home/ogan/ME461F25_LittleDaisies/project/ros_ws/install/mobile_sensor/share/mobile_sensor//node_modules/ipaddr.js\n'}
[0.973814] (mobile_sensor) StdoutLine: {'line': b'-- Installing: /home/ogan/ME461F25_LittleDaisies/project/ros_ws/install/mobile_sensor/share/mobile_sensor//node_modules/ipaddr.js/package.json\n'}
[0.973912] (mobile_sensor) StdoutLine: {'line': b'-- Installing: /home/ogan/ME461F25_LittleDaisies/project/ros_ws/install/mobile_sensor/share/mobile_sensor//node_modules/ipaddr.js/LICENSE\n'}
[0.974000] (mobile_sensor) StdoutLine: {'line': b'-- Installing: /home/ogan/ME461F25_LittleDaisies/project/ros_ws/install/mobile_sensor/share/mobile_sensor//node_modules/ipaddr.js/lib\n'}
[0.974077] (mobile_sensor) StdoutLine: {'line': b'-- Installing: /home/ogan/ME461F25_LittleDaisies/project/ros_ws/install/mobile_sensor/share/mobile_sensor//node_modules/ipaddr.js/lib/ipaddr.js\n'}
[0.974206] (mobile_sensor) StdoutLine: {'line': b'-- Installing: /home/ogan/ME461F25_LittleDaisies/project/ros_ws/install/mobile_sensor/share/mobile_sensor//node_modules/ipaddr.js/lib/ipaddr.js.d.ts\n'}
[0.974308] (mobile_sensor) StdoutLine: {'line': b'-- Installing: /home/ogan/ME461F25_LittleDaisies/project/ros_ws/install/mobile_sensor/share/mobile_sensor//node_modules/ipaddr.js/ipaddr.min.js\n'}
[0.974412] (mobile_sensor) StdoutLine: {'line': b'-- Installing: /home/ogan/ME461F25_LittleDaisies/project/ros_ws/install/mobile_sensor/share/mobile_sensor//node_modules/ipaddr.js/README.md\n'}
[0.974517] (mobile_sensor) StdoutLine: {'line': b'-- Installing: /home/ogan/ME461F25_LittleDaisies/project/ros_ws/install/mobile_sensor/share/mobile_sensor//node_modules/bytes\n'}
[0.974585] (mobile_sensor) StdoutLine: {'line': b'-- Installing: /home/ogan/ME461F25_LittleDaisies/project/ros_ws/install/mobile_sensor/share/mobile_sensor//node_modules/bytes/package.json\n'}
[0.974681] (mobile_sensor) StdoutLine: {'line': b'-- Installing: /home/ogan/ME461F25_LittleDaisies/project/ros_ws/install/mobile_sensor/share/mobile_sensor//node_modules/bytes/LICENSE\n'}
[0.974777] (mobile_sensor) StdoutLine: {'line': b'-- Installing: /home/ogan/ME461F25_LittleDaisies/project/ros_ws/install/mobile_sensor/share/mobile_sensor//node_modules/bytes/index.js\n'}
[0.974872] (mobile_sensor) StdoutLine: {'line': b'-- Installing: /home/ogan/ME461F25_LittleDaisies/project/ros_ws/install/mobile_sensor/share/mobile_sensor//node_modules/bytes/Readme.md\n'}
[0.974973] (mobile_sensor) StdoutLine: {'line': b'-- Installing: /home/ogan/ME461F25_LittleDaisies/project/ros_ws/install/mobile_sensor/share/mobile_sensor//node_modules/bytes/History.md\n'}
[0.975065] (mobile_sensor) StdoutLine: {'line': b'-- Installing: /home/ogan/ME461F25_LittleDaisies/project/ros_ws/install/mobile_sensor/share/mobile_sensor//node_modules/json-bigint\n'}
[0.975144] (mobile_sensor) StdoutLine: {'line': b'-- Installing: /home/ogan/ME461F25_LittleDaisies/project/ros_ws/install/mobile_sensor/share/mobile_sensor//node_modules/json-bigint/package.json\n'}
[0.975252] (mobile_sensor) StdoutLine: {'line': b'-- Installing: /home/ogan/ME461F25_LittleDaisies/project/ros_ws/install/mobile_sensor/share/mobile_sensor//node_modules/json-bigint/LICENSE\n'}
[0.975349] (mobile_sensor) StdoutLine: {'line': b'-- Installing: /home/ogan/ME461F25_LittleDaisies/project/ros_ws/install/mobile_sensor/share/mobile_sensor//node_modules/json-bigint/index.js\n'}
[0.975440] (mobile_sensor) StdoutLine: {'line': b'-- Installing: /home/ogan/ME461F25_LittleDaisies/project/ros_ws/install/mobile_sensor/share/mobile_sensor//node_modules/json-bigint/lib\n'}
[0.975521] (mobile_sensor) StdoutLine: {'line': b'-- Installing: /home/ogan/ME461F25_LittleDaisies/project/ros_ws/install/mobile_sensor/share/mobile_sensor//node_modules/json-bigint/lib/parse.js\n'}
[0.975637] (mobile_sensor) StdoutLine: {'line': b'-- Installing: /home/ogan/ME461F25_LittleDaisies/project/ros_ws/install/mobile_sensor/share/mobile_sensor//node_modules/json-bigint/lib/stringify.js\n'}
[0.975764] (mobile_sensor) StdoutLine: {'line': b'-- Installing: /home/ogan/ME461F25_LittleDaisies/project/ros_ws/install/mobile_sensor/share/mobile_sensor//node_modules/json-bigint/README.md\n'}
[0.975875] (mobile_sensor) StdoutLine: {'line': b'-- Installing: /home/ogan/ME461F25_LittleDaisies/project/ros_ws/install/mobile_sensor/share/mobile_sensor//node_modules/next-tick\n'}
[0.975944] (mobile_sensor) StdoutLine: {'line': b'-- Installing: /home/ogan/ME461F25_LittleDaisies/project/ros_ws/install/mobile_sensor/share/mobile_sensor//node_modules/next-tick/.editorconfig\n'}
[0.976052] (mobile_sensor) StdoutLine: {'line': b'-- Installing: /home/ogan/ME461F25_LittleDaisies/project/ros_ws/install/mobile_sensor/share/mobile_sensor//node_modules/next-tick/package.json\n'}
[0.976153] (mobile_sensor) StdoutLine: {'line': b'-- Installing: /home/ogan/ME461F25_LittleDaisies/project/ros_ws/install/mobile_sensor/share/mobile_sensor//node_modules/next-tick/LICENSE\n'}
[0.976248] (mobile_sensor) StdoutLine: {'line': b'-- Installing: /home/ogan/ME461F25_LittleDaisies/project/ros_ws/install/mobile_sensor/share/mobile_sensor//node_modules/next-tick/index.js\n'}
[0.976343] (mobile_sensor) StdoutLine: {'line': b'-- Installing: /home/ogan/ME461F25_LittleDaisies/project/ros_ws/install/mobile_sensor/share/mobile_sensor//node_modules/next-tick/CHANGELOG.md\n'}
[0.976439] (mobile_sensor) StdoutLine: {'line': b'-- Installing: /home/ogan/ME461F25_LittleDaisies/project/ros_ws/install/mobile_sensor/share/mobile_sensor//node_modules/next-tick/.lint\n'}
[0.976531] (mobile_sensor) StdoutLine: {'line': b'-- Installing: /home/ogan/ME461F25_LittleDaisies/project/ros_ws/install/mobile_sensor/share/mobile_sensor//node_modules/next-tick/test\n'}
[0.976599] (mobile_sensor) StdoutLine: {'line': b'-- Installing: /home/ogan/ME461F25_LittleDaisies/project/ros_ws/install/mobile_sensor/share/mobile_sensor//node_modules/next-tick/test/index.js\n'}
[0.976702] (mobile_sensor) StdoutLine: {'line': b'-- Installing: /home/ogan/ME461F25_LittleDaisies/project/ros_ws/install/mobile_sensor/share/mobile_sensor//node_modules/next-tick/README.md\n'}
[0.976794] (mobile_sensor) StdoutLine: {'line': b'-- Installing: /home/ogan/ME461F25_LittleDaisies/project/ros_ws/install/mobile_sensor/share/mobile_sensor//node_modules/next-tick/.github\n'}
[0.976860] (mobile_sensor) StdoutLine: {'line': b'-- Installing: /home/ogan/ME461F25_LittleDaisies/project/ros_ws/install/mobile_sensor/share/mobile_sensor//node_modules/next-tick/.github/FUNDING.yml\n'}
[0.976957] (mobile_sensor) StdoutLine: {'line': b'-- Installing: /home/ogan/ME461F25_LittleDaisies/project/ros_ws/install/mobile_sensor/share/mobile_sensor//node_modules/next-tick/CHANGES\n'}
[0.977047] (mobile_sensor) StdoutLine: {'line': b'-- Installing: /home/ogan/ME461F25_LittleDaisies/project/ros_ws/install/mobile_sensor/share/mobile_sensor//node_modules/fresh\n'}
[0.977113] (mobile_sensor) StdoutLine: {'line': b'-- Installing: /home/ogan/ME461F25_LittleDaisies/project/ros_ws/install/mobile_sensor/share/mobile_sensor//node_modules/fresh/package.json\n'}
[0.977214] (mobile_sensor) StdoutLine: {'line': b'-- Installing: /home/ogan/ME461F25_LittleDaisies/project/ros_ws/install/mobile_sensor/share/mobile_sensor//node_modules/fresh/LICENSE\n'}
[0.977308] (mobile_sensor) StdoutLine: {'line': b'-- Installing: /home/ogan/ME461F25_LittleDaisies/project/ros_ws/install/mobile_sensor/share/mobile_sensor//node_modules/fresh/index.js\n'}
[0.977405] (mobile_sensor) StdoutLine: {'line': b'-- Installing: /home/ogan/ME461F25_LittleDaisies/project/ros_ws/install/mobile_sensor/share/mobile_sensor//node_modules/fresh/HISTORY.md\n'}
[0.977503] (mobile_sensor) StdoutLine: {'line': b'-- Installing: /home/ogan/ME461F25_LittleDaisies/project/ros_ws/install/mobile_sensor/share/mobile_sensor//node_modules/fresh/README.md\n'}
[0.977592] (mobile_sensor) StdoutLine: {'line': b'-- Installing: /home/ogan/ME461F25_LittleDaisies/project/ros_ws/install/mobile_sensor/share/mobile_sensor//node_modules/graceful-fs\n'}
[0.977662] (mobile_sensor) StdoutLine: {'line': b'-- Installing: /home/ogan/ME461F25_LittleDaisies/project/ros_ws/install/mobile_sensor/share/mobile_sensor//node_modules/graceful-fs/graceful-fs.js\n'}
[0.977769] (mobile_sensor) StdoutLine: {'line': b'-- Installing: /home/ogan/ME461F25_LittleDaisies/project/ros_ws/install/mobile_sensor/share/mobile_sensor//node_modules/graceful-fs/package.json\n'}
[0.977864] (mobile_sensor) StdoutLine: {'line': b'-- Installing: /home/ogan/ME461F25_LittleDaisies/project/ros_ws/install/mobile_sensor/share/mobile_sensor//node_modules/graceful-fs/clone.js\n'}
[0.977957] (mobile_sensor) StdoutLine: {'line': b'-- Installing: /home/ogan/ME461F25_LittleDaisies/project/ros_ws/install/mobile_sensor/share/mobile_sensor//node_modules/graceful-fs/LICENSE\n'}
[0.978054] (mobile_sensor) StdoutLine: {'line': b'-- Installing: /home/ogan/ME461F25_LittleDaisies/project/ros_ws/install/mobile_sensor/share/mobile_sensor//node_modules/graceful-fs/legacy-streams.js\n'}
[0.978157] (mobile_sensor) StdoutLine: {'line': b'-- Installing: /home/ogan/ME461F25_LittleDaisies/project/ros_ws/install/mobile_sensor/share/mobile_sensor//node_modules/graceful-fs/polyfills.js\n'}
[0.978255] (mobile_sensor) StdoutLine: {'line': b'-- Installing: /home/ogan/ME461F25_LittleDaisies/project/ros_ws/install/mobile_sensor/share/mobile_sensor//node_modules/graceful-fs/README.md\n'}
[0.978356] (mobile_sensor) StdoutLine: {'line': b'-- Installing: /home/ogan/ME461F25_LittleDaisies/project/ros_ws/install/mobile_sensor/share/mobile_sensor//node_modules/.package-lock.json\n'}
[0.978493] (mobile_sensor) StdoutLine: {'line': b'-- Installing: /home/ogan/ME461F25_LittleDaisies/project/ros_ws/install/mobile_sensor/share/mobile_sensor//node_modules/content-disposition\n'}
[0.978558] (mobile_sensor) StdoutLine: {'line': b'-- Installing: /home/ogan/ME461F25_LittleDaisies/project/ros_ws/install/mobile_sensor/share/mobile_sensor//node_modules/content-disposition/package.json\n'}
[0.978653] (mobile_sensor) StdoutLine: {'line': b'-- Installing: /home/ogan/ME461F25_LittleDaisies/project/ros_ws/install/mobile_sensor/share/mobile_sensor//node_modules/content-disposition/LICENSE\n'}
[0.978752] (mobile_sensor) StdoutLine: {'line': b'-- Installing: /home/ogan/ME461F25_LittleDaisies/project/ros_ws/install/mobile_sensor/share/mobile_sensor//node_modules/content-disposition/index.js\n'}
[0.978856] (mobile_sensor) StdoutLine: {'line': b'-- Installing: /home/ogan/ME461F25_LittleDaisies/project/ros_ws/install/mobile_sensor/share/mobile_sensor//node_modules/content-disposition/HISTORY.md\n'}
[0.978950] (mobile_sensor) StdoutLine: {'line': b'-- Installing: /home/ogan/ME461F25_LittleDaisies/project/ros_ws/install/mobile_sensor/share/mobile_sensor//node_modules/content-disposition/README.md\n'}
[0.979043] (mobile_sensor) StdoutLine: {'line': b'-- Installing: /home/ogan/ME461F25_LittleDaisies/project/ros_ws/install/mobile_sensor/share/mobile_sensor//node_modules/es-define-property\n'}
[0.979111] (mobile_sensor) StdoutLine: {'line': b'-- Installing: /home/ogan/ME461F25_LittleDaisies/project/ros_ws/install/mobile_sensor/share/mobile_sensor//node_modules/es-define-property/.eslintrc\n'}
[0.979216] (mobile_sensor) StdoutLine: {'line': b'-- Installing: /home/ogan/ME461F25_LittleDaisies/project/ros_ws/install/mobile_sensor/share/mobile_sensor//node_modules/es-define-property/package.json\n'}
[0.979307] (mobile_sensor) StdoutLine: {'line': b'-- Installing: /home/ogan/ME461F25_LittleDaisies/project/ros_ws/install/mobile_sensor/share/mobile_sensor//node_modules/es-define-property/LICENSE\n'}
[0.979400] (mobile_sensor) StdoutLine: {'line': b'-- Installing: /home/ogan/ME461F25_LittleDaisies/project/ros_ws/install/mobile_sensor/share/mobile_sensor//node_modules/es-define-property/index.js\n'}
[0.979499] (mobile_sensor) StdoutLine: {'line': b'-- Installing: /home/ogan/ME461F25_LittleDaisies/project/ros_ws/install/mobile_sensor/share/mobile_sensor//node_modules/es-define-property/index.d.ts\n'}
[0.979590] (mobile_sensor) StdoutLine: {'line': b'-- Installing: /home/ogan/ME461F25_LittleDaisies/project/ros_ws/install/mobile_sensor/share/mobile_sensor//node_modules/es-define-property/CHANGELOG.md\n'}
[0.979683] (mobile_sensor) StdoutLine: {'line': b'-- Installing: /home/ogan/ME461F25_LittleDaisies/project/ros_ws/install/mobile_sensor/share/mobile_sensor//node_modules/es-define-property/tsconfig.json\n'}
[0.979773] (mobile_sensor) StdoutLine: {'line': b'-- Installing: /home/ogan/ME461F25_LittleDaisies/project/ros_ws/install/mobile_sensor/share/mobile_sensor//node_modules/es-define-property/test\n'}
[0.979841] (mobile_sensor) StdoutLine: {'line': b'-- Installing: /home/ogan/ME461F25_LittleDaisies/project/ros_ws/install/mobile_sensor/share/mobile_sensor//node_modules/es-define-property/test/index.js\n'}
[0.979940] (mobile_sensor) StdoutLine: {'line': b'-- Installing: /home/ogan/ME461F25_LittleDaisies/project/ros_ws/install/mobile_sensor/share/mobile_sensor//node_modules/es-define-property/README.md\n'}
[0.980033] (mobile_sensor) StdoutLine: {'line': b'-- Installing: /home/ogan/ME461F25_LittleDaisies/project/ros_ws/install/mobile_sensor/share/mobile_sensor//node_modules/es-define-property/.github\n'}
[0.980100] (mobile_sensor) StdoutLine: {'line': b'-- Installing: /home/ogan/ME461F25_LittleDaisies/project/ros_ws/install/mobile_sensor/share/mobile_sensor//node_modules/es-define-property/.github/FUNDING.yml\n'}
[0.980204] (mobile_sensor) StdoutLine: {'line': b'-- Installing: /home/ogan/ME461F25_LittleDaisies/project/ros_ws/install/mobile_sensor/share/mobile_sensor//node_modules/es-define-property/.nycrc\n'}
[0.980295] (mobile_sensor) StdoutLine: {'line': b'-- Installing: /home/ogan/ME461F25_LittleDaisies/project/ros_ws/install/mobile_sensor/share/mobile_sensor//node_modules/safer-buffer\n'}
[0.980360] (mobile_sensor) StdoutLine: {'line': b'-- Installing: /home/ogan/ME461F25_LittleDaisies/project/ros_ws/install/mobile_sensor/share/mobile_sensor//node_modules/safer-buffer/Porting-Buffer.md\n'}
[0.980467] (mobile_sensor) StdoutLine: {'line': b'-- Installing: /home/ogan/ME461F25_LittleDaisies/project/ros_ws/install/mobile_sensor/share/mobile_sensor//node_modules/safer-buffer/dangerous.js\n'}
[0.980561] (mobile_sensor) StdoutLine: {'line': b'-- Installing: /home/ogan/ME461F25_LittleDaisies/project/ros_ws/install/mobile_sensor/share/mobile_sensor//node_modules/safer-buffer/package.json\n'}
[0.980655] (mobile_sensor) StdoutLine: {'line': b'-- Installing: /home/ogan/ME461F25_LittleDaisies/project/ros_ws/install/mobile_sensor/share/mobile_sensor//node_modules/safer-buffer/LICENSE\n'}
[0.980747] (mobile_sensor) StdoutLine: {'line': b'-- Installing: /home/ogan/ME461F25_LittleDaisies/project/ros_ws/install/mobile_sensor/share/mobile_sensor//node_modules/safer-buffer/safer.js\n'}
[0.980846] (mobile_sensor) StdoutLine: {'line': b'-- Installing: /home/ogan/ME461F25_LittleDaisies/project/ros_ws/install/mobile_sensor/share/mobile_sensor//node_modules/safer-buffer/tests.js\n'}
[0.980955] (mobile_sensor) StdoutLine: {'line': b'-- Installing: /home/ogan/ME461F25_LittleDaisies/project/ros_ws/install/mobile_sensor/share/mobile_sensor//node_modules/safer-buffer/Readme.md\n'}
[0.981053] (mobile_sensor) StdoutLine: {'line': b'-- Installing: /home/ogan/ME461F25_LittleDaisies/project/ros_ws/install/mobile_sensor/share/mobile_sensor//node_modules/dot\n'}
[0.981129] (mobile_sensor) StdoutLine: {'line': b'-- Installing: /home/ogan/ME461F25_LittleDaisies/project/ros_ws/install/mobile_sensor/share/mobile_sensor//node_modules/dot/doT.min.js\n'}
[0.981224] (mobile_sensor) StdoutLine: {'line': b'-- Installing: /home/ogan/ME461F25_LittleDaisies/project/ros_ws/install/mobile_sensor/share/mobile_sensor//node_modules/dot/examples\n'}
[0.981292] (mobile_sensor) StdoutLine: {'line': b'-- Installing: /home/ogan/ME461F25_LittleDaisies/project/ros_ws/install/mobile_sensor/share/mobile_sensor//node_modules/dot/examples/withdoT.js\n'}
[0.981385] (mobile_sensor) StdoutLine: {'line': b'-- Installing: /home/ogan/ME461F25_LittleDaisies/project/ros_ws/install/mobile_sensor/share/mobile_sensor//node_modules/dot/examples/views\n'}
[0.981477] (mobile_sensor) StdoutLine: {'line': b'-- Installing: /home/ogan/ME461F25_LittleDaisies/project/ros_ws/install/mobile_sensor/share/mobile_sensor//node_modules/dot/examples/views/multidef.def.jst\n'}
[0.981578] (mobile_sensor) StdoutLine: {'line': b'-- Installing: /home/ogan/ME461F25_LittleDaisies/project/ros_ws/install/mobile_sensor/share/mobile_sensor//node_modules/dot/examples/views/two.dot.jst\n'}
[0.981675] (mobile_sensor) StdoutLine: {'line': b'-- Installing: /home/ogan/ME461F25_LittleDaisies/project/ros_ws/install/mobile_sensor/share/mobile_sensor//node_modules/dot/examples/views/one.def\n'}
[0.981781] (mobile_sensor) StdoutLine: {'line': b'-- Installing: /home/ogan/ME461F25_LittleDaisies/project/ros_ws/install/mobile_sensor/share/mobile_sensor//node_modules/dot/examples/snippet.txt\n'}
[0.981875] (mobile_sensor) StdoutLine: {'line': b'-- Installing: /home/ogan/ME461F25_LittleDaisies/project/ros_ws/install/mobile_sensor/share/mobile_sensor//node_modules/dot/examples/express\n'}
[0.981940] (mobile_sensor) StdoutLine: {'line': b'-- Installing: /home/ogan/ME461F25_LittleDaisies/project/ros_ws/install/mobile_sensor/share/mobile_sensor//node_modules/dot/examples/express/templates\n'}
[0.982008] (mobile_sensor) StdoutLine: {'line': b'-- Installing: /home/ogan/ME461F25_LittleDaisies/project/ros_ws/install/mobile_sensor/share/mobile_sensor//node_modules/dot/examples/express/templates/login.jst\n'}
[0.982120] (mobile_sensor) StdoutLine: {'line': b'-- Installing: /home/ogan/ME461F25_LittleDaisies/project/ros_ws/install/mobile_sensor/share/mobile_sensor//node_modules/dot/examples/express/templates/dashboard.jst\n'}
[0.982238] (mobile_sensor) StdoutLine: {'line': b'-- Installing: /home/ogan/ME461F25_LittleDaisies/project/ros_ws/install/mobile_sensor/share/mobile_sensor//node_modules/dot/examples/express/package.json\n'}
[0.982350] (mobile_sensor) StdoutLine: {'line': b'-- Installing: /home/ogan/ME461F25_LittleDaisies/project/ros_ws/install/mobile_sensor/share/mobile_sensor//node_modules/dot/examples/express/index.js\n'}
[0.982442] (mobile_sensor) StdoutLine: {'line': b'-- Installing: /home/ogan/ME461F25_LittleDaisies/project/ros_ws/install/mobile_sensor/share/mobile_sensor//node_modules/dot/examples/express/lib\n'}
[0.982516] (mobile_sensor) StdoutLine: {'line': b'-- Installing: /home/ogan/ME461F25_LittleDaisies/project/ros_ws/install/mobile_sensor/share/mobile_sensor//node_modules/dot/examples/express/lib/render\n'}
[0.982585] (mobile_sensor) StdoutLine: {'line': b'-- Installing: /home/ogan/ME461F25_LittleDaisies/project/ros_ws/install/mobile_sensor/share/mobile_sensor//node_modules/dot/examples/express/lib/render/index.js\n'}
[0.982688] (mobile_sensor) StdoutLine: {'line': b'-- Installing: /home/ogan/ME461F25_LittleDaisies/project/ros_ws/install/mobile_sensor/share/mobile_sensor//node_modules/dot/examples/express/lib/app.js\n'}
[0.982789] (mobile_sensor) StdoutLine: {'line': b'-- Installing: /home/ogan/ME461F25_LittleDaisies/project/ros_ws/install/mobile_sensor/share/mobile_sensor//node_modules/dot/examples/browsersample.html\n'}
[0.982882] (mobile_sensor) StdoutLine: {'line': b'-- Installing: /home/ogan/ME461F25_LittleDaisies/project/ros_ws/install/mobile_sensor/share/mobile_sensor//node_modules/dot/examples/advancedsnippet.txt\n'}
[0.982980] (mobile_sensor) StdoutLine: {'line': b'-- Installing: /home/ogan/ME461F25_LittleDaisies/project/ros_ws/install/mobile_sensor/share/mobile_sensor//node_modules/dot/examples/customdoT.js\n'}
[0.983074] (mobile_sensor) StdoutLine: {'line': b'-- Installing: /home/ogan/ME461F25_LittleDaisies/project/ros_ws/install/mobile_sensor/share/mobile_sensor//node_modules/dot/benchmarks\n'}
[0.983184] (mobile_sensor) StdoutLine: {'line': b'-- Installing: /home/ogan/ME461F25_LittleDaisies/project/ros_ws/install/mobile_sensor/share/mobile_sensor//node_modules/dot/benchmarks/templating\n'}
[0.983259] (mobile_sensor) StdoutLine: {'line': b'-- Installing: /home/ogan/ME461F25_LittleDaisies/project/ros_ws/install/mobile_sensor/share/mobile_sensor//node_modules/dot/benchmarks/templating/doT.js\n'}
[0.983365] (mobile_sensor) StdoutLine: {'line': b'-- Installing: /home/ogan/ME461F25_LittleDaisies/project/ros_ws/install/mobile_sensor/share/mobile_sensor//node_modules/dot/benchmarks/templating/doU.js\n'}
[0.983462] (mobile_sensor) StdoutLine: {'line': b'-- Installing: /home/ogan/ME461F25_LittleDaisies/project/ros_ws/install/mobile_sensor/share/mobile_sensor//node_modules/dot/benchmarks/compileBench.js\n'}
[0.983565] (mobile_sensor) StdoutLine: {'line': b'-- Installing: /home/ogan/ME461F25_LittleDaisies/project/ros_ws/install/mobile_sensor/share/mobile_sensor//node_modules/dot/benchmarks/index.html\n'}
[0.983661] (mobile_sensor) StdoutLine: {'line': b'-- Installing: /home/ogan/ME461F25_LittleDaisies/project/ros_ws/install/mobile_sensor/share/mobile_sensor//node_modules/dot/benchmarks/genspeed.html\n'}
[0.983763] (mobile_sensor) StdoutLine: {'line': b'-- Installing: /home/ogan/ME461F25_LittleDaisies/project/ros_ws/install/mobile_sensor/share/mobile_sensor//node_modules/dot/benchmarks/templatesBench.js\n'}
[0.983860] (mobile_sensor) StdoutLine: {'line': b'-- Installing: /home/ogan/ME461F25_LittleDaisies/project/ros_ws/install/mobile_sensor/share/mobile_sensor//node_modules/dot/benchmarks/jslitmus.js\n'}
[0.983968] (mobile_sensor) StdoutLine: {'line': b'-- Installing: /home/ogan/ME461F25_LittleDaisies/project/ros_ws/install/mobile_sensor/share/mobile_sensor//node_modules/dot/LICENSE-DOT.txt\n'}
[0.984063] (mobile_sensor) StdoutLine: {'line': b'-- Installing: /home/ogan/ME461F25_LittleDaisies/project/ros_ws/install/mobile_sensor/share/mobile_sensor//node_modules/dot/package.json\n'}
[0.984165] (mobile_sensor) StdoutLine: {'line': b'-- Installing: /home/ogan/ME461F25_LittleDaisies/project/ros_ws/install/mobile_sensor/share/mobile_sensor//node_modules/dot/index.js\n'}
[0.984263] (mobile_sensor) StdoutLine: {'line': b'-- Installing: /home/ogan/ME461F25_LittleDaisies/project/ros_ws/install/mobile_sensor/share/mobile_sensor//node_modules/dot/bin\n'}
[0.984333] (mobile_sensor) StdoutLine: {'line': b'-- Installing: /home/ogan/ME461F25_LittleDaisies/project/ros_ws/install/mobile_sensor/share/mobile_sensor//node_modules/dot/bin/dot-packer\n'}
[0.984429] (mobile_sensor) StdoutLine: {'line': b'-- Installing: /home/ogan/ME461F25_LittleDaisies/project/ros_ws/install/mobile_sensor/share/mobile_sensor//node_modules/dot/.eslintrc.yml\n'}
[0.984524] (mobile_sensor) StdoutLine: {'line': b'-- Installing: /home/ogan/ME461F25_LittleDaisies/project/ros_ws/install/mobile_sensor/share/mobile_sensor//node_modules/dot/doT.js\n'}
[0.984619] (mobile_sensor) StdoutLine: {'line': b'-- Installing: /home/ogan/ME461F25_LittleDaisies/project/ros_ws/install/mobile_sensor/share/mobile_sensor//node_modules/dot/test\n'}
[0.984686] (mobile_sensor) StdoutLine: {'line': b'-- Installing: /home/ogan/ME461F25_LittleDaisies/project/ros_ws/install/mobile_sensor/share/mobile_sensor//node_modules/dot/test/templates\n'}
[0.984752] (mobile_sensor) StdoutLine: {'line': b'-- Installing: /home/ogan/ME461F25_LittleDaisies/project/ros_ws/install/mobile_sensor/share/mobile_sensor//node_modules/dot/test/templates/test.dot\n'}
[0.984850] (mobile_sensor) StdoutLine: {'line': b'-- Installing: /home/ogan/ME461F25_LittleDaisies/project/ros_ws/install/mobile_sensor/share/mobile_sensor//node_modules/dot/test/templates/test.def\n'}
[0.984947] (mobile_sensor) StdoutLine: {'line': b'-- Installing: /home/ogan/ME461F25_LittleDaisies/project/ros_ws/install/mobile_sensor/share/mobile_sensor//node_modules/dot/test/templates/test.jst\n'}
[0.985044] (mobile_sensor) StdoutLine: {'line': b'-- Installing: /home/ogan/ME461F25_LittleDaisies/project/ros_ws/install/mobile_sensor/share/mobile_sensor//node_modules/dot/test/process.test.js\n'}
[0.985146] (mobile_sensor) StdoutLine: {'line': b'-- Installing: /home/ogan/ME461F25_LittleDaisies/project/ros_ws/install/mobile_sensor/share/mobile_sensor//node_modules/dot/test/iteration.test.js\n'}
[0.985244] (mobile_sensor) StdoutLine: {'line': b'-- Installing: /home/ogan/ME461F25_LittleDaisies/project/ros_ws/install/mobile_sensor/share/mobile_sensor//node_modules/dot/test/conditionals.test.js\n'}
[0.985340] (mobile_sensor) StdoutLine: {'line': b'-- Installing: /home/ogan/ME461F25_LittleDaisies/project/ros_ws/install/mobile_sensor/share/mobile_sensor//node_modules/dot/test/defines.test.js\n'}
[0.985436] (mobile_sensor) StdoutLine: {'line': b'-- Installing: /home/ogan/ME461F25_LittleDaisies/project/ros_ws/install/mobile_sensor/share/mobile_sensor//node_modules/dot/test/util.js\n'}
[0.985531] (mobile_sensor) StdoutLine: {'line': b'-- Installing: /home/ogan/ME461F25_LittleDaisies/project/ros_ws/install/mobile_sensor/share/mobile_sensor//node_modules/dot/test/dot.test.js\n'}
[0.985628] (mobile_sensor) StdoutLine: {'line': b'-- Installing: /home/ogan/ME461F25_LittleDaisies/project/ros_ws/install/mobile_sensor/share/mobile_sensor//node_modules/dot/doU.js\n'}
[0.985725] (mobile_sensor) StdoutLine: {'line': b'-- Installing: /home/ogan/ME461F25_LittleDaisies/project/ros_ws/install/mobile_sensor/share/mobile_sensor//node_modules/dot/README.md\n'}
[0.985827] (mobile_sensor) StdoutLine: {'line': b'-- Installing: /home/ogan/ME461F25_LittleDaisies/project/ros_ws/install/mobile_sensor/share/mobile_sensor//node_modules/dot/bower.json\n'}
[0.985929] (mobile_sensor) StdoutLine: {'line': b'-- Installing: /home/ogan/ME461F25_LittleDaisies/project/ros_ws/install/mobile_sensor/share/mobile_sensor//node_modules/dot/.travis.yml\n'}
[0.986020] (mobile_sensor) StdoutLine: {'line': b'-- Installing: /home/ogan/ME461F25_LittleDaisies/project/ros_ws/install/mobile_sensor/share/mobile_sensor//node_modules/bignumber.js\n'}
[0.986090] (mobile_sensor) StdoutLine: {'line': b'-- Installing: /home/ogan/ME461F25_LittleDaisies/project/ros_ws/install/mobile_sensor/share/mobile_sensor//node_modules/bignumber.js/bignumber.js\n'}
[0.986278] (mobile_sensor) StdoutLine: {'line': b'-- Installing: /home/ogan/ME461F25_LittleDaisies/project/ros_ws/install/mobile_sensor/share/mobile_sensor//node_modules/bignumber.js/bignumber.mjs\n'}
[0.986443] (mobile_sensor) StdoutLine: {'line': b'-- Installing: /home/ogan/ME461F25_LittleDaisies/project/ros_ws/install/mobile_sensor/share/mobile_sensor//node_modules/bignumber.js/package.json\n'}
[0.986536] (mobile_sensor) StdoutLine: {'line': b'-- Installing: /home/ogan/ME461F25_LittleDaisies/project/ros_ws/install/mobile_sensor/share/mobile_sensor//node_modules/bignumber.js/bignumber.d.ts\n'}
[0.986629] (mobile_sensor) StdoutLine: {'line': b'-- Installing: /home/ogan/ME461F25_LittleDaisies/project/ros_ws/install/mobile_sensor/share/mobile_sensor//node_modules/bignumber.js/bignumber.d.mts\n'}
[0.986738] (mobile_sensor) StdoutLine: {'line': b'-- Installing: /home/ogan/ME461F25_LittleDaisies/project/ros_ws/install/mobile_sensor/share/mobile_sensor//node_modules/bignumber.js/CHANGELOG.md\n'}
[0.986860] (mobile_sensor) StdoutLine: {'line': b'-- Installing: /home/ogan/ME461F25_LittleDaisies/project/ros_ws/install/mobile_sensor/share/mobile_sensor//node_modules/bignumber.js/LICENCE.md\n'}
[0.986967] (mobile_sensor) StdoutLine: {'line': b'-- Installing: /home/ogan/ME461F25_LittleDaisies/project/ros_ws/install/mobile_sensor/share/mobile_sensor//node_modules/bignumber.js/types.d.ts\n'}
[0.987129] (mobile_sensor) StdoutLine: {'line': b'-- Installing: /home/ogan/ME461F25_LittleDaisies/project/ros_ws/install/mobile_sensor/share/mobile_sensor//node_modules/bignumber.js/README.md\n'}
[0.987241] (mobile_sensor) StdoutLine: {'line': b'-- Installing: /home/ogan/ME461F25_LittleDaisies/project/ros_ws/install/mobile_sensor/share/mobile_sensor//node_modules/bignumber.js/doc\n'}
[0.987329] (mobile_sensor) StdoutLine: {'line': b'-- Installing: /home/ogan/ME461F25_LittleDaisies/project/ros_ws/install/mobile_sensor/share/mobile_sensor//node_modules/bignumber.js/doc/API.html\n'}
[0.987480] (mobile_sensor) StdoutLine: {'line': b'-- Installing: /home/ogan/ME461F25_LittleDaisies/project/ros_ws/install/mobile_sensor/share/mobile_sensor//node_modules/body-parser\n'}
[0.987560] (mobile_sensor) StdoutLine: {'line': b'-- Installing: /home/ogan/ME461F25_LittleDaisies/project/ros_ws/install/mobile_sensor/share/mobile_sensor//node_modules/body-parser/package.json\n'}
[0.987655] (mobile_sensor) StdoutLine: {'line': b'-- Installing: /home/ogan/ME461F25_LittleDaisies/project/ros_ws/install/mobile_sensor/share/mobile_sensor//node_modules/body-parser/LICENSE\n'}
[0.987749] (mobile_sensor) StdoutLine: {'line': b'-- Installing: /home/ogan/ME461F25_LittleDaisies/project/ros_ws/install/mobile_sensor/share/mobile_sensor//node_modules/body-parser/index.js\n'}
[0.987850] (mobile_sensor) StdoutLine: {'line': b'-- Installing: /home/ogan/ME461F25_LittleDaisies/project/ros_ws/install/mobile_sensor/share/mobile_sensor//node_modules/body-parser/lib\n'}
[0.987919] (mobile_sensor) StdoutLine: {'line': b'-- Installing: /home/ogan/ME461F25_LittleDaisies/project/ros_ws/install/mobile_sensor/share/mobile_sensor//node_modules/body-parser/lib/read.js\n'}
[0.988023] (mobile_sensor) StdoutLine: {'line': b'-- Installing: /home/ogan/ME461F25_LittleDaisies/project/ros_ws/install/mobile_sensor/share/mobile_sensor//node_modules/body-parser/lib/types\n'}
[0.988109] (mobile_sensor) StdoutLine: {'line': b'-- Installing: /home/ogan/ME461F25_LittleDaisies/project/ros_ws/install/mobile_sensor/share/mobile_sensor//node_modules/body-parser/lib/types/urlencoded.js\n'}
[0.988270] (mobile_sensor) StdoutLine: {'line': b'-- Installing: /home/ogan/ME461F25_LittleDaisies/project/ros_ws/install/mobile_sensor/share/mobile_sensor//node_modules/body-parser/lib/types/raw.js\n'}
[0.988376] (mobile_sensor) StdoutLine: {'line': b'-- Installing: /home/ogan/ME461F25_LittleDaisies/project/ros_ws/install/mobile_sensor/share/mobile_sensor//node_modules/body-parser/lib/types/text.js\n'}
[0.988482] (mobile_sensor) StdoutLine: {'line': b'-- Installing: /home/ogan/ME461F25_LittleDaisies/project/ros_ws/install/mobile_sensor/share/mobile_sensor//node_modules/body-parser/lib/types/json.js\n'}
[0.988589] (mobile_sensor) StdoutLine: {'line': b'-- Installing: /home/ogan/ME461F25_LittleDaisies/project/ros_ws/install/mobile_sensor/share/mobile_sensor//node_modules/body-parser/HISTORY.md\n'}
[0.988707] (mobile_sensor) StdoutLine: {'line': b'-- Installing: /home/ogan/ME461F25_LittleDaisies/project/ros_ws/install/mobile_sensor/share/mobile_sensor//node_modules/body-parser/README.md\n'}
[0.988822] (mobile_sensor) StdoutLine: {'line': b'-- Installing: /home/ogan/ME461F25_LittleDaisies/project/ros_ws/install/mobile_sensor/share/mobile_sensor//node_modules/node-gyp-build\n'}
[0.988899] (mobile_sensor) StdoutLine: {'line': b'-- Installing: /home/ogan/ME461F25_LittleDaisies/project/ros_ws/install/mobile_sensor/share/mobile_sensor//node_modules/node-gyp-build/optional.js\n'}
[0.988999] (mobile_sensor) StdoutLine: {'line': b'-- Installing: /home/ogan/ME461F25_LittleDaisies/project/ros_ws/install/mobile_sensor/share/mobile_sensor//node_modules/node-gyp-build/SECURITY.md\n'}
[0.989101] (mobile_sensor) StdoutLine: {'line': b'-- Installing: /home/ogan/ME461F25_LittleDaisies/project/ros_ws/install/mobile_sensor/share/mobile_sensor//node_modules/node-gyp-build/package.json\n'}
[0.989214] (mobile_sensor) StdoutLine: {'line': b'-- Installing: /home/ogan/ME461F25_LittleDaisies/project/ros_ws/install/mobile_sensor/share/mobile_sensor//node_modules/node-gyp-build/node-gyp-build.js\n'}
[0.989317] (mobile_sensor) StdoutLine: {'line': b'-- Installing: /home/ogan/ME461F25_LittleDaisies/project/ros_ws/install/mobile_sensor/share/mobile_sensor//node_modules/node-gyp-build/LICENSE\n'}
[0.989419] (mobile_sensor) StdoutLine: {'line': b'-- Installing: /home/ogan/ME461F25_LittleDaisies/project/ros_ws/install/mobile_sensor/share/mobile_sensor//node_modules/node-gyp-build/index.js\n'}
[0.989519] (mobile_sensor) StdoutLine: {'line': b'-- Installing: /home/ogan/ME461F25_LittleDaisies/project/ros_ws/install/mobile_sensor/share/mobile_sensor//node_modules/node-gyp-build/bin.js\n'}
[0.989620] (mobile_sensor) StdoutLine: {'line': b'-- Installing: /home/ogan/ME461F25_LittleDaisies/project/ros_ws/install/mobile_sensor/share/mobile_sensor//node_modules/node-gyp-build/README.md\n'}
[0.989720] (mobile_sensor) StdoutLine: {'line': b'-- Installing: /home/ogan/ME461F25_LittleDaisies/project/ros_ws/install/mobile_sensor/share/mobile_sensor//node_modules/node-gyp-build/build-test.js\n'}
[0.989819] (mobile_sensor) StdoutLine: {'line': b'-- Installing: /home/ogan/ME461F25_LittleDaisies/project/ros_ws/install/mobile_sensor/share/mobile_sensor//node_modules/encodeurl\n'}
[0.989891] (mobile_sensor) StdoutLine: {'line': b'-- Installing: /home/ogan/ME461F25_LittleDaisies/project/ros_ws/install/mobile_sensor/share/mobile_sensor//node_modules/encodeurl/package.json\n'}
[0.989996] (mobile_sensor) StdoutLine: {'line': b'-- Installing: /home/ogan/ME461F25_LittleDaisies/project/ros_ws/install/mobile_sensor/share/mobile_sensor//node_modules/encodeurl/LICENSE\n'}
[0.990095] (mobile_sensor) StdoutLine: {'line': b'-- Installing: /home/ogan/ME461F25_LittleDaisies/project/ros_ws/install/mobile_sensor/share/mobile_sensor//node_modules/encodeurl/index.js\n'}
[0.990206] (mobile_sensor) StdoutLine: {'line': b'-- Installing: /home/ogan/ME461F25_LittleDaisies/project/ros_ws/install/mobile_sensor/share/mobile_sensor//node_modules/encodeurl/README.md\n'}
[0.990304] (mobile_sensor) StdoutLine: {'line': b'-- Installing: /home/ogan/ME461F25_LittleDaisies/project/ros_ws/install/mobile_sensor/share/mobile_sensor//node_modules/has-symbols\n'}
[0.990377] (mobile_sensor) StdoutLine: {'line': b'-- Installing: /home/ogan/ME461F25_LittleDaisies/project/ros_ws/install/mobile_sensor/share/mobile_sensor//node_modules/has-symbols/.eslintrc\n'}
[0.990478] (mobile_sensor) StdoutLine: {'line': b'-- Installing: /home/ogan/ME461F25_LittleDaisies/project/ros_ws/install/mobile_sensor/share/mobile_sensor//node_modules/has-symbols/package.json\n'}
[0.990578] (mobile_sensor) StdoutLine: {'line': b'-- Installing: /home/ogan/ME461F25_LittleDaisies/project/ros_ws/install/mobile_sensor/share/mobile_sensor//node_modules/has-symbols/LICENSE\n'}
[0.990684] (mobile_sensor) StdoutLine: {'line': b'-- Installing: /home/ogan/ME461F25_LittleDaisies/project/ros_ws/install/mobile_sensor/share/mobile_sensor//node_modules/has-symbols/index.js\n'}
[0.990783] (mobile_sensor) StdoutLine: {'line': b'-- Installing: /home/ogan/ME461F25_LittleDaisies/project/ros_ws/install/mobile_sensor/share/mobile_sensor//node_modules/has-symbols/shams.js\n'}
[0.990897] (mobile_sensor) StdoutLine: {'line': b'-- Installing: /home/ogan/ME461F25_LittleDaisies/project/ros_ws/install/mobile_sensor/share/mobile_sensor//node_modules/has-symbols/index.d.ts\n'}
[0.990990] (mobile_sensor) StdoutLine: {'line': b'-- Installing: /home/ogan/ME461F25_LittleDaisies/project/ros_ws/install/mobile_sensor/share/mobile_sensor//node_modules/has-symbols/CHANGELOG.md\n'}
[0.991097] (mobile_sensor) StdoutLine: {'line': b'-- Installing: /home/ogan/ME461F25_LittleDaisies/project/ros_ws/install/mobile_sensor/share/mobile_sensor//node_modules/has-symbols/shams.d.ts\n'}
[0.991218] (mobile_sensor) StdoutLine: {'line': b'-- Installing: /home/ogan/ME461F25_LittleDaisies/project/ros_ws/install/mobile_sensor/share/mobile_sensor//node_modules/has-symbols/tsconfig.json\n'}
[0.991330] (mobile_sensor) StdoutLine: {'line': b'-- Installing: /home/ogan/ME461F25_LittleDaisies/project/ros_ws/install/mobile_sensor/share/mobile_sensor//node_modules/has-symbols/test\n'}
[0.991417] (mobile_sensor) StdoutLine: {'line': b'-- Installing: /home/ogan/ME461F25_LittleDaisies/project/ros_ws/install/mobile_sensor/share/mobile_sensor//node_modules/has-symbols/test/index.js\n'}
[0.991498] (mobile_sensor) StdoutLine: {'line': b'-- Installing: /home/ogan/ME461F25_LittleDaisies/project/ros_ws/install/mobile_sensor/share/mobile_sensor//node_modules/has-symbols/test/tests.js\n'}
[0.991590] (mobile_sensor) StdoutLine: {'line': b'-- Installing: /home/ogan/ME461F25_LittleDaisies/project/ros_ws/install/mobile_sensor/share/mobile_sensor//node_modules/has-symbols/test/shams\n'}
[0.991663] (mobile_sensor) StdoutLine: {'line': b'-- Installing: /home/ogan/ME461F25_LittleDaisies/project/ros_ws/install/mobile_sensor/share/mobile_sensor//node_modules/has-symbols/test/shams/core-js.js\n'}
[0.991770] (mobile_sensor) StdoutLine: {'line': b'-- Installing: /home/ogan/ME461F25_LittleDaisies/project/ros_ws/install/mobile_sensor/share/mobile_sensor//node_modules/has-symbols/test/shams/get-own-property-symbols.js\n'}
[0.991873] (mobile_sensor) StdoutLine: {'line': b'-- Installing: /home/ogan/ME461F25_LittleDaisies/project/ros_ws/install/mobile_sensor/share/mobile_sensor//node_modules/has-symbols/README.md\n'}
[0.991972] (mobile_sensor) StdoutLine: {'line': b'-- Installing: /home/ogan/ME461F25_LittleDaisies/project/ros_ws/install/mobile_sensor/share/mobile_sensor//node_modules/has-symbols/.github\n'}
[0.992042] (mobile_sensor) StdoutLine: {'line': b'-- Installing: /home/ogan/ME461F25_LittleDaisies/project/ros_ws/install/mobile_sensor/share/mobile_sensor//node_modules/has-symbols/.github/FUNDING.yml\n'}
[0.992189] (mobile_sensor) StdoutLine: {'line': b'-- Installing: /home/ogan/ME461F25_LittleDaisies/project/ros_ws/install/mobile_sensor/share/mobile_sensor//node_modules/has-symbols/.nycrc\n'}
[0.992292] (mobile_sensor) StdoutLine: {'line': b'-- Installing: /home/ogan/ME461F25_LittleDaisies/project/ros_ws/install/mobile_sensor/share/mobile_sensor//node_modules/compare-versions\n'}
[0.992385] (mobile_sensor) StdoutLine: {'line': b'-- Installing: /home/ogan/ME461F25_LittleDaisies/project/ros_ws/install/mobile_sensor/share/mobile_sensor//node_modules/compare-versions/package.json\n'}
[0.992476] (mobile_sensor) StdoutLine: {'line': b'-- Installing: /home/ogan/ME461F25_LittleDaisies/project/ros_ws/install/mobile_sensor/share/mobile_sensor//node_modules/compare-versions/src\n'}
[0.992571] (mobile_sensor) StdoutLine: {'line': b'-- Installing: /home/ogan/ME461F25_LittleDaisies/project/ros_ws/install/mobile_sensor/share/mobile_sensor//node_modules/compare-versions/src/index.ts\n'}
[0.992651] (mobile_sensor) StdoutLine: {'line': b'-- Installing: /home/ogan/ME461F25_LittleDaisies/project/ros_ws/install/mobile_sensor/share/mobile_sensor//node_modules/compare-versions/src/validate.ts\n'}
[0.992754] (mobile_sensor) StdoutLine: {'line': b'-- Installing: /home/ogan/ME461F25_LittleDaisies/project/ros_ws/install/mobile_sensor/share/mobile_sensor//node_modules/compare-versions/src/compare.ts\n'}
[0.992859] (mobile_sensor) StdoutLine: {'line': b'-- Installing: /home/ogan/ME461F25_LittleDaisies/project/ros_ws/install/mobile_sensor/share/mobile_sensor//node_modules/compare-versions/src/utils.ts\n'}
[0.992964] (mobile_sensor) StdoutLine: {'line': b'-- Installing: /home/ogan/ME461F25_LittleDaisies/project/ros_ws/install/mobile_sensor/share/mobile_sensor//node_modules/compare-versions/src/compareVersions.ts\n'}
[0.993065] (mobile_sensor) StdoutLine: {'line': b'-- Installing: /home/ogan/ME461F25_LittleDaisies/project/ros_ws/install/mobile_sensor/share/mobile_sensor//node_modules/compare-versions/src/satisfies.ts\n'}
[0.993214] (mobile_sensor) StdoutLine: {'line': b'-- Installing: /home/ogan/ME461F25_LittleDaisies/project/ros_ws/install/mobile_sensor/share/mobile_sensor//node_modules/compare-versions/LICENSE\n'}
[0.993332] (mobile_sensor) StdoutLine: {'line': b'-- Installing: /home/ogan/ME461F25_LittleDaisies/project/ros_ws/install/mobile_sensor/share/mobile_sensor//node_modules/compare-versions/lib\n'}
[0.993413] (mobile_sensor) StdoutLine: {'line': b'-- Installing: /home/ogan/ME461F25_LittleDaisies/project/ros_ws/install/mobile_sensor/share/mobile_sensor//node_modules/compare-versions/lib/esm\n'}
[0.993493] (mobile_sensor) StdoutLine: {'line': b'-- Installing: /home/ogan/ME461F25_LittleDaisies/project/ros_ws/install/mobile_sensor/share/mobile_sensor//node_modules/compare-versions/lib/esm/utils.js\n'}
[0.993567] (mobile_sensor) StdoutLine: {'line': b'-- Installing: /home/ogan/ME461F25_LittleDaisies/project/ros_ws/install/mobile_sensor/share/mobile_sensor//node_modules/compare-versions/lib/esm/utils.d.ts\n'}
[0.993682] (mobile_sensor) StdoutLine: {'line': b'-- Installing: /home/ogan/ME461F25_LittleDaisies/project/ros_ws/install/mobile_sensor/share/mobile_sensor//node_modules/compare-versions/lib/esm/index.js.map\n'}
[0.993824] (mobile_sensor) StdoutLine: {'line': b'-- Installing: /home/ogan/ME461F25_LittleDaisies/project/ros_ws/install/mobile_sensor/share/mobile_sensor//node_modules/compare-versions/lib/esm/compare.js\n'}
[0.993981] (mobile_sensor) StdoutLine: {'line': b'-- Installing: /home/ogan/ME461F25_LittleDaisies/project/ros_ws/install/mobile_sensor/share/mobile_sensor//node_modules/compare-versions/lib/esm/satisfies.d.ts\n'}
[0.994128] (mobile_sensor) StdoutLine: {'line': b'-- Installing: /home/ogan/ME461F25_LittleDaisies/project/ros_ws/install/mobile_sensor/share/mobile_sensor//node_modules/compare-versions/lib/esm/index.js\n'}
[0.994286] (mobile_sensor) StdoutLine: {'line': b'-- Installing: /home/ogan/ME461F25_LittleDaisies/project/ros_ws/install/mobile_sensor/share/mobile_sensor//node_modules/compare-versions/lib/esm/utils.js.map\n'}
[0.994430] (mobile_sensor) StdoutLine: {'line': b'-- Installing: /home/ogan/ME461F25_LittleDaisies/project/ros_ws/install/mobile_sensor/share/mobile_sensor//node_modules/compare-versions/lib/esm/validate.js.map\n'}
[0.994580] (mobile_sensor) StdoutLine: {'line': b'-- Installing: /home/ogan/ME461F25_LittleDaisies/project/ros_ws/install/mobile_sensor/share/mobile_sensor//node_modules/compare-versions/lib/esm/validate.d.ts\n'}
[0.994726] (mobile_sensor) StdoutLine: {'line': b'-- Installing: /home/ogan/ME461F25_LittleDaisies/project/ros_ws/install/mobile_sensor/share/mobile_sensor//node_modules/compare-versions/lib/esm/compareVersions.d.ts\n'}
[0.994861] (mobile_sensor) StdoutLine: {'line': b'-- Installing: /home/ogan/ME461F25_LittleDaisies/project/ros_ws/install/mobile_sensor/share/mobile_sensor//node_modules/compare-versions/lib/esm/index.d.ts\n'}
[0.994970] (mobile_sensor) StdoutLine: {'line': b'-- Installing: /home/ogan/ME461F25_LittleDaisies/project/ros_ws/install/mobile_sensor/share/mobile_sensor//node_modules/compare-versions/lib/esm/compare.js.map\n'}
[0.995072] (mobile_sensor) StdoutLine: {'line': b'-- Installing: /home/ogan/ME461F25_LittleDaisies/project/ros_ws/install/mobile_sensor/share/mobile_sensor//node_modules/compare-versions/lib/esm/satisfies.js\n'}
[0.995180] (mobile_sensor) StdoutLine: {'line': b'-- Installing: /home/ogan/ME461F25_LittleDaisies/project/ros_ws/install/mobile_sensor/share/mobile_sensor//node_modules/compare-versions/lib/esm/compare.d.ts\n'}
[0.995281] (mobile_sensor) StdoutLine: {'line': b'-- Installing: /home/ogan/ME461F25_LittleDaisies/project/ros_ws/install/mobile_sensor/share/mobile_sensor//node_modules/compare-versions/lib/esm/compareVersions.js\n'}
[0.995381] (mobile_sensor) StdoutLine: {'line': b'-- Installing: /home/ogan/ME461F25_LittleDaisies/project/ros_ws/install/mobile_sensor/share/mobile_sensor//node_modules/compare-versions/lib/esm/compareVersions.js.map\n'}
[0.995481] (mobile_sensor) StdoutLine: {'line': b'-- Installing: /home/ogan/ME461F25_LittleDaisies/project/ros_ws/install/mobile_sensor/share/mobile_sensor//node_modules/compare-versions/lib/esm/satisfies.js.map\n'}
[0.995581] (mobile_sensor) StdoutLine: {'line': b'-- Installing: /home/ogan/ME461F25_LittleDaisies/project/ros_ws/install/mobile_sensor/share/mobile_sensor//node_modules/compare-versions/lib/esm/validate.js\n'}
[0.995680] (mobile_sensor) StdoutLine: {'line': b'-- Installing: /home/ogan/ME461F25_LittleDaisies/project/ros_ws/install/mobile_sensor/share/mobile_sensor//node_modules/compare-versions/lib/umd\n'}
[0.995750] (mobile_sensor) StdoutLine: {'line': b'-- Installing: /home/ogan/ME461F25_LittleDaisies/project/ros_ws/install/mobile_sensor/share/mobile_sensor//node_modules/compare-versions/lib/umd/index.js.map\n'}
[0.995876] (mobile_sensor) StdoutLine: {'line': b'-- Installing: /home/ogan/ME461F25_LittleDaisies/project/ros_ws/install/mobile_sensor/share/mobile_sensor//node_modules/compare-versions/lib/umd/index.js\n'}
[0.995994] (mobile_sensor) StdoutLine: {'line': b'-- Installing: /home/ogan/ME461F25_LittleDaisies/project/ros_ws/install/mobile_sensor/share/mobile_sensor//node_modules/compare-versions/README.md\n'}
[0.996093] (mobile_sensor) StdoutLine: {'line': b'-- Installing: /home/ogan/ME461F25_LittleDaisies/project/ros_ws/install/mobile_sensor/share/mobile_sensor//node_modules/debug\n'}
[0.996173] (mobile_sensor) StdoutLine: {'line': b'-- Installing: /home/ogan/ME461F25_LittleDaisies/project/ros_ws/install/mobile_sensor/share/mobile_sensor//node_modules/debug/.npmignore\n'}
[0.996272] (mobile_sensor) StdoutLine: {'line': b'-- Installing: /home/ogan/ME461F25_LittleDaisies/project/ros_ws/install/mobile_sensor/share/mobile_sensor//node_modules/debug/karma.conf.js\n'}
[0.996366] (mobile_sensor) StdoutLine: {'line': b'-- Installing: /home/ogan/ME461F25_LittleDaisies/project/ros_ws/install/mobile_sensor/share/mobile_sensor//node_modules/debug/.eslintrc\n'}
[0.996462] (mobile_sensor) StdoutLine: {'line': b'-- Installing: /home/ogan/ME461F25_LittleDaisies/project/ros_ws/install/mobile_sensor/share/mobile_sensor//node_modules/debug/package.json\n'}
[0.996551] (mobile_sensor) StdoutLine: {'line': b'-- Installing: /home/ogan/ME461F25_LittleDaisies/project/ros_ws/install/mobile_sensor/share/mobile_sensor//node_modules/debug/src\n'}
[0.996620] (mobile_sensor) StdoutLine: {'line': b'-- Installing: /home/ogan/ME461F25_LittleDaisies/project/ros_ws/install/mobile_sensor/share/mobile_sensor//node_modules/debug/src/index.js\n'}
[0.996717] (mobile_sensor) StdoutLine: {'line': b'-- Installing: /home/ogan/ME461F25_LittleDaisies/project/ros_ws/install/mobile_sensor/share/mobile_sensor//node_modules/debug/src/browser.js\n'}
[0.996820] (mobile_sensor) StdoutLine: {'line': b'-- Installing: /home/ogan/ME461F25_LittleDaisies/project/ros_ws/install/mobile_sensor/share/mobile_sensor//node_modules/debug/src/debug.js\n'}
[0.996929] (mobile_sensor) StdoutLine: {'line': b'-- Installing: /home/ogan/ME461F25_LittleDaisies/project/ros_ws/install/mobile_sensor/share/mobile_sensor//node_modules/debug/src/inspector-log.js\n'}
[0.997028] (mobile_sensor) StdoutLine: {'line': b'-- Installing: /home/ogan/ME461F25_LittleDaisies/project/ros_ws/install/mobile_sensor/share/mobile_sensor//node_modules/debug/src/node.js\n'}
[0.997132] (mobile_sensor) StdoutLine: {'line': b'-- Installing: /home/ogan/ME461F25_LittleDaisies/project/ros_ws/install/mobile_sensor/share/mobile_sensor//node_modules/debug/LICENSE\n'}
[0.997239] (mobile_sensor) StdoutLine: {'line': b'-- Installing: /home/ogan/ME461F25_LittleDaisies/project/ros_ws/install/mobile_sensor/share/mobile_sensor//node_modules/debug/Makefile\n'}
[0.997335] (mobile_sensor) StdoutLine: {'line': b'-- Installing: /home/ogan/ME461F25_LittleDaisies/project/ros_ws/install/mobile_sensor/share/mobile_sensor//node_modules/debug/CHANGELOG.md\n'}
[0.997439] (mobile_sensor) StdoutLine: {'line': b'-- Installing: /home/ogan/ME461F25_LittleDaisies/project/ros_ws/install/mobile_sensor/share/mobile_sensor//node_modules/debug/component.json\n'}
[0.997534] (mobile_sensor) StdoutLine: {'line': b'-- Installing: /home/ogan/ME461F25_LittleDaisies/project/ros_ws/install/mobile_sensor/share/mobile_sensor//node_modules/debug/.coveralls.yml\n'}
[0.997629] (mobile_sensor) StdoutLine: {'line': b'-- Installing: /home/ogan/ME461F25_LittleDaisies/project/ros_ws/install/mobile_sensor/share/mobile_sensor//node_modules/debug/README.md\n'}
[0.997745] (mobile_sensor) StdoutLine: {'line': b'-- Installing: /home/ogan/ME461F25_LittleDaisies/project/ros_ws/install/mobile_sensor/share/mobile_sensor//node_modules/debug/.travis.yml\n'}
[0.997845] (mobile_sensor) StdoutLine: {'line': b'-- Installing: /home/ogan/ME461F25_LittleDaisies/project/ros_ws/install/mobile_sensor/share/mobile_sensor//node_modules/debug/node.js\n'}
[0.997968] (mobile_sensor) StdoutLine: {'line': b'-- Installing: /home/ogan/ME461F25_LittleDaisies/project/ros_ws/install/mobile_sensor/share/mobile_sensor//node_modules/es-errors\n'}
[0.998040] (mobile_sensor) StdoutLine: {'line': b'-- Installing: /home/ogan/ME461F25_LittleDaisies/project/ros_ws/install/mobile_sensor/share/mobile_sensor//node_modules/es-errors/ref.js\n'}
[0.998150] (mobile_sensor) StdoutLine: {'line': b'-- Installing: /home/ogan/ME461F25_LittleDaisies/project/ros_ws/install/mobile_sensor/share/mobile_sensor//node_modules/es-errors/syntax.d.ts\n'}
[0.998246] (mobile_sensor) StdoutLine: {'line': b'-- Installing: /home/ogan/ME461F25_LittleDaisies/project/ros_ws/install/mobile_sensor/share/mobile_sensor//node_modules/es-errors/.eslintrc\n'}
[0.998340] (mobile_sensor) StdoutLine: {'line': b'-- Installing: /home/ogan/ME461F25_LittleDaisies/project/ros_ws/install/mobile_sensor/share/mobile_sensor//node_modules/es-errors/package.json\n'}
[0.998436] (mobile_sensor) StdoutLine: {'line': b'-- Installing: /home/ogan/ME461F25_LittleDaisies/project/ros_ws/install/mobile_sensor/share/mobile_sensor//node_modules/es-errors/type.d.ts\n'}
[0.998530] (mobile_sensor) StdoutLine: {'line': b'-- Installing: /home/ogan/ME461F25_LittleDaisies/project/ros_ws/install/mobile_sensor/share/mobile_sensor//node_modules/es-errors/uri.js\n'}
[0.998626] (mobile_sensor) StdoutLine: {'line': b'-- Installing: /home/ogan/ME461F25_LittleDaisies/project/ros_ws/install/mobile_sensor/share/mobile_sensor//node_modules/es-errors/LICENSE\n'}
[0.998721] (mobile_sensor) StdoutLine: {'line': b'-- Installing: /home/ogan/ME461F25_LittleDaisies/project/ros_ws/install/mobile_sensor/share/mobile_sensor//node_modules/es-errors/eval.js\n'}
[0.998828] (mobile_sensor) StdoutLine: {'line': b'-- Installing: /home/ogan/ME461F25_LittleDaisies/project/ros_ws/install/mobile_sensor/share/mobile_sensor//node_modules/es-errors/index.js\n'}
[0.998932] (mobile_sensor) StdoutLine: {'line': b'-- Installing: /home/ogan/ME461F25_LittleDaisies/project/ros_ws/install/mobile_sensor/share/mobile_sensor//node_modules/es-errors/eval.d.ts\n'}
[0.999027] (mobile_sensor) StdoutLine: {'line': b'-- Installing: /home/ogan/ME461F25_LittleDaisies/project/ros_ws/install/mobile_sensor/share/mobile_sensor//node_modules/es-errors/syntax.js\n'}
[0.999129] (mobile_sensor) StdoutLine: {'line': b'-- Installing: /home/ogan/ME461F25_LittleDaisies/project/ros_ws/install/mobile_sensor/share/mobile_sensor//node_modules/es-errors/uri.d.ts\n'}
[0.999227] (mobile_sensor) StdoutLine: {'line': b'-- Installing: /home/ogan/ME461F25_LittleDaisies/project/ros_ws/install/mobile_sensor/share/mobile_sensor//node_modules/es-errors/index.d.ts\n'}
[0.999330] (mobile_sensor) StdoutLine: {'line': b'-- Installing: /home/ogan/ME461F25_LittleDaisies/project/ros_ws/install/mobile_sensor/share/mobile_sensor//node_modules/es-errors/CHANGELOG.md\n'}
[0.999427] (mobile_sensor) StdoutLine: {'line': b'-- Installing: /home/ogan/ME461F25_LittleDaisies/project/ros_ws/install/mobile_sensor/share/mobile_sensor//node_modules/es-errors/tsconfig.json\n'}
[0.999525] (mobile_sensor) StdoutLine: {'line': b'-- Installing: /home/ogan/ME461F25_LittleDaisies/project/ros_ws/install/mobile_sensor/share/mobile_sensor//node_modules/es-errors/range.js\n'}
[0.999622] (mobile_sensor) StdoutLine: {'line': b'-- Installing: /home/ogan/ME461F25_LittleDaisies/project/ros_ws/install/mobile_sensor/share/mobile_sensor//node_modules/es-errors/type.js\n'}
[0.999714] (mobile_sensor) StdoutLine: {'line': b'-- Installing: /home/ogan/ME461F25_LittleDaisies/project/ros_ws/install/mobile_sensor/share/mobile_sensor//node_modules/es-errors/test\n'}
[0.999784] (mobile_sensor) StdoutLine: {'line': b'-- Installing: /home/ogan/ME461F25_LittleDaisies/project/ros_ws/install/mobile_sensor/share/mobile_sensor//node_modules/es-errors/test/index.js\n'}
[0.999883] (mobile_sensor) StdoutLine: {'line': b'-- Installing: /home/ogan/ME461F25_LittleDaisies/project/ros_ws/install/mobile_sensor/share/mobile_sensor//node_modules/es-errors/ref.d.ts\n'}
[0.999989] (mobile_sensor) StdoutLine: {'line': b'-- Installing: /home/ogan/ME461F25_LittleDaisies/project/ros_ws/install/mobile_sensor/share/mobile_sensor//node_modules/es-errors/range.d.ts\n'}
[1.000086] (mobile_sensor) StdoutLine: {'line': b'-- Installing: /home/ogan/ME461F25_LittleDaisies/project/ros_ws/install/mobile_sensor/share/mobile_sensor//node_modules/es-errors/README.md\n'}
[1.000190] (mobile_sensor) StdoutLine: {'line': b'-- Installing: /home/ogan/ME461F25_LittleDaisies/project/ros_ws/install/mobile_sensor/share/mobile_sensor//node_modules/es-errors/.github\n'}
[1.000258] (mobile_sensor) StdoutLine: {'line': b'-- Installing: /home/ogan/ME461F25_LittleDaisies/project/ros_ws/install/mobile_sensor/share/mobile_sensor//node_modules/es-errors/.github/FUNDING.yml\n'}
[1.000369] (mobile_sensor) StdoutLine: {'line': b'-- Installing: /home/ogan/ME461F25_LittleDaisies/project/ros_ws/install/mobile_sensor/share/mobile_sensor//node_modules/rclnodejs\n'}
[1.000438] (mobile_sensor) StdoutLine: {'line': b'-- Installing: /home/ogan/ME461F25_LittleDaisies/project/ros_ws/install/mobile_sensor/share/mobile_sensor//node_modules/rclnodejs/node_modules\n'}
[1.000498] (mobile_sensor) StdoutLine: {'line': b'-- Installing: /home/ogan/ME461F25_LittleDaisies/project/ros_ws/install/mobile_sensor/share/mobile_sensor//node_modules/rclnodejs/node_modules/debug\n'}
[1.000565] (mobile_sensor) StdoutLine: {'line': b'-- Installing: /home/ogan/ME461F25_LittleDaisies/project/ros_ws/install/mobile_sensor/share/mobile_sensor//node_modules/rclnodejs/node_modules/debug/package.json\n'}
[1.000662] (mobile_sensor) StdoutLine: {'line': b'-- Installing: /home/ogan/ME461F25_LittleDaisies/project/ros_ws/install/mobile_sensor/share/mobile_sensor//node_modules/rclnodejs/node_modules/debug/src\n'}
[1.000734] (mobile_sensor) StdoutLine: {'line': b'-- Installing: /home/ogan/ME461F25_LittleDaisies/project/ros_ws/install/mobile_sensor/share/mobile_sensor//node_modules/rclnodejs/node_modules/debug/src/common.js\n'}
[1.000842] (mobile_sensor) StdoutLine: {'line': b'-- Installing: /home/ogan/ME461F25_LittleDaisies/project/ros_ws/install/mobile_sensor/share/mobile_sensor//node_modules/rclnodejs/node_modules/debug/src/index.js\n'}
[1.000879] (-) TimerEvent: {}
[1.000958] (mobile_sensor) StdoutLine: {'line': b'-- Installing: /home/ogan/ME461F25_LittleDaisies/project/ros_ws/install/mobile_sensor/share/mobile_sensor//node_modules/rclnodejs/node_modules/debug/src/browser.js\n'}
[1.001072] (mobile_sensor) StdoutLine: {'line': b'-- Installing: /home/ogan/ME461F25_LittleDaisies/project/ros_ws/install/mobile_sensor/share/mobile_sensor//node_modules/rclnodejs/node_modules/debug/src/node.js\n'}
[1.001200] (mobile_sensor) StdoutLine: {'line': b'-- Installing: /home/ogan/ME461F25_LittleDaisies/project/ros_ws/install/mobile_sensor/share/mobile_sensor//node_modules/rclnodejs/node_modules/debug/LICENSE\n'}
[1.001303] (mobile_sensor) StdoutLine: {'line': b'-- Installing: /home/ogan/ME461F25_LittleDaisies/project/ros_ws/install/mobile_sensor/share/mobile_sensor//node_modules/rclnodejs/node_modules/debug/README.md\n'}
[1.001418] (mobile_sensor) StdoutLine: {'line': b'-- Installing: /home/ogan/ME461F25_LittleDaisies/project/ros_ws/install/mobile_sensor/share/mobile_sensor//node_modules/rclnodejs/node_modules/ms\n'}
[1.001470] (mobile_sensor) StdoutLine: {'line': b'-- Installing: /home/ogan/ME461F25_LittleDaisies/project/ros_ws/install/mobile_sensor/share/mobile_sensor//node_modules/rclnodejs/node_modules/ms/package.json\n'}
[1.001571] (mobile_sensor) StdoutLine: {'line': b'-- Installing: /home/ogan/ME461F25_LittleDaisies/project/ros_ws/install/mobile_sensor/share/mobile_sensor//node_modules/rclnodejs/node_modules/ms/index.js\n'}
[1.001675] (mobile_sensor) StdoutLine: {'line': b'-- Installing: /home/ogan/ME461F25_LittleDaisies/project/ros_ws/install/mobile_sensor/share/mobile_sensor//node_modules/rclnodejs/node_modules/ms/license.md\n'}
[1.001782] (mobile_sensor) StdoutLine: {'line': b'-- Installing: /home/ogan/ME461F25_LittleDaisies/project/ros_ws/install/mobile_sensor/share/mobile_sensor//node_modules/rclnodejs/node_modules/ms/readme.md\n'}
[1.001879] (mobile_sensor) StdoutLine: {'line': b'-- Installing: /home/ogan/ME461F25_LittleDaisies/project/ros_ws/install/mobile_sensor/share/mobile_sensor//node_modules/rclnodejs/generated\n'}
[1.001967] (mobile_sensor) StdoutLine: {'line': b'-- Installing: /home/ogan/ME461F25_LittleDaisies/project/ros_ws/install/mobile_sensor/share/mobile_sensor//node_modules/rclnodejs/generated/rosbag2_interfaces\n'}
[1.002052] (mobile_sensor) StdoutLine: {'line': b'-- Installing: /home/ogan/ME461F25_LittleDaisies/project/ros_ws/install/mobile_sensor/share/mobile_sensor//node_modules/rclnodejs/generated/rosbag2_interfaces/rosbag2_interfaces__srv__TogglePaused.js\n'}
[1.002159] (mobile_sensor) StdoutLine: {'line': b'-- Installing: /home/ogan/ME461F25_LittleDaisies/project/ros_ws/install/mobile_sensor/share/mobile_sensor//node_modules/rclnodejs/generated/rosbag2_interfaces/rosbag2_interfaces__srv__Seek_Request.js\n'}
[1.002263] (mobile_sensor) StdoutLine: {'line': b'-- Installing: /home/ogan/ME461F25_LittleDaisies/project/ros_ws/install/mobile_sensor/share/mobile_sensor//node_modules/rclnodejs/generated/rosbag2_interfaces/rosbag2_interfaces__srv__Snapshot_Request.js\n'}
[1.002367] (mobile_sensor) StdoutLine: {'line': b'-- Installing: /home/ogan/ME461F25_LittleDaisies/project/ros_ws/install/mobile_sensor/share/mobile_sensor//node_modules/rclnodejs/generated/rosbag2_interfaces/rosbag2_interfaces__srv__IsPaused.js\n'}
[1.002465] (mobile_sensor) StdoutLine: {'line': b'-- Installing: /home/ogan/ME461F25_LittleDaisies/project/ros_ws/install/mobile_sensor/share/mobile_sensor//node_modules/rclnodejs/generated/rosbag2_interfaces/rosbag2_interfaces__srv__Pause.js\n'}
[1.002564] (mobile_sensor) StdoutLine: {'line': b'-- Installing: /home/ogan/ME461F25_LittleDaisies/project/ros_ws/install/mobile_sensor/share/mobile_sensor//node_modules/rclnodejs/generated/rosbag2_interfaces/rosbag2_interfaces__srv__TogglePaused_Request.js\n'}
[1.002667] (mobile_sensor) StdoutLine: {'line': b'-- Installing: /home/ogan/ME461F25_LittleDaisies/project/ros_ws/install/mobile_sensor/share/mobile_sensor//node_modules/rclnodejs/generated/rosbag2_interfaces/rosbag2_interfaces__srv__Pause_Response.js\n'}
[1.002772] (mobile_sensor) StdoutLine: {'line': b'-- Installing: /home/ogan/ME461F25_LittleDaisies/project/ros_ws/install/mobile_sensor/share/mobile_sensor//node_modules/rclnodejs/generated/rosbag2_interfaces/rosbag2_interfaces__srv__SetRate.js\n'}
[1.002872] (mobile_sensor) StdoutLine: {'line': b'-- Installing: /home/ogan/ME461F25_LittleDaisies/project/ros_ws/install/mobile_sensor/share/mobile_sensor//node_modules/rclnodejs/generated/rosbag2_interfaces/rosbag2_interfaces__srv__PlayNext.js\n'}
[1.002981] (mobile_sensor) StdoutLine: {'line': b'-- Installing: /home/ogan/ME461F25_LittleDaisies/project/ros_ws/install/mobile_sensor/share/mobile_sensor//node_modules/rclnodejs/generated/rosbag2_interfaces/rosbag2_interfaces__srv__IsPaused_Response.js\n'}
[1.003092] (mobile_sensor) StdoutLine: {'line': b'-- Installing: /home/ogan/ME461F25_LittleDaisies/project/ros_ws/install/mobile_sensor/share/mobile_sensor//node_modules/rclnodejs/generated/rosbag2_interfaces/rosbag2_interfaces__srv__Seek.js\n'}
[1.003215] (mobile_sensor) StdoutLine: {'line': b'-- Installing: /home/ogan/ME461F25_LittleDaisies/project/ros_ws/install/mobile_sensor/share/mobile_sensor//node_modules/rclnodejs/generated/rosbag2_interfaces/rosbag2_interfaces__srv__Resume_Request.js\n'}
[1.003310] (mobile_sensor) StdoutLine: {'line': b'-- Installing: /home/ogan/ME461F25_LittleDaisies/project/ros_ws/install/mobile_sensor/share/mobile_sensor//node_modules/rclnodejs/generated/rosbag2_interfaces/rosbag2_interfaces__srv__Resume.js\n'}
[1.003406] (mobile_sensor) StdoutLine: {'line': b'-- Installing: /home/ogan/ME461F25_LittleDaisies/project/ros_ws/install/mobile_sensor/share/mobile_sensor//node_modules/rclnodejs/generated/rosbag2_interfaces/rosbag2_interfaces__srv__Burst_Request.js\n'}
[1.003514] (mobile_sensor) StdoutLine: {'line': b'-- Installing: /home/ogan/ME461F25_LittleDaisies/project/ros_ws/install/mobile_sensor/share/mobile_sensor//node_modules/rclnodejs/generated/rosbag2_interfaces/rosbag2_interfaces__msg__ReadSplitEvent.js\n'}
[1.003628] (mobile_sensor) StdoutLine: {'line': b'-- Installing: /home/ogan/ME461F25_LittleDaisies/project/ros_ws/install/mobile_sensor/share/mobile_sensor//node_modules/rclnodejs/generated/rosbag2_interfaces/rosbag2_interfaces__srv__Resume_Response.js\n'}
[1.003742] (mobile_sensor) StdoutLine: {'line': b'-- Installing: /home/ogan/ME461F25_LittleDaisies/project/ros_ws/install/mobile_sensor/share/mobile_sensor//node_modules/rclnodejs/generated/rosbag2_interfaces/rosbag2_interfaces__srv__SetRate_Response.js\n'}
[1.003864] (mobile_sensor) StdoutLine: {'line': b'-- Installing: /home/ogan/ME461F25_LittleDaisies/project/ros_ws/install/mobile_sensor/share/mobile_sensor//node_modules/rclnodejs/generated/rosbag2_interfaces/rosbag2_interfaces__srv__Seek_Response.js\n'}
[1.003987] (mobile_sensor) StdoutLine: {'line': b'-- Installing: /home/ogan/ME461F25_LittleDaisies/project/ros_ws/install/mobile_sensor/share/mobile_sensor//node_modules/rclnodejs/generated/rosbag2_interfaces/rosbag2_interfaces__srv__PlayNext_Response.js\n'}
[1.004095] (mobile_sensor) StdoutLine: {'line': b'-- Installing: /home/ogan/ME461F25_LittleDaisies/project/ros_ws/install/mobile_sensor/share/mobile_sensor//node_modules/rclnodejs/generated/rosbag2_interfaces/rosbag2_interfaces__srv__GetRate.js\n'}
[1.004261] (mobile_sensor) StdoutLine: {'line': b'-- Installing: /home/ogan/ME461F25_LittleDaisies/project/ros_ws/install/mobile_sensor/share/mobile_sensor//node_modules/rclnodejs/generated/rosbag2_interfaces/rosbag2_interfaces__srv__Pause_Request.js\n'}
[1.004388] (mobile_sensor) StdoutLine: {'line': b'-- Installing: /home/ogan/ME461F25_LittleDaisies/project/ros_ws/install/mobile_sensor/share/mobile_sensor//node_modules/rclnodejs/generated/rosbag2_interfaces/rosbag2_interfaces__srv__SetRate_Request.js\n'}
[1.004487] (mobile_sensor) StdoutLine: {'line': b'-- Installing: /home/ogan/ME461F25_LittleDaisies/project/ros_ws/install/mobile_sensor/share/mobile_sensor//node_modules/rclnodejs/generated/rosbag2_interfaces/rosbag2_interfaces__msg__WriteSplitEvent.js\n'}
[1.004623] (mobile_sensor) StdoutLine: {'line': b'-- Installing: /home/ogan/ME461F25_LittleDaisies/project/ros_ws/install/mobile_sensor/share/mobile_sensor//node_modules/rclnodejs/generated/rosbag2_interfaces/rosbag2_interfaces__srv__GetRate_Response.js\n'}
[1.004737] (mobile_sensor) StdoutLine: {'line': b'-- Installing: /home/ogan/ME461F25_LittleDaisies/project/ros_ws/install/mobile_sensor/share/mobile_sensor//node_modules/rclnodejs/generated/rosbag2_interfaces/rosbag2_interfaces__srv__GetRate_Request.js\n'}
[1.004842] (mobile_sensor) StdoutLine: {'line': b'-- Installing: /home/ogan/ME461F25_LittleDaisies/project/ros_ws/install/mobile_sensor/share/mobile_sensor//node_modules/rclnodejs/generated/rosbag2_interfaces/rosbag2_interfaces__srv__TogglePaused_Response.js\n'}
[1.004944] (mobile_sensor) StdoutLine: {'line': b'-- Installing: /home/ogan/ME461F25_LittleDaisies/project/ros_ws/install/mobile_sensor/share/mobile_sensor//node_modules/rclnodejs/generated/rosbag2_interfaces/rosbag2_interfaces__srv__PlayNext_Request.js\n'}
[1.005067] (mobile_sensor) StdoutLine: {'line': b'-- Installing: /home/ogan/ME461F25_LittleDaisies/project/ros_ws/install/mobile_sensor/share/mobile_sensor//node_modules/rclnodejs/generated/rosbag2_interfaces/rosbag2_interfaces__srv__IsPaused_Request.js\n'}
[1.005189] (mobile_sensor) StdoutLine: {'line': b'-- Installing: /home/ogan/ME461F25_LittleDaisies/project/ros_ws/install/mobile_sensor/share/mobile_sensor//node_modules/rclnodejs/generated/rosbag2_interfaces/rosbag2_interfaces__srv__Snapshot_Response.js\n'}
[1.005301] (mobile_sensor) StdoutLine: {'line': b'-- Installing: /home/ogan/ME461F25_LittleDaisies/project/ros_ws/install/mobile_sensor/share/mobile_sensor//node_modules/rclnodejs/generated/rosbag2_interfaces/rosbag2_interfaces__srv__Burst.js\n'}
[1.005409] (mobile_sensor) StdoutLine: {'line': b'-- Installing: /home/ogan/ME461F25_LittleDaisies/project/ros_ws/install/mobile_sensor/share/mobile_sensor//node_modules/rclnodejs/generated/rosbag2_interfaces/rosbag2_interfaces__srv__Snapshot.js\n'}
[1.005516] (mobile_sensor) StdoutLine: {'line': b'-- Installing: /home/ogan/ME461F25_LittleDaisies/project/ros_ws/install/mobile_sensor/share/mobile_sensor//node_modules/rclnodejs/generated/rosbag2_interfaces/rosbag2_interfaces__srv__Burst_Response.js\n'}
[1.005628] (mobile_sensor) StdoutLine: {'line': b'-- Installing: /home/ogan/ME461F25_LittleDaisies/project/ros_ws/install/mobile_sensor/share/mobile_sensor//node_modules/rclnodejs/generated/visualization_msgs\n'}
[1.005748] (mobile_sensor) StdoutLine: {'line': b'-- Installing: /home/ogan/ME461F25_LittleDaisies/project/ros_ws/install/mobile_sensor/share/mobile_sensor//node_modules/rclnodejs/generated/visualization_msgs/visualization_msgs__msg__MeshFile.js\n'}
[1.005871] (mobile_sensor) StdoutLine: {'line': b'-- Installing: /home/ogan/ME461F25_LittleDaisies/project/ros_ws/install/mobile_sensor/share/mobile_sensor//node_modules/rclnodejs/generated/visualization_msgs/visualization_msgs__srv__GetInteractiveMarkers.js\n'}
[1.006007] (mobile_sensor) StdoutLine: {'line': b'-- Installing: /home/ogan/ME461F25_LittleDaisies/project/ros_ws/install/mobile_sensor/share/mobile_sensor//node_modules/rclnodejs/generated/visualization_msgs/visualization_msgs__msg__UVCoordinate.js\n'}
[1.006176] (mobile_sensor) StdoutLine: {'line': b'-- Installing: /home/ogan/ME461F25_LittleDaisies/project/ros_ws/install/mobile_sensor/share/mobile_sensor//node_modules/rclnodejs/generated/visualization_msgs/visualization_msgs__msg__InteractiveMarkerControl.js\n'}
[1.006285] (mobile_sensor) StdoutLine: {'line': b'-- Installing: /home/ogan/ME461F25_LittleDaisies/project/ros_ws/install/mobile_sensor/share/mobile_sensor//node_modules/rclnodejs/generated/visualization_msgs/visualization_msgs__msg__InteractiveMarkerInit.js\n'}
[1.006406] (mobile_sensor) StdoutLine: {'line': b'-- Installing: /home/ogan/ME461F25_LittleDaisies/project/ros_ws/install/mobile_sensor/share/mobile_sensor//node_modules/rclnodejs/generated/visualization_msgs/visualization_msgs__msg__ImageMarker.js\n'}
[1.006522] (mobile_sensor) StdoutLine: {'line': b'-- Installing: /home/ogan/ME461F25_LittleDaisies/project/ros_ws/install/mobile_sensor/share/mobile_sensor//node_modules/rclnodejs/generated/visualization_msgs/visualization_msgs__msg__InteractiveMarkerPose.js\n'}
[1.006635] (mobile_sensor) StdoutLine: {'line': b'-- Installing: /home/ogan/ME461F25_LittleDaisies/project/ros_ws/install/mobile_sensor/share/mobile_sensor//node_modules/rclnodejs/generated/visualization_msgs/visualization_msgs__srv__GetInteractiveMarkers_Response.js\n'}
[1.006753] (mobile_sensor) StdoutLine: {'line': b'-- Installing: /home/ogan/ME461F25_LittleDaisies/project/ros_ws/install/mobile_sensor/share/mobile_sensor//node_modules/rclnodejs/generated/visualization_msgs/visualization_msgs__msg__InteractiveMarker.js\n'}
[1.006872] (mobile_sensor) StdoutLine: {'line': b'-- Installing: /home/ogan/ME461F25_LittleDaisies/project/ros_ws/install/mobile_sensor/share/mobile_sensor//node_modules/rclnodejs/generated/visualization_msgs/visualization_msgs__srv__GetInteractiveMarkers_Request.js\n'}
[1.006995] (mobile_sensor) StdoutLine: {'line': b'-- Installing: /home/ogan/ME461F25_LittleDaisies/project/ros_ws/install/mobile_sensor/share/mobile_sensor//node_modules/rclnodejs/generated/visualization_msgs/visualization_msgs__msg__MarkerArray.js\n'}
[1.007129] (mobile_sensor) StdoutLine: {'line': b'-- Installing: /home/ogan/ME461F25_LittleDaisies/project/ros_ws/install/mobile_sensor/share/mobile_sensor//node_modules/rclnodejs/generated/visualization_msgs/visualization_msgs__msg__Marker.js\n'}
[1.007256] (mobile_sensor) StdoutLine: {'line': b'-- Installing: /home/ogan/ME461F25_LittleDaisies/project/ros_ws/install/mobile_sensor/share/mobile_sensor//node_modules/rclnodejs/generated/visualization_msgs/visualization_msgs__msg__MenuEntry.js\n'}
[1.007369] (mobile_sensor) StdoutLine: {'line': b'-- Installing: /home/ogan/ME461F25_LittleDaisies/project/ros_ws/install/mobile_sensor/share/mobile_sensor//node_modules/rclnodejs/generated/visualization_msgs/visualization_msgs__msg__InteractiveMarkerFeedback.js\n'}
[1.007487] (mobile_sensor) StdoutLine: {'line': b'-- Installing: /home/ogan/ME461F25_LittleDaisies/project/ros_ws/install/mobile_sensor/share/mobile_sensor//node_modules/rclnodejs/generated/visualization_msgs/visualization_msgs__msg__InteractiveMarkerUpdate.js\n'}
[1.007596] (mobile_sensor) StdoutLine: {'line': b'-- Installing: /home/ogan/ME461F25_LittleDaisies/project/ros_ws/install/mobile_sensor/share/mobile_sensor//node_modules/rclnodejs/generated/std_srvs\n'}
[1.007684] (mobile_sensor) StdoutLine: {'line': b'-- Installing: /home/ogan/ME461F25_LittleDaisies/project/ros_ws/install/mobile_sensor/share/mobile_sensor//node_modules/rclnodejs/generated/std_srvs/std_srvs__srv__Trigger_Response.js\n'}
[1.007797] (mobile_sensor) StdoutLine: {'line': b'-- Installing: /home/ogan/ME461F25_LittleDaisies/project/ros_ws/install/mobile_sensor/share/mobile_sensor//node_modules/rclnodejs/generated/std_srvs/std_srvs__srv__Trigger_Request.js\n'}
[1.007907] (mobile_sensor) StdoutLine: {'line': b'-- Installing: /home/ogan/ME461F25_LittleDaisies/project/ros_ws/install/mobile_sensor/share/mobile_sensor//node_modules/rclnodejs/generated/std_srvs/std_srvs__srv__Empty.js\n'}
[1.008015] (mobile_sensor) StdoutLine: {'line': b'-- Installing: /home/ogan/ME461F25_LittleDaisies/project/ros_ws/install/mobile_sensor/share/mobile_sensor//node_modules/rclnodejs/generated/std_srvs/std_srvs__srv__Trigger.js\n'}
[1.008118] (mobile_sensor) StdoutLine: {'line': b'-- Installing: /home/ogan/ME461F25_LittleDaisies/project/ros_ws/install/mobile_sensor/share/mobile_sensor//node_modules/rclnodejs/generated/std_srvs/std_srvs__srv__Empty_Response.js\n'}
[1.008262] (mobile_sensor) StdoutLine: {'line': b'-- Installing: /home/ogan/ME461F25_LittleDaisies/project/ros_ws/install/mobile_sensor/share/mobile_sensor//node_modules/rclnodejs/generated/std_srvs/std_srvs__srv__SetBool_Response.js\n'}
[1.008348] (mobile_sensor) StdoutLine: {'line': b'-- Installing: /home/ogan/ME461F25_LittleDaisies/project/ros_ws/install/mobile_sensor/share/mobile_sensor//node_modules/rclnodejs/generated/std_srvs/std_srvs__srv__Empty_Request.js\n'}
[1.008453] (mobile_sensor) StdoutLine: {'line': b'-- Installing: /home/ogan/ME461F25_LittleDaisies/project/ros_ws/install/mobile_sensor/share/mobile_sensor//node_modules/rclnodejs/generated/std_srvs/std_srvs__srv__SetBool.js\n'}
[1.008556] (mobile_sensor) StdoutLine: {'line': b'-- Installing: /home/ogan/ME461F25_LittleDaisies/project/ros_ws/install/mobile_sensor/share/mobile_sensor//node_modules/rclnodejs/generated/std_srvs/std_srvs__srv__SetBool_Request.js\n'}
[1.008662] (mobile_sensor) StdoutLine: {'line': b'-- Installing: /home/ogan/ME461F25_LittleDaisies/project/ros_ws/install/mobile_sensor/share/mobile_sensor//node_modules/rclnodejs/generated/geometry_msgs\n'}
[1.008752] (mobile_sensor) StdoutLine: {'line': b'-- Installing: /home/ogan/ME461F25_LittleDaisies/project/ros_ws/install/mobile_sensor/share/mobile_sensor//node_modules/rclnodejs/generated/geometry_msgs/geometry_msgs__msg__TwistWithCovariance.js\n'}
[1.008867] (mobile_sensor) StdoutLine: {'line': b'-- Installing: /home/ogan/ME461F25_LittleDaisies/project/ros_ws/install/mobile_sensor/share/mobile_sensor//node_modules/rclnodejs/generated/geometry_msgs/geometry_msgs__msg__Vector3.js\n'}
[1.008978] (mobile_sensor) StdoutLine: {'line': b'-- Installing: /home/ogan/ME461F25_LittleDaisies/project/ros_ws/install/mobile_sensor/share/mobile_sensor//node_modules/rclnodejs/generated/geometry_msgs/geometry_msgs__msg__PoseWithCovarianceStamped.js\n'}
[1.009099] (mobile_sensor) StdoutLine: {'line': b'-- Installing: /home/ogan/ME461F25_LittleDaisies/project/ros_ws/install/mobile_sensor/share/mobile_sensor//node_modules/rclnodejs/generated/geometry_msgs/geometry_msgs__msg__PoseArray.js\n'}
[1.009215] (mobile_sensor) StdoutLine: {'line': b'-- Installing: /home/ogan/ME461F25_LittleDaisies/project/ros_ws/install/mobile_sensor/share/mobile_sensor//node_modules/rclnodejs/generated/geometry_msgs/geometry_msgs__msg__Twist.js\n'}
[1.009323] (mobile_sensor) StdoutLine: {'line': b'-- Installing: /home/ogan/ME461F25_LittleDaisies/project/ros_ws/install/mobile_sensor/share/mobile_sensor//node_modules/rclnodejs/generated/geometry_msgs/geometry_msgs__msg__InertiaStamped.js\n'}
[1.009431] (mobile_sensor) StdoutLine: {'line': b'-- Installing: /home/ogan/ME461F25_LittleDaisies/project/ros_ws/install/mobile_sensor/share/mobile_sensor//node_modules/rclnodejs/generated/geometry_msgs/geometry_msgs__msg__QuaternionStamped.js\n'}
[1.009539] (mobile_sensor) StdoutLine: {'line': b'-- Installing: /home/ogan/ME461F25_LittleDaisies/project/ros_ws/install/mobile_sensor/share/mobile_sensor//node_modules/rclnodejs/generated/geometry_msgs/geometry_msgs__msg__Accel.js\n'}
[1.009649] (mobile_sensor) StdoutLine: {'line': b'-- Installing: /home/ogan/ME461F25_LittleDaisies/project/ros_ws/install/mobile_sensor/share/mobile_sensor//node_modules/rclnodejs/generated/geometry_msgs/geometry_msgs__msg__Point.js\n'}
[1.009760] (mobile_sensor) StdoutLine: {'line': b'-- Installing: /home/ogan/ME461F25_LittleDaisies/project/ros_ws/install/mobile_sensor/share/mobile_sensor//node_modules/rclnodejs/generated/geometry_msgs/geometry_msgs__msg__Quaternion.js\n'}
[1.009872] (mobile_sensor) StdoutLine: {'line': b'-- Installing: /home/ogan/ME461F25_LittleDaisies/project/ros_ws/install/mobile_sensor/share/mobile_sensor//node_modules/rclnodejs/generated/geometry_msgs/geometry_msgs__msg__Point32.js\n'}
[1.009982] (mobile_sensor) StdoutLine: {'line': b'-- Installing: /home/ogan/ME461F25_LittleDaisies/project/ros_ws/install/mobile_sensor/share/mobile_sensor//node_modules/rclnodejs/generated/geometry_msgs/geometry_msgs__msg__Transform.js\n'}
[1.010092] (mobile_sensor) StdoutLine: {'line': b'-- Installing: /home/ogan/ME461F25_LittleDaisies/project/ros_ws/install/mobile_sensor/share/mobile_sensor//node_modules/rclnodejs/generated/geometry_msgs/geometry_msgs__msg__PointStamped.js\n'}
[1.010208] (mobile_sensor) StdoutLine: {'line': b'-- Installing: /home/ogan/ME461F25_LittleDaisies/project/ros_ws/install/mobile_sensor/share/mobile_sensor//node_modules/rclnodejs/generated/geometry_msgs/geometry_msgs__msg__Polygon.js\n'}
[1.010318] (mobile_sensor) StdoutLine: {'line': b'-- Installing: /home/ogan/ME461F25_LittleDaisies/project/ros_ws/install/mobile_sensor/share/mobile_sensor//node_modules/rclnodejs/generated/geometry_msgs/geometry_msgs__msg__PoseStamped.js\n'}
[1.010431] (mobile_sensor) StdoutLine: {'line': b'-- Installing: /home/ogan/ME461F25_LittleDaisies/project/ros_ws/install/mobile_sensor/share/mobile_sensor//node_modules/rclnodejs/generated/geometry_msgs/geometry_msgs__msg__AccelWithCovarianceStamped.js\n'}
[1.010542] (mobile_sensor) StdoutLine: {'line': b'-- Installing: /home/ogan/ME461F25_LittleDaisies/project/ros_ws/install/mobile_sensor/share/mobile_sensor//node_modules/rclnodejs/generated/geometry_msgs/geometry_msgs__msg__AccelStamped.js\n'}
[1.010655] (mobile_sensor) StdoutLine: {'line': b'-- Installing: /home/ogan/ME461F25_LittleDaisies/project/ros_ws/install/mobile_sensor/share/mobile_sensor//node_modules/rclnodejs/generated/geometry_msgs/geometry_msgs__msg__TwistWithCovarianceStamped.js\n'}
[1.010766] (mobile_sensor) StdoutLine: {'line': b'-- Installing: /home/ogan/ME461F25_LittleDaisies/project/ros_ws/install/mobile_sensor/share/mobile_sensor//node_modules/rclnodejs/generated/geometry_msgs/geometry_msgs__msg__VelocityStamped.js\n'}
[1.010880] (mobile_sensor) StdoutLine: {'line': b'-- Installing: /home/ogan/ME461F25_LittleDaisies/project/ros_ws/install/mobile_sensor/share/mobile_sensor//node_modules/rclnodejs/generated/geometry_msgs/geometry_msgs__msg__Pose.js\n'}
[1.010991] (mobile_sensor) StdoutLine: {'line': b'-- Installing: /home/ogan/ME461F25_LittleDaisies/project/ros_ws/install/mobile_sensor/share/mobile_sensor//node_modules/rclnodejs/generated/geometry_msgs/geometry_msgs__msg__AccelWithCovariance.js\n'}
[1.011102] (mobile_sensor) StdoutLine: {'line': b'-- Installing: /home/ogan/ME461F25_LittleDaisies/project/ros_ws/install/mobile_sensor/share/mobile_sensor//node_modules/rclnodejs/generated/geometry_msgs/geometry_msgs__msg__Inertia.js\n'}
[1.011226] (mobile_sensor) StdoutLine: {'line': b'-- Installing: /home/ogan/ME461F25_LittleDaisies/project/ros_ws/install/mobile_sensor/share/mobile_sensor//node_modules/rclnodejs/generated/geometry_msgs/geometry_msgs__msg__PoseWithCovariance.js\n'}
[1.011341] (mobile_sensor) StdoutLine: {'line': b'-- Installing: /home/ogan/ME461F25_LittleDaisies/project/ros_ws/install/mobile_sensor/share/mobile_sensor//node_modules/rclnodejs/generated/geometry_msgs/geometry_msgs__msg__Wrench.js\n'}
[1.011451] (mobile_sensor) StdoutLine: {'line': b'-- Installing: /home/ogan/ME461F25_LittleDaisies/project/ros_ws/install/mobile_sensor/share/mobile_sensor//node_modules/rclnodejs/generated/geometry_msgs/geometry_msgs__msg__Vector3Stamped.js\n'}
[1.011561] (mobile_sensor) StdoutLine: {'line': b'-- Installing: /home/ogan/ME461F25_LittleDaisies/project/ros_ws/install/mobile_sensor/share/mobile_sensor//node_modules/rclnodejs/generated/geometry_msgs/geometry_msgs__msg__WrenchStamped.js\n'}
[1.011673] (mobile_sensor) StdoutLine: {'line': b'-- Installing: /home/ogan/ME461F25_LittleDaisies/project/ros_ws/install/mobile_sensor/share/mobile_sensor//node_modules/rclnodejs/generated/geometry_msgs/geometry_msgs__msg__Pose2D.js\n'}
[1.011783] (mobile_sensor) StdoutLine: {'line': b'-- Installing: /home/ogan/ME461F25_LittleDaisies/project/ros_ws/install/mobile_sensor/share/mobile_sensor//node_modules/rclnodejs/generated/geometry_msgs/geometry_msgs__msg__PolygonStamped.js\n'}
[1.011897] (mobile_sensor) StdoutLine: {'line': b'-- Installing: /home/ogan/ME461F25_LittleDaisies/project/ros_ws/install/mobile_sensor/share/mobile_sensor//node_modules/rclnodejs/generated/geometry_msgs/geometry_msgs__msg__TwistStamped.js\n'}
[1.012004] (mobile_sensor) StdoutLine: {'line': b'-- Installing: /home/ogan/ME461F25_LittleDaisies/project/ros_ws/install/mobile_sensor/share/mobile_sensor//node_modules/rclnodejs/generated/geometry_msgs/geometry_msgs__msg__TransformStamped.js\n'}
[1.012126] (mobile_sensor) StdoutLine: {'line': b'-- Installing: /home/ogan/ME461F25_LittleDaisies/project/ros_ws/install/mobile_sensor/share/mobile_sensor//node_modules/rclnodejs/generated/lifecycle_msgs\n'}
[1.012215] (mobile_sensor) StdoutLine: {'line': b'-- Installing: /home/ogan/ME461F25_LittleDaisies/project/ros_ws/install/mobile_sensor/share/mobile_sensor//node_modules/rclnodejs/generated/lifecycle_msgs/lifecycle_msgs__srv__GetState_Request.js\n'}
[1.012327] (mobile_sensor) StdoutLine: {'line': b'-- Installing: /home/ogan/ME461F25_LittleDaisies/project/ros_ws/install/mobile_sensor/share/mobile_sensor//node_modules/rclnodejs/generated/lifecycle_msgs/lifecycle_msgs__srv__ChangeState_Response.js\n'}
[1.012443] (mobile_sensor) StdoutLine: {'line': b'-- Installing: /home/ogan/ME461F25_LittleDaisies/project/ros_ws/install/mobile_sensor/share/mobile_sensor//node_modules/rclnodejs/generated/lifecycle_msgs/lifecycle_msgs__msg__TransitionEvent.js\n'}
[1.012551] (mobile_sensor) StdoutLine: {'line': b'-- Installing: /home/ogan/ME461F25_LittleDaisies/project/ros_ws/install/mobile_sensor/share/mobile_sensor//node_modules/rclnodejs/generated/lifecycle_msgs/lifecycle_msgs__msg__Transition.js\n'}
[1.012666] (mobile_sensor) StdoutLine: {'line': b'-- Installing: /home/ogan/ME461F25_LittleDaisies/project/ros_ws/install/mobile_sensor/share/mobile_sensor//node_modules/rclnodejs/generated/lifecycle_msgs/lifecycle_msgs__srv__GetAvailableTransitions_Request.js\n'}
[1.012776] (mobile_sensor) StdoutLine: {'line': b'-- Installing: /home/ogan/ME461F25_LittleDaisies/project/ros_ws/install/mobile_sensor/share/mobile_sensor//node_modules/rclnodejs/generated/lifecycle_msgs/lifecycle_msgs__srv__GetAvailableStates_Response.js\n'}
[1.012895] (mobile_sensor) StdoutLine: {'line': b'-- Installing: /home/ogan/ME461F25_LittleDaisies/project/ros_ws/install/mobile_sensor/share/mobile_sensor//node_modules/rclnodejs/generated/lifecycle_msgs/lifecycle_msgs__srv__ChangeState_Request.js\n'}
[1.012996] (mobile_sensor) StdoutLine: {'line': b'-- Installing: /home/ogan/ME461F25_LittleDaisies/project/ros_ws/install/mobile_sensor/share/mobile_sensor//node_modules/rclnodejs/generated/lifecycle_msgs/lifecycle_msgs__srv__GetState.js\n'}
[1.013102] (mobile_sensor) StdoutLine: {'line': b'-- Installing: /home/ogan/ME461F25_LittleDaisies/project/ros_ws/install/mobile_sensor/share/mobile_sensor//node_modules/rclnodejs/generated/lifecycle_msgs/lifecycle_msgs__srv__GetAvailableStates_Request.js\n'}
[1.013231] (mobile_sensor) StdoutLine: {'line': b'-- Installing: /home/ogan/ME461F25_LittleDaisies/project/ros_ws/install/mobile_sensor/share/mobile_sensor//node_modules/rclnodejs/generated/lifecycle_msgs/lifecycle_msgs__srv__GetAvailableStates.js\n'}
[1.013357] (mobile_sensor) StdoutLine: {'line': b'-- Installing: /home/ogan/ME461F25_LittleDaisies/project/ros_ws/install/mobile_sensor/share/mobile_sensor//node_modules/rclnodejs/generated/lifecycle_msgs/lifecycle_msgs__msg__State.js\n'}
[1.013466] (mobile_sensor) StdoutLine: {'line': b'-- Installing: /home/ogan/ME461F25_LittleDaisies/project/ros_ws/install/mobile_sensor/share/mobile_sensor//node_modules/rclnodejs/generated/lifecycle_msgs/lifecycle_msgs__srv__GetAvailableTransitions_Response.js\n'}
[1.013571] (mobile_sensor) StdoutLine: {'line': b'-- Installing: /home/ogan/ME461F25_LittleDaisies/project/ros_ws/install/mobile_sensor/share/mobile_sensor//node_modules/rclnodejs/generated/lifecycle_msgs/lifecycle_msgs__srv__ChangeState.js\n'}
[1.013672] (mobile_sensor) StdoutLine: {'line': b'-- Installing: /home/ogan/ME461F25_LittleDaisies/project/ros_ws/install/mobile_sensor/share/mobile_sensor//node_modules/rclnodejs/generated/lifecycle_msgs/lifecycle_msgs__srv__GetAvailableTransitions.js\n'}
[1.013773] (mobile_sensor) StdoutLine: {'line': b'-- Installing: /home/ogan/ME461F25_LittleDaisies/project/ros_ws/install/mobile_sensor/share/mobile_sensor//node_modules/rclnodejs/generated/lifecycle_msgs/lifecycle_msgs__srv__GetState_Response.js\n'}
[1.013890] (mobile_sensor) StdoutLine: {'line': b'-- Installing: /home/ogan/ME461F25_LittleDaisies/project/ros_ws/install/mobile_sensor/share/mobile_sensor//node_modules/rclnodejs/generated/lifecycle_msgs/lifecycle_msgs__msg__TransitionDescription.js\n'}
[1.013983] (mobile_sensor) StdoutLine: {'line': b'-- Installing: /home/ogan/ME461F25_LittleDaisies/project/ros_ws/install/mobile_sensor/share/mobile_sensor//node_modules/rclnodejs/generated/composition_interfaces\n'}
[1.014061] (mobile_sensor) StdoutLine: {'line': b'-- Installing: /home/ogan/ME461F25_LittleDaisies/project/ros_ws/install/mobile_sensor/share/mobile_sensor//node_modules/rclnodejs/generated/composition_interfaces/composition_interfaces__srv__LoadNode_Response.js\n'}
[1.014174] (mobile_sensor) StdoutLine: {'line': b'-- Installing: /home/ogan/ME461F25_LittleDaisies/project/ros_ws/install/mobile_sensor/share/mobile_sensor//node_modules/rclnodejs/generated/composition_interfaces/composition_interfaces__srv__UnloadNode_Request.js\n'}
[1.014278] (mobile_sensor) StdoutLine: {'line': b'-- Installing: /home/ogan/ME461F25_LittleDaisies/project/ros_ws/install/mobile_sensor/share/mobile_sensor//node_modules/rclnodejs/generated/composition_interfaces/composition_interfaces__srv__LoadNode.js\n'}
[1.014378] (mobile_sensor) StdoutLine: {'line': b'-- Installing: /home/ogan/ME461F25_LittleDaisies/project/ros_ws/install/mobile_sensor/share/mobile_sensor//node_modules/rclnodejs/generated/composition_interfaces/composition_interfaces__srv__LoadNode_Request.js\n'}
[1.014491] (mobile_sensor) StdoutLine: {'line': b'-- Installing: /home/ogan/ME461F25_LittleDaisies/project/ros_ws/install/mobile_sensor/share/mobile_sensor//node_modules/rclnodejs/generated/composition_interfaces/composition_interfaces__srv__ListNodes_Request.js\n'}
[1.014596] (mobile_sensor) StdoutLine: {'line': b'-- Installing: /home/ogan/ME461F25_LittleDaisies/project/ros_ws/install/mobile_sensor/share/mobile_sensor//node_modules/rclnodejs/generated/composition_interfaces/composition_interfaces__srv__UnloadNode.js\n'}
[1.014703] (mobile_sensor) StdoutLine: {'line': b'-- Installing: /home/ogan/ME461F25_LittleDaisies/project/ros_ws/install/mobile_sensor/share/mobile_sensor//node_modules/rclnodejs/generated/composition_interfaces/composition_interfaces__srv__UnloadNode_Response.js\n'}
[1.014807] (mobile_sensor) StdoutLine: {'line': b'-- Installing: /home/ogan/ME461F25_LittleDaisies/project/ros_ws/install/mobile_sensor/share/mobile_sensor//node_modules/rclnodejs/generated/composition_interfaces/composition_interfaces__srv__ListNodes_Response.js\n'}
[1.014912] (mobile_sensor) StdoutLine: {'line': b'-- Installing: /home/ogan/ME461F25_LittleDaisies/project/ros_ws/install/mobile_sensor/share/mobile_sensor//node_modules/rclnodejs/generated/composition_interfaces/composition_interfaces__srv__ListNodes.js\n'}
[1.015008] (mobile_sensor) StdoutLine: {'line': b'-- Installing: /home/ogan/ME461F25_LittleDaisies/project/ros_ws/install/mobile_sensor/share/mobile_sensor//node_modules/rclnodejs/generated/control_msgs\n'}
[1.015136] (mobile_sensor) StdoutLine: {'line': b'-- Installing: /home/ogan/ME461F25_LittleDaisies/project/ros_ws/install/mobile_sensor/share/mobile_sensor//node_modules/rclnodejs/generated/control_msgs/control_msgs__action__ParallelGripperCommand_SendGoal_Request.js\n'}
[1.015244] (mobile_sensor) StdoutLine: {'line': b'-- Installing: /home/ogan/ME461F25_LittleDaisies/project/ros_ws/install/mobile_sensor/share/mobile_sensor//node_modules/rclnodejs/generated/control_msgs/control_msgs__action__SingleJointPosition_Feedback.js\n'}
[1.015348] (mobile_sensor) StdoutLine: {'line': b'-- Installing: /home/ogan/ME461F25_LittleDaisies/project/ros_ws/install/mobile_sensor/share/mobile_sensor//node_modules/rclnodejs/generated/control_msgs/control_msgs__srv__QueryTrajectoryState_Request.js\n'}
[1.015453] (mobile_sensor) StdoutLine: {'line': b'-- Installing: /home/ogan/ME461F25_LittleDaisies/project/ros_ws/install/mobile_sensor/share/mobile_sensor//node_modules/rclnodejs/generated/control_msgs/control_msgs__action__SingleJointPosition_GetResult_Response.js\n'}
[1.015555] (mobile_sensor) StdoutLine: {'line': b'-- Installing: /home/ogan/ME461F25_LittleDaisies/project/ros_ws/install/mobile_sensor/share/mobile_sensor//node_modules/rclnodejs/generated/control_msgs/control_msgs__action__GripperCommand_FeedbackMessage.js\n'}
[1.015660] (mobile_sensor) StdoutLine: {'line': b'-- Installing: /home/ogan/ME461F25_LittleDaisies/project/ros_ws/install/mobile_sensor/share/mobile_sensor//node_modules/rclnodejs/generated/control_msgs/control_msgs__action__FollowJointTrajectory.js\n'}
[1.015758] (mobile_sensor) StdoutLine: {'line': b'-- Installing: /home/ogan/ME461F25_LittleDaisies/project/ros_ws/install/mobile_sensor/share/mobile_sensor//node_modules/rclnodejs/generated/control_msgs/control_msgs__msg__JointTolerance.js\n'}
[1.015863] (mobile_sensor) StdoutLine: {'line': b'-- Installing: /home/ogan/ME461F25_LittleDaisies/project/ros_ws/install/mobile_sensor/share/mobile_sensor//node_modules/rclnodejs/generated/control_msgs/control_msgs__srv__QueryTrajectoryState_Response.js\n'}
[1.015977] (mobile_sensor) StdoutLine: {'line': b'-- Installing: /home/ogan/ME461F25_LittleDaisies/project/ros_ws/install/mobile_sensor/share/mobile_sensor//node_modules/rclnodejs/generated/control_msgs/control_msgs__action__FollowJointTrajectory_FeedbackMessage.js\n'}
[1.016080] (mobile_sensor) StdoutLine: {'line': b'-- Installing: /home/ogan/ME461F25_LittleDaisies/project/ros_ws/install/mobile_sensor/share/mobile_sensor//node_modules/rclnodejs/generated/control_msgs/control_msgs__action__ParallelGripperCommand_Goal.js\n'}
[1.016192] (mobile_sensor) StdoutLine: {'line': b'-- Installing: /home/ogan/ME461F25_LittleDaisies/project/ros_ws/install/mobile_sensor/share/mobile_sensor//node_modules/rclnodejs/generated/control_msgs/control_msgs__action__GripperCommand_GetResult_Request.js\n'}
[1.016299] (mobile_sensor) StdoutLine: {'line': b'-- Installing: /home/ogan/ME461F25_LittleDaisies/project/ros_ws/install/mobile_sensor/share/mobile_sensor//node_modules/rclnodejs/generated/control_msgs/control_msgs__action__ParallelGripperCommand_Feedback.js\n'}
[1.016405] (mobile_sensor) StdoutLine: {'line': b'-- Installing: /home/ogan/ME461F25_LittleDaisies/project/ros_ws/install/mobile_sensor/share/mobile_sensor//node_modules/rclnodejs/generated/control_msgs/control_msgs__action__JointTrajectory.js\n'}
[1.016504] (mobile_sensor) StdoutLine: {'line': b'-- Installing: /home/ogan/ME461F25_LittleDaisies/project/ros_ws/install/mobile_sensor/share/mobile_sensor//node_modules/rclnodejs/generated/control_msgs/control_msgs__action__FollowJointTrajectory_SendGoal_Request.js\n'}
[1.016608] (mobile_sensor) StdoutLine: {'line': b'-- Installing: /home/ogan/ME461F25_LittleDaisies/project/ros_ws/install/mobile_sensor/share/mobile_sensor//node_modules/rclnodejs/generated/control_msgs/control_msgs__msg__DynamicJointState.js\n'}
[1.016712] (mobile_sensor) StdoutLine: {'line': b'-- Installing: /home/ogan/ME461F25_LittleDaisies/project/ros_ws/install/mobile_sensor/share/mobile_sensor//node_modules/rclnodejs/generated/control_msgs/control_msgs__action__GripperCommand_SendGoal_Response.js\n'}
[1.016817] (mobile_sensor) StdoutLine: {'line': b'-- Installing: /home/ogan/ME461F25_LittleDaisies/project/ros_ws/install/mobile_sensor/share/mobile_sensor//node_modules/rclnodejs/generated/control_msgs/control_msgs__action__SingleJointPosition_Goal.js\n'}
[1.016920] (mobile_sensor) StdoutLine: {'line': b'-- Installing: /home/ogan/ME461F25_LittleDaisies/project/ros_ws/install/mobile_sensor/share/mobile_sensor//node_modules/rclnodejs/generated/control_msgs/control_msgs__action__PointHead_GetResult_Request.js\n'}
[1.017027] (mobile_sensor) StdoutLine: {'line': b'-- Installing: /home/ogan/ME461F25_LittleDaisies/project/ros_ws/install/mobile_sensor/share/mobile_sensor//node_modules/rclnodejs/generated/control_msgs/control_msgs__action__ParallelGripperCommand_GetResult.js\n'}
[1.017135] (mobile_sensor) StdoutLine: {'line': b'-- Installing: /home/ogan/ME461F25_LittleDaisies/project/ros_ws/install/mobile_sensor/share/mobile_sensor//node_modules/rclnodejs/generated/control_msgs/control_msgs__action__GripperCommand_SendGoal.js\n'}
[1.017237] (mobile_sensor) StdoutLine: {'line': b'-- Installing: /home/ogan/ME461F25_LittleDaisies/project/ros_ws/install/mobile_sensor/share/mobile_sensor//node_modules/rclnodejs/generated/control_msgs/control_msgs__action__PointHead_Feedback.js\n'}
[1.017346] (mobile_sensor) StdoutLine: {'line': b'-- Installing: /home/ogan/ME461F25_LittleDaisies/project/ros_ws/install/mobile_sensor/share/mobile_sensor//node_modules/rclnodejs/generated/control_msgs/control_msgs__action__FollowJointTrajectory_SendGoal_Response.js\n'}
[1.017454] (mobile_sensor) StdoutLine: {'line': b'-- Installing: /home/ogan/ME461F25_LittleDaisies/project/ros_ws/install/mobile_sensor/share/mobile_sensor//node_modules/rclnodejs/generated/control_msgs/control_msgs__action__PointHead_SendGoal_Request.js\n'}
[1.017560] (mobile_sensor) StdoutLine: {'line': b'-- Installing: /home/ogan/ME461F25_LittleDaisies/project/ros_ws/install/mobile_sensor/share/mobile_sensor//node_modules/rclnodejs/generated/control_msgs/control_msgs__msg__DynamicInterfaceGroupValues.js\n'}
[1.017670] (mobile_sensor) StdoutLine: {'line': b'-- Installing: /home/ogan/ME461F25_LittleDaisies/project/ros_ws/install/mobile_sensor/share/mobile_sensor//node_modules/rclnodejs/generated/control_msgs/control_msgs__action__GripperCommand.js\n'}
[1.017772] (mobile_sensor) StdoutLine: {'line': b'-- Installing: /home/ogan/ME461F25_LittleDaisies/project/ros_ws/install/mobile_sensor/share/mobile_sensor//node_modules/rclnodejs/generated/control_msgs/control_msgs__action__FollowJointTrajectory_GetResult.js\n'}
[1.017873] (mobile_sensor) StdoutLine: {'line': b'-- Installing: /home/ogan/ME461F25_LittleDaisies/project/ros_ws/install/mobile_sensor/share/mobile_sensor//node_modules/rclnodejs/generated/control_msgs/control_msgs__action__JointTrajectory_FeedbackMessage.js\n'}
[1.017980] (mobile_sensor) StdoutLine: {'line': b'-- Installing: /home/ogan/ME461F25_LittleDaisies/project/ros_ws/install/mobile_sensor/share/mobile_sensor//node_modules/rclnodejs/generated/control_msgs/control_msgs__action__GripperCommand_GetResult.js\n'}
[1.018083] (mobile_sensor) StdoutLine: {'line': b'-- Installing: /home/ogan/ME461F25_LittleDaisies/project/ros_ws/install/mobile_sensor/share/mobile_sensor//node_modules/rclnodejs/generated/control_msgs/control_msgs__msg__SingleDOFStateStamped.js\n'}
[1.018202] (mobile_sensor) StdoutLine: {'line': b'-- Installing: /home/ogan/ME461F25_LittleDaisies/project/ros_ws/install/mobile_sensor/share/mobile_sensor//node_modules/rclnodejs/generated/control_msgs/control_msgs__action__GripperCommand_GetResult_Response.js\n'}
[1.018309] (mobile_sensor) StdoutLine: {'line': b'-- Installing: /home/ogan/ME461F25_LittleDaisies/project/ros_ws/install/mobile_sensor/share/mobile_sensor//node_modules/rclnodejs/generated/control_msgs/control_msgs__action__GripperCommand_Feedback.js\n'}
[1.018414] (mobile_sensor) StdoutLine: {'line': b'-- Installing: /home/ogan/ME461F25_LittleDaisies/project/ros_ws/install/mobile_sensor/share/mobile_sensor//node_modules/rclnodejs/generated/control_msgs/control_msgs__action__FollowJointTrajectory_GetResult_Response.js\n'}
[1.018556] (mobile_sensor) StdoutLine: {'line': b'-- Installing: /home/ogan/ME461F25_LittleDaisies/project/ros_ws/install/mobile_sensor/share/mobile_sensor//node_modules/rclnodejs/generated/control_msgs/control_msgs__action__JointTrajectory_Feedback.js\n'}
[1.018662] (mobile_sensor) StdoutLine: {'line': b'-- Installing: /home/ogan/ME461F25_LittleDaisies/project/ros_ws/install/mobile_sensor/share/mobile_sensor//node_modules/rclnodejs/generated/control_msgs/control_msgs__msg__JointComponentTolerance.js\n'}
[1.018769] (mobile_sensor) StdoutLine: {'line': b'-- Installing: /home/ogan/ME461F25_LittleDaisies/project/ros_ws/install/mobile_sensor/share/mobile_sensor//node_modules/rclnodejs/generated/control_msgs/control_msgs__action__PointHead_Goal.js\n'}
[1.018897] (mobile_sensor) StdoutLine: {'line': b'-- Installing: /home/ogan/ME461F25_LittleDaisies/project/ros_ws/install/mobile_sensor/share/mobile_sensor//node_modules/rclnodejs/generated/control_msgs/control_msgs__action__ParallelGripperCommand_SendGoal_Response.js\n'}
[1.019000] (mobile_sensor) StdoutLine: {'line': b'-- Installing: /home/ogan/ME461F25_LittleDaisies/project/ros_ws/install/mobile_sensor/share/mobile_sensor//node_modules/rclnodejs/generated/control_msgs/control_msgs__srv__QueryTrajectoryState.js\n'}
[1.019126] (mobile_sensor) StdoutLine: {'line': b'-- Installing: /home/ogan/ME461F25_LittleDaisies/project/ros_ws/install/mobile_sensor/share/mobile_sensor//node_modules/rclnodejs/generated/control_msgs/control_msgs__action__SingleJointPosition_SendGoal_Request.js\n'}
[1.019264] (mobile_sensor) StdoutLine: {'line': b'-- Installing: /home/ogan/ME461F25_LittleDaisies/project/ros_ws/install/mobile_sensor/share/mobile_sensor//node_modules/rclnodejs/generated/control_msgs/control_msgs__action__ParallelGripperCommand_SendGoal.js\n'}
[1.019361] (mobile_sensor) StdoutLine: {'line': b'-- Installing: /home/ogan/ME461F25_LittleDaisies/project/ros_ws/install/mobile_sensor/share/mobile_sensor//node_modules/rclnodejs/generated/control_msgs/control_msgs__action__ParallelGripperCommand_Result.js\n'}
[1.019465] (mobile_sensor) StdoutLine: {'line': b'-- Installing: /home/ogan/ME461F25_LittleDaisies/project/ros_ws/install/mobile_sensor/share/mobile_sensor//node_modules/rclnodejs/generated/control_msgs/control_msgs__msg__AdmittanceControllerState.js\n'}
[1.019588] (mobile_sensor) StdoutLine: {'line': b'-- Installing: /home/ogan/ME461F25_LittleDaisies/project/ros_ws/install/mobile_sensor/share/mobile_sensor//node_modules/rclnodejs/generated/control_msgs/control_msgs__srv__QueryCalibrationState_Request.js\n'}
[1.019712] (mobile_sensor) StdoutLine: {'line': b'-- Installing: /home/ogan/ME461F25_LittleDaisies/project/ros_ws/install/mobile_sensor/share/mobile_sensor//node_modules/rclnodejs/generated/control_msgs/control_msgs__action__PointHead_SendGoal_Response.js\n'}
[1.019825] (mobile_sensor) StdoutLine: {'line': b'-- Installing: /home/ogan/ME461F25_LittleDaisies/project/ros_ws/install/mobile_sensor/share/mobile_sensor//node_modules/rclnodejs/generated/control_msgs/control_msgs__action__PointHead_GetResult.js\n'}
[1.019936] (mobile_sensor) StdoutLine: {'line': b'-- Installing: /home/ogan/ME461F25_LittleDaisies/project/ros_ws/install/mobile_sensor/share/mobile_sensor//node_modules/rclnodejs/generated/control_msgs/control_msgs__action__SingleJointPosition.js\n'}
[1.020043] (mobile_sensor) StdoutLine: {'line': b'-- Installing: /home/ogan/ME461F25_LittleDaisies/project/ros_ws/install/mobile_sensor/share/mobile_sensor//node_modules/rclnodejs/generated/control_msgs/control_msgs__msg__GripperCommand.js\n'}
[1.020204] (mobile_sensor) StdoutLine: {'line': b'-- Installing: /home/ogan/ME461F25_LittleDaisies/project/ros_ws/install/mobile_sensor/share/mobile_sensor//node_modules/rclnodejs/generated/control_msgs/control_msgs__action__FollowJointTrajectory_Goal.js\n'}
[1.020370] (mobile_sensor) StdoutLine: {'line': b'-- Installing: /home/ogan/ME461F25_LittleDaisies/project/ros_ws/install/mobile_sensor/share/mobile_sensor//node_modules/rclnodejs/generated/control_msgs/control_msgs__action__GripperCommand_Goal.js\n'}
[1.020485] (mobile_sensor) StdoutLine: {'line': b'-- Installing: /home/ogan/ME461F25_LittleDaisies/project/ros_ws/install/mobile_sensor/share/mobile_sensor//node_modules/rclnodejs/generated/control_msgs/control_msgs__msg__PidState.js\n'}
[1.020609] (mobile_sensor) StdoutLine: {'line': b'-- Installing: /home/ogan/ME461F25_LittleDaisies/project/ros_ws/install/mobile_sensor/share/mobile_sensor//node_modules/rclnodejs/generated/control_msgs/control_msgs__action__FollowJointTrajectory_SendGoal.js\n'}
[1.020724] (mobile_sensor) StdoutLine: {'line': b'-- Installing: /home/ogan/ME461F25_LittleDaisies/project/ros_ws/install/mobile_sensor/share/mobile_sensor//node_modules/rclnodejs/generated/control_msgs/control_msgs__action__JointTrajectory_SendGoal_Request.js\n'}
[1.020851] (mobile_sensor) StdoutLine: {'line': b'-- Installing: /home/ogan/ME461F25_LittleDaisies/project/ros_ws/install/mobile_sensor/share/mobile_sensor//node_modules/rclnodejs/generated/control_msgs/control_msgs__action__SingleJointPosition_SendGoal.js\n'}
[1.020962] (mobile_sensor) StdoutLine: {'line': b'-- Installing: /home/ogan/ME461F25_LittleDaisies/project/ros_ws/install/mobile_sensor/share/mobile_sensor//node_modules/rclnodejs/generated/control_msgs/control_msgs__msg__InterfaceValue.js\n'}
[1.021077] (mobile_sensor) StdoutLine: {'line': b'-- Installing: /home/ogan/ME461F25_LittleDaisies/project/ros_ws/install/mobile_sensor/share/mobile_sensor//node_modules/rclnodejs/generated/control_msgs/control_msgs__msg__JointControllerState.js\n'}
[1.021207] (mobile_sensor) StdoutLine: {'line': b'-- Installing: /home/ogan/ME461F25_LittleDaisies/project/ros_ws/install/mobile_sensor/share/mobile_sensor//node_modules/rclnodejs/generated/control_msgs/control_msgs__action__ParallelGripperCommand_FeedbackMessage.js\n'}
[1.021320] (mobile_sensor) StdoutLine: {'line': b'-- Installing: /home/ogan/ME461F25_LittleDaisies/project/ros_ws/install/mobile_sensor/share/mobile_sensor//node_modules/rclnodejs/generated/control_msgs/control_msgs__msg__SingleDOFState.js\n'}
[1.021434] (mobile_sensor) StdoutLine: {'line': b'-- Installing: /home/ogan/ME461F25_LittleDaisies/project/ros_ws/install/mobile_sensor/share/mobile_sensor//node_modules/rclnodejs/generated/control_msgs/control_msgs__action__SingleJointPosition_GetResult.js\n'}
[1.021544] (mobile_sensor) StdoutLine: {'line': b'-- Installing: /home/ogan/ME461F25_LittleDaisies/project/ros_ws/install/mobile_sensor/share/mobile_sensor//node_modules/rclnodejs/generated/control_msgs/control_msgs__action__SingleJointPosition_GetResult_Request.js\n'}
[1.021659] (mobile_sensor) StdoutLine: {'line': b'-- Installing: /home/ogan/ME461F25_LittleDaisies/project/ros_ws/install/mobile_sensor/share/mobile_sensor//node_modules/rclnodejs/generated/control_msgs/control_msgs__action__JointTrajectory_GetResult_Response.js\n'}
[1.021773] (mobile_sensor) StdoutLine: {'line': b'-- Installing: /home/ogan/ME461F25_LittleDaisies/project/ros_ws/install/mobile_sensor/share/mobile_sensor//node_modules/rclnodejs/generated/control_msgs/control_msgs__action__GripperCommand_Result.js\n'}
[1.021893] (mobile_sensor) StdoutLine: {'line': b'-- Installing: /home/ogan/ME461F25_LittleDaisies/project/ros_ws/install/mobile_sensor/share/mobile_sensor//node_modules/rclnodejs/generated/control_msgs/control_msgs__msg__MecanumDriveControllerState.js\n'}
[1.022013] (mobile_sensor) StdoutLine: {'line': b'-- Installing: /home/ogan/ME461F25_LittleDaisies/project/ros_ws/install/mobile_sensor/share/mobile_sensor//node_modules/rclnodejs/generated/control_msgs/control_msgs__action__SingleJointPosition_SendGoal_Response.js\n'}
[1.022131] (mobile_sensor) StdoutLine: {'line': b'-- Installing: /home/ogan/ME461F25_LittleDaisies/project/ros_ws/install/mobile_sensor/share/mobile_sensor//node_modules/rclnodejs/generated/control_msgs/control_msgs__action__JointTrajectory_Result.js\n'}
[1.022250] (mobile_sensor) StdoutLine: {'line': b'-- Installing: /home/ogan/ME461F25_LittleDaisies/project/ros_ws/install/mobile_sensor/share/mobile_sensor//node_modules/rclnodejs/generated/control_msgs/control_msgs__action__JointTrajectory_SendGoal_Response.js\n'}
[1.022364] (mobile_sensor) StdoutLine: {'line': b'-- Installing: /home/ogan/ME461F25_LittleDaisies/project/ros_ws/install/mobile_sensor/share/mobile_sensor//node_modules/rclnodejs/generated/control_msgs/control_msgs__msg__MultiDOFStateStamped.js\n'}
[1.022480] (mobile_sensor) StdoutLine: {'line': b'-- Installing: /home/ogan/ME461F25_LittleDaisies/project/ros_ws/install/mobile_sensor/share/mobile_sensor//node_modules/rclnodejs/generated/control_msgs/control_msgs__action__FollowJointTrajectory_GetResult_Request.js\n'}
[1.022596] (mobile_sensor) StdoutLine: {'line': b'-- Installing: /home/ogan/ME461F25_LittleDaisies/project/ros_ws/install/mobile_sensor/share/mobile_sensor//node_modules/rclnodejs/generated/control_msgs/control_msgs__action__ParallelGripperCommand_GetResult_Request.js\n'}
[1.022714] (mobile_sensor) StdoutLine: {'line': b'-- Installing: /home/ogan/ME461F25_LittleDaisies/project/ros_ws/install/mobile_sensor/share/mobile_sensor//node_modules/rclnodejs/generated/control_msgs/control_msgs__action__JointTrajectory_Goal.js\n'}
[1.022871] (mobile_sensor) StdoutLine: {'line': b'-- Installing: /home/ogan/ME461F25_LittleDaisies/project/ros_ws/install/mobile_sensor/share/mobile_sensor//node_modules/rclnodejs/generated/control_msgs/control_msgs__action__PointHead.js\n'}
[1.022981] (mobile_sensor) StdoutLine: {'line': b'-- Installing: /home/ogan/ME461F25_LittleDaisies/project/ros_ws/install/mobile_sensor/share/mobile_sensor//node_modules/rclnodejs/generated/control_msgs/control_msgs__action__FollowJointTrajectory_Feedback.js\n'}
[1.023102] (mobile_sensor) StdoutLine: {'line': b'-- Installing: /home/ogan/ME461F25_LittleDaisies/project/ros_ws/install/mobile_sensor/share/mobile_sensor//node_modules/rclnodejs/generated/control_msgs/control_msgs__action__PointHead_SendGoal.js\n'}
[1.023246] (mobile_sensor) StdoutLine: {'line': b'-- Installing: /home/ogan/ME461F25_LittleDaisies/project/ros_ws/install/mobile_sensor/share/mobile_sensor//node_modules/rclnodejs/generated/control_msgs/control_msgs__action__SingleJointPosition_Result.js\n'}
[1.023368] (mobile_sensor) StdoutLine: {'line': b'-- Installing: /home/ogan/ME461F25_LittleDaisies/project/ros_ws/install/mobile_sensor/share/mobile_sensor//node_modules/rclnodejs/generated/control_msgs/control_msgs__action__PointHead_Result.js\n'}
[1.023496] (mobile_sensor) StdoutLine: {'line': b'-- Installing: /home/ogan/ME461F25_LittleDaisies/project/ros_ws/install/mobile_sensor/share/mobile_sensor//node_modules/rclnodejs/generated/control_msgs/control_msgs__msg__JointJog.js\n'}
[1.023620] (mobile_sensor) StdoutLine: {'line': b'-- Installing: /home/ogan/ME461F25_LittleDaisies/project/ros_ws/install/mobile_sensor/share/mobile_sensor//node_modules/rclnodejs/generated/control_msgs/control_msgs__srv__QueryCalibrationState.js\n'}
[1.023729] (mobile_sensor) StdoutLine: {'line': b'-- Installing: /home/ogan/ME461F25_LittleDaisies/project/ros_ws/install/mobile_sensor/share/mobile_sensor//node_modules/rclnodejs/generated/control_msgs/control_msgs__action__JointTrajectory_GetResult_Request.js\n'}
[1.023846] (mobile_sensor) StdoutLine: {'line': b'-- Installing: /home/ogan/ME461F25_LittleDaisies/project/ros_ws/install/mobile_sensor/share/mobile_sensor//node_modules/rclnodejs/generated/control_msgs/control_msgs__action__PointHead_GetResult_Response.js\n'}
[1.023966] (mobile_sensor) StdoutLine: {'line': b'-- Installing: /home/ogan/ME461F25_LittleDaisies/project/ros_ws/install/mobile_sensor/share/mobile_sensor//node_modules/rclnodejs/generated/control_msgs/control_msgs__action__ParallelGripperCommand_GetResult_Response.js\n'}
[1.024088] (mobile_sensor) StdoutLine: {'line': b'-- Installing: /home/ogan/ME461F25_LittleDaisies/project/ros_ws/install/mobile_sensor/share/mobile_sensor//node_modules/rclnodejs/generated/control_msgs/control_msgs__msg__MultiDOFCommand.js\n'}
[1.024222] (mobile_sensor) StdoutLine: {'line': b'-- Installing: /home/ogan/ME461F25_LittleDaisies/project/ros_ws/install/mobile_sensor/share/mobile_sensor//node_modules/rclnodejs/generated/control_msgs/control_msgs__srv__QueryCalibrationState_Response.js\n'}
[1.024338] (mobile_sensor) StdoutLine: {'line': b'-- Installing: /home/ogan/ME461F25_LittleDaisies/project/ros_ws/install/mobile_sensor/share/mobile_sensor//node_modules/rclnodejs/generated/control_msgs/control_msgs__action__SingleJointPosition_FeedbackMessage.js\n'}
[1.024452] (mobile_sensor) StdoutLine: {'line': b'-- Installing: /home/ogan/ME461F25_LittleDaisies/project/ros_ws/install/mobile_sensor/share/mobile_sensor//node_modules/rclnodejs/generated/control_msgs/control_msgs__msg__SteeringControllerStatus.js\n'}
[1.024597] (mobile_sensor) StdoutLine: {'line': b'-- Installing: /home/ogan/ME461F25_LittleDaisies/project/ros_ws/install/mobile_sensor/share/mobile_sensor//node_modules/rclnodejs/generated/control_msgs/control_msgs__action__FollowJointTrajectory_Result.js\n'}
[1.024711] (mobile_sensor) StdoutLine: {'line': b'-- Installing: /home/ogan/ME461F25_LittleDaisies/project/ros_ws/install/mobile_sensor/share/mobile_sensor//node_modules/rclnodejs/generated/control_msgs/control_msgs__action__PointHead_FeedbackMessage.js\n'}
[1.024829] (mobile_sensor) StdoutLine: {'line': b'-- Installing: /home/ogan/ME461F25_LittleDaisies/project/ros_ws/install/mobile_sensor/share/mobile_sensor//node_modules/rclnodejs/generated/control_msgs/control_msgs__action__GripperCommand_SendGoal_Request.js\n'}
[1.024942] (mobile_sensor) StdoutLine: {'line': b'-- Installing: /home/ogan/ME461F25_LittleDaisies/project/ros_ws/install/mobile_sensor/share/mobile_sensor//node_modules/rclnodejs/generated/control_msgs/control_msgs__action__ParallelGripperCommand.js\n'}
[1.025054] (mobile_sensor) StdoutLine: {'line': b'-- Installing: /home/ogan/ME461F25_LittleDaisies/project/ros_ws/install/mobile_sensor/share/mobile_sensor//node_modules/rclnodejs/generated/control_msgs/control_msgs__action__JointTrajectory_GetResult.js\n'}
[1.025198] (mobile_sensor) StdoutLine: {'line': b'-- Installing: /home/ogan/ME461F25_LittleDaisies/project/ros_ws/install/mobile_sensor/share/mobile_sensor//node_modules/rclnodejs/generated/control_msgs/control_msgs__action__JointTrajectory_SendGoal.js\n'}
[1.025381] (mobile_sensor) StdoutLine: {'line': b'-- Installing: /home/ogan/ME461F25_LittleDaisies/project/ros_ws/install/mobile_sensor/share/mobile_sensor//node_modules/rclnodejs/generated/control_msgs/control_msgs__msg__JointTrajectoryControllerState.js\n'}
[1.025574] (mobile_sensor) StdoutLine: {'line': b'-- Installing: /home/ogan/ME461F25_LittleDaisies/project/ros_ws/install/mobile_sensor/share/mobile_sensor//node_modules/rclnodejs/generated/builtin_interfaces\n'}
[1.025695] (mobile_sensor) StdoutLine: {'line': b'-- Installing: /home/ogan/ME461F25_LittleDaisies/project/ros_ws/install/mobile_sensor/share/mobile_sensor//node_modules/rclnodejs/generated/builtin_interfaces/builtin_interfaces__msg__Time.js\n'}
[1.025850] (mobile_sensor) StdoutLine: {'line': b'-- Installing: /home/ogan/ME461F25_LittleDaisies/project/ros_ws/install/mobile_sensor/share/mobile_sensor//node_modules/rclnodejs/generated/builtin_interfaces/builtin_interfaces__msg__Duration.js\n'}
[1.025998] (mobile_sensor) StdoutLine: {'line': b'-- Installing: /home/ogan/ME461F25_LittleDaisies/project/ros_ws/install/mobile_sensor/share/mobile_sensor//node_modules/rclnodejs/generated/statistics_msgs\n'}
[1.026096] (mobile_sensor) StdoutLine: {'line': b'-- Installing: /home/ogan/ME461F25_LittleDaisies/project/ros_ws/install/mobile_sensor/share/mobile_sensor//node_modules/rclnodejs/generated/statistics_msgs/statistics_msgs__msg__StatisticDataType.js\n'}
[1.026232] (mobile_sensor) StdoutLine: {'line': b'-- Installing: /home/ogan/ME461F25_LittleDaisies/project/ros_ws/install/mobile_sensor/share/mobile_sensor//node_modules/rclnodejs/generated/statistics_msgs/statistics_msgs__msg__MetricsMessage.js\n'}
[1.026346] (mobile_sensor) StdoutLine: {'line': b'-- Installing: /home/ogan/ME461F25_LittleDaisies/project/ros_ws/install/mobile_sensor/share/mobile_sensor//node_modules/rclnodejs/generated/statistics_msgs/statistics_msgs__msg__StatisticDataPoint.js\n'}
[1.026451] (mobile_sensor) StdoutLine: {'line': b'-- Installing: /home/ogan/ME461F25_LittleDaisies/project/ros_ws/install/mobile_sensor/share/mobile_sensor//node_modules/rclnodejs/generated/stereo_msgs\n'}
[1.026530] (mobile_sensor) StdoutLine: {'line': b'-- Installing: /home/ogan/ME461F25_LittleDaisies/project/ros_ws/install/mobile_sensor/share/mobile_sensor//node_modules/rclnodejs/generated/stereo_msgs/stereo_msgs__msg__DisparityImage.js\n'}
[1.026640] (mobile_sensor) StdoutLine: {'line': b'-- Installing: /home/ogan/ME461F25_LittleDaisies/project/ros_ws/install/mobile_sensor/share/mobile_sensor//node_modules/rclnodejs/generated/gps_msgs\n'}
[1.026716] (mobile_sensor) StdoutLine: {'line': b'-- Installing: /home/ogan/ME461F25_LittleDaisies/project/ros_ws/install/mobile_sensor/share/mobile_sensor//node_modules/rclnodejs/generated/gps_msgs/gps_msgs__msg__GPSStatus.js\n'}
[1.026838] (mobile_sensor) StdoutLine: {'line': b'-- Installing: /home/ogan/ME461F25_LittleDaisies/project/ros_ws/install/mobile_sensor/share/mobile_sensor//node_modules/rclnodejs/generated/gps_msgs/gps_msgs__msg__GPSFix.js\n'}
[1.026972] (mobile_sensor) StdoutLine: {'line': b'-- Installing: /home/ogan/ME461F25_LittleDaisies/project/ros_ws/install/mobile_sensor/share/mobile_sensor//node_modules/rclnodejs/generated/action_msgs\n'}
[1.027049] (mobile_sensor) StdoutLine: {'line': b'-- Installing: /home/ogan/ME461F25_LittleDaisies/project/ros_ws/install/mobile_sensor/share/mobile_sensor//node_modules/rclnodejs/generated/action_msgs/action_msgs__msg__GoalStatus.js\n'}
[1.027175] (mobile_sensor) StdoutLine: {'line': b'-- Installing: /home/ogan/ME461F25_LittleDaisies/project/ros_ws/install/mobile_sensor/share/mobile_sensor//node_modules/rclnodejs/generated/action_msgs/action_msgs__msg__GoalStatusArray.js\n'}
[1.027298] (mobile_sensor) StdoutLine: {'line': b'-- Installing: /home/ogan/ME461F25_LittleDaisies/project/ros_ws/install/mobile_sensor/share/mobile_sensor//node_modules/rclnodejs/generated/action_msgs/action_msgs__msg__GoalInfo.js\n'}
[1.027402] (mobile_sensor) StdoutLine: {'line': b'-- Installing: /home/ogan/ME461F25_LittleDaisies/project/ros_ws/install/mobile_sensor/share/mobile_sensor//node_modules/rclnodejs/generated/action_msgs/action_msgs__srv__CancelGoal_Response.js\n'}
[1.027516] (mobile_sensor) StdoutLine: {'line': b'-- Installing: /home/ogan/ME461F25_LittleDaisies/project/ros_ws/install/mobile_sensor/share/mobile_sensor//node_modules/rclnodejs/generated/action_msgs/action_msgs__srv__CancelGoal.js\n'}
[1.027624] (mobile_sensor) StdoutLine: {'line': b'-- Installing: /home/ogan/ME461F25_LittleDaisies/project/ros_ws/install/mobile_sensor/share/mobile_sensor//node_modules/rclnodejs/generated/action_msgs/action_msgs__srv__CancelGoal_Request.js\n'}
[1.027735] (mobile_sensor) StdoutLine: {'line': b'-- Installing: /home/ogan/ME461F25_LittleDaisies/project/ros_ws/install/mobile_sensor/share/mobile_sensor//node_modules/rclnodejs/generated/rmw_dds_common\n'}
[1.027819] (mobile_sensor) StdoutLine: {'line': b'-- Installing: /home/ogan/ME461F25_LittleDaisies/project/ros_ws/install/mobile_sensor/share/mobile_sensor//node_modules/rclnodejs/generated/rmw_dds_common/rmw_dds_common__msg__Gid.js\n'}
[1.027934] (mobile_sensor) StdoutLine: {'line': b'-- Installing: /home/ogan/ME461F25_LittleDaisies/project/ros_ws/install/mobile_sensor/share/mobile_sensor//node_modules/rclnodejs/generated/rmw_dds_common/rmw_dds_common__msg__NodeEntitiesInfo.js\n'}
[1.028105] (mobile_sensor) StdoutLine: {'line': b'-- Installing: /home/ogan/ME461F25_LittleDaisies/project/ros_ws/install/mobile_sensor/share/mobile_sensor//node_modules/rclnodejs/generated/rmw_dds_common/rmw_dds_common__msg__ParticipantEntitiesInfo.js\n'}
[1.028213] (mobile_sensor) StdoutLine: {'line': b'-- Installing: /home/ogan/ME461F25_LittleDaisies/project/ros_ws/install/mobile_sensor/share/mobile_sensor//node_modules/rclnodejs/generated/srv_msg\n'}
[1.028293] (mobile_sensor) StdoutLine: {'line': b'-- Installing: /home/ogan/ME461F25_LittleDaisies/project/ros_ws/install/mobile_sensor/share/mobile_sensor//node_modules/rclnodejs/generated/rcl_interfaces\n'}
[1.028383] (mobile_sensor) StdoutLine: {'line': b'-- Installing: /home/ogan/ME461F25_LittleDaisies/project/ros_ws/install/mobile_sensor/share/mobile_sensor//node_modules/rclnodejs/generated/rcl_interfaces/rcl_interfaces__msg__IntegerRange.js\n'}
[1.028489] (mobile_sensor) StdoutLine: {'line': b'-- Installing: /home/ogan/ME461F25_LittleDaisies/project/ros_ws/install/mobile_sensor/share/mobile_sensor//node_modules/rclnodejs/generated/rcl_interfaces/rcl_interfaces__msg__SetParametersResult.js\n'}
[1.028606] (mobile_sensor) StdoutLine: {'line': b'-- Installing: /home/ogan/ME461F25_LittleDaisies/project/ros_ws/install/mobile_sensor/share/mobile_sensor//node_modules/rclnodejs/generated/rcl_interfaces/rcl_interfaces__msg__ParameterEvent.js\n'}
[1.028705] (mobile_sensor) StdoutLine: {'line': b'-- Installing: /home/ogan/ME461F25_LittleDaisies/project/ros_ws/install/mobile_sensor/share/mobile_sensor//node_modules/rclnodejs/generated/rcl_interfaces/rcl_interfaces__msg__Log.js\n'}
[1.028821] (mobile_sensor) StdoutLine: {'line': b'-- Installing: /home/ogan/ME461F25_LittleDaisies/project/ros_ws/install/mobile_sensor/share/mobile_sensor//node_modules/rclnodejs/generated/rcl_interfaces/rcl_interfaces__msg__ParameterDescriptor.js\n'}
[1.028936] (mobile_sensor) StdoutLine: {'line': b'-- Installing: /home/ogan/ME461F25_LittleDaisies/project/ros_ws/install/mobile_sensor/share/mobile_sensor//node_modules/rclnodejs/generated/rcl_interfaces/rcl_interfaces__srv__SetParameters_Response.js\n'}
[1.029039] (mobile_sensor) StdoutLine: {'line': b'-- Installing: /home/ogan/ME461F25_LittleDaisies/project/ros_ws/install/mobile_sensor/share/mobile_sensor//node_modules/rclnodejs/generated/rcl_interfaces/rcl_interfaces__srv__SetParametersAtomically_Response.js\n'}
[1.029149] (mobile_sensor) StdoutLine: {'line': b'-- Installing: /home/ogan/ME461F25_LittleDaisies/project/ros_ws/install/mobile_sensor/share/mobile_sensor//node_modules/rclnodejs/generated/rcl_interfaces/rcl_interfaces__srv__GetParameterTypes_Response.js\n'}
[1.029259] (mobile_sensor) StdoutLine: {'line': b'-- Installing: /home/ogan/ME461F25_LittleDaisies/project/ros_ws/install/mobile_sensor/share/mobile_sensor//node_modules/rclnodejs/generated/rcl_interfaces/rcl_interfaces__srv__ListParameters_Response.js\n'}
[1.029369] (mobile_sensor) StdoutLine: {'line': b'-- Installing: /home/ogan/ME461F25_LittleDaisies/project/ros_ws/install/mobile_sensor/share/mobile_sensor//node_modules/rclnodejs/generated/rcl_interfaces/rcl_interfaces__srv__GetParameterTypes_Request.js\n'}
[1.029489] (mobile_sensor) StdoutLine: {'line': b'-- Installing: /home/ogan/ME461F25_LittleDaisies/project/ros_ws/install/mobile_sensor/share/mobile_sensor//node_modules/rclnodejs/generated/rcl_interfaces/rcl_interfaces__msg__ParameterType.js\n'}
[1.029600] (mobile_sensor) StdoutLine: {'line': b'-- Installing: /home/ogan/ME461F25_LittleDaisies/project/ros_ws/install/mobile_sensor/share/mobile_sensor//node_modules/rclnodejs/generated/rcl_interfaces/rcl_interfaces__msg__ParameterValue.js\n'}
[1.029750] (mobile_sensor) StdoutLine: {'line': b'-- Installing: /home/ogan/ME461F25_LittleDaisies/project/ros_ws/install/mobile_sensor/share/mobile_sensor//node_modules/rclnodejs/generated/rcl_interfaces/rcl_interfaces__srv__GetParameters_Request.js\n'}
[1.029866] (mobile_sensor) StdoutLine: {'line': b'-- Installing: /home/ogan/ME461F25_LittleDaisies/project/ros_ws/install/mobile_sensor/share/mobile_sensor//node_modules/rclnodejs/generated/rcl_interfaces/rcl_interfaces__srv__GetParameterTypes.js\n'}
[1.029966] (mobile_sensor) StdoutLine: {'line': b'-- Installing: /home/ogan/ME461F25_LittleDaisies/project/ros_ws/install/mobile_sensor/share/mobile_sensor//node_modules/rclnodejs/generated/rcl_interfaces/rcl_interfaces__srv__DescribeParameters.js\n'}
[1.030063] (mobile_sensor) StdoutLine: {'line': b'-- Installing: /home/ogan/ME461F25_LittleDaisies/project/ros_ws/install/mobile_sensor/share/mobile_sensor//node_modules/rclnodejs/generated/rcl_interfaces/rcl_interfaces__msg__Parameter.js\n'}
[1.030181] (mobile_sensor) StdoutLine: {'line': b'-- Installing: /home/ogan/ME461F25_LittleDaisies/project/ros_ws/install/mobile_sensor/share/mobile_sensor//node_modules/rclnodejs/generated/rcl_interfaces/rcl_interfaces__srv__SetParameters_Request.js\n'}
[1.030306] (mobile_sensor) StdoutLine: {'line': b'-- Installing: /home/ogan/ME461F25_LittleDaisies/project/ros_ws/install/mobile_sensor/share/mobile_sensor//node_modules/rclnodejs/generated/rcl_interfaces/rcl_interfaces__srv__SetParametersAtomically_Request.js\n'}
[1.030416] (mobile_sensor) StdoutLine: {'line': b'-- Installing: /home/ogan/ME461F25_LittleDaisies/project/ros_ws/install/mobile_sensor/share/mobile_sensor//node_modules/rclnodejs/generated/rcl_interfaces/rcl_interfaces__msg__ListParametersResult.js\n'}
[1.030525] (mobile_sensor) StdoutLine: {'line': b'-- Installing: /home/ogan/ME461F25_LittleDaisies/project/ros_ws/install/mobile_sensor/share/mobile_sensor//node_modules/rclnodejs/generated/rcl_interfaces/rcl_interfaces__srv__SetParameters.js\n'}
[1.030637] (mobile_sensor) StdoutLine: {'line': b'-- Installing: /home/ogan/ME461F25_LittleDaisies/project/ros_ws/install/mobile_sensor/share/mobile_sensor//node_modules/rclnodejs/generated/rcl_interfaces/rcl_interfaces__srv__DescribeParameters_Request.js\n'}
[1.030749] (mobile_sensor) StdoutLine: {'line': b'-- Installing: /home/ogan/ME461F25_LittleDaisies/project/ros_ws/install/mobile_sensor/share/mobile_sensor//node_modules/rclnodejs/generated/rcl_interfaces/rcl_interfaces__srv__ListParameters_Request.js\n'}
[1.030859] (mobile_sensor) StdoutLine: {'line': b'-- Installing: /home/ogan/ME461F25_LittleDaisies/project/ros_ws/install/mobile_sensor/share/mobile_sensor//node_modules/rclnodejs/generated/rcl_interfaces/rcl_interfaces__msg__ParameterEventDescriptors.js\n'}
[1.030974] (mobile_sensor) StdoutLine: {'line': b'-- Installing: /home/ogan/ME461F25_LittleDaisies/project/ros_ws/install/mobile_sensor/share/mobile_sensor//node_modules/rclnodejs/generated/rcl_interfaces/rcl_interfaces__srv__DescribeParameters_Response.js\n'}
[1.031082] (mobile_sensor) StdoutLine: {'line': b'-- Installing: /home/ogan/ME461F25_LittleDaisies/project/ros_ws/install/mobile_sensor/share/mobile_sensor//node_modules/rclnodejs/generated/rcl_interfaces/rcl_interfaces__msg__FloatingPointRange.js\n'}
[1.031206] (mobile_sensor) StdoutLine: {'line': b'-- Installing: /home/ogan/ME461F25_LittleDaisies/project/ros_ws/install/mobile_sensor/share/mobile_sensor//node_modules/rclnodejs/generated/rcl_interfaces/rcl_interfaces__srv__GetParameters.js\n'}
[1.031313] (mobile_sensor) StdoutLine: {'line': b'-- Installing: /home/ogan/ME461F25_LittleDaisies/project/ros_ws/install/mobile_sensor/share/mobile_sensor//node_modules/rclnodejs/generated/rcl_interfaces/rcl_interfaces__srv__GetParameters_Response.js\n'}
[1.031423] (mobile_sensor) StdoutLine: {'line': b'-- Installing: /home/ogan/ME461F25_LittleDaisies/project/ros_ws/install/mobile_sensor/share/mobile_sensor//node_modules/rclnodejs/generated/rcl_interfaces/rcl_interfaces__srv__ListParameters.js\n'}
[1.031529] (mobile_sensor) StdoutLine: {'line': b'-- Installing: /home/ogan/ME461F25_LittleDaisies/project/ros_ws/install/mobile_sensor/share/mobile_sensor//node_modules/rclnodejs/generated/rcl_interfaces/rcl_interfaces__srv__SetParametersAtomically.js\n'}
[1.031631] (mobile_sensor) StdoutLine: {'line': b'-- Installing: /home/ogan/ME461F25_LittleDaisies/project/ros_ws/install/mobile_sensor/share/mobile_sensor//node_modules/rclnodejs/generated/unique_identifier_msgs\n'}
[1.031709] (mobile_sensor) StdoutLine: {'line': b'-- Installing: /home/ogan/ME461F25_LittleDaisies/project/ros_ws/install/mobile_sensor/share/mobile_sensor//node_modules/rclnodejs/generated/unique_identifier_msgs/unique_identifier_msgs__msg__UUID.js\n'}
[1.031817] (mobile_sensor) StdoutLine: {'line': b'-- Installing: /home/ogan/ME461F25_LittleDaisies/project/ros_ws/install/mobile_sensor/share/mobile_sensor//node_modules/rclnodejs/generated/shape_msgs\n'}
[1.031891] (mobile_sensor) StdoutLine: {'line': b'-- Installing: /home/ogan/ME461F25_LittleDaisies/project/ros_ws/install/mobile_sensor/share/mobile_sensor//node_modules/rclnodejs/generated/shape_msgs/shape_msgs__msg__SolidPrimitive.js\n'}
[1.032004] (mobile_sensor) StdoutLine: {'line': b'-- Installing: /home/ogan/ME461F25_LittleDaisies/project/ros_ws/install/mobile_sensor/share/mobile_sensor//node_modules/rclnodejs/generated/shape_msgs/shape_msgs__msg__Mesh.js\n'}
[1.032113] (mobile_sensor) StdoutLine: {'line': b'-- Installing: /home/ogan/ME461F25_LittleDaisies/project/ros_ws/install/mobile_sensor/share/mobile_sensor//node_modules/rclnodejs/generated/shape_msgs/shape_msgs__msg__MeshTriangle.js\n'}
[1.032228] (mobile_sensor) StdoutLine: {'line': b'-- Installing: /home/ogan/ME461F25_LittleDaisies/project/ros_ws/install/mobile_sensor/share/mobile_sensor//node_modules/rclnodejs/generated/shape_msgs/shape_msgs__msg__Plane.js\n'}
[1.032332] (mobile_sensor) StdoutLine: {'line': b'-- Installing: /home/ogan/ME461F25_LittleDaisies/project/ros_ws/install/mobile_sensor/share/mobile_sensor//node_modules/rclnodejs/generated/pendulum_msgs\n'}
[1.032408] (mobile_sensor) StdoutLine: {'line': b'-- Installing: /home/ogan/ME461F25_LittleDaisies/project/ros_ws/install/mobile_sensor/share/mobile_sensor//node_modules/rclnodejs/generated/pendulum_msgs/pendulum_msgs__msg__JointCommand.js\n'}
[1.032516] (mobile_sensor) StdoutLine: {'line': b'-- Installing: /home/ogan/ME461F25_LittleDaisies/project/ros_ws/install/mobile_sensor/share/mobile_sensor//node_modules/rclnodejs/generated/pendulum_msgs/pendulum_msgs__msg__JointState.js\n'}
[1.032624] (mobile_sensor) StdoutLine: {'line': b'-- Installing: /home/ogan/ME461F25_LittleDaisies/project/ros_ws/install/mobile_sensor/share/mobile_sensor//node_modules/rclnodejs/generated/pendulum_msgs/pendulum_msgs__msg__RttestResults.js\n'}
[1.032737] (mobile_sensor) StdoutLine: {'line': b'-- Installing: /home/ogan/ME461F25_LittleDaisies/project/ros_ws/install/mobile_sensor/share/mobile_sensor//node_modules/rclnodejs/generated/mocap4r2_control_msgs\n'}
[1.032812] (mobile_sensor) StdoutLine: {'line': b'-- Installing: /home/ogan/ME461F25_LittleDaisies/project/ros_ws/install/mobile_sensor/share/mobile_sensor//node_modules/rclnodejs/generated/mocap4r2_control_msgs/mocap4r2_control_msgs__msg__MocapInfo.js\n'}
[1.032922] (mobile_sensor) StdoutLine: {'line': b'-- Installing: /home/ogan/ME461F25_LittleDaisies/project/ros_ws/install/mobile_sensor/share/mobile_sensor//node_modules/rclnodejs/generated/mocap4r2_control_msgs/mocap4r2_control_msgs__msg__Control.js\n'}
[1.033028] (mobile_sensor) StdoutLine: {'line': b'-- Installing: /home/ogan/ME461F25_LittleDaisies/project/ros_ws/install/mobile_sensor/share/mobile_sensor//node_modules/rclnodejs/generated/turtlesim\n'}
[1.033115] (mobile_sensor) StdoutLine: {'line': b'-- Installing: /home/ogan/ME461F25_LittleDaisies/project/ros_ws/install/mobile_sensor/share/mobile_sensor//node_modules/rclnodejs/generated/turtlesim/turtlesim__srv__TeleportAbsolute_Response.js\n'}
[1.033233] (mobile_sensor) StdoutLine: {'line': b'-- Installing: /home/ogan/ME461F25_LittleDaisies/project/ros_ws/install/mobile_sensor/share/mobile_sensor//node_modules/rclnodejs/generated/turtlesim/turtlesim__srv__Kill_Response.js\n'}
[1.033360] (mobile_sensor) StdoutLine: {'line': b'-- Installing: /home/ogan/ME461F25_LittleDaisies/project/ros_ws/install/mobile_sensor/share/mobile_sensor//node_modules/rclnodejs/generated/turtlesim/turtlesim__srv__SetPen.js\n'}
[1.033475] (mobile_sensor) StdoutLine: {'line': b'-- Installing: /home/ogan/ME461F25_LittleDaisies/project/ros_ws/install/mobile_sensor/share/mobile_sensor//node_modules/rclnodejs/generated/turtlesim/turtlesim__msg__Pose.js\n'}
[1.033579] (mobile_sensor) StdoutLine: {'line': b'-- Installing: /home/ogan/ME461F25_LittleDaisies/project/ros_ws/install/mobile_sensor/share/mobile_sensor//node_modules/rclnodejs/generated/turtlesim/turtlesim__action__RotateAbsolute_Feedback.js\n'}
[1.033690] (mobile_sensor) StdoutLine: {'line': b'-- Installing: /home/ogan/ME461F25_LittleDaisies/project/ros_ws/install/mobile_sensor/share/mobile_sensor//node_modules/rclnodejs/generated/turtlesim/turtlesim__action__RotateAbsolute_SendGoal.js\n'}
[1.033787] (mobile_sensor) StdoutLine: {'line': b'-- Installing: /home/ogan/ME461F25_LittleDaisies/project/ros_ws/install/mobile_sensor/share/mobile_sensor//node_modules/rclnodejs/generated/turtlesim/turtlesim__srv__Kill.js\n'}
[1.033887] (mobile_sensor) StdoutLine: {'line': b'-- Installing: /home/ogan/ME461F25_LittleDaisies/project/ros_ws/install/mobile_sensor/share/mobile_sensor//node_modules/rclnodejs/generated/turtlesim/turtlesim__srv__SetPen_Request.js\n'}
[1.033990] (mobile_sensor) StdoutLine: {'line': b'-- Installing: /home/ogan/ME461F25_LittleDaisies/project/ros_ws/install/mobile_sensor/share/mobile_sensor//node_modules/rclnodejs/generated/turtlesim/turtlesim__srv__TeleportAbsolute_Request.js\n'}
[1.034091] (mobile_sensor) StdoutLine: {'line': b'-- Installing: /home/ogan/ME461F25_LittleDaisies/project/ros_ws/install/mobile_sensor/share/mobile_sensor//node_modules/rclnodejs/generated/turtlesim/turtlesim__action__RotateAbsolute_Result.js\n'}
[1.034218] (mobile_sensor) StdoutLine: {'line': b'-- Installing: /home/ogan/ME461F25_LittleDaisies/project/ros_ws/install/mobile_sensor/share/mobile_sensor//node_modules/rclnodejs/generated/turtlesim/turtlesim__srv__TeleportRelative.js\n'}
[1.034317] (mobile_sensor) StdoutLine: {'line': b'-- Installing: /home/ogan/ME461F25_LittleDaisies/project/ros_ws/install/mobile_sensor/share/mobile_sensor//node_modules/rclnodejs/generated/turtlesim/turtlesim__action__RotateAbsolute_FeedbackMessage.js\n'}
[1.034420] (mobile_sensor) StdoutLine: {'line': b'-- Installing: /home/ogan/ME461F25_LittleDaisies/project/ros_ws/install/mobile_sensor/share/mobile_sensor//node_modules/rclnodejs/generated/turtlesim/turtlesim__action__RotateAbsolute_GetResult_Request.js\n'}
[1.034524] (mobile_sensor) StdoutLine: {'line': b'-- Installing: /home/ogan/ME461F25_LittleDaisies/project/ros_ws/install/mobile_sensor/share/mobile_sensor//node_modules/rclnodejs/generated/turtlesim/turtlesim__srv__TeleportAbsolute.js\n'}
[1.034624] (mobile_sensor) StdoutLine: {'line': b'-- Installing: /home/ogan/ME461F25_LittleDaisies/project/ros_ws/install/mobile_sensor/share/mobile_sensor//node_modules/rclnodejs/generated/turtlesim/turtlesim__action__RotateAbsolute.js\n'}
[1.034723] (mobile_sensor) StdoutLine: {'line': b'-- Installing: /home/ogan/ME461F25_LittleDaisies/project/ros_ws/install/mobile_sensor/share/mobile_sensor//node_modules/rclnodejs/generated/turtlesim/turtlesim__action__RotateAbsolute_Goal.js\n'}
[1.034830] (mobile_sensor) StdoutLine: {'line': b'-- Installing: /home/ogan/ME461F25_LittleDaisies/project/ros_ws/install/mobile_sensor/share/mobile_sensor//node_modules/rclnodejs/generated/turtlesim/turtlesim__msg__Color.js\n'}
[1.034956] (mobile_sensor) StdoutLine: {'line': b'-- Installing: /home/ogan/ME461F25_LittleDaisies/project/ros_ws/install/mobile_sensor/share/mobile_sensor//node_modules/rclnodejs/generated/turtlesim/turtlesim__srv__Kill_Request.js\n'}
[1.035057] (mobile_sensor) StdoutLine: {'line': b'-- Installing: /home/ogan/ME461F25_LittleDaisies/project/ros_ws/install/mobile_sensor/share/mobile_sensor//node_modules/rclnodejs/generated/turtlesim/turtlesim__srv__TeleportRelative_Response.js\n'}
[1.035156] (mobile_sensor) StdoutLine: {'line': b'-- Installing: /home/ogan/ME461F25_LittleDaisies/project/ros_ws/install/mobile_sensor/share/mobile_sensor//node_modules/rclnodejs/generated/turtlesim/turtlesim__action__RotateAbsolute_GetResult.js\n'}
[1.035256] (mobile_sensor) StdoutLine: {'line': b'-- Installing: /home/ogan/ME461F25_LittleDaisies/project/ros_ws/install/mobile_sensor/share/mobile_sensor//node_modules/rclnodejs/generated/turtlesim/turtlesim__action__RotateAbsolute_GetResult_Response.js\n'}
[1.035361] (mobile_sensor) StdoutLine: {'line': b'-- Installing: /home/ogan/ME461F25_LittleDaisies/project/ros_ws/install/mobile_sensor/share/mobile_sensor//node_modules/rclnodejs/generated/turtlesim/turtlesim__srv__Spawn_Request.js\n'}
[1.035466] (mobile_sensor) StdoutLine: {'line': b'-- Installing: /home/ogan/ME461F25_LittleDaisies/project/ros_ws/install/mobile_sensor/share/mobile_sensor//node_modules/rclnodejs/generated/turtlesim/turtlesim__srv__TeleportRelative_Request.js\n'}
[1.035570] (mobile_sensor) StdoutLine: {'line': b'-- Installing: /home/ogan/ME461F25_LittleDaisies/project/ros_ws/install/mobile_sensor/share/mobile_sensor//node_modules/rclnodejs/generated/turtlesim/turtlesim__srv__Spawn.js\n'}
[1.035676] (mobile_sensor) StdoutLine: {'line': b'-- Installing: /home/ogan/ME461F25_LittleDaisies/project/ros_ws/install/mobile_sensor/share/mobile_sensor//node_modules/rclnodejs/generated/turtlesim/turtlesim__action__RotateAbsolute_SendGoal_Response.js\n'}
[1.035780] (mobile_sensor) StdoutLine: {'line': b'-- Installing: /home/ogan/ME461F25_LittleDaisies/project/ros_ws/install/mobile_sensor/share/mobile_sensor//node_modules/rclnodejs/generated/turtlesim/turtlesim__action__RotateAbsolute_SendGoal_Request.js\n'}
[1.035905] (mobile_sensor) StdoutLine: {'line': b'-- Installing: /home/ogan/ME461F25_LittleDaisies/project/ros_ws/install/mobile_sensor/share/mobile_sensor//node_modules/rclnodejs/generated/turtlesim/turtlesim__srv__SetPen_Response.js\n'}
[1.036003] (mobile_sensor) StdoutLine: {'line': b'-- Installing: /home/ogan/ME461F25_LittleDaisies/project/ros_ws/install/mobile_sensor/share/mobile_sensor//node_modules/rclnodejs/generated/turtlesim/turtlesim__srv__Spawn_Response.js\n'}
[1.036109] (mobile_sensor) StdoutLine: {'line': b'-- Installing: /home/ogan/ME461F25_LittleDaisies/project/ros_ws/install/mobile_sensor/share/mobile_sensor//node_modules/rclnodejs/generated/kobot_msgs\n'}
[1.036200] (mobile_sensor) StdoutLine: {'line': b'-- Installing: /home/ogan/ME461F25_LittleDaisies/project/ros_ws/install/mobile_sensor/share/mobile_sensor//node_modules/rclnodejs/generated/kobot_msgs/kobot_msgs__msg__PheromoneGrid.js\n'}
[1.036321] (mobile_sensor) StdoutLine: {'line': b'-- Installing: /home/ogan/ME461F25_LittleDaisies/project/ros_ws/install/mobile_sensor/share/mobile_sensor//node_modules/rclnodejs/generated/kobot_msgs/kobot_msgs__msg__ToF.js\n'}
[1.036434] (mobile_sensor) StdoutLine: {'line': b'-- Installing: /home/ogan/ME461F25_LittleDaisies/project/ros_ws/install/mobile_sensor/share/mobile_sensor//node_modules/rclnodejs/generated/kobot_msgs/kobot_msgs__msg__ToFArray.js\n'}
[1.036535] (mobile_sensor) StdoutLine: {'line': b'-- Installing: /home/ogan/ME461F25_LittleDaisies/project/ros_ws/install/mobile_sensor/share/mobile_sensor//node_modules/rclnodejs/generated/kobot_msgs/kobot_msgs__msg__LandmarkArray.js\n'}
[1.036650] (mobile_sensor) StdoutLine: {'line': b'-- Installing: /home/ogan/ME461F25_LittleDaisies/project/ros_ws/install/mobile_sensor/share/mobile_sensor//node_modules/rclnodejs/generated/kobot_msgs/kobot_msgs__msg__Landmark.js\n'}
[1.036761] (mobile_sensor) StdoutLine: {'line': b'-- Installing: /home/ogan/ME461F25_LittleDaisies/project/ros_ws/install/mobile_sensor/share/mobile_sensor//node_modules/rclnodejs/generated/kobot_msgs/kobot_msgs__msg__FloorSensor.js\n'}
[1.036874] (mobile_sensor) StdoutLine: {'line': b'-- Installing: /home/ogan/ME461F25_LittleDaisies/project/ros_ws/install/mobile_sensor/share/mobile_sensor//node_modules/rclnodejs/generated/kobot_msgs/kobot_msgs__msg__RangeBearingSensor.js\n'}
[1.037001] (mobile_sensor) StdoutLine: {'line': b'-- Installing: /home/ogan/ME461F25_LittleDaisies/project/ros_ws/install/mobile_sensor/share/mobile_sensor//node_modules/rclnodejs/generated/kobot_msgs/kobot_msgs__msg__LandmarkPose.js\n'}
[1.037138] (mobile_sensor) StdoutLine: {'line': b'-- Installing: /home/ogan/ME461F25_LittleDaisies/project/ros_ws/install/mobile_sensor/share/mobile_sensor//node_modules/rclnodejs/generated/kobot_msgs/kobot_msgs__msg__VirtualSensor.js\n'}
[1.037273] (mobile_sensor) StdoutLine: {'line': b'-- Installing: /home/ogan/ME461F25_LittleDaisies/project/ros_ws/install/mobile_sensor/share/mobile_sensor//node_modules/rclnodejs/generated/kobot_msgs/kobot_msgs__msg__RangeRobotDetector.js\n'}
[1.037385] (mobile_sensor) StdoutLine: {'line': b'-- Installing: /home/ogan/ME461F25_LittleDaisies/project/ros_ws/install/mobile_sensor/share/mobile_sensor//node_modules/rclnodejs/generated/kobot_msgs/kobot_msgs__msg__PheromoneSensor.js\n'}
[1.037495] (mobile_sensor) StdoutLine: {'line': b'-- Installing: /home/ogan/ME461F25_LittleDaisies/project/ros_ws/install/mobile_sensor/share/mobile_sensor//node_modules/rclnodejs/generated/logging_demo\n'}
[1.037575] (mobile_sensor) StdoutLine: {'line': b'-- Installing: /home/ogan/ME461F25_LittleDaisies/project/ros_ws/install/mobile_sensor/share/mobile_sensor//node_modules/rclnodejs/generated/logging_demo/logging_demo__srv__ConfigLogger_Response.js\n'}
[1.037686] (mobile_sensor) StdoutLine: {'line': b'-- Installing: /home/ogan/ME461F25_LittleDaisies/project/ros_ws/install/mobile_sensor/share/mobile_sensor//node_modules/rclnodejs/generated/logging_demo/logging_demo__srv__ConfigLogger_Request.js\n'}
[1.037793] (mobile_sensor) StdoutLine: {'line': b'-- Installing: /home/ogan/ME461F25_LittleDaisies/project/ros_ws/install/mobile_sensor/share/mobile_sensor//node_modules/rclnodejs/generated/logging_demo/logging_demo__srv__ConfigLogger.js\n'}
[1.037899] (mobile_sensor) StdoutLine: {'line': b'-- Installing: /home/ogan/ME461F25_LittleDaisies/project/ros_ws/install/mobile_sensor/share/mobile_sensor//node_modules/rclnodejs/generated/std_msgs\n'}
[1.037980] (mobile_sensor) StdoutLine: {'line': b'-- Installing: /home/ogan/ME461F25_LittleDaisies/project/ros_ws/install/mobile_sensor/share/mobile_sensor//node_modules/rclnodejs/generated/std_msgs/std_msgs__msg__Int64.js\n'}
[1.038091] (mobile_sensor) StdoutLine: {'line': b'-- Installing: /home/ogan/ME461F25_LittleDaisies/project/ros_ws/install/mobile_sensor/share/mobile_sensor//node_modules/rclnodejs/generated/std_msgs/std_msgs__msg__UInt32MultiArray.js\n'}
[1.038211] (mobile_sensor) StdoutLine: {'line': b'-- Installing: /home/ogan/ME461F25_LittleDaisies/project/ros_ws/install/mobile_sensor/share/mobile_sensor//node_modules/rclnodejs/generated/std_msgs/std_msgs__msg__Float64MultiArray.js\n'}
[1.038316] (mobile_sensor) StdoutLine: {'line': b'-- Installing: /home/ogan/ME461F25_LittleDaisies/project/ros_ws/install/mobile_sensor/share/mobile_sensor//node_modules/rclnodejs/generated/std_msgs/std_msgs__msg__Empty.js\n'}
[1.038425] (mobile_sensor) StdoutLine: {'line': b'-- Installing: /home/ogan/ME461F25_LittleDaisies/project/ros_ws/install/mobile_sensor/share/mobile_sensor//node_modules/rclnodejs/generated/std_msgs/std_msgs__msg__Bool.js\n'}
[1.038532] (mobile_sensor) StdoutLine: {'line': b'-- Installing: /home/ogan/ME461F25_LittleDaisies/project/ros_ws/install/mobile_sensor/share/mobile_sensor//node_modules/rclnodejs/generated/std_msgs/std_msgs__msg__Header.js\n'}
[1.038640] (mobile_sensor) StdoutLine: {'line': b'-- Installing: /home/ogan/ME461F25_LittleDaisies/project/ros_ws/install/mobile_sensor/share/mobile_sensor//node_modules/rclnodejs/generated/std_msgs/std_msgs__msg__ColorRGBA.js\n'}
[1.038750] (mobile_sensor) StdoutLine: {'line': b'-- Installing: /home/ogan/ME461F25_LittleDaisies/project/ros_ws/install/mobile_sensor/share/mobile_sensor//node_modules/rclnodejs/generated/std_msgs/std_msgs__msg__Int32MultiArray.js\n'}
[1.038863] (mobile_sensor) StdoutLine: {'line': b'-- Installing: /home/ogan/ME461F25_LittleDaisies/project/ros_ws/install/mobile_sensor/share/mobile_sensor//node_modules/rclnodejs/generated/std_msgs/std_msgs__msg__Float32MultiArray.js\n'}
[1.038971] (mobile_sensor) StdoutLine: {'line': b'-- Installing: /home/ogan/ME461F25_LittleDaisies/project/ros_ws/install/mobile_sensor/share/mobile_sensor//node_modules/rclnodejs/generated/std_msgs/std_msgs__msg__UInt64.js\n'}
[1.039081] (mobile_sensor) StdoutLine: {'line': b'-- Installing: /home/ogan/ME461F25_LittleDaisies/project/ros_ws/install/mobile_sensor/share/mobile_sensor//node_modules/rclnodejs/generated/std_msgs/std_msgs__msg__UInt8MultiArray.js\n'}
[1.039202] (mobile_sensor) StdoutLine: {'line': b'-- Installing: /home/ogan/ME461F25_LittleDaisies/project/ros_ws/install/mobile_sensor/share/mobile_sensor//node_modules/rclnodejs/generated/std_msgs/std_msgs__msg__UInt32.js\n'}
[1.039319] (mobile_sensor) StdoutLine: {'line': b'-- Installing: /home/ogan/ME461F25_LittleDaisies/project/ros_ws/install/mobile_sensor/share/mobile_sensor//node_modules/rclnodejs/generated/std_msgs/std_msgs__msg__Char.js\n'}
[1.039437] (mobile_sensor) StdoutLine: {'line': b'-- Installing: /home/ogan/ME461F25_LittleDaisies/project/ros_ws/install/mobile_sensor/share/mobile_sensor//node_modules/rclnodejs/generated/std_msgs/std_msgs__msg__Int16MultiArray.js\n'}
[1.039575] (mobile_sensor) StdoutLine: {'line': b'-- Installing: /home/ogan/ME461F25_LittleDaisies/project/ros_ws/install/mobile_sensor/share/mobile_sensor//node_modules/rclnodejs/generated/std_msgs/std_msgs__msg__Byte.js\n'}
[1.039691] (mobile_sensor) StdoutLine: {'line': b'-- Installing: /home/ogan/ME461F25_LittleDaisies/project/ros_ws/install/mobile_sensor/share/mobile_sensor//node_modules/rclnodejs/generated/std_msgs/std_msgs__msg__UInt16.js\n'}
[1.039805] (mobile_sensor) StdoutLine: {'line': b'-- Installing: /home/ogan/ME461F25_LittleDaisies/project/ros_ws/install/mobile_sensor/share/mobile_sensor//node_modules/rclnodejs/generated/std_msgs/std_msgs__msg__Float64.js\n'}
[1.039921] (mobile_sensor) StdoutLine: {'line': b'-- Installing: /home/ogan/ME461F25_LittleDaisies/project/ros_ws/install/mobile_sensor/share/mobile_sensor//node_modules/rclnodejs/generated/std_msgs/std_msgs__msg__UInt64MultiArray.js\n'}
[1.040034] (mobile_sensor) StdoutLine: {'line': b'-- Installing: /home/ogan/ME461F25_LittleDaisies/project/ros_ws/install/mobile_sensor/share/mobile_sensor//node_modules/rclnodejs/generated/std_msgs/std_msgs__msg__Int16.js\n'}
[1.040165] (mobile_sensor) StdoutLine: {'line': b'-- Installing: /home/ogan/ME461F25_LittleDaisies/project/ros_ws/install/mobile_sensor/share/mobile_sensor//node_modules/rclnodejs/generated/std_msgs/std_msgs__msg__UInt8.js\n'}
[1.040313] (mobile_sensor) StdoutLine: {'line': b'-- Installing: /home/ogan/ME461F25_LittleDaisies/project/ros_ws/install/mobile_sensor/share/mobile_sensor//node_modules/rclnodejs/generated/std_msgs/std_msgs__msg__Int32.js\n'}
[1.040436] (mobile_sensor) StdoutLine: {'line': b'-- Installing: /home/ogan/ME461F25_LittleDaisies/project/ros_ws/install/mobile_sensor/share/mobile_sensor//node_modules/rclnodejs/generated/std_msgs/std_msgs__msg__MultiArrayDimension.js\n'}
[1.040527] (mobile_sensor) StdoutLine: {'line': b'-- Installing: /home/ogan/ME461F25_LittleDaisies/project/ros_ws/install/mobile_sensor/share/mobile_sensor//node_modules/rclnodejs/generated/std_msgs/std_msgs__msg__MultiArrayLayout.js\n'}
[1.040633] (mobile_sensor) StdoutLine: {'line': b'-- Installing: /home/ogan/ME461F25_LittleDaisies/project/ros_ws/install/mobile_sensor/share/mobile_sensor//node_modules/rclnodejs/generated/std_msgs/std_msgs__msg__ByteMultiArray.js\n'}
[1.040739] (mobile_sensor) StdoutLine: {'line': b'-- Installing: /home/ogan/ME461F25_LittleDaisies/project/ros_ws/install/mobile_sensor/share/mobile_sensor//node_modules/rclnodejs/generated/std_msgs/std_msgs__msg__UInt16MultiArray.js\n'}
[1.040849] (mobile_sensor) StdoutLine: {'line': b'-- Installing: /home/ogan/ME461F25_LittleDaisies/project/ros_ws/install/mobile_sensor/share/mobile_sensor//node_modules/rclnodejs/generated/std_msgs/std_msgs__msg__Int64MultiArray.js\n'}
[1.040953] (mobile_sensor) StdoutLine: {'line': b'-- Installing: /home/ogan/ME461F25_LittleDaisies/project/ros_ws/install/mobile_sensor/share/mobile_sensor//node_modules/rclnodejs/generated/std_msgs/std_msgs__msg__Int8MultiArray.js\n'}
[1.041060] (mobile_sensor) StdoutLine: {'line': b'-- Installing: /home/ogan/ME461F25_LittleDaisies/project/ros_ws/install/mobile_sensor/share/mobile_sensor//node_modules/rclnodejs/generated/std_msgs/std_msgs__msg__Int8.js\n'}
[1.041179] (mobile_sensor) StdoutLine: {'line': b'-- Installing: /home/ogan/ME461F25_LittleDaisies/project/ros_ws/install/mobile_sensor/share/mobile_sensor//node_modules/rclnodejs/generated/std_msgs/std_msgs__msg__Float32.js\n'}
[1.041293] (mobile_sensor) StdoutLine: {'line': b'-- Installing: /home/ogan/ME461F25_LittleDaisies/project/ros_ws/install/mobile_sensor/share/mobile_sensor//node_modules/rclnodejs/generated/std_msgs/std_msgs__msg__String.js\n'}
[1.041395] (mobile_sensor) StdoutLine: {'line': b'-- Installing: /home/ogan/ME461F25_LittleDaisies/project/ros_ws/install/mobile_sensor/share/mobile_sensor//node_modules/rclnodejs/generated/controller_manager_msgs\n'}
[1.041508] (mobile_sensor) StdoutLine: {'line': b'-- Installing: /home/ogan/ME461F25_LittleDaisies/project/ros_ws/install/mobile_sensor/share/mobile_sensor//node_modules/rclnodejs/generated/controller_manager_msgs/controller_manager_msgs__msg__HardwareComponentState.js\n'}
[1.041616] (mobile_sensor) StdoutLine: {'line': b'-- Installing: /home/ogan/ME461F25_LittleDaisies/project/ros_ws/install/mobile_sensor/share/mobile_sensor//node_modules/rclnodejs/generated/controller_manager_msgs/controller_manager_msgs__msg__HardwareInterface.js\n'}
[1.041723] (mobile_sensor) StdoutLine: {'line': b'-- Installing: /home/ogan/ME461F25_LittleDaisies/project/ros_ws/install/mobile_sensor/share/mobile_sensor//node_modules/rclnodejs/generated/controller_manager_msgs/controller_manager_msgs__srv__ListControllers_Response.js\n'}
[1.041826] (mobile_sensor) StdoutLine: {'line': b'-- Installing: /home/ogan/ME461F25_LittleDaisies/project/ros_ws/install/mobile_sensor/share/mobile_sensor//node_modules/rclnodejs/generated/controller_manager_msgs/controller_manager_msgs__msg__ChainConnection.js\n'}
[1.041937] (mobile_sensor) StdoutLine: {'line': b'-- Installing: /home/ogan/ME461F25_LittleDaisies/project/ros_ws/install/mobile_sensor/share/mobile_sensor//node_modules/rclnodejs/generated/controller_manager_msgs/controller_manager_msgs__srv__ListControllerTypes_Response.js\n'}
[1.042043] (mobile_sensor) StdoutLine: {'line': b'-- Installing: /home/ogan/ME461F25_LittleDaisies/project/ros_ws/install/mobile_sensor/share/mobile_sensor//node_modules/rclnodejs/generated/controller_manager_msgs/controller_manager_msgs__srv__SwitchController_Response.js\n'}
[1.042178] (mobile_sensor) StdoutLine: {'line': b'-- Installing: /home/ogan/ME461F25_LittleDaisies/project/ros_ws/install/mobile_sensor/share/mobile_sensor//node_modules/rclnodejs/generated/controller_manager_msgs/controller_manager_msgs__srv__SwitchController.js\n'}
[1.042291] (mobile_sensor) StdoutLine: {'line': b'-- Installing: /home/ogan/ME461F25_LittleDaisies/project/ros_ws/install/mobile_sensor/share/mobile_sensor//node_modules/rclnodejs/generated/controller_manager_msgs/controller_manager_msgs__srv__SetHardwareComponentState_Response.js\n'}
[1.042397] (mobile_sensor) StdoutLine: {'line': b'-- Installing: /home/ogan/ME461F25_LittleDaisies/project/ros_ws/install/mobile_sensor/share/mobile_sensor//node_modules/rclnodejs/generated/controller_manager_msgs/controller_manager_msgs__srv__SwitchController_Request.js\n'}
[1.042516] (mobile_sensor) StdoutLine: {'line': b'-- Installing: /home/ogan/ME461F25_LittleDaisies/project/ros_ws/install/mobile_sensor/share/mobile_sensor//node_modules/rclnodejs/generated/controller_manager_msgs/controller_manager_msgs__srv__ConfigureController.js\n'}
[1.042634] (mobile_sensor) StdoutLine: {'line': b'-- Installing: /home/ogan/ME461F25_LittleDaisies/project/ros_ws/install/mobile_sensor/share/mobile_sensor//node_modules/rclnodejs/generated/controller_manager_msgs/controller_manager_msgs__srv__ListHardwareInterfaces.js\n'}
[1.042744] (mobile_sensor) StdoutLine: {'line': b'-- Installing: /home/ogan/ME461F25_LittleDaisies/project/ros_ws/install/mobile_sensor/share/mobile_sensor//node_modules/rclnodejs/generated/controller_manager_msgs/controller_manager_msgs__srv__LoadController_Response.js\n'}
[1.042848] (mobile_sensor) StdoutLine: {'line': b'-- Installing: /home/ogan/ME461F25_LittleDaisies/project/ros_ws/install/mobile_sensor/share/mobile_sensor//node_modules/rclnodejs/generated/controller_manager_msgs/controller_manager_msgs__srv__SetHardwareComponentState.js\n'}
[1.042951] (mobile_sensor) StdoutLine: {'line': b'-- Installing: /home/ogan/ME461F25_LittleDaisies/project/ros_ws/install/mobile_sensor/share/mobile_sensor//node_modules/rclnodejs/generated/controller_manager_msgs/controller_manager_msgs__srv__ListControllerTypes_Request.js\n'}
[1.043054] (mobile_sensor) StdoutLine: {'line': b'-- Installing: /home/ogan/ME461F25_LittleDaisies/project/ros_ws/install/mobile_sensor/share/mobile_sensor//node_modules/rclnodejs/generated/controller_manager_msgs/controller_manager_msgs__msg__ControllerState.js\n'}
[1.043176] (mobile_sensor) StdoutLine: {'line': b'-- Installing: /home/ogan/ME461F25_LittleDaisies/project/ros_ws/install/mobile_sensor/share/mobile_sensor//node_modules/rclnodejs/generated/controller_manager_msgs/controller_manager_msgs__srv__LoadController_Request.js\n'}
[1.043282] (mobile_sensor) StdoutLine: {'line': b'-- Installing: /home/ogan/ME461F25_LittleDaisies/project/ros_ws/install/mobile_sensor/share/mobile_sensor//node_modules/rclnodejs/generated/controller_manager_msgs/controller_manager_msgs__srv__ConfigureController_Response.js\n'}
[1.043406] (mobile_sensor) StdoutLine: {'line': b'-- Installing: /home/ogan/ME461F25_LittleDaisies/project/ros_ws/install/mobile_sensor/share/mobile_sensor//node_modules/rclnodejs/generated/controller_manager_msgs/controller_manager_msgs__srv__ListHardwareInterfaces_Response.js\n'}
[1.043535] (mobile_sensor) StdoutLine: {'line': b'-- Installing: /home/ogan/ME461F25_LittleDaisies/project/ros_ws/install/mobile_sensor/share/mobile_sensor//node_modules/rclnodejs/generated/controller_manager_msgs/controller_manager_msgs__srv__UnloadController.js\n'}
[1.043636] (mobile_sensor) StdoutLine: {'line': b'-- Installing: /home/ogan/ME461F25_LittleDaisies/project/ros_ws/install/mobile_sensor/share/mobile_sensor//node_modules/rclnodejs/generated/controller_manager_msgs/controller_manager_msgs__srv__ReloadControllerLibraries.js\n'}
[1.043738] (mobile_sensor) StdoutLine: {'line': b'-- Installing: /home/ogan/ME461F25_LittleDaisies/project/ros_ws/install/mobile_sensor/share/mobile_sensor//node_modules/rclnodejs/generated/controller_manager_msgs/controller_manager_msgs__srv__ListHardwareComponents.js\n'}
[1.043838] (mobile_sensor) StdoutLine: {'line': b'-- Installing: /home/ogan/ME461F25_LittleDaisies/project/ros_ws/install/mobile_sensor/share/mobile_sensor//node_modules/rclnodejs/generated/controller_manager_msgs/controller_manager_msgs__srv__ListHardwareComponents_Response.js\n'}
[1.043945] (mobile_sensor) StdoutLine: {'line': b'-- Installing: /home/ogan/ME461F25_LittleDaisies/project/ros_ws/install/mobile_sensor/share/mobile_sensor//node_modules/rclnodejs/generated/controller_manager_msgs/controller_manager_msgs__srv__UnloadController_Response.js\n'}
[1.044053] (mobile_sensor) StdoutLine: {'line': b'-- Installing: /home/ogan/ME461F25_LittleDaisies/project/ros_ws/install/mobile_sensor/share/mobile_sensor//node_modules/rclnodejs/generated/controller_manager_msgs/controller_manager_msgs__srv__ListHardwareInterfaces_Request.js\n'}
[1.044169] (mobile_sensor) StdoutLine: {'line': b'-- Installing: /home/ogan/ME461F25_LittleDaisies/project/ros_ws/install/mobile_sensor/share/mobile_sensor//node_modules/rclnodejs/generated/controller_manager_msgs/controller_manager_msgs__srv__ReloadControllerLibraries_Response.js\n'}
[1.044283] (mobile_sensor) StdoutLine: {'line': b'-- Installing: /home/ogan/ME461F25_LittleDaisies/project/ros_ws/install/mobile_sensor/share/mobile_sensor//node_modules/rclnodejs/generated/controller_manager_msgs/controller_manager_msgs__srv__UnloadController_Request.js\n'}
[1.044390] (mobile_sensor) StdoutLine: {'line': b'-- Installing: /home/ogan/ME461F25_LittleDaisies/project/ros_ws/install/mobile_sensor/share/mobile_sensor//node_modules/rclnodejs/generated/controller_manager_msgs/controller_manager_msgs__srv__ConfigureController_Request.js\n'}
[1.044526] (mobile_sensor) StdoutLine: {'line': b'-- Installing: /home/ogan/ME461F25_LittleDaisies/project/ros_ws/install/mobile_sensor/share/mobile_sensor//node_modules/rclnodejs/generated/controller_manager_msgs/controller_manager_msgs__srv__ListControllers.js\n'}
[1.044632] (mobile_sensor) StdoutLine: {'line': b'-- Installing: /home/ogan/ME461F25_LittleDaisies/project/ros_ws/install/mobile_sensor/share/mobile_sensor//node_modules/rclnodejs/generated/controller_manager_msgs/controller_manager_msgs__srv__LoadController.js\n'}
[1.044734] (mobile_sensor) StdoutLine: {'line': b'-- Installing: /home/ogan/ME461F25_LittleDaisies/project/ros_ws/install/mobile_sensor/share/mobile_sensor//node_modules/rclnodejs/generated/controller_manager_msgs/controller_manager_msgs__srv__ListControllerTypes.js\n'}
[1.044839] (mobile_sensor) StdoutLine: {'line': b'-- Installing: /home/ogan/ME461F25_LittleDaisies/project/ros_ws/install/mobile_sensor/share/mobile_sensor//node_modules/rclnodejs/generated/controller_manager_msgs/controller_manager_msgs__srv__ReloadControllerLibraries_Request.js\n'}
[1.044945] (mobile_sensor) StdoutLine: {'line': b'-- Installing: /home/ogan/ME461F25_LittleDaisies/project/ros_ws/install/mobile_sensor/share/mobile_sensor//node_modules/rclnodejs/generated/controller_manager_msgs/controller_manager_msgs__srv__ListControllers_Request.js\n'}
[1.045056] (mobile_sensor) StdoutLine: {'line': b'-- Installing: /home/ogan/ME461F25_LittleDaisies/project/ros_ws/install/mobile_sensor/share/mobile_sensor//node_modules/rclnodejs/generated/controller_manager_msgs/controller_manager_msgs__srv__SetHardwareComponentState_Request.js\n'}
[1.045170] (mobile_sensor) StdoutLine: {'line': b'-- Installing: /home/ogan/ME461F25_LittleDaisies/project/ros_ws/install/mobile_sensor/share/mobile_sensor//node_modules/rclnodejs/generated/controller_manager_msgs/controller_manager_msgs__srv__ListHardwareComponents_Request.js\n'}
[1.045276] (mobile_sensor) StdoutLine: {'line': b'-- Installing: /home/ogan/ME461F25_LittleDaisies/project/ros_ws/install/mobile_sensor/share/mobile_sensor//node_modules/rclnodejs/generated/trajectory_msgs\n'}
[1.045356] (mobile_sensor) StdoutLine: {'line': b'-- Installing: /home/ogan/ME461F25_LittleDaisies/project/ros_ws/install/mobile_sensor/share/mobile_sensor//node_modules/rclnodejs/generated/trajectory_msgs/trajectory_msgs__msg__MultiDOFJointTrajectoryPoint.js\n'}
[1.045466] (mobile_sensor) StdoutLine: {'line': b'-- Installing: /home/ogan/ME461F25_LittleDaisies/project/ros_ws/install/mobile_sensor/share/mobile_sensor//node_modules/rclnodejs/generated/trajectory_msgs/trajectory_msgs__msg__JointTrajectory.js\n'}
[1.045575] (mobile_sensor) StdoutLine: {'line': b'-- Installing: /home/ogan/ME461F25_LittleDaisies/project/ros_ws/install/mobile_sensor/share/mobile_sensor//node_modules/rclnodejs/generated/trajectory_msgs/trajectory_msgs__msg__MultiDOFJointTrajectory.js\n'}
[1.045684] (mobile_sensor) StdoutLine: {'line': b'-- Installing: /home/ogan/ME461F25_LittleDaisies/project/ros_ws/install/mobile_sensor/share/mobile_sensor//node_modules/rclnodejs/generated/trajectory_msgs/trajectory_msgs__msg__JointTrajectoryPoint.js\n'}
[1.045795] (mobile_sensor) StdoutLine: {'line': b'-- Installing: /home/ogan/ME461F25_LittleDaisies/project/ros_ws/install/mobile_sensor/share/mobile_sensor//node_modules/rclnodejs/generated/tf2_msgs\n'}
[1.045874] (mobile_sensor) StdoutLine: {'line': b'-- Installing: /home/ogan/ME461F25_LittleDaisies/project/ros_ws/install/mobile_sensor/share/mobile_sensor//node_modules/rclnodejs/generated/tf2_msgs/tf2_msgs__action__LookupTransform_FeedbackMessage.js\n'}
[1.045980] (mobile_sensor) StdoutLine: {'line': b'-- Installing: /home/ogan/ME461F25_LittleDaisies/project/ros_ws/install/mobile_sensor/share/mobile_sensor//node_modules/rclnodejs/generated/tf2_msgs/tf2_msgs__action__LookupTransform_GetResult_Request.js\n'}
[1.046083] (mobile_sensor) StdoutLine: {'line': b'-- Installing: /home/ogan/ME461F25_LittleDaisies/project/ros_ws/install/mobile_sensor/share/mobile_sensor//node_modules/rclnodejs/generated/tf2_msgs/tf2_msgs__action__LookupTransform_SendGoal_Response.js\n'}
[1.046194] (mobile_sensor) StdoutLine: {'line': b'-- Installing: /home/ogan/ME461F25_LittleDaisies/project/ros_ws/install/mobile_sensor/share/mobile_sensor//node_modules/rclnodejs/generated/tf2_msgs/tf2_msgs__action__LookupTransform_SendGoal.js\n'}
[1.046295] (mobile_sensor) StdoutLine: {'line': b'-- Installing: /home/ogan/ME461F25_LittleDaisies/project/ros_ws/install/mobile_sensor/share/mobile_sensor//node_modules/rclnodejs/generated/tf2_msgs/tf2_msgs__action__LookupTransform.js\n'}
[1.046394] (mobile_sensor) StdoutLine: {'line': b'-- Installing: /home/ogan/ME461F25_LittleDaisies/project/ros_ws/install/mobile_sensor/share/mobile_sensor//node_modules/rclnodejs/generated/tf2_msgs/tf2_msgs__msg__TF2Error.js\n'}
[1.046495] (mobile_sensor) StdoutLine: {'line': b'-- Installing: /home/ogan/ME461F25_LittleDaisies/project/ros_ws/install/mobile_sensor/share/mobile_sensor//node_modules/rclnodejs/generated/tf2_msgs/tf2_msgs__msg__TFMessage.js\n'}
[1.046599] (mobile_sensor) StdoutLine: {'line': b'-- Installing: /home/ogan/ME461F25_LittleDaisies/project/ros_ws/install/mobile_sensor/share/mobile_sensor//node_modules/rclnodejs/generated/tf2_msgs/tf2_msgs__srv__FrameGraph_Request.js\n'}
[1.046706] (mobile_sensor) StdoutLine: {'line': b'-- Installing: /home/ogan/ME461F25_LittleDaisies/project/ros_ws/install/mobile_sensor/share/mobile_sensor//node_modules/rclnodejs/generated/tf2_msgs/tf2_msgs__action__LookupTransform_GetResult.js\n'}
[1.046808] (mobile_sensor) StdoutLine: {'line': b'-- Installing: /home/ogan/ME461F25_LittleDaisies/project/ros_ws/install/mobile_sensor/share/mobile_sensor//node_modules/rclnodejs/generated/tf2_msgs/tf2_msgs__action__LookupTransform_Result.js\n'}
[1.046913] (mobile_sensor) StdoutLine: {'line': b'-- Installing: /home/ogan/ME461F25_LittleDaisies/project/ros_ws/install/mobile_sensor/share/mobile_sensor//node_modules/rclnodejs/generated/tf2_msgs/tf2_msgs__srv__FrameGraph.js\n'}
[1.047012] (mobile_sensor) StdoutLine: {'line': b'-- Installing: /home/ogan/ME461F25_LittleDaisies/project/ros_ws/install/mobile_sensor/share/mobile_sensor//node_modules/rclnodejs/generated/tf2_msgs/tf2_msgs__action__LookupTransform_GetResult_Response.js\n'}
[1.047117] (mobile_sensor) StdoutLine: {'line': b'-- Installing: /home/ogan/ME461F25_LittleDaisies/project/ros_ws/install/mobile_sensor/share/mobile_sensor//node_modules/rclnodejs/generated/tf2_msgs/tf2_msgs__action__LookupTransform_Goal.js\n'}
[1.047240] (mobile_sensor) StdoutLine: {'line': b'-- Installing: /home/ogan/ME461F25_LittleDaisies/project/ros_ws/install/mobile_sensor/share/mobile_sensor//node_modules/rclnodejs/generated/tf2_msgs/tf2_msgs__action__LookupTransform_SendGoal_Request.js\n'}
[1.047347] (mobile_sensor) StdoutLine: {'line': b'-- Installing: /home/ogan/ME461F25_LittleDaisies/project/ros_ws/install/mobile_sensor/share/mobile_sensor//node_modules/rclnodejs/generated/tf2_msgs/tf2_msgs__srv__FrameGraph_Response.js\n'}
[1.047451] (mobile_sensor) StdoutLine: {'line': b'-- Installing: /home/ogan/ME461F25_LittleDaisies/project/ros_ws/install/mobile_sensor/share/mobile_sensor//node_modules/rclnodejs/generated/tf2_msgs/tf2_msgs__action__LookupTransform_Feedback.js\n'}
[1.047554] (mobile_sensor) StdoutLine: {'line': b'-- Installing: /home/ogan/ME461F25_LittleDaisies/project/ros_ws/install/mobile_sensor/share/mobile_sensor//node_modules/rclnodejs/generated/pcl_msgs\n'}
[1.047634] (mobile_sensor) StdoutLine: {'line': b'-- Installing: /home/ogan/ME461F25_LittleDaisies/project/ros_ws/install/mobile_sensor/share/mobile_sensor//node_modules/rclnodejs/generated/pcl_msgs/pcl_msgs__srv__UpdateFilename.js\n'}
[1.047736] (mobile_sensor) StdoutLine: {'line': b'-- Installing: /home/ogan/ME461F25_LittleDaisies/project/ros_ws/install/mobile_sensor/share/mobile_sensor//node_modules/rclnodejs/generated/pcl_msgs/pcl_msgs__srv__UpdateFilename_Request.js\n'}
[1.047838] (mobile_sensor) StdoutLine: {'line': b'-- Installing: /home/ogan/ME461F25_LittleDaisies/project/ros_ws/install/mobile_sensor/share/mobile_sensor//node_modules/rclnodejs/generated/pcl_msgs/pcl_msgs__msg__PointIndices.js\n'}
[1.047941] (mobile_sensor) StdoutLine: {'line': b'-- Installing: /home/ogan/ME461F25_LittleDaisies/project/ros_ws/install/mobile_sensor/share/mobile_sensor//node_modules/rclnodejs/generated/pcl_msgs/pcl_msgs__srv__UpdateFilename_Response.js\n'}
[1.048044] (mobile_sensor) StdoutLine: {'line': b'-- Installing: /home/ogan/ME461F25_LittleDaisies/project/ros_ws/install/mobile_sensor/share/mobile_sensor//node_modules/rclnodejs/generated/pcl_msgs/pcl_msgs__msg__Vertices.js\n'}
[1.048151] (mobile_sensor) StdoutLine: {'line': b'-- Installing: /home/ogan/ME461F25_LittleDaisies/project/ros_ws/install/mobile_sensor/share/mobile_sensor//node_modules/rclnodejs/generated/pcl_msgs/pcl_msgs__msg__ModelCoefficients.js\n'}
[1.048261] (mobile_sensor) StdoutLine: {'line': b'-- Installing: /home/ogan/ME461F25_LittleDaisies/project/ros_ws/install/mobile_sensor/share/mobile_sensor//node_modules/rclnodejs/generated/pcl_msgs/pcl_msgs__msg__PolygonMesh.js\n'}
[1.048361] (mobile_sensor) StdoutLine: {'line': b'-- Installing: /home/ogan/ME461F25_LittleDaisies/project/ros_ws/install/mobile_sensor/share/mobile_sensor//node_modules/rclnodejs/generated/diagnostic_msgs\n'}
[1.048445] (mobile_sensor) StdoutLine: {'line': b'-- Installing: /home/ogan/ME461F25_LittleDaisies/project/ros_ws/install/mobile_sensor/share/mobile_sensor//node_modules/rclnodejs/generated/diagnostic_msgs/diagnostic_msgs__srv__AddDiagnostics_Response.js\n'}
[1.048554] (mobile_sensor) StdoutLine: {'line': b'-- Installing: /home/ogan/ME461F25_LittleDaisies/project/ros_ws/install/mobile_sensor/share/mobile_sensor//node_modules/rclnodejs/generated/diagnostic_msgs/diagnostic_msgs__srv__AddDiagnostics_Request.js\n'}
[1.048663] (mobile_sensor) StdoutLine: {'line': b'-- Installing: /home/ogan/ME461F25_LittleDaisies/project/ros_ws/install/mobile_sensor/share/mobile_sensor//node_modules/rclnodejs/generated/diagnostic_msgs/diagnostic_msgs__srv__AddDiagnostics.js\n'}
[1.048810] (mobile_sensor) StdoutLine: {'line': b'-- Installing: /home/ogan/ME461F25_LittleDaisies/project/ros_ws/install/mobile_sensor/share/mobile_sensor//node_modules/rclnodejs/generated/diagnostic_msgs/diagnostic_msgs__srv__SelfTest_Response.js\n'}
[1.048907] (mobile_sensor) StdoutLine: {'line': b'-- Installing: /home/ogan/ME461F25_LittleDaisies/project/ros_ws/install/mobile_sensor/share/mobile_sensor//node_modules/rclnodejs/generated/diagnostic_msgs/diagnostic_msgs__msg__DiagnosticArray.js\n'}
[1.049046] (mobile_sensor) StdoutLine: {'line': b'-- Installing: /home/ogan/ME461F25_LittleDaisies/project/ros_ws/install/mobile_sensor/share/mobile_sensor//node_modules/rclnodejs/generated/diagnostic_msgs/diagnostic_msgs__srv__SelfTest_Request.js\n'}
[1.049197] (mobile_sensor) StdoutLine: {'line': b'-- Installing: /home/ogan/ME461F25_LittleDaisies/project/ros_ws/install/mobile_sensor/share/mobile_sensor//node_modules/rclnodejs/generated/diagnostic_msgs/diagnostic_msgs__srv__SelfTest.js\n'}
[1.049341] (mobile_sensor) StdoutLine: {'line': b'-- Installing: /home/ogan/ME461F25_LittleDaisies/project/ros_ws/install/mobile_sensor/share/mobile_sensor//node_modules/rclnodejs/generated/diagnostic_msgs/diagnostic_msgs__msg__DiagnosticStatus.js\n'}
[1.049447] (mobile_sensor) StdoutLine: {'line': b'-- Installing: /home/ogan/ME461F25_LittleDaisies/project/ros_ws/install/mobile_sensor/share/mobile_sensor//node_modules/rclnodejs/generated/diagnostic_msgs/diagnostic_msgs__msg__KeyValue.js\n'}
[1.049551] (mobile_sensor) StdoutLine: {'line': b'-- Installing: /home/ogan/ME461F25_LittleDaisies/project/ros_ws/install/mobile_sensor/share/mobile_sensor//node_modules/rclnodejs/generated/generator.json\n'}
[1.049646] (mobile_sensor) StdoutLine: {'line': b'-- Installing: /home/ogan/ME461F25_LittleDaisies/project/ros_ws/install/mobile_sensor/share/mobile_sensor//node_modules/rclnodejs/generated/theora_image_transport\n'}
[1.049731] (mobile_sensor) StdoutLine: {'line': b'-- Installing: /home/ogan/ME461F25_LittleDaisies/project/ros_ws/install/mobile_sensor/share/mobile_sensor//node_modules/rclnodejs/generated/theora_image_transport/theora_image_transport__msg__Packet.js\n'}
[1.049805] (mobile_sensor) StdoutLine: {'line': b'-- Installing: /home/ogan/ME461F25_LittleDaisies/project/ros_ws/install/mobile_sensor/share/mobile_sensor//node_modules/rclnodejs/generated/action_tutorials_interfaces\n'}
[1.049878] (mobile_sensor) StdoutLine: {'line': b'-- Installing: /home/ogan/ME461F25_LittleDaisies/project/ros_ws/install/mobile_sensor/share/mobile_sensor//node_modules/rclnodejs/generated/action_tutorials_interfaces/action_tutorials_interfaces__action__Fibonacci_SendGoal_Response.js\n'}
[1.049979] (mobile_sensor) StdoutLine: {'line': b'-- Installing: /home/ogan/ME461F25_LittleDaisies/project/ros_ws/install/mobile_sensor/share/mobile_sensor//node_modules/rclnodejs/generated/action_tutorials_interfaces/action_tutorials_interfaces__action__Fibonacci_Feedback.js\n'}
[1.050084] (mobile_sensor) StdoutLine: {'line': b'-- Installing: /home/ogan/ME461F25_LittleDaisies/project/ros_ws/install/mobile_sensor/share/mobile_sensor//node_modules/rclnodejs/generated/action_tutorials_interfaces/action_tutorials_interfaces__action__Fibonacci_GetResult_Request.js\n'}
[1.050261] (mobile_sensor) StdoutLine: {'line': b'-- Installing: /home/ogan/ME461F25_LittleDaisies/project/ros_ws/install/mobile_sensor/share/mobile_sensor//node_modules/rclnodejs/generated/action_tutorials_interfaces/action_tutorials_interfaces__action__Fibonacci_FeedbackMessage.js\n'}
[1.050430] (mobile_sensor) StdoutLine: {'line': b'-- Installing: /home/ogan/ME461F25_LittleDaisies/project/ros_ws/install/mobile_sensor/share/mobile_sensor//node_modules/rclnodejs/generated/action_tutorials_interfaces/action_tutorials_interfaces__action__Fibonacci_Goal.js\n'}
[1.050512] (mobile_sensor) StdoutLine: {'line': b'-- Installing: /home/ogan/ME461F25_LittleDaisies/project/ros_ws/install/mobile_sensor/share/mobile_sensor//node_modules/rclnodejs/generated/action_tutorials_interfaces/action_tutorials_interfaces__action__Fibonacci_SendGoal.js\n'}
[1.050592] (mobile_sensor) StdoutLine: {'line': b'-- Installing: /home/ogan/ME461F25_LittleDaisies/project/ros_ws/install/mobile_sensor/share/mobile_sensor//node_modules/rclnodejs/generated/action_tutorials_interfaces/action_tutorials_interfaces__action__Fibonacci_GetResult_Response.js\n'}
[1.050683] (mobile_sensor) StdoutLine: {'line': b'-- Installing: /home/ogan/ME461F25_LittleDaisies/project/ros_ws/install/mobile_sensor/share/mobile_sensor//node_modules/rclnodejs/generated/action_tutorials_interfaces/action_tutorials_interfaces__action__Fibonacci.js\n'}
[1.050784] (mobile_sensor) StdoutLine: {'line': b'-- Installing: /home/ogan/ME461F25_LittleDaisies/project/ros_ws/install/mobile_sensor/share/mobile_sensor//node_modules/rclnodejs/generated/action_tutorials_interfaces/action_tutorials_interfaces__action__Fibonacci_SendGoal_Request.js\n'}
[1.050898] (mobile_sensor) StdoutLine: {'line': b'-- Installing: /home/ogan/ME461F25_LittleDaisies/project/ros_ws/install/mobile_sensor/share/mobile_sensor//node_modules/rclnodejs/generated/action_tutorials_interfaces/action_tutorials_interfaces__action__Fibonacci_Result.js\n'}
[1.051000] (mobile_sensor) StdoutLine: {'line': b'-- Installing: /home/ogan/ME461F25_LittleDaisies/project/ros_ws/install/mobile_sensor/share/mobile_sensor//node_modules/rclnodejs/generated/action_tutorials_interfaces/action_tutorials_interfaces__action__Fibonacci_GetResult.js\n'}
[1.051132] (mobile_sensor) StdoutLine: {'line': b'-- Installing: /home/ogan/ME461F25_LittleDaisies/project/ros_ws/install/mobile_sensor/share/mobile_sensor//node_modules/rclnodejs/generated/example_interfaces\n'}
[1.051233] (mobile_sensor) StdoutLine: {'line': b'-- Installing: /home/ogan/ME461F25_LittleDaisies/project/ros_ws/install/mobile_sensor/share/mobile_sensor//node_modules/rclnodejs/generated/example_interfaces/example_interfaces__msg__UInt8MultiArray.js\n'}
[1.051332] (mobile_sensor) StdoutLine: {'line': b'-- Installing: /home/ogan/ME461F25_LittleDaisies/project/ros_ws/install/mobile_sensor/share/mobile_sensor//node_modules/rclnodejs/generated/example_interfaces/example_interfaces__msg__Int32.js\n'}
[1.051450] (mobile_sensor) StdoutLine: {'line': b'-- Installing: /home/ogan/ME461F25_LittleDaisies/project/ros_ws/install/mobile_sensor/share/mobile_sensor//node_modules/rclnodejs/generated/example_interfaces/example_interfaces__srv__Trigger_Request.js\n'}
[1.051592] (mobile_sensor) StdoutLine: {'line': b'-- Installing: /home/ogan/ME461F25_LittleDaisies/project/ros_ws/install/mobile_sensor/share/mobile_sensor//node_modules/rclnodejs/generated/example_interfaces/example_interfaces__msg__Byte.js\n'}
[1.051708] (mobile_sensor) StdoutLine: {'line': b'-- Installing: /home/ogan/ME461F25_LittleDaisies/project/ros_ws/install/mobile_sensor/share/mobile_sensor//node_modules/rclnodejs/generated/example_interfaces/example_interfaces__srv__SetBool_Response.js\n'}
[1.051802] (mobile_sensor) StdoutLine: {'line': b'-- Installing: /home/ogan/ME461F25_LittleDaisies/project/ros_ws/install/mobile_sensor/share/mobile_sensor//node_modules/rclnodejs/generated/example_interfaces/example_interfaces__msg__Char.js\n'}
[1.051878] (mobile_sensor) StdoutLine: {'line': b'-- Installing: /home/ogan/ME461F25_LittleDaisies/project/ros_ws/install/mobile_sensor/share/mobile_sensor//node_modules/rclnodejs/generated/example_interfaces/example_interfaces__msg__UInt32.js\n'}
[1.052046] (mobile_sensor) StdoutLine: {'line': b'-- Installing: /home/ogan/ME461F25_LittleDaisies/project/ros_ws/install/mobile_sensor/share/mobile_sensor//node_modules/rclnodejs/generated/example_interfaces/example_interfaces__srv__Trigger.js\n'}
[1.052650] (mobile_sensor) StdoutLine: {'line': b'-- Installing: /home/ogan/ME461F25_LittleDaisies/project/ros_ws/install/mobile_sensor/share/mobile_sensor//node_modules/rclnodejs/generated/example_interfaces/example_interfaces__msg__ByteMultiArray.js\n'}
[1.052798] (mobile_sensor) StdoutLine: {'line': b'-- Installing: /home/ogan/ME461F25_LittleDaisies/project/ros_ws/install/mobile_sensor/share/mobile_sensor//node_modules/rclnodejs/generated/example_interfaces/example_interfaces__msg__Float64MultiArray.js\n'}
[1.052968] (mobile_sensor) StdoutLine: {'line': b'-- Installing: /home/ogan/ME461F25_LittleDaisies/project/ros_ws/install/mobile_sensor/share/mobile_sensor//node_modules/rclnodejs/generated/example_interfaces/example_interfaces__action__Fibonacci_SendGoal_Request.js\n'}
[1.053193] (mobile_sensor) StdoutLine: {'line': b'-- Installing: /home/ogan/ME461F25_LittleDaisies/project/ros_ws/install/mobile_sensor/share/mobile_sensor//node_modules/rclnodejs/generated/example_interfaces/example_interfaces__msg__Int8.js\n'}
[1.053296] (mobile_sensor) StdoutLine: {'line': b'-- Installing: /home/ogan/ME461F25_LittleDaisies/project/ros_ws/install/mobile_sensor/share/mobile_sensor//node_modules/rclnodejs/generated/example_interfaces/example_interfaces__msg__UInt64MultiArray.js\n'}
[1.053402] (mobile_sensor) StdoutLine: {'line': b'-- Installing: /home/ogan/ME461F25_LittleDaisies/project/ros_ws/install/mobile_sensor/share/mobile_sensor//node_modules/rclnodejs/generated/example_interfaces/example_interfaces__action__Fibonacci_Feedback.js\n'}
[1.053553] (mobile_sensor) StdoutLine: {'line': b'-- Installing: /home/ogan/ME461F25_LittleDaisies/project/ros_ws/install/mobile_sensor/share/mobile_sensor//node_modules/rclnodejs/generated/example_interfaces/example_interfaces__msg__MultiArrayDimension.js\n'}
[1.053688] (mobile_sensor) StdoutLine: {'line': b'-- Installing: /home/ogan/ME461F25_LittleDaisies/project/ros_ws/install/mobile_sensor/share/mobile_sensor//node_modules/rclnodejs/generated/example_interfaces/example_interfaces__msg__Bool.js\n'}
[1.053796] (mobile_sensor) StdoutLine: {'line': b'-- Installing: /home/ogan/ME461F25_LittleDaisies/project/ros_ws/install/mobile_sensor/share/mobile_sensor//node_modules/rclnodejs/generated/example_interfaces/example_interfaces__action__Fibonacci_GetResult.js\n'}
[1.053902] (mobile_sensor) StdoutLine: {'line': b'-- Installing: /home/ogan/ME461F25_LittleDaisies/project/ros_ws/install/mobile_sensor/share/mobile_sensor//node_modules/rclnodejs/generated/example_interfaces/example_interfaces__srv__AddTwoInts_Request.js\n'}
[1.054002] (mobile_sensor) StdoutLine: {'line': b'-- Installing: /home/ogan/ME461F25_LittleDaisies/project/ros_ws/install/mobile_sensor/share/mobile_sensor//node_modules/rclnodejs/generated/example_interfaces/example_interfaces__srv__AddTwoInts_Response.js\n'}
[1.054106] (mobile_sensor) StdoutLine: {'line': b'-- Installing: /home/ogan/ME461F25_LittleDaisies/project/ros_ws/install/mobile_sensor/share/mobile_sensor//node_modules/rclnodejs/generated/example_interfaces/example_interfaces__action__Fibonacci_FeedbackMessage.js\n'}
[1.054221] (mobile_sensor) StdoutLine: {'line': b'-- Installing: /home/ogan/ME461F25_LittleDaisies/project/ros_ws/install/mobile_sensor/share/mobile_sensor//node_modules/rclnodejs/generated/example_interfaces/example_interfaces__msg__Float64.js\n'}
[1.054325] (mobile_sensor) StdoutLine: {'line': b'-- Installing: /home/ogan/ME461F25_LittleDaisies/project/ros_ws/install/mobile_sensor/share/mobile_sensor//node_modules/rclnodejs/generated/example_interfaces/example_interfaces__msg__Float32MultiArray.js\n'}
[1.054435] (mobile_sensor) StdoutLine: {'line': b'-- Installing: /home/ogan/ME461F25_LittleDaisies/project/ros_ws/install/mobile_sensor/share/mobile_sensor//node_modules/rclnodejs/generated/example_interfaces/example_interfaces__action__Fibonacci_GetResult_Response.js\n'}
[1.054542] (mobile_sensor) StdoutLine: {'line': b'-- Installing: /home/ogan/ME461F25_LittleDaisies/project/ros_ws/install/mobile_sensor/share/mobile_sensor//node_modules/rclnodejs/generated/example_interfaces/example_interfaces__action__Fibonacci_GetResult_Request.js\n'}
[1.054649] (mobile_sensor) StdoutLine: {'line': b'-- Installing: /home/ogan/ME461F25_LittleDaisies/project/ros_ws/install/mobile_sensor/share/mobile_sensor//node_modules/rclnodejs/generated/example_interfaces/example_interfaces__srv__Trigger_Response.js\n'}
[1.054756] (mobile_sensor) StdoutLine: {'line': b'-- Installing: /home/ogan/ME461F25_LittleDaisies/project/ros_ws/install/mobile_sensor/share/mobile_sensor//node_modules/rclnodejs/generated/example_interfaces/example_interfaces__msg__MultiArrayLayout.js\n'}
[1.054874] (mobile_sensor) StdoutLine: {'line': b'-- Installing: /home/ogan/ME461F25_LittleDaisies/project/ros_ws/install/mobile_sensor/share/mobile_sensor//node_modules/rclnodejs/generated/example_interfaces/example_interfaces__srv__SetBool.js\n'}
[1.054975] (mobile_sensor) StdoutLine: {'line': b'-- Installing: /home/ogan/ME461F25_LittleDaisies/project/ros_ws/install/mobile_sensor/share/mobile_sensor//node_modules/rclnodejs/generated/example_interfaces/example_interfaces__msg__Int8MultiArray.js\n'}
[1.055087] (mobile_sensor) StdoutLine: {'line': b'-- Installing: /home/ogan/ME461F25_LittleDaisies/project/ros_ws/install/mobile_sensor/share/mobile_sensor//node_modules/rclnodejs/generated/example_interfaces/example_interfaces__msg__WString.js\n'}
[1.055200] (mobile_sensor) StdoutLine: {'line': b'-- Installing: /home/ogan/ME461F25_LittleDaisies/project/ros_ws/install/mobile_sensor/share/mobile_sensor//node_modules/rclnodejs/generated/example_interfaces/example_interfaces__msg__UInt64.js\n'}
[1.055346] (mobile_sensor) StdoutLine: {'line': b'-- Installing: /home/ogan/ME461F25_LittleDaisies/project/ros_ws/install/mobile_sensor/share/mobile_sensor//node_modules/rclnodejs/generated/example_interfaces/example_interfaces__srv__AddTwoInts.js\n'}
[1.055442] (mobile_sensor) StdoutLine: {'line': b'-- Installing: /home/ogan/ME461F25_LittleDaisies/project/ros_ws/install/mobile_sensor/share/mobile_sensor//node_modules/rclnodejs/generated/example_interfaces/example_interfaces__msg__Float32.js\n'}
[1.055541] (mobile_sensor) StdoutLine: {'line': b'-- Installing: /home/ogan/ME461F25_LittleDaisies/project/ros_ws/install/mobile_sensor/share/mobile_sensor//node_modules/rclnodejs/generated/example_interfaces/example_interfaces__action__Fibonacci_SendGoal_Response.js\n'}
[1.055646] (mobile_sensor) StdoutLine: {'line': b'-- Installing: /home/ogan/ME461F25_LittleDaisies/project/ros_ws/install/mobile_sensor/share/mobile_sensor//node_modules/rclnodejs/generated/example_interfaces/example_interfaces__msg__Int16MultiArray.js\n'}
[1.055764] (mobile_sensor) StdoutLine: {'line': b'-- Installing: /home/ogan/ME461F25_LittleDaisies/project/ros_ws/install/mobile_sensor/share/mobile_sensor//node_modules/rclnodejs/generated/example_interfaces/example_interfaces__msg__UInt16MultiArray.js\n'}
[1.055870] (mobile_sensor) StdoutLine: {'line': b'-- Installing: /home/ogan/ME461F25_LittleDaisies/project/ros_ws/install/mobile_sensor/share/mobile_sensor//node_modules/rclnodejs/generated/example_interfaces/example_interfaces__msg__Int64MultiArray.js\n'}
[1.055977] (mobile_sensor) StdoutLine: {'line': b'-- Installing: /home/ogan/ME461F25_LittleDaisies/project/ros_ws/install/mobile_sensor/share/mobile_sensor//node_modules/rclnodejs/generated/example_interfaces/example_interfaces__action__Fibonacci.js\n'}
[1.056080] (mobile_sensor) StdoutLine: {'line': b'-- Installing: /home/ogan/ME461F25_LittleDaisies/project/ros_ws/install/mobile_sensor/share/mobile_sensor//node_modules/rclnodejs/generated/example_interfaces/example_interfaces__action__Fibonacci_Result.js\n'}
[1.056193] (mobile_sensor) StdoutLine: {'line': b'-- Installing: /home/ogan/ME461F25_LittleDaisies/project/ros_ws/install/mobile_sensor/share/mobile_sensor//node_modules/rclnodejs/generated/example_interfaces/example_interfaces__msg__Int32MultiArray.js\n'}
[1.056346] (mobile_sensor) StdoutLine: {'line': b'-- Installing: /home/ogan/ME461F25_LittleDaisies/project/ros_ws/install/mobile_sensor/share/mobile_sensor//node_modules/rclnodejs/generated/example_interfaces/example_interfaces__msg__UInt16.js\n'}
[1.056494] (mobile_sensor) StdoutLine: {'line': b'-- Installing: /home/ogan/ME461F25_LittleDaisies/project/ros_ws/install/mobile_sensor/share/mobile_sensor//node_modules/rclnodejs/generated/example_interfaces/example_interfaces__msg__UInt8.js\n'}
[1.056733] (mobile_sensor) StdoutLine: {'line': b'-- Installing: /home/ogan/ME461F25_LittleDaisies/project/ros_ws/install/mobile_sensor/share/mobile_sensor//node_modules/rclnodejs/generated/example_interfaces/example_interfaces__action__Fibonacci_SendGoal.js\n'}
[1.056838] (mobile_sensor) StdoutLine: {'line': b'-- Installing: /home/ogan/ME461F25_LittleDaisies/project/ros_ws/install/mobile_sensor/share/mobile_sensor//node_modules/rclnodejs/generated/example_interfaces/example_interfaces__msg__Int64.js\n'}
[1.056945] (mobile_sensor) StdoutLine: {'line': b'-- Installing: /home/ogan/ME461F25_LittleDaisies/project/ros_ws/install/mobile_sensor/share/mobile_sensor//node_modules/rclnodejs/generated/example_interfaces/example_interfaces__msg__Empty.js\n'}
[1.057051] (mobile_sensor) StdoutLine: {'line': b'-- Installing: /home/ogan/ME461F25_LittleDaisies/project/ros_ws/install/mobile_sensor/share/mobile_sensor//node_modules/rclnodejs/generated/example_interfaces/example_interfaces__action__Fibonacci_Goal.js\n'}
[1.057175] (mobile_sensor) StdoutLine: {'line': b'-- Installing: /home/ogan/ME461F25_LittleDaisies/project/ros_ws/install/mobile_sensor/share/mobile_sensor//node_modules/rclnodejs/generated/example_interfaces/example_interfaces__msg__Int16.js\n'}
[1.057286] (mobile_sensor) StdoutLine: {'line': b'-- Installing: /home/ogan/ME461F25_LittleDaisies/project/ros_ws/install/mobile_sensor/share/mobile_sensor//node_modules/rclnodejs/generated/example_interfaces/example_interfaces__msg__String.js\n'}
[1.057406] (mobile_sensor) StdoutLine: {'line': b'-- Installing: /home/ogan/ME461F25_LittleDaisies/project/ros_ws/install/mobile_sensor/share/mobile_sensor//node_modules/rclnodejs/generated/example_interfaces/example_interfaces__srv__SetBool_Request.js\n'}
[1.057553] (mobile_sensor) StdoutLine: {'line': b'-- Installing: /home/ogan/ME461F25_LittleDaisies/project/ros_ws/install/mobile_sensor/share/mobile_sensor//node_modules/rclnodejs/generated/example_interfaces/example_interfaces__msg__UInt32MultiArray.js\n'}
[1.057696] (mobile_sensor) StdoutLine: {'line': b'-- Installing: /home/ogan/ME461F25_LittleDaisies/project/ros_ws/install/mobile_sensor/share/mobile_sensor//node_modules/rclnodejs/generated/sensor_msgs\n'}
[1.057828] (mobile_sensor) StdoutLine: {'line': b'-- Installing: /home/ogan/ME461F25_LittleDaisies/project/ros_ws/install/mobile_sensor/share/mobile_sensor//node_modules/rclnodejs/generated/sensor_msgs/sensor_msgs__msg__CameraInfo.js\n'}
[1.057976] (mobile_sensor) StdoutLine: {'line': b'-- Installing: /home/ogan/ME461F25_LittleDaisies/project/ros_ws/install/mobile_sensor/share/mobile_sensor//node_modules/rclnodejs/generated/sensor_msgs/sensor_msgs__msg__RegionOfInterest.js\n'}
[1.058126] (mobile_sensor) StdoutLine: {'line': b'-- Installing: /home/ogan/ME461F25_LittleDaisies/project/ros_ws/install/mobile_sensor/share/mobile_sensor//node_modules/rclnodejs/generated/sensor_msgs/sensor_msgs__msg__Image.js\n'}
[1.058262] (mobile_sensor) StdoutLine: {'line': b'-- Installing: /home/ogan/ME461F25_LittleDaisies/project/ros_ws/install/mobile_sensor/share/mobile_sensor//node_modules/rclnodejs/generated/sensor_msgs/sensor_msgs__msg__Joy.js\n'}
[1.058386] (mobile_sensor) StdoutLine: {'line': b'-- Installing: /home/ogan/ME461F25_LittleDaisies/project/ros_ws/install/mobile_sensor/share/mobile_sensor//node_modules/rclnodejs/generated/sensor_msgs/sensor_msgs__msg__Imu.js\n'}
[1.058505] (mobile_sensor) StdoutLine: {'line': b'-- Installing: /home/ogan/ME461F25_LittleDaisies/project/ros_ws/install/mobile_sensor/share/mobile_sensor//node_modules/rclnodejs/generated/sensor_msgs/sensor_msgs__msg__JoyFeedbackArray.js\n'}
[1.058594] (mobile_sensor) StdoutLine: {'line': b'-- Installing: /home/ogan/ME461F25_LittleDaisies/project/ros_ws/install/mobile_sensor/share/mobile_sensor//node_modules/rclnodejs/generated/sensor_msgs/sensor_msgs__msg__FluidPressure.js\n'}
[1.058697] (mobile_sensor) StdoutLine: {'line': b'-- Installing: /home/ogan/ME461F25_LittleDaisies/project/ros_ws/install/mobile_sensor/share/mobile_sensor//node_modules/rclnodejs/generated/sensor_msgs/sensor_msgs__msg__PointCloud.js\n'}
[1.058801] (mobile_sensor) StdoutLine: {'line': b'-- Installing: /home/ogan/ME461F25_LittleDaisies/project/ros_ws/install/mobile_sensor/share/mobile_sensor//node_modules/rclnodejs/generated/sensor_msgs/sensor_msgs__msg__Illuminance.js\n'}
[1.058907] (mobile_sensor) StdoutLine: {'line': b'-- Installing: /home/ogan/ME461F25_LittleDaisies/project/ros_ws/install/mobile_sensor/share/mobile_sensor//node_modules/rclnodejs/generated/sensor_msgs/sensor_msgs__msg__CompressedImage.js\n'}
[1.059012] (mobile_sensor) StdoutLine: {'line': b'-- Installing: /home/ogan/ME461F25_LittleDaisies/project/ros_ws/install/mobile_sensor/share/mobile_sensor//node_modules/rclnodejs/generated/sensor_msgs/sensor_msgs__msg__ChannelFloat32.js\n'}
[1.059114] (mobile_sensor) StdoutLine: {'line': b'-- Installing: /home/ogan/ME461F25_LittleDaisies/project/ros_ws/install/mobile_sensor/share/mobile_sensor//node_modules/rclnodejs/generated/sensor_msgs/sensor_msgs__msg__LaserEcho.js\n'}
[1.059283] (mobile_sensor) StdoutLine: {'line': b'-- Installing: /home/ogan/ME461F25_LittleDaisies/project/ros_ws/install/mobile_sensor/share/mobile_sensor//node_modules/rclnodejs/generated/sensor_msgs/sensor_msgs__msg__JoyFeedback.js\n'}
[1.059378] (mobile_sensor) StdoutLine: {'line': b'-- Installing: /home/ogan/ME461F25_LittleDaisies/project/ros_ws/install/mobile_sensor/share/mobile_sensor//node_modules/rclnodejs/generated/sensor_msgs/sensor_msgs__msg__Temperature.js\n'}
[1.059469] (mobile_sensor) StdoutLine: {'line': b'-- Installing: /home/ogan/ME461F25_LittleDaisies/project/ros_ws/install/mobile_sensor/share/mobile_sensor//node_modules/rclnodejs/generated/sensor_msgs/sensor_msgs__msg__PointCloud2.js\n'}
[1.059565] (mobile_sensor) StdoutLine: {'line': b'-- Installing: /home/ogan/ME461F25_LittleDaisies/project/ros_ws/install/mobile_sensor/share/mobile_sensor//node_modules/rclnodejs/generated/sensor_msgs/sensor_msgs__msg__LaserScan.js\n'}
[1.059662] (mobile_sensor) StdoutLine: {'line': b'-- Installing: /home/ogan/ME461F25_LittleDaisies/project/ros_ws/install/mobile_sensor/share/mobile_sensor//node_modules/rclnodejs/generated/sensor_msgs/sensor_msgs__msg__PointField.js\n'}
[1.059776] (mobile_sensor) StdoutLine: {'line': b'-- Installing: /home/ogan/ME461F25_LittleDaisies/project/ros_ws/install/mobile_sensor/share/mobile_sensor//node_modules/rclnodejs/generated/sensor_msgs/sensor_msgs__msg__Range.js\n'}
[1.059881] (mobile_sensor) StdoutLine: {'line': b'-- Installing: /home/ogan/ME461F25_LittleDaisies/project/ros_ws/install/mobile_sensor/share/mobile_sensor//node_modules/rclnodejs/generated/sensor_msgs/sensor_msgs__msg__NavSatStatus.js\n'}
[1.059990] (mobile_sensor) StdoutLine: {'line': b'-- Installing: /home/ogan/ME461F25_LittleDaisies/project/ros_ws/install/mobile_sensor/share/mobile_sensor//node_modules/rclnodejs/generated/sensor_msgs/sensor_msgs__msg__TimeReference.js\n'}
[1.060099] (mobile_sensor) StdoutLine: {'line': b'-- Installing: /home/ogan/ME461F25_LittleDaisies/project/ros_ws/install/mobile_sensor/share/mobile_sensor//node_modules/rclnodejs/generated/sensor_msgs/sensor_msgs__srv__SetCameraInfo_Response.js\n'}
[1.060220] (mobile_sensor) StdoutLine: {'line': b'-- Installing: /home/ogan/ME461F25_LittleDaisies/project/ros_ws/install/mobile_sensor/share/mobile_sensor//node_modules/rclnodejs/generated/sensor_msgs/sensor_msgs__msg__JointState.js\n'}
[1.060332] (mobile_sensor) StdoutLine: {'line': b'-- Installing: /home/ogan/ME461F25_LittleDaisies/project/ros_ws/install/mobile_sensor/share/mobile_sensor//node_modules/rclnodejs/generated/sensor_msgs/sensor_msgs__msg__MultiEchoLaserScan.js\n'}
[1.060441] (mobile_sensor) StdoutLine: {'line': b'-- Installing: /home/ogan/ME461F25_LittleDaisies/project/ros_ws/install/mobile_sensor/share/mobile_sensor//node_modules/rclnodejs/generated/sensor_msgs/sensor_msgs__msg__BatteryState.js\n'}
[1.060557] (mobile_sensor) StdoutLine: {'line': b'-- Installing: /home/ogan/ME461F25_LittleDaisies/project/ros_ws/install/mobile_sensor/share/mobile_sensor//node_modules/rclnodejs/generated/sensor_msgs/sensor_msgs__msg__MultiDOFJointState.js\n'}
[1.060667] (mobile_sensor) StdoutLine: {'line': b'-- Installing: /home/ogan/ME461F25_LittleDaisies/project/ros_ws/install/mobile_sensor/share/mobile_sensor//node_modules/rclnodejs/generated/sensor_msgs/sensor_msgs__msg__MagneticField.js\n'}
[1.060779] (mobile_sensor) StdoutLine: {'line': b'-- Installing: /home/ogan/ME461F25_LittleDaisies/project/ros_ws/install/mobile_sensor/share/mobile_sensor//node_modules/rclnodejs/generated/sensor_msgs/sensor_msgs__srv__SetCameraInfo_Request.js\n'}
[1.060896] (mobile_sensor) StdoutLine: {'line': b'-- Installing: /home/ogan/ME461F25_LittleDaisies/project/ros_ws/install/mobile_sensor/share/mobile_sensor//node_modules/rclnodejs/generated/sensor_msgs/sensor_msgs__msg__NavSatFix.js\n'}
[1.060998] (mobile_sensor) StdoutLine: {'line': b'-- Installing: /home/ogan/ME461F25_LittleDaisies/project/ros_ws/install/mobile_sensor/share/mobile_sensor//node_modules/rclnodejs/generated/sensor_msgs/sensor_msgs__srv__SetCameraInfo.js\n'}
[1.061099] (mobile_sensor) StdoutLine: {'line': b'-- Installing: /home/ogan/ME461F25_LittleDaisies/project/ros_ws/install/mobile_sensor/share/mobile_sensor//node_modules/rclnodejs/generated/sensor_msgs/sensor_msgs__msg__RelativeHumidity.js\n'}
[1.061227] (mobile_sensor) StdoutLine: {'line': b'-- Installing: /home/ogan/ME461F25_LittleDaisies/project/ros_ws/install/mobile_sensor/share/mobile_sensor//node_modules/rclnodejs/generated/actuator_msgs\n'}
[1.061338] (mobile_sensor) StdoutLine: {'line': b'-- Installing: /home/ogan/ME461F25_LittleDaisies/project/ros_ws/install/mobile_sensor/share/mobile_sensor//node_modules/rclnodejs/generated/actuator_msgs/actuator_msgs__msg__ActuatorsPosition.js\n'}
[1.061510] (mobile_sensor) StdoutLine: {'line': b'-- Installing: /home/ogan/ME461F25_LittleDaisies/project/ros_ws/install/mobile_sensor/share/mobile_sensor//node_modules/rclnodejs/generated/actuator_msgs/actuator_msgs__msg__ActuatorsLinearPosition.js\n'}
[1.061626] (mobile_sensor) StdoutLine: {'line': b'-- Installing: /home/ogan/ME461F25_LittleDaisies/project/ros_ws/install/mobile_sensor/share/mobile_sensor//node_modules/rclnodejs/generated/actuator_msgs/actuator_msgs__msg__ActuatorsAngularVelocity.js\n'}
[1.061731] (mobile_sensor) StdoutLine: {'line': b'-- Installing: /home/ogan/ME461F25_LittleDaisies/project/ros_ws/install/mobile_sensor/share/mobile_sensor//node_modules/rclnodejs/generated/actuator_msgs/actuator_msgs__msg__ActuatorsVelocity.js\n'}
[1.061839] (mobile_sensor) StdoutLine: {'line': b'-- Installing: /home/ogan/ME461F25_LittleDaisies/project/ros_ws/install/mobile_sensor/share/mobile_sensor//node_modules/rclnodejs/generated/actuator_msgs/actuator_msgs__msg__ActuatorsAngularPosition.js\n'}
[1.061943] (mobile_sensor) StdoutLine: {'line': b'-- Installing: /home/ogan/ME461F25_LittleDaisies/project/ros_ws/install/mobile_sensor/share/mobile_sensor//node_modules/rclnodejs/generated/actuator_msgs/actuator_msgs__msg__ActuatorsLinearVelocity.js\n'}
[1.062045] (mobile_sensor) StdoutLine: {'line': b'-- Installing: /home/ogan/ME461F25_LittleDaisies/project/ros_ws/install/mobile_sensor/share/mobile_sensor//node_modules/rclnodejs/generated/actuator_msgs/actuator_msgs__msg__ActuatorsNormalized.js\n'}
[1.062157] (mobile_sensor) StdoutLine: {'line': b'-- Installing: /home/ogan/ME461F25_LittleDaisies/project/ros_ws/install/mobile_sensor/share/mobile_sensor//node_modules/rclnodejs/generated/actuator_msgs/actuator_msgs__msg__Actuators.js\n'}
[1.062263] (mobile_sensor) StdoutLine: {'line': b'-- Installing: /home/ogan/ME461F25_LittleDaisies/project/ros_ws/install/mobile_sensor/share/mobile_sensor//node_modules/rclnodejs/generated/actionlib_msgs\n'}
[1.062344] (mobile_sensor) StdoutLine: {'line': b'-- Installing: /home/ogan/ME461F25_LittleDaisies/project/ros_ws/install/mobile_sensor/share/mobile_sensor//node_modules/rclnodejs/generated/actionlib_msgs/actionlib_msgs__msg__GoalStatus.js\n'}
[1.062452] (mobile_sensor) StdoutLine: {'line': b'-- Installing: /home/ogan/ME461F25_LittleDaisies/project/ros_ws/install/mobile_sensor/share/mobile_sensor//node_modules/rclnodejs/generated/actionlib_msgs/actionlib_msgs__msg__GoalID.js\n'}
[1.062557] (mobile_sensor) StdoutLine: {'line': b'-- Installing: /home/ogan/ME461F25_LittleDaisies/project/ros_ws/install/mobile_sensor/share/mobile_sensor//node_modules/rclnodejs/generated/actionlib_msgs/actionlib_msgs__msg__GoalStatusArray.js\n'}
[1.062657] (mobile_sensor) StdoutLine: {'line': b'-- Installing: /home/ogan/ME461F25_LittleDaisies/project/ros_ws/install/mobile_sensor/share/mobile_sensor//node_modules/rclnodejs/generated/ros_ign_interfaces\n'}
[1.062744] (mobile_sensor) StdoutLine: {'line': b'-- Installing: /home/ogan/ME461F25_LittleDaisies/project/ros_ws/install/mobile_sensor/share/mobile_sensor//node_modules/rclnodejs/generated/ros_ign_interfaces/ros_ign_interfaces__srv__SpawnEntity_Response.js\n'}
[1.062857] (mobile_sensor) StdoutLine: {'line': b'-- Installing: /home/ogan/ME461F25_LittleDaisies/project/ros_ws/install/mobile_sensor/share/mobile_sensor//node_modules/rclnodejs/generated/ros_ign_interfaces/ros_ign_interfaces__msg__WorldControl.js\n'}
[1.062961] (mobile_sensor) StdoutLine: {'line': b'-- Installing: /home/ogan/ME461F25_LittleDaisies/project/ros_ws/install/mobile_sensor/share/mobile_sensor//node_modules/rclnodejs/generated/ros_ign_interfaces/ros_ign_interfaces__srv__ControlWorld_Response.js\n'}
[1.063066] (mobile_sensor) StdoutLine: {'line': b'-- Installing: /home/ogan/ME461F25_LittleDaisies/project/ros_ws/install/mobile_sensor/share/mobile_sensor//node_modules/rclnodejs/generated/ros_ign_interfaces/ros_ign_interfaces__srv__SpawnEntity.js\n'}
[1.063177] (mobile_sensor) StdoutLine: {'line': b'-- Installing: /home/ogan/ME461F25_LittleDaisies/project/ros_ws/install/mobile_sensor/share/mobile_sensor//node_modules/rclnodejs/generated/ros_ign_interfaces/ros_ign_interfaces__srv__ControlWorld_Request.js\n'}
[1.063283] (mobile_sensor) StdoutLine: {'line': b'-- Installing: /home/ogan/ME461F25_LittleDaisies/project/ros_ws/install/mobile_sensor/share/mobile_sensor//node_modules/rclnodejs/generated/ros_ign_interfaces/ros_ign_interfaces__msg__Contact.js\n'}
[1.063387] (mobile_sensor) StdoutLine: {'line': b'-- Installing: /home/ogan/ME461F25_LittleDaisies/project/ros_ws/install/mobile_sensor/share/mobile_sensor//node_modules/rclnodejs/generated/ros_ign_interfaces/ros_ign_interfaces__msg__JointWrench.js\n'}
[1.063508] (mobile_sensor) StdoutLine: {'line': b'-- Installing: /home/ogan/ME461F25_LittleDaisies/project/ros_ws/install/mobile_sensor/share/mobile_sensor//node_modules/rclnodejs/generated/ros_ign_interfaces/ros_ign_interfaces__srv__ControlWorld.js\n'}
[1.063598] (mobile_sensor) StdoutLine: {'line': b'-- Installing: /home/ogan/ME461F25_LittleDaisies/project/ros_ws/install/mobile_sensor/share/mobile_sensor//node_modules/rclnodejs/generated/ros_ign_interfaces/ros_ign_interfaces__msg__VideoRecord.js\n'}
[1.063706] (mobile_sensor) StdoutLine: {'line': b'-- Installing: /home/ogan/ME461F25_LittleDaisies/project/ros_ws/install/mobile_sensor/share/mobile_sensor//node_modules/rclnodejs/generated/ros_ign_interfaces/ros_ign_interfaces__msg__TrackVisual.js\n'}
[1.063813] (mobile_sensor) StdoutLine: {'line': b'-- Installing: /home/ogan/ME461F25_LittleDaisies/project/ros_ws/install/mobile_sensor/share/mobile_sensor//node_modules/rclnodejs/generated/ros_ign_interfaces/ros_ign_interfaces__srv__DeleteEntity_Response.js\n'}
[1.063917] (mobile_sensor) StdoutLine: {'line': b'-- Installing: /home/ogan/ME461F25_LittleDaisies/project/ros_ws/install/mobile_sensor/share/mobile_sensor//node_modules/rclnodejs/generated/ros_ign_interfaces/ros_ign_interfaces__msg__Entity.js\n'}
[1.064019] (mobile_sensor) StdoutLine: {'line': b'-- Installing: /home/ogan/ME461F25_LittleDaisies/project/ros_ws/install/mobile_sensor/share/mobile_sensor//node_modules/rclnodejs/generated/ros_ign_interfaces/ros_ign_interfaces__srv__SetEntityPose.js\n'}
[1.064126] (mobile_sensor) StdoutLine: {'line': b'-- Installing: /home/ogan/ME461F25_LittleDaisies/project/ros_ws/install/mobile_sensor/share/mobile_sensor//node_modules/rclnodejs/generated/ros_ign_interfaces/ros_ign_interfaces__msg__Contacts.js\n'}
[1.064233] (mobile_sensor) StdoutLine: {'line': b'-- Installing: /home/ogan/ME461F25_LittleDaisies/project/ros_ws/install/mobile_sensor/share/mobile_sensor//node_modules/rclnodejs/generated/ros_ign_interfaces/ros_ign_interfaces__msg__EntityFactory.js\n'}
[1.064338] (mobile_sensor) StdoutLine: {'line': b'-- Installing: /home/ogan/ME461F25_LittleDaisies/project/ros_ws/install/mobile_sensor/share/mobile_sensor//node_modules/rclnodejs/generated/ros_ign_interfaces/ros_ign_interfaces__msg__WorldReset.js\n'}
[1.064439] (mobile_sensor) StdoutLine: {'line': b'-- Installing: /home/ogan/ME461F25_LittleDaisies/project/ros_ws/install/mobile_sensor/share/mobile_sensor//node_modules/rclnodejs/generated/ros_ign_interfaces/ros_ign_interfaces__srv__SpawnEntity_Request.js\n'}
[1.064542] (mobile_sensor) StdoutLine: {'line': b'-- Installing: /home/ogan/ME461F25_LittleDaisies/project/ros_ws/install/mobile_sensor/share/mobile_sensor//node_modules/rclnodejs/generated/ros_ign_interfaces/ros_ign_interfaces__msg__StringVec.js\n'}
[1.064644] (mobile_sensor) StdoutLine: {'line': b'-- Installing: /home/ogan/ME461F25_LittleDaisies/project/ros_ws/install/mobile_sensor/share/mobile_sensor//node_modules/rclnodejs/generated/ros_ign_interfaces/ros_ign_interfaces__msg__Light.js\n'}
[1.064759] (mobile_sensor) StdoutLine: {'line': b'-- Installing: /home/ogan/ME461F25_LittleDaisies/project/ros_ws/install/mobile_sensor/share/mobile_sensor//node_modules/rclnodejs/generated/ros_ign_interfaces/ros_ign_interfaces__srv__DeleteEntity_Request.js\n'}
[1.064870] (mobile_sensor) StdoutLine: {'line': b'-- Installing: /home/ogan/ME461F25_LittleDaisies/project/ros_ws/install/mobile_sensor/share/mobile_sensor//node_modules/rclnodejs/generated/ros_ign_interfaces/ros_ign_interfaces__srv__SetEntityPose_Request.js\n'}
[1.064970] (mobile_sensor) StdoutLine: {'line': b'-- Installing: /home/ogan/ME461F25_LittleDaisies/project/ros_ws/install/mobile_sensor/share/mobile_sensor//node_modules/rclnodejs/generated/ros_ign_interfaces/ros_ign_interfaces__srv__DeleteEntity.js\n'}
[1.065070] (mobile_sensor) StdoutLine: {'line': b'-- Installing: /home/ogan/ME461F25_LittleDaisies/project/ros_ws/install/mobile_sensor/share/mobile_sensor//node_modules/rclnodejs/generated/ros_ign_interfaces/ros_ign_interfaces__msg__GuiCamera.js\n'}
[1.065185] (mobile_sensor) StdoutLine: {'line': b'-- Installing: /home/ogan/ME461F25_LittleDaisies/project/ros_ws/install/mobile_sensor/share/mobile_sensor//node_modules/rclnodejs/generated/ros_ign_interfaces/ros_ign_interfaces__srv__SetEntityPose_Response.js\n'}
[1.065405] (mobile_sensor) StdoutLine: {'line': b'-- Installing: /home/ogan/ME461F25_LittleDaisies/project/ros_ws/install/mobile_sensor/share/mobile_sensor//node_modules/rclnodejs/generated/vision_msgs\n'}
[1.065487] (mobile_sensor) StdoutLine: {'line': b'-- Installing: /home/ogan/ME461F25_LittleDaisies/project/ros_ws/install/mobile_sensor/share/mobile_sensor//node_modules/rclnodejs/generated/vision_msgs/vision_msgs__msg__Detection2DArray.js\n'}
[1.065596] (mobile_sensor) StdoutLine: {'line': b'-- Installing: /home/ogan/ME461F25_LittleDaisies/project/ros_ws/install/mobile_sensor/share/mobile_sensor//node_modules/rclnodejs/generated/vision_msgs/vision_msgs__msg__Point2D.js\n'}
[1.065703] (mobile_sensor) StdoutLine: {'line': b'-- Installing: /home/ogan/ME461F25_LittleDaisies/project/ros_ws/install/mobile_sensor/share/mobile_sensor//node_modules/rclnodejs/generated/vision_msgs/vision_msgs__msg__VisionClass.js\n'}
[1.065801] (mobile_sensor) StdoutLine: {'line': b'-- Installing: /home/ogan/ME461F25_LittleDaisies/project/ros_ws/install/mobile_sensor/share/mobile_sensor//node_modules/rclnodejs/generated/vision_msgs/vision_msgs__msg__ObjectHypothesis.js\n'}
[1.065903] (mobile_sensor) StdoutLine: {'line': b'-- Installing: /home/ogan/ME461F25_LittleDaisies/project/ros_ws/install/mobile_sensor/share/mobile_sensor//node_modules/rclnodejs/generated/vision_msgs/vision_msgs__msg__BoundingBox2D.js\n'}
[1.066003] (mobile_sensor) StdoutLine: {'line': b'-- Installing: /home/ogan/ME461F25_LittleDaisies/project/ros_ws/install/mobile_sensor/share/mobile_sensor//node_modules/rclnodejs/generated/vision_msgs/vision_msgs__msg__BoundingBox3D.js\n'}
[1.066109] (mobile_sensor) StdoutLine: {'line': b'-- Installing: /home/ogan/ME461F25_LittleDaisies/project/ros_ws/install/mobile_sensor/share/mobile_sensor//node_modules/rclnodejs/generated/vision_msgs/vision_msgs__msg__Detection3DArray.js\n'}
[1.066219] (mobile_sensor) StdoutLine: {'line': b'-- Installing: /home/ogan/ME461F25_LittleDaisies/project/ros_ws/install/mobile_sensor/share/mobile_sensor//node_modules/rclnodejs/generated/vision_msgs/vision_msgs__msg__BoundingBox3DArray.js\n'}
[1.066319] (mobile_sensor) StdoutLine: {'line': b'-- Installing: /home/ogan/ME461F25_LittleDaisies/project/ros_ws/install/mobile_sensor/share/mobile_sensor//node_modules/rclnodejs/generated/vision_msgs/vision_msgs__msg__Pose2D.js\n'}
[1.066427] (mobile_sensor) StdoutLine: {'line': b'-- Installing: /home/ogan/ME461F25_LittleDaisies/project/ros_ws/install/mobile_sensor/share/mobile_sensor//node_modules/rclnodejs/generated/vision_msgs/vision_msgs__msg__ObjectHypothesisWithPose.js\n'}
[1.066529] (mobile_sensor) StdoutLine: {'line': b'-- Installing: /home/ogan/ME461F25_LittleDaisies/project/ros_ws/install/mobile_sensor/share/mobile_sensor//node_modules/rclnodejs/generated/vision_msgs/vision_msgs__msg__LabelInfo.js\n'}
[1.066633] (mobile_sensor) StdoutLine: {'line': b'-- Installing: /home/ogan/ME461F25_LittleDaisies/project/ros_ws/install/mobile_sensor/share/mobile_sensor//node_modules/rclnodejs/generated/vision_msgs/vision_msgs__msg__Detection2D.js\n'}
[1.066734] (mobile_sensor) StdoutLine: {'line': b'-- Installing: /home/ogan/ME461F25_LittleDaisies/project/ros_ws/install/mobile_sensor/share/mobile_sensor//node_modules/rclnodejs/generated/vision_msgs/vision_msgs__msg__VisionInfo.js\n'}
[1.066843] (mobile_sensor) StdoutLine: {'line': b'-- Installing: /home/ogan/ME461F25_LittleDaisies/project/ros_ws/install/mobile_sensor/share/mobile_sensor//node_modules/rclnodejs/generated/vision_msgs/vision_msgs__msg__BoundingBox2DArray.js\n'}
[1.066948] (mobile_sensor) StdoutLine: {'line': b'-- Installing: /home/ogan/ME461F25_LittleDaisies/project/ros_ws/install/mobile_sensor/share/mobile_sensor//node_modules/rclnodejs/generated/vision_msgs/vision_msgs__msg__Detection3D.js\n'}
[1.067056] (mobile_sensor) StdoutLine: {'line': b'-- Installing: /home/ogan/ME461F25_LittleDaisies/project/ros_ws/install/mobile_sensor/share/mobile_sensor//node_modules/rclnodejs/generated/vision_msgs/vision_msgs__msg__Classification.js\n'}
[1.067200] (mobile_sensor) StdoutLine: {'line': b'-- Installing: /home/ogan/ME461F25_LittleDaisies/project/ros_ws/install/mobile_sensor/share/mobile_sensor//node_modules/rclnodejs/generated/map_msgs\n'}
[1.067306] (mobile_sensor) StdoutLine: {'line': b'-- Installing: /home/ogan/ME461F25_LittleDaisies/project/ros_ws/install/mobile_sensor/share/mobile_sensor//node_modules/rclnodejs/generated/map_msgs/map_msgs__srv__GetPointMapROI_Request.js\n'}
[1.067390] (mobile_sensor) StdoutLine: {'line': b'-- Installing: /home/ogan/ME461F25_LittleDaisies/project/ros_ws/install/mobile_sensor/share/mobile_sensor//node_modules/rclnodejs/generated/map_msgs/map_msgs__srv__SetMapProjections_Request.js\n'}
[1.067492] (mobile_sensor) StdoutLine: {'line': b'-- Installing: /home/ogan/ME461F25_LittleDaisies/project/ros_ws/install/mobile_sensor/share/mobile_sensor//node_modules/rclnodejs/generated/map_msgs/map_msgs__srv__GetPointMapROI_Response.js\n'}
[1.067591] (mobile_sensor) StdoutLine: {'line': b'-- Installing: /home/ogan/ME461F25_LittleDaisies/project/ros_ws/install/mobile_sensor/share/mobile_sensor//node_modules/rclnodejs/generated/map_msgs/map_msgs__srv__SetMapProjections.js\n'}
[1.067690] (mobile_sensor) StdoutLine: {'line': b'-- Installing: /home/ogan/ME461F25_LittleDaisies/project/ros_ws/install/mobile_sensor/share/mobile_sensor//node_modules/rclnodejs/generated/map_msgs/map_msgs__srv__ProjectedMapsInfo_Response.js\n'}
[1.067793] (mobile_sensor) StdoutLine: {'line': b'-- Installing: /home/ogan/ME461F25_LittleDaisies/project/ros_ws/install/mobile_sensor/share/mobile_sensor//node_modules/rclnodejs/generated/map_msgs/map_msgs__srv__SetMapProjections_Response.js\n'}
[1.067899] (mobile_sensor) StdoutLine: {'line': b'-- Installing: /home/ogan/ME461F25_LittleDaisies/project/ros_ws/install/mobile_sensor/share/mobile_sensor//node_modules/rclnodejs/generated/map_msgs/map_msgs__srv__ProjectedMapsInfo_Request.js\n'}
[1.067996] (mobile_sensor) StdoutLine: {'line': b'-- Installing: /home/ogan/ME461F25_LittleDaisies/project/ros_ws/install/mobile_sensor/share/mobile_sensor//node_modules/rclnodejs/generated/map_msgs/map_msgs__msg__OccupancyGridUpdate.js\n'}
[1.068098] (mobile_sensor) StdoutLine: {'line': b'-- Installing: /home/ogan/ME461F25_LittleDaisies/project/ros_ws/install/mobile_sensor/share/mobile_sensor//node_modules/rclnodejs/generated/map_msgs/map_msgs__srv__SaveMap_Request.js\n'}
[1.068228] (mobile_sensor) StdoutLine: {'line': b'-- Installing: /home/ogan/ME461F25_LittleDaisies/project/ros_ws/install/mobile_sensor/share/mobile_sensor//node_modules/rclnodejs/generated/map_msgs/map_msgs__srv__GetMapROI_Response.js\n'}
[1.068345] (mobile_sensor) StdoutLine: {'line': b'-- Installing: /home/ogan/ME461F25_LittleDaisies/project/ros_ws/install/mobile_sensor/share/mobile_sensor//node_modules/rclnodejs/generated/map_msgs/map_msgs__srv__GetPointMap_Response.js\n'}
[1.068435] (mobile_sensor) StdoutLine: {'line': b'-- Installing: /home/ogan/ME461F25_LittleDaisies/project/ros_ws/install/mobile_sensor/share/mobile_sensor//node_modules/rclnodejs/generated/map_msgs/map_msgs__msg__PointCloud2Update.js\n'}
[1.068526] (mobile_sensor) StdoutLine: {'line': b'-- Installing: /home/ogan/ME461F25_LittleDaisies/project/ros_ws/install/mobile_sensor/share/mobile_sensor//node_modules/rclnodejs/generated/map_msgs/map_msgs__msg__ProjectedMap.js\n'}
[1.068638] (mobile_sensor) StdoutLine: {'line': b'-- Installing: /home/ogan/ME461F25_LittleDaisies/project/ros_ws/install/mobile_sensor/share/mobile_sensor//node_modules/rclnodejs/generated/map_msgs/map_msgs__srv__GetMapROI_Request.js\n'}
[1.068743] (mobile_sensor) StdoutLine: {'line': b'-- Installing: /home/ogan/ME461F25_LittleDaisies/project/ros_ws/install/mobile_sensor/share/mobile_sensor//node_modules/rclnodejs/generated/map_msgs/map_msgs__srv__SaveMap_Response.js\n'}
[1.068851] (mobile_sensor) StdoutLine: {'line': b'-- Installing: /home/ogan/ME461F25_LittleDaisies/project/ros_ws/install/mobile_sensor/share/mobile_sensor//node_modules/rclnodejs/generated/map_msgs/map_msgs__srv__GetPointMap.js\n'}
[1.068956] (mobile_sensor) StdoutLine: {'line': b'-- Installing: /home/ogan/ME461F25_LittleDaisies/project/ros_ws/install/mobile_sensor/share/mobile_sensor//node_modules/rclnodejs/generated/map_msgs/map_msgs__msg__ProjectedMapInfo.js\n'}
[1.069058] (mobile_sensor) StdoutLine: {'line': b'-- Installing: /home/ogan/ME461F25_LittleDaisies/project/ros_ws/install/mobile_sensor/share/mobile_sensor//node_modules/rclnodejs/generated/map_msgs/map_msgs__srv__GetMapROI.js\n'}
[1.069163] (mobile_sensor) StdoutLine: {'line': b'-- Installing: /home/ogan/ME461F25_LittleDaisies/project/ros_ws/install/mobile_sensor/share/mobile_sensor//node_modules/rclnodejs/generated/map_msgs/map_msgs__srv__GetPointMap_Request.js\n'}
[1.069264] (mobile_sensor) StdoutLine: {'line': b'-- Installing: /home/ogan/ME461F25_LittleDaisies/project/ros_ws/install/mobile_sensor/share/mobile_sensor//node_modules/rclnodejs/generated/map_msgs/map_msgs__srv__GetPointMapROI.js\n'}
[1.069363] (mobile_sensor) StdoutLine: {'line': b'-- Installing: /home/ogan/ME461F25_LittleDaisies/project/ros_ws/install/mobile_sensor/share/mobile_sensor//node_modules/rclnodejs/generated/map_msgs/map_msgs__srv__ProjectedMapsInfo.js\n'}
[1.069463] (mobile_sensor) StdoutLine: {'line': b'-- Installing: /home/ogan/ME461F25_LittleDaisies/project/ros_ws/install/mobile_sensor/share/mobile_sensor//node_modules/rclnodejs/generated/map_msgs/map_msgs__srv__SaveMap.js\n'}
[1.069560] (mobile_sensor) StdoutLine: {'line': b'-- Installing: /home/ogan/ME461F25_LittleDaisies/project/ros_ws/install/mobile_sensor/share/mobile_sensor//node_modules/rclnodejs/generated/nav_msgs\n'}
[1.069641] (mobile_sensor) StdoutLine: {'line': b'-- Installing: /home/ogan/ME461F25_LittleDaisies/project/ros_ws/install/mobile_sensor/share/mobile_sensor//node_modules/rclnodejs/generated/nav_msgs/nav_msgs__msg__Odometry.js\n'}
[1.069748] (mobile_sensor) StdoutLine: {'line': b'-- Installing: /home/ogan/ME461F25_LittleDaisies/project/ros_ws/install/mobile_sensor/share/mobile_sensor//node_modules/rclnodejs/generated/nav_msgs/nav_msgs__srv__GetMap_Request.js\n'}
[1.069848] (mobile_sensor) StdoutLine: {'line': b'-- Installing: /home/ogan/ME461F25_LittleDaisies/project/ros_ws/install/mobile_sensor/share/mobile_sensor//node_modules/rclnodejs/generated/nav_msgs/nav_msgs__srv__SetMap_Request.js\n'}
[1.069950] (mobile_sensor) StdoutLine: {'line': b'-- Installing: /home/ogan/ME461F25_LittleDaisies/project/ros_ws/install/mobile_sensor/share/mobile_sensor//node_modules/rclnodejs/generated/nav_msgs/nav_msgs__srv__GetPlan_Response.js\n'}
[1.070052] (mobile_sensor) StdoutLine: {'line': b'-- Installing: /home/ogan/ME461F25_LittleDaisies/project/ros_ws/install/mobile_sensor/share/mobile_sensor//node_modules/rclnodejs/generated/nav_msgs/nav_msgs__srv__SetMap.js\n'}
[1.070162] (mobile_sensor) StdoutLine: {'line': b'-- Installing: /home/ogan/ME461F25_LittleDaisies/project/ros_ws/install/mobile_sensor/share/mobile_sensor//node_modules/rclnodejs/generated/nav_msgs/nav_msgs__srv__GetPlan.js\n'}
[1.070268] (mobile_sensor) StdoutLine: {'line': b'-- Installing: /home/ogan/ME461F25_LittleDaisies/project/ros_ws/install/mobile_sensor/share/mobile_sensor//node_modules/rclnodejs/generated/nav_msgs/nav_msgs__msg__Path.js\n'}
[1.070376] (mobile_sensor) StdoutLine: {'line': b'-- Installing: /home/ogan/ME461F25_LittleDaisies/project/ros_ws/install/mobile_sensor/share/mobile_sensor//node_modules/rclnodejs/generated/nav_msgs/nav_msgs__srv__GetPlan_Request.js\n'}
[1.070482] (mobile_sensor) StdoutLine: {'line': b'-- Installing: /home/ogan/ME461F25_LittleDaisies/project/ros_ws/install/mobile_sensor/share/mobile_sensor//node_modules/rclnodejs/generated/nav_msgs/nav_msgs__srv__GetMap.js\n'}
[1.070585] (mobile_sensor) StdoutLine: {'line': b'-- Installing: /home/ogan/ME461F25_LittleDaisies/project/ros_ws/install/mobile_sensor/share/mobile_sensor//node_modules/rclnodejs/generated/nav_msgs/nav_msgs__msg__OccupancyGrid.js\n'}
[1.070692] (mobile_sensor) StdoutLine: {'line': b'-- Installing: /home/ogan/ME461F25_LittleDaisies/project/ros_ws/install/mobile_sensor/share/mobile_sensor//node_modules/rclnodejs/generated/nav_msgs/nav_msgs__msg__MapMetaData.js\n'}
[1.070793] (mobile_sensor) StdoutLine: {'line': b'-- Installing: /home/ogan/ME461F25_LittleDaisies/project/ros_ws/install/mobile_sensor/share/mobile_sensor//node_modules/rclnodejs/generated/nav_msgs/nav_msgs__srv__GetMap_Response.js\n'}
[1.070906] (mobile_sensor) StdoutLine: {'line': b'-- Installing: /home/ogan/ME461F25_LittleDaisies/project/ros_ws/install/mobile_sensor/share/mobile_sensor//node_modules/rclnodejs/generated/nav_msgs/nav_msgs__srv__LoadMap_Response.js\n'}
[1.071001] (mobile_sensor) StdoutLine: {'line': b'-- Installing: /home/ogan/ME461F25_LittleDaisies/project/ros_ws/install/mobile_sensor/share/mobile_sensor//node_modules/rclnodejs/generated/nav_msgs/nav_msgs__srv__SetMap_Response.js\n'}
[1.071103] (mobile_sensor) StdoutLine: {'line': b'-- Installing: /home/ogan/ME461F25_LittleDaisies/project/ros_ws/install/mobile_sensor/share/mobile_sensor//node_modules/rclnodejs/generated/nav_msgs/nav_msgs__srv__LoadMap.js\n'}
[1.071212] (mobile_sensor) StdoutLine: {'line': b'-- Installing: /home/ogan/ME461F25_LittleDaisies/project/ros_ws/install/mobile_sensor/share/mobile_sensor//node_modules/rclnodejs/generated/nav_msgs/nav_msgs__msg__Goals.js\n'}
[1.071318] (mobile_sensor) StdoutLine: {'line': b'-- Installing: /home/ogan/ME461F25_LittleDaisies/project/ros_ws/install/mobile_sensor/share/mobile_sensor//node_modules/rclnodejs/generated/nav_msgs/nav_msgs__srv__LoadMap_Request.js\n'}
[1.071424] (mobile_sensor) StdoutLine: {'line': b'-- Installing: /home/ogan/ME461F25_LittleDaisies/project/ros_ws/install/mobile_sensor/share/mobile_sensor//node_modules/rclnodejs/generated/nav_msgs/nav_msgs__msg__GridCells.js\n'}
[1.071526] (mobile_sensor) StdoutLine: {'line': b'-- Installing: /home/ogan/ME461F25_LittleDaisies/project/ros_ws/install/mobile_sensor/share/mobile_sensor//node_modules/rclnodejs/generated/ros_gz_interfaces\n'}
[1.071613] (mobile_sensor) StdoutLine: {'line': b'-- Installing: /home/ogan/ME461F25_LittleDaisies/project/ros_ws/install/mobile_sensor/share/mobile_sensor//node_modules/rclnodejs/generated/ros_gz_interfaces/ros_gz_interfaces__srv__DeleteEntity.js\n'}
[1.071713] (mobile_sensor) StdoutLine: {'line': b'-- Installing: /home/ogan/ME461F25_LittleDaisies/project/ros_ws/install/mobile_sensor/share/mobile_sensor//node_modules/rclnodejs/generated/ros_gz_interfaces/ros_gz_interfaces__msg__EntityFactory.js\n'}
[1.071827] (mobile_sensor) StdoutLine: {'line': b'-- Installing: /home/ogan/ME461F25_LittleDaisies/project/ros_ws/install/mobile_sensor/share/mobile_sensor//node_modules/rclnodejs/generated/ros_gz_interfaces/ros_gz_interfaces__srv__SpawnEntity_Request.js\n'}
[1.071943] (mobile_sensor) StdoutLine: {'line': b'-- Installing: /home/ogan/ME461F25_LittleDaisies/project/ros_ws/install/mobile_sensor/share/mobile_sensor//node_modules/rclnodejs/generated/ros_gz_interfaces/ros_gz_interfaces__srv__SetEntityPose_Request.js\n'}
[1.072079] (mobile_sensor) StdoutLine: {'line': b'-- Installing: /home/ogan/ME461F25_LittleDaisies/project/ros_ws/install/mobile_sensor/share/mobile_sensor//node_modules/rclnodejs/generated/ros_gz_interfaces/ros_gz_interfaces__msg__Altimeter.js\n'}
[1.072204] (mobile_sensor) StdoutLine: {'line': b'-- Installing: /home/ogan/ME461F25_LittleDaisies/project/ros_ws/install/mobile_sensor/share/mobile_sensor//node_modules/rclnodejs/generated/ros_gz_interfaces/ros_gz_interfaces__srv__SpawnEntity_Response.js\n'}
[1.072316] (mobile_sensor) StdoutLine: {'line': b'-- Installing: /home/ogan/ME461F25_LittleDaisies/project/ros_ws/install/mobile_sensor/share/mobile_sensor//node_modules/rclnodejs/generated/ros_gz_interfaces/ros_gz_interfaces__msg__GuiCamera.js\n'}
[1.072431] (mobile_sensor) StdoutLine: {'line': b'-- Installing: /home/ogan/ME461F25_LittleDaisies/project/ros_ws/install/mobile_sensor/share/mobile_sensor//node_modules/rclnodejs/generated/ros_gz_interfaces/ros_gz_interfaces__msg__JointWrench.js\n'}
[1.072539] (mobile_sensor) StdoutLine: {'line': b'-- Installing: /home/ogan/ME461F25_LittleDaisies/project/ros_ws/install/mobile_sensor/share/mobile_sensor//node_modules/rclnodejs/generated/ros_gz_interfaces/ros_gz_interfaces__msg__WorldReset.js\n'}
[1.072658] (mobile_sensor) StdoutLine: {'line': b'-- Installing: /home/ogan/ME461F25_LittleDaisies/project/ros_ws/install/mobile_sensor/share/mobile_sensor//node_modules/rclnodejs/generated/ros_gz_interfaces/ros_gz_interfaces__srv__ControlWorld_Request.js\n'}
[1.072768] (mobile_sensor) StdoutLine: {'line': b'-- Installing: /home/ogan/ME461F25_LittleDaisies/project/ros_ws/install/mobile_sensor/share/mobile_sensor//node_modules/rclnodejs/generated/ros_gz_interfaces/ros_gz_interfaces__srv__SpawnEntity.js\n'}
[1.072872] (mobile_sensor) StdoutLine: {'line': b'-- Installing: /home/ogan/ME461F25_LittleDaisies/project/ros_ws/install/mobile_sensor/share/mobile_sensor//node_modules/rclnodejs/generated/ros_gz_interfaces/ros_gz_interfaces__msg__Contacts.js\n'}
[1.072984] (mobile_sensor) StdoutLine: {'line': b'-- Installing: /home/ogan/ME461F25_LittleDaisies/project/ros_ws/install/mobile_sensor/share/mobile_sensor//node_modules/rclnodejs/generated/ros_gz_interfaces/ros_gz_interfaces__srv__DeleteEntity_Response.js\n'}
[1.073099] (mobile_sensor) StdoutLine: {'line': b'-- Installing: /home/ogan/ME461F25_LittleDaisies/project/ros_ws/install/mobile_sensor/share/mobile_sensor//node_modules/rclnodejs/generated/ros_gz_interfaces/ros_gz_interfaces__msg__SensorNoise.js\n'}
[1.073215] (mobile_sensor) StdoutLine: {'line': b'-- Installing: /home/ogan/ME461F25_LittleDaisies/project/ros_ws/install/mobile_sensor/share/mobile_sensor//node_modules/rclnodejs/generated/ros_gz_interfaces/ros_gz_interfaces__msg__Float32Array.js\n'}
[1.073329] (mobile_sensor) StdoutLine: {'line': b'-- Installing: /home/ogan/ME461F25_LittleDaisies/project/ros_ws/install/mobile_sensor/share/mobile_sensor//node_modules/rclnodejs/generated/ros_gz_interfaces/ros_gz_interfaces__srv__SetEntityPose_Response.js\n'}
[1.073432] (mobile_sensor) StdoutLine: {'line': b'-- Installing: /home/ogan/ME461F25_LittleDaisies/project/ros_ws/install/mobile_sensor/share/mobile_sensor//node_modules/rclnodejs/generated/ros_gz_interfaces/ros_gz_interfaces__msg__MaterialColor.js\n'}
[1.073549] (mobile_sensor) StdoutLine: {'line': b'-- Installing: /home/ogan/ME461F25_LittleDaisies/project/ros_ws/install/mobile_sensor/share/mobile_sensor//node_modules/rclnodejs/generated/ros_gz_interfaces/ros_gz_interfaces__msg__Contact.js\n'}
[1.073655] (mobile_sensor) StdoutLine: {'line': b'-- Installing: /home/ogan/ME461F25_LittleDaisies/project/ros_ws/install/mobile_sensor/share/mobile_sensor//node_modules/rclnodejs/generated/ros_gz_interfaces/ros_gz_interfaces__msg__WorldControl.js\n'}
[1.073759] (mobile_sensor) StdoutLine: {'line': b'-- Installing: /home/ogan/ME461F25_LittleDaisies/project/ros_ws/install/mobile_sensor/share/mobile_sensor//node_modules/rclnodejs/generated/ros_gz_interfaces/ros_gz_interfaces__msg__Light.js\n'}
[1.073872] (mobile_sensor) StdoutLine: {'line': b'-- Installing: /home/ogan/ME461F25_LittleDaisies/project/ros_ws/install/mobile_sensor/share/mobile_sensor//node_modules/rclnodejs/generated/ros_gz_interfaces/ros_gz_interfaces__srv__ControlWorld_Response.js\n'}
[1.073981] (mobile_sensor) StdoutLine: {'line': b'-- Installing: /home/ogan/ME461F25_LittleDaisies/project/ros_ws/install/mobile_sensor/share/mobile_sensor//node_modules/rclnodejs/generated/ros_gz_interfaces/ros_gz_interfaces__msg__Dataframe.js\n'}
[1.074092] (mobile_sensor) StdoutLine: {'line': b'-- Installing: /home/ogan/ME461F25_LittleDaisies/project/ros_ws/install/mobile_sensor/share/mobile_sensor//node_modules/rclnodejs/generated/ros_gz_interfaces/ros_gz_interfaces__msg__TrackVisual.js\n'}
[1.074218] (mobile_sensor) StdoutLine: {'line': b'-- Installing: /home/ogan/ME461F25_LittleDaisies/project/ros_ws/install/mobile_sensor/share/mobile_sensor//node_modules/rclnodejs/generated/ros_gz_interfaces/ros_gz_interfaces__msg__EntityWrench.js\n'}
[1.074330] (mobile_sensor) StdoutLine: {'line': b'-- Installing: /home/ogan/ME461F25_LittleDaisies/project/ros_ws/install/mobile_sensor/share/mobile_sensor//node_modules/rclnodejs/generated/ros_gz_interfaces/ros_gz_interfaces__msg__ParamVec.js\n'}
[1.074441] (mobile_sensor) StdoutLine: {'line': b'-- Installing: /home/ogan/ME461F25_LittleDaisies/project/ros_ws/install/mobile_sensor/share/mobile_sensor//node_modules/rclnodejs/generated/ros_gz_interfaces/ros_gz_interfaces__srv__SetEntityPose.js\n'}
[1.074541] (mobile_sensor) StdoutLine: {'line': b'-- Installing: /home/ogan/ME461F25_LittleDaisies/project/ros_ws/install/mobile_sensor/share/mobile_sensor//node_modules/rclnodejs/generated/ros_gz_interfaces/ros_gz_interfaces__srv__ControlWorld.js\n'}
[1.074640] (mobile_sensor) StdoutLine: {'line': b'-- Installing: /home/ogan/ME461F25_LittleDaisies/project/ros_ws/install/mobile_sensor/share/mobile_sensor//node_modules/rclnodejs/generated/ros_gz_interfaces/ros_gz_interfaces__srv__DeleteEntity_Request.js\n'}
[1.074744] (mobile_sensor) StdoutLine: {'line': b'-- Installing: /home/ogan/ME461F25_LittleDaisies/project/ros_ws/install/mobile_sensor/share/mobile_sensor//node_modules/rclnodejs/generated/ros_gz_interfaces/ros_gz_interfaces__msg__VideoRecord.js\n'}
[1.074855] (mobile_sensor) StdoutLine: {'line': b'-- Installing: /home/ogan/ME461F25_LittleDaisies/project/ros_ws/install/mobile_sensor/share/mobile_sensor//node_modules/rclnodejs/generated/ros_gz_interfaces/ros_gz_interfaces__msg__Entity.js\n'}
[1.074961] (mobile_sensor) StdoutLine: {'line': b'-- Installing: /home/ogan/ME461F25_LittleDaisies/project/ros_ws/install/mobile_sensor/share/mobile_sensor//node_modules/rclnodejs/generated/ros_gz_interfaces/ros_gz_interfaces__msg__StringVec.js\n'}
[1.075085] (mobile_sensor) StdoutLine: {'line': b'-- Installing: /home/ogan/ME461F25_LittleDaisies/project/ros_ws/install/mobile_sensor/share/mobile_sensor//node_modules/rclnodejs/generated/rosgraph_msgs\n'}
[1.075174] (mobile_sensor) StdoutLine: {'line': b'-- Installing: /home/ogan/ME461F25_LittleDaisies/project/ros_ws/install/mobile_sensor/share/mobile_sensor//node_modules/rclnodejs/generated/rosgraph_msgs/rosgraph_msgs__msg__Clock.js\n'}
[1.075270] (mobile_sensor) StdoutLine: {'line': b'-- Installing: /home/ogan/ME461F25_LittleDaisies/project/ros_ws/install/mobile_sensor/share/mobile_sensor//node_modules/rclnodejs/package.json\n'}
[1.075362] (mobile_sensor) StdoutLine: {'line': b'-- Installing: /home/ogan/ME461F25_LittleDaisies/project/ros_ws/install/mobile_sensor/share/mobile_sensor//node_modules/rclnodejs/src\n'}
[1.075437] (mobile_sensor) StdoutLine: {'line': b'-- Installing: /home/ogan/ME461F25_LittleDaisies/project/ros_ws/install/mobile_sensor/share/mobile_sensor//node_modules/rclnodejs/src/executor.cpp\n'}
[1.075543] (mobile_sensor) StdoutLine: {'line': b'-- Installing: /home/ogan/ME461F25_LittleDaisies/project/ros_ws/install/mobile_sensor/share/mobile_sensor//node_modules/rclnodejs/src/rcl_utilities.hpp\n'}
[1.075645] (mobile_sensor) StdoutLine: {'line': b'-- Installing: /home/ogan/ME461F25_LittleDaisies/project/ros_ws/install/mobile_sensor/share/mobile_sensor//node_modules/rclnodejs/src/rcl_bindings.hpp\n'}
[1.075743] (mobile_sensor) StdoutLine: {'line': b'-- Installing: /home/ogan/ME461F25_LittleDaisies/project/ros_ws/install/mobile_sensor/share/mobile_sensor//node_modules/rclnodejs/src/handle_manager.cpp\n'}
[1.075851] (mobile_sensor) StdoutLine: {'line': b'-- Installing: /home/ogan/ME461F25_LittleDaisies/project/ros_ws/install/mobile_sensor/share/mobile_sensor//node_modules/rclnodejs/src/rcl_lifecycle_bindings.hpp\n'}
[1.075949] (mobile_sensor) StdoutLine: {'line': b'-- Installing: /home/ogan/ME461F25_LittleDaisies/project/ros_ws/install/mobile_sensor/share/mobile_sensor//node_modules/rclnodejs/src/handle_manager.hpp\n'}
[1.076050] (mobile_sensor) StdoutLine: {'line': b'-- Installing: /home/ogan/ME461F25_LittleDaisies/project/ros_ws/install/mobile_sensor/share/mobile_sensor//node_modules/rclnodejs/src/shadow_node.cpp\n'}
[1.076157] (mobile_sensor) StdoutLine: {'line': b'-- Installing: /home/ogan/ME461F25_LittleDaisies/project/ros_ws/install/mobile_sensor/share/mobile_sensor//node_modules/rclnodejs/src/rcl_action_bindings.hpp\n'}
[1.076258] (mobile_sensor) StdoutLine: {'line': b'-- Installing: /home/ogan/ME461F25_LittleDaisies/project/ros_ws/install/mobile_sensor/share/mobile_sensor//node_modules/rclnodejs/src/rcl_utilities.cpp\n'}
[1.076354] (mobile_sensor) StdoutLine: {'line': b'-- Installing: /home/ogan/ME461F25_LittleDaisies/project/ros_ws/install/mobile_sensor/share/mobile_sensor//node_modules/rclnodejs/src/rcl_handle.hpp\n'}
[1.076449] (mobile_sensor) StdoutLine: {'line': b'-- Installing: /home/ogan/ME461F25_LittleDaisies/project/ros_ws/install/mobile_sensor/share/mobile_sensor//node_modules/rclnodejs/src/rcl_bindings.cpp\n'}
[1.076629] (mobile_sensor) StdoutLine: {'line': b'-- Installing: /home/ogan/ME461F25_LittleDaisies/project/ros_ws/install/mobile_sensor/share/mobile_sensor//node_modules/rclnodejs/src/shadow_node.hpp\n'}
[1.076725] (mobile_sensor) StdoutLine: {'line': b'-- Installing: /home/ogan/ME461F25_LittleDaisies/project/ros_ws/install/mobile_sensor/share/mobile_sensor//node_modules/rclnodejs/src/addon.cpp\n'}
[1.076821] (mobile_sensor) StdoutLine: {'line': b'-- Installing: /home/ogan/ME461F25_LittleDaisies/project/ros_ws/install/mobile_sensor/share/mobile_sensor//node_modules/rclnodejs/src/rcl_lifecycle_bindings.cpp\n'}
[1.076934] (mobile_sensor) StdoutLine: {'line': b'-- Installing: /home/ogan/ME461F25_LittleDaisies/project/ros_ws/install/mobile_sensor/share/mobile_sensor//node_modules/rclnodejs/src/executor.hpp\n'}
[1.077030] (mobile_sensor) StdoutLine: {'line': b'-- Installing: /home/ogan/ME461F25_LittleDaisies/project/ros_ws/install/mobile_sensor/share/mobile_sensor//node_modules/rclnodejs/src/rcl_action_bindings.cpp\n'}
[1.077238] (mobile_sensor) StdoutLine: {'line': b'-- Installing: /home/ogan/ME461F25_LittleDaisies/project/ros_ws/install/mobile_sensor/share/mobile_sensor//node_modules/rclnodejs/src/rcl_handle.cpp\n'}
[1.077330] (mobile_sensor) StdoutLine: {'line': b'-- Installing: /home/ogan/ME461F25_LittleDaisies/project/ros_ws/install/mobile_sensor/share/mobile_sensor//node_modules/rclnodejs/src/macros.hpp\n'}
[1.077415] (mobile_sensor) StdoutLine: {'line': b'-- Installing: /home/ogan/ME461F25_LittleDaisies/project/ros_ws/install/mobile_sensor/share/mobile_sensor//node_modules/rclnodejs/LICENSE\n'}
[1.077517] (mobile_sensor) StdoutLine: {'line': b'-- Installing: /home/ogan/ME461F25_LittleDaisies/project/ros_ws/install/mobile_sensor/share/mobile_sensor//node_modules/rclnodejs/rosidl_parser\n'}
[1.077585] (mobile_sensor) StdoutLine: {'line': b'-- Installing: /home/ogan/ME461F25_LittleDaisies/project/ros_ws/install/mobile_sensor/share/mobile_sensor//node_modules/rclnodejs/rosidl_parser/py_utils.js\n'}
[1.077684] (mobile_sensor) StdoutLine: {'line': b'-- Installing: /home/ogan/ME461F25_LittleDaisies/project/ros_ws/install/mobile_sensor/share/mobile_sensor//node_modules/rclnodejs/rosidl_parser/rosidl_parser.js\n'}
[1.077779] (mobile_sensor) StdoutLine: {'line': b'-- Installing: /home/ogan/ME461F25_LittleDaisies/project/ros_ws/install/mobile_sensor/share/mobile_sensor//node_modules/rclnodejs/rosidl_parser/parser.py\n'}
[1.077872] (mobile_sensor) StdoutLine: {'line': b'-- Installing: /home/ogan/ME461F25_LittleDaisies/project/ros_ws/install/mobile_sensor/share/mobile_sensor//node_modules/rclnodejs/binding.gyp\n'}
[1.077973] (mobile_sensor) StdoutLine: {'line': b'-- Installing: /home/ogan/ME461F25_LittleDaisies/project/ros_ws/install/mobile_sensor/share/mobile_sensor//node_modules/rclnodejs/index.js\n'}
[1.078082] (mobile_sensor) StdoutLine: {'line': b'-- Installing: /home/ogan/ME461F25_LittleDaisies/project/ros_ws/install/mobile_sensor/share/mobile_sensor//node_modules/rclnodejs/types\n'}
[1.078167] (mobile_sensor) StdoutLine: {'line': b'-- Installing: /home/ogan/ME461F25_LittleDaisies/project/ros_ws/install/mobile_sensor/share/mobile_sensor//node_modules/rclnodejs/types/distro.d.ts\n'}
[1.078266] (mobile_sensor) StdoutLine: {'line': b'-- Installing: /home/ogan/ME461F25_LittleDaisies/project/ros_ws/install/mobile_sensor/share/mobile_sensor//node_modules/rclnodejs/types/rate.d.ts\n'}
[1.078362] (mobile_sensor) StdoutLine: {'line': b'-- Installing: /home/ogan/ME461F25_LittleDaisies/project/ros_ws/install/mobile_sensor/share/mobile_sensor//node_modules/rclnodejs/types/logging.d.ts\n'}
[1.078457] (mobile_sensor) StdoutLine: {'line': b'-- Installing: /home/ogan/ME461F25_LittleDaisies/project/ros_ws/install/mobile_sensor/share/mobile_sensor//node_modules/rclnodejs/types/qos.d.ts\n'}
[1.078553] (mobile_sensor) StdoutLine: {'line': b'-- Installing: /home/ogan/ME461F25_LittleDaisies/project/ros_ws/install/mobile_sensor/share/mobile_sensor//node_modules/rclnodejs/types/duration.d.ts\n'}
[1.078649] (mobile_sensor) StdoutLine: {'line': b'-- Installing: /home/ogan/ME461F25_LittleDaisies/project/ros_ws/install/mobile_sensor/share/mobile_sensor//node_modules/rclnodejs/types/context.d.ts\n'}
[1.078745] (mobile_sensor) StdoutLine: {'line': b'-- Installing: /home/ogan/ME461F25_LittleDaisies/project/ros_ws/install/mobile_sensor/share/mobile_sensor//node_modules/rclnodejs/types/timer.d.ts\n'}
[1.078842] (mobile_sensor) StdoutLine: {'line': b'-- Installing: /home/ogan/ME461F25_LittleDaisies/project/ros_ws/install/mobile_sensor/share/mobile_sensor//node_modules/rclnodejs/types/interfaces.d.ts\n'}
[1.079282] (mobile_sensor) StdoutLine: {'line': b'-- Installing: /home/ogan/ME461F25_LittleDaisies/project/ros_ws/install/mobile_sensor/share/mobile_sensor//node_modules/rclnodejs/types/entity.d.ts\n'}
[1.079380] (mobile_sensor) StdoutLine: {'line': b'-- Installing: /home/ogan/ME461F25_LittleDaisies/project/ros_ws/install/mobile_sensor/share/mobile_sensor//node_modules/rclnodejs/types/service.d.ts\n'}
[1.079504] (mobile_sensor) StdoutLine: {'line': b'-- Installing: /home/ogan/ME461F25_LittleDaisies/project/ros_ws/install/mobile_sensor/share/mobile_sensor//node_modules/rclnodejs/types/lifecycle_publisher.d.ts\n'}
[1.079590] (mobile_sensor) StdoutLine: {'line': b'-- Installing: /home/ogan/ME461F25_LittleDaisies/project/ros_ws/install/mobile_sensor/share/mobile_sensor//node_modules/rclnodejs/types/action_server.d.ts\n'}
[1.079691] (mobile_sensor) StdoutLine: {'line': b'-- Installing: /home/ogan/ME461F25_LittleDaisies/project/ros_ws/install/mobile_sensor/share/mobile_sensor//node_modules/rclnodejs/types/guard_condition.d.ts\n'}
[1.079787] (mobile_sensor) StdoutLine: {'line': b'-- Installing: /home/ogan/ME461F25_LittleDaisies/project/ros_ws/install/mobile_sensor/share/mobile_sensor//node_modules/rclnodejs/types/node_options.d.ts\n'}
[1.079884] (mobile_sensor) StdoutLine: {'line': b'-- Installing: /home/ogan/ME461F25_LittleDaisies/project/ros_ws/install/mobile_sensor/share/mobile_sensor//node_modules/rclnodejs/types/publisher.d.ts\n'}
[1.079980] (mobile_sensor) StdoutLine: {'line': b'-- Installing: /home/ogan/ME461F25_LittleDaisies/project/ros_ws/install/mobile_sensor/share/mobile_sensor//node_modules/rclnodejs/types/parameter.d.ts\n'}
[1.080079] (mobile_sensor) StdoutLine: {'line': b'-- Installing: /home/ogan/ME461F25_LittleDaisies/project/ros_ws/install/mobile_sensor/share/mobile_sensor//node_modules/rclnodejs/types/action_client.d.ts\n'}
[1.080189] (mobile_sensor) StdoutLine: {'line': b'-- Installing: /home/ogan/ME461F25_LittleDaisies/project/ros_ws/install/mobile_sensor/share/mobile_sensor//node_modules/rclnodejs/types/base.d.ts\n'}
[1.080288] (mobile_sensor) StdoutLine: {'line': b'-- Installing: /home/ogan/ME461F25_LittleDaisies/project/ros_ws/install/mobile_sensor/share/mobile_sensor//node_modules/rclnodejs/types/node.d.ts\n'}
[1.080408] (mobile_sensor) StdoutLine: {'line': b'-- Installing: /home/ogan/ME461F25_LittleDaisies/project/ros_ws/install/mobile_sensor/share/mobile_sensor//node_modules/rclnodejs/types/index.d.ts\n'}
[1.080514] (mobile_sensor) StdoutLine: {'line': b'-- Installing: /home/ogan/ME461F25_LittleDaisies/project/ros_ws/install/mobile_sensor/share/mobile_sensor//node_modules/rclnodejs/types/time.d.ts\n'}
[1.080613] (mobile_sensor) StdoutLine: {'line': b'-- Installing: /home/ogan/ME461F25_LittleDaisies/project/ros_ws/install/mobile_sensor/share/mobile_sensor//node_modules/rclnodejs/types/client.d.ts\n'}
[1.080710] (mobile_sensor) StdoutLine: {'line': b'-- Installing: /home/ogan/ME461F25_LittleDaisies/project/ros_ws/install/mobile_sensor/share/mobile_sensor//node_modules/rclnodejs/types/subscription.d.ts\n'}
[1.080808] (mobile_sensor) StdoutLine: {'line': b'-- Installing: /home/ogan/ME461F25_LittleDaisies/project/ros_ws/install/mobile_sensor/share/mobile_sensor//node_modules/rclnodejs/types/action_uuid.d.ts\n'}
[1.080907] (mobile_sensor) StdoutLine: {'line': b'-- Installing: /home/ogan/ME461F25_LittleDaisies/project/ros_ws/install/mobile_sensor/share/mobile_sensor//node_modules/rclnodejs/types/service_introspection.d.ts\n'}
[1.081016] (mobile_sensor) StdoutLine: {'line': b'-- Installing: /home/ogan/ME461F25_LittleDaisies/project/ros_ws/install/mobile_sensor/share/mobile_sensor//node_modules/rclnodejs/types/time_source.d.ts\n'}
[1.081117] (mobile_sensor) StdoutLine: {'line': b'-- Installing: /home/ogan/ME461F25_LittleDaisies/project/ros_ws/install/mobile_sensor/share/mobile_sensor//node_modules/rclnodejs/types/clock_type.d.ts\n'}
[1.081228] (mobile_sensor) StdoutLine: {'line': b'-- Installing: /home/ogan/ME461F25_LittleDaisies/project/ros_ws/install/mobile_sensor/share/mobile_sensor//node_modules/rclnodejs/types/clock.d.ts\n'}
[1.081324] (mobile_sensor) StdoutLine: {'line': b'-- Installing: /home/ogan/ME461F25_LittleDaisies/project/ros_ws/install/mobile_sensor/share/mobile_sensor//node_modules/rclnodejs/types/lifecycle.d.ts\n'}
[1.081431] (mobile_sensor) StdoutLine: {'line': b'-- Installing: /home/ogan/ME461F25_LittleDaisies/project/ros_ws/install/mobile_sensor/share/mobile_sensor//node_modules/rclnodejs/lib\n'}
[1.081510] (mobile_sensor) StdoutLine: {'line': b'-- Installing: /home/ogan/ME461F25_LittleDaisies/project/ros_ws/install/mobile_sensor/share/mobile_sensor//node_modules/rclnodejs/lib/subscription.js\n'}
[1.081609] (mobile_sensor) StdoutLine: {'line': b'-- Installing: /home/ogan/ME461F25_LittleDaisies/project/ros_ws/install/mobile_sensor/share/mobile_sensor//node_modules/rclnodejs/lib/qos.js\n'}
[1.081711] (mobile_sensor) StdoutLine: {'line': b'-- Installing: /home/ogan/ME461F25_LittleDaisies/project/ros_ws/install/mobile_sensor/share/mobile_sensor//node_modules/rclnodejs/lib/clock_type.js\n'}
[1.081807] (mobile_sensor) StdoutLine: {'line': b'-- Installing: /home/ogan/ME461F25_LittleDaisies/project/ros_ws/install/mobile_sensor/share/mobile_sensor//node_modules/rclnodejs/lib/interface_loader.js\n'}
[1.081904] (mobile_sensor) StdoutLine: {'line': b'-- Installing: /home/ogan/ME461F25_LittleDaisies/project/ros_ws/install/mobile_sensor/share/mobile_sensor//node_modules/rclnodejs/lib/time_source.js\n'}
[1.082005] (mobile_sensor) StdoutLine: {'line': b'-- Installing: /home/ogan/ME461F25_LittleDaisies/project/ros_ws/install/mobile_sensor/share/mobile_sensor//node_modules/rclnodejs/lib/rmw.js\n'}
[1.082104] (mobile_sensor) StdoutLine: {'line': b'-- Installing: /home/ogan/ME461F25_LittleDaisies/project/ros_ws/install/mobile_sensor/share/mobile_sensor//node_modules/rclnodejs/lib/distro.js\n'}
[1.082256] (mobile_sensor) StdoutLine: {'line': b'-- Installing: /home/ogan/ME461F25_LittleDaisies/project/ros_ws/install/mobile_sensor/share/mobile_sensor//node_modules/rclnodejs/lib/logging.js\n'}
[1.082362] (mobile_sensor) StdoutLine: {'line': b'-- Installing: /home/ogan/ME461F25_LittleDaisies/project/ros_ws/install/mobile_sensor/share/mobile_sensor//node_modules/rclnodejs/lib/lifecycle_publisher.js\n'}
[1.082464] (mobile_sensor) StdoutLine: {'line': b'-- Installing: /home/ogan/ME461F25_LittleDaisies/project/ros_ws/install/mobile_sensor/share/mobile_sensor//node_modules/rclnodejs/lib/context.js\n'}
[1.082566] (mobile_sensor) StdoutLine: {'line': b'-- Installing: /home/ogan/ME461F25_LittleDaisies/project/ros_ws/install/mobile_sensor/share/mobile_sensor//node_modules/rclnodejs/lib/service_introspection.js\n'}
[1.082667] (mobile_sensor) StdoutLine: {'line': b'-- Installing: /home/ogan/ME461F25_LittleDaisies/project/ros_ws/install/mobile_sensor/share/mobile_sensor//node_modules/rclnodejs/lib/clock.js\n'}
[1.082764] (mobile_sensor) StdoutLine: {'line': b'-- Installing: /home/ogan/ME461F25_LittleDaisies/project/ros_ws/install/mobile_sensor/share/mobile_sensor//node_modules/rclnodejs/lib/client.js\n'}
[1.082890] (mobile_sensor) StdoutLine: {'line': b'-- Installing: /home/ogan/ME461F25_LittleDaisies/project/ros_ws/install/mobile_sensor/share/mobile_sensor//node_modules/rclnodejs/lib/parameter_service.js\n'}
[1.082995] (mobile_sensor) StdoutLine: {'line': b'-- Installing: /home/ogan/ME461F25_LittleDaisies/project/ros_ws/install/mobile_sensor/share/mobile_sensor//node_modules/rclnodejs/lib/entity.js\n'}
[1.083095] (mobile_sensor) StdoutLine: {'line': b'-- Installing: /home/ogan/ME461F25_LittleDaisies/project/ros_ws/install/mobile_sensor/share/mobile_sensor//node_modules/rclnodejs/lib/node_options.js\n'}
[1.083202] (mobile_sensor) StdoutLine: {'line': b'-- Installing: /home/ogan/ME461F25_LittleDaisies/project/ros_ws/install/mobile_sensor/share/mobile_sensor//node_modules/rclnodejs/lib/rate.js\n'}
[1.083303] (mobile_sensor) StdoutLine: {'line': b'-- Installing: /home/ogan/ME461F25_LittleDaisies/project/ros_ws/install/mobile_sensor/share/mobile_sensor//node_modules/rclnodejs/lib/timer.js\n'}
[1.083401] (mobile_sensor) StdoutLine: {'line': b'-- Installing: /home/ogan/ME461F25_LittleDaisies/project/ros_ws/install/mobile_sensor/share/mobile_sensor//node_modules/rclnodejs/lib/guard_condition.js\n'}
[1.083497] (mobile_sensor) StdoutLine: {'line': b'-- Installing: /home/ogan/ME461F25_LittleDaisies/project/ros_ws/install/mobile_sensor/share/mobile_sensor//node_modules/rclnodejs/lib/lifecycle.js\n'}
[1.083619] (mobile_sensor) StdoutLine: {'line': b'-- Installing: /home/ogan/ME461F25_LittleDaisies/project/ros_ws/install/mobile_sensor/share/mobile_sensor//node_modules/rclnodejs/lib/time.js\n'}
[1.083711] (mobile_sensor) StdoutLine: {'line': b'-- Installing: /home/ogan/ME461F25_LittleDaisies/project/ros_ws/install/mobile_sensor/share/mobile_sensor//node_modules/rclnodejs/lib/action\n'}
[1.083788] (mobile_sensor) StdoutLine: {'line': b'-- Installing: /home/ogan/ME461F25_LittleDaisies/project/ros_ws/install/mobile_sensor/share/mobile_sensor//node_modules/rclnodejs/lib/action/interfaces.js\n'}
[1.083895] (mobile_sensor) StdoutLine: {'line': b'-- Installing: /home/ogan/ME461F25_LittleDaisies/project/ros_ws/install/mobile_sensor/share/mobile_sensor//node_modules/rclnodejs/lib/action/client.js\n'}
[1.084004] (mobile_sensor) StdoutLine: {'line': b'-- Installing: /home/ogan/ME461F25_LittleDaisies/project/ros_ws/install/mobile_sensor/share/mobile_sensor//node_modules/rclnodejs/lib/action/graph.js\n'}
[1.084106] (mobile_sensor) StdoutLine: {'line': b'-- Installing: /home/ogan/ME461F25_LittleDaisies/project/ros_ws/install/mobile_sensor/share/mobile_sensor//node_modules/rclnodejs/lib/action/deferred.js\n'}
[1.084225] (mobile_sensor) StdoutLine: {'line': b'-- Installing: /home/ogan/ME461F25_LittleDaisies/project/ros_ws/install/mobile_sensor/share/mobile_sensor//node_modules/rclnodejs/lib/action/uuid.js\n'}
[1.084363] (mobile_sensor) StdoutLine: {'line': b'-- Installing: /home/ogan/ME461F25_LittleDaisies/project/ros_ws/install/mobile_sensor/share/mobile_sensor//node_modules/rclnodejs/lib/action/client_goal_handle.js\n'}
[1.084489] (mobile_sensor) StdoutLine: {'line': b'-- Installing: /home/ogan/ME461F25_LittleDaisies/project/ros_ws/install/mobile_sensor/share/mobile_sensor//node_modules/rclnodejs/lib/action/response.js\n'}
[1.084583] (mobile_sensor) StdoutLine: {'line': b'-- Installing: /home/ogan/ME461F25_LittleDaisies/project/ros_ws/install/mobile_sensor/share/mobile_sensor//node_modules/rclnodejs/lib/action/server.js\n'}
[1.084673] (mobile_sensor) StdoutLine: {'line': b'-- Installing: /home/ogan/ME461F25_LittleDaisies/project/ros_ws/install/mobile_sensor/share/mobile_sensor//node_modules/rclnodejs/lib/action/server_goal_handle.js\n'}
[1.084760] (mobile_sensor) StdoutLine: {'line': b'-- Installing: /home/ogan/ME461F25_LittleDaisies/project/ros_ws/install/mobile_sensor/share/mobile_sensor//node_modules/rclnodejs/lib/duration.js\n'}
[1.084892] (mobile_sensor) StdoutLine: {'line': b'-- Installing: /home/ogan/ME461F25_LittleDaisies/project/ros_ws/install/mobile_sensor/share/mobile_sensor//node_modules/rclnodejs/lib/parameter.js\n'}
[1.084999] (mobile_sensor) StdoutLine: {'line': b'-- Installing: /home/ogan/ME461F25_LittleDaisies/project/ros_ws/install/mobile_sensor/share/mobile_sensor//node_modules/rclnodejs/lib/validator.js\n'}
[1.085085] (mobile_sensor) StdoutLine: {'line': b'-- Installing: /home/ogan/ME461F25_LittleDaisies/project/ros_ws/install/mobile_sensor/share/mobile_sensor//node_modules/rclnodejs/lib/publisher.js\n'}
[1.085229] (mobile_sensor) StdoutLine: {'line': b'-- Installing: /home/ogan/ME461F25_LittleDaisies/project/ros_ws/install/mobile_sensor/share/mobile_sensor//node_modules/rclnodejs/lib/service.js\n'}
[1.085332] (mobile_sensor) StdoutLine: {'line': b'-- Installing: /home/ogan/ME461F25_LittleDaisies/project/ros_ws/install/mobile_sensor/share/mobile_sensor//node_modules/rclnodejs/lib/node.js\n'}
[1.085478] (mobile_sensor) StdoutLine: {'line': b'-- Installing: /home/ogan/ME461F25_LittleDaisies/project/ros_ws/install/mobile_sensor/share/mobile_sensor//node_modules/rclnodejs/build\n'}
[1.085553] (mobile_sensor) StdoutLine: {'line': b'-- Installing: /home/ogan/ME461F25_LittleDaisies/project/ros_ws/install/mobile_sensor/share/mobile_sensor//node_modules/rclnodejs/build/config.gypi\n'}
[1.085668] (mobile_sensor) StdoutLine: {'line': b'-- Installing: /home/ogan/ME461F25_LittleDaisies/project/ros_ws/install/mobile_sensor/share/mobile_sensor//node_modules/rclnodejs/build/Release\n'}
[1.085734] (mobile_sensor) StdoutLine: {'line': b'-- Installing: /home/ogan/ME461F25_LittleDaisies/project/ros_ws/install/mobile_sensor/share/mobile_sensor//node_modules/rclnodejs/build/Release/obj.target\n'}
[1.085800] (mobile_sensor) StdoutLine: {'line': b'-- Installing: /home/ogan/ME461F25_LittleDaisies/project/ros_ws/install/mobile_sensor/share/mobile_sensor//node_modules/rclnodejs/build/Release/obj.target/rclnodejs\n'}
[1.085868] (mobile_sensor) StdoutLine: {'line': b'-- Installing: /home/ogan/ME461F25_LittleDaisies/project/ros_ws/install/mobile_sensor/share/mobile_sensor//node_modules/rclnodejs/build/Release/obj.target/rclnodejs/src\n'}
[1.085953] (mobile_sensor) StdoutLine: {'line': b'-- Installing: /home/ogan/ME461F25_LittleDaisies/project/ros_ws/install/mobile_sensor/share/mobile_sensor//node_modules/rclnodejs/build/Release/obj.target/rclnodejs/src/rcl_utilities.o\n'}
[1.086078] (mobile_sensor) StdoutLine: {'line': b'-- Installing: /home/ogan/ME461F25_LittleDaisies/project/ros_ws/install/mobile_sensor/share/mobile_sensor//node_modules/rclnodejs/build/Release/obj.target/rclnodejs/src/shadow_node.o\n'}
[1.086276] (mobile_sensor) StdoutLine: {'line': b'-- Installing: /home/ogan/ME461F25_LittleDaisies/project/ros_ws/install/mobile_sensor/share/mobile_sensor//node_modules/rclnodejs/build/Release/obj.target/rclnodejs/src/addon.o\n'}
[1.086389] (mobile_sensor) StdoutLine: {'line': b'-- Installing: /home/ogan/ME461F25_LittleDaisies/project/ros_ws/install/mobile_sensor/share/mobile_sensor//node_modules/rclnodejs/build/Release/obj.target/rclnodejs/src/rcl_action_bindings.o\n'}
[1.086616] (mobile_sensor) StdoutLine: {'line': b'-- Installing: /home/ogan/ME461F25_LittleDaisies/project/ros_ws/install/mobile_sensor/share/mobile_sensor//node_modules/rclnodejs/build/Release/obj.target/rclnodejs/src/rcl_lifecycle_bindings.o\n'}
[1.086766] (mobile_sensor) StdoutLine: {'line': b'-- Installing: /home/ogan/ME461F25_LittleDaisies/project/ros_ws/install/mobile_sensor/share/mobile_sensor//node_modules/rclnodejs/build/Release/obj.target/rclnodejs/src/rcl_bindings.o\n'}
[1.087043] (mobile_sensor) StdoutLine: {'line': b'-- Installing: /home/ogan/ME461F25_LittleDaisies/project/ros_ws/install/mobile_sensor/share/mobile_sensor//node_modules/rclnodejs/build/Release/obj.target/rclnodejs/src/handle_manager.o\n'}
[1.087184] (mobile_sensor) StdoutLine: {'line': b'-- Installing: /home/ogan/ME461F25_LittleDaisies/project/ros_ws/install/mobile_sensor/share/mobile_sensor//node_modules/rclnodejs/build/Release/obj.target/rclnodejs/src/rcl_handle.o\n'}
[1.087323] (mobile_sensor) StdoutLine: {'line': b'-- Installing: /home/ogan/ME461F25_LittleDaisies/project/ros_ws/install/mobile_sensor/share/mobile_sensor//node_modules/rclnodejs/build/Release/obj.target/rclnodejs/src/executor.o\n'}
[1.087465] (mobile_sensor) StdoutLine: {'line': b'-- Installing: /home/ogan/ME461F25_LittleDaisies/project/ros_ws/install/mobile_sensor/share/mobile_sensor//node_modules/rclnodejs/build/Release/obj.target/rclnodejs.node\n'}
[1.087881] (mobile_sensor) StdoutLine: {'line': b'-- Installing: /home/ogan/ME461F25_LittleDaisies/project/ros_ws/install/mobile_sensor/share/mobile_sensor//node_modules/rclnodejs/build/Release/.deps\n'}
[1.087950] (mobile_sensor) StdoutLine: {'line': b'-- Installing: /home/ogan/ME461F25_LittleDaisies/project/ros_ws/install/mobile_sensor/share/mobile_sensor//node_modules/rclnodejs/build/Release/.deps/Release\n'}
[1.088019] (mobile_sensor) StdoutLine: {'line': b'-- Installing: /home/ogan/ME461F25_LittleDaisies/project/ros_ws/install/mobile_sensor/share/mobile_sensor//node_modules/rclnodejs/build/Release/.deps/Release/obj.target\n'}
[1.088088] (mobile_sensor) StdoutLine: {'line': b'-- Installing: /home/ogan/ME461F25_LittleDaisies/project/ros_ws/install/mobile_sensor/share/mobile_sensor//node_modules/rclnodejs/build/Release/.deps/Release/obj.target/rclnodejs\n'}
[1.088163] (mobile_sensor) StdoutLine: {'line': b'-- Installing: /home/ogan/ME461F25_LittleDaisies/project/ros_ws/install/mobile_sensor/share/mobile_sensor//node_modules/rclnodejs/build/Release/.deps/Release/obj.target/rclnodejs/src\n'}
[1.088254] (mobile_sensor) StdoutLine: {'line': b'-- Installing: /home/ogan/ME461F25_LittleDaisies/project/ros_ws/install/mobile_sensor/share/mobile_sensor//node_modules/rclnodejs/build/Release/.deps/Release/obj.target/rclnodejs/src/rcl_utilities.o.d\n'}
[1.088384] (mobile_sensor) StdoutLine: {'line': b'-- Installing: /home/ogan/ME461F25_LittleDaisies/project/ros_ws/install/mobile_sensor/share/mobile_sensor//node_modules/rclnodejs/build/Release/.deps/Release/obj.target/rclnodejs/src/rcl_action_bindings.o.d\n'}
[1.088534] (mobile_sensor) StdoutLine: {'line': b'-- Installing: /home/ogan/ME461F25_LittleDaisies/project/ros_ws/install/mobile_sensor/share/mobile_sensor//node_modules/rclnodejs/build/Release/.deps/Release/obj.target/rclnodejs/src/shadow_node.o.d\n'}
[1.088658] (mobile_sensor) StdoutLine: {'line': b'-- Installing: /home/ogan/ME461F25_LittleDaisies/project/ros_ws/install/mobile_sensor/share/mobile_sensor//node_modules/rclnodejs/build/Release/.deps/Release/obj.target/rclnodejs/src/rcl_bindings.o.d\n'}
[1.088791] (mobile_sensor) StdoutLine: {'line': b'-- Installing: /home/ogan/ME461F25_LittleDaisies/project/ros_ws/install/mobile_sensor/share/mobile_sensor//node_modules/rclnodejs/build/Release/.deps/Release/obj.target/rclnodejs/src/addon.o.d\n'}
[1.088919] (mobile_sensor) StdoutLine: {'line': b'-- Installing: /home/ogan/ME461F25_LittleDaisies/project/ros_ws/install/mobile_sensor/share/mobile_sensor//node_modules/rclnodejs/build/Release/.deps/Release/obj.target/rclnodejs/src/rcl_lifecycle_bindings.o.d\n'}
[1.089052] (mobile_sensor) StdoutLine: {'line': b'-- Installing: /home/ogan/ME461F25_LittleDaisies/project/ros_ws/install/mobile_sensor/share/mobile_sensor//node_modules/rclnodejs/build/Release/.deps/Release/obj.target/rclnodejs/src/executor.o.d\n'}
[1.089186] (mobile_sensor) StdoutLine: {'line': b'-- Installing: /home/ogan/ME461F25_LittleDaisies/project/ros_ws/install/mobile_sensor/share/mobile_sensor//node_modules/rclnodejs/build/Release/.deps/Release/obj.target/rclnodejs/src/rcl_handle.o.d\n'}
[1.089317] (mobile_sensor) StdoutLine: {'line': b'-- Installing: /home/ogan/ME461F25_LittleDaisies/project/ros_ws/install/mobile_sensor/share/mobile_sensor//node_modules/rclnodejs/build/Release/.deps/Release/obj.target/rclnodejs/src/handle_manager.o.d\n'}
[1.089447] (mobile_sensor) StdoutLine: {'line': b'-- Installing: /home/ogan/ME461F25_LittleDaisies/project/ros_ws/install/mobile_sensor/share/mobile_sensor//node_modules/rclnodejs/build/Release/.deps/Release/obj.target/rclnodejs.node.d\n'}
[1.089556] (mobile_sensor) StdoutLine: {'line': b'-- Installing: /home/ogan/ME461F25_LittleDaisies/project/ros_ws/install/mobile_sensor/share/mobile_sensor//node_modules/rclnodejs/build/Release/.deps/Release/rclnodejs.node.d\n'}
[1.089654] (mobile_sensor) StdoutLine: {'line': b'-- Installing: /home/ogan/ME461F25_LittleDaisies/project/ros_ws/install/mobile_sensor/share/mobile_sensor//node_modules/rclnodejs/build/Release/rclnodejs.node\n'}
[1.090064] (mobile_sensor) StdoutLine: {'line': b'-- Installing: /home/ogan/ME461F25_LittleDaisies/project/ros_ws/install/mobile_sensor/share/mobile_sensor//node_modules/rclnodejs/build/binding.Makefile\n'}
[1.090167] (mobile_sensor) StdoutLine: {'line': b'-- Installing: /home/ogan/ME461F25_LittleDaisies/project/ros_ws/install/mobile_sensor/share/mobile_sensor//node_modules/rclnodejs/build/Makefile\n'}
[1.090279] (mobile_sensor) StdoutLine: {'line': b'-- Installing: /home/ogan/ME461F25_LittleDaisies/project/ros_ws/install/mobile_sensor/share/mobile_sensor//node_modules/rclnodejs/build/rclnodejs.target.mk\n'}
[1.090382] (mobile_sensor) StdoutLine: {'line': b'-- Installing: /home/ogan/ME461F25_LittleDaisies/project/ros_ws/install/mobile_sensor/share/mobile_sensor//node_modules/rclnodejs/tsconfig.json\n'}
[1.090475] (mobile_sensor) StdoutLine: {'line': b'-- Installing: /home/ogan/ME461F25_LittleDaisies/project/ros_ws/install/mobile_sensor/share/mobile_sensor//node_modules/rclnodejs/rosidl_gen\n'}
[1.090592] (mobile_sensor) StdoutLine: {'line': b'-- Installing: /home/ogan/ME461F25_LittleDaisies/project/ros_ws/install/mobile_sensor/share/mobile_sensor//node_modules/rclnodejs/rosidl_gen/filter.js\n'}
[1.090707] (mobile_sensor) StdoutLine: {'line': b'-- Installing: /home/ogan/ME461F25_LittleDaisies/project/ros_ws/install/mobile_sensor/share/mobile_sensor//node_modules/rclnodejs/rosidl_gen/templates\n'}
[1.090789] (mobile_sensor) StdoutLine: {'line': b'-- Installing: /home/ogan/ME461F25_LittleDaisies/project/ros_ws/install/mobile_sensor/share/mobile_sensor//node_modules/rclnodejs/rosidl_gen/templates/action.dot\n'}
[1.090876] (mobile_sensor) StdoutLine: {'line': b'-- Installing: /home/ogan/ME461F25_LittleDaisies/project/ros_ws/install/mobile_sensor/share/mobile_sensor//node_modules/rclnodejs/rosidl_gen/templates/service.dot\n'}
[1.090958] (mobile_sensor) StdoutLine: {'line': b'-- Installing: /home/ogan/ME461F25_LittleDaisies/project/ros_ws/install/mobile_sensor/share/mobile_sensor//node_modules/rclnodejs/rosidl_gen/templates/message.dot\n'}
[1.091060] (mobile_sensor) StdoutLine: {'line': b'-- Installing: /home/ogan/ME461F25_LittleDaisies/project/ros_ws/install/mobile_sensor/share/mobile_sensor//node_modules/rclnodejs/rosidl_gen/templates/package.dot\n'}
[1.091225] (mobile_sensor) StdoutLine: {'line': b'-- Installing: /home/ogan/ME461F25_LittleDaisies/project/ros_ws/install/mobile_sensor/share/mobile_sensor//node_modules/rclnodejs/rosidl_gen/templates/CMakeLists.dot\n'}
[1.091399] (mobile_sensor) StdoutLine: {'line': b'-- Installing: /home/ogan/ME461F25_LittleDaisies/project/ros_ws/install/mobile_sensor/share/mobile_sensor//node_modules/rclnodejs/rosidl_gen/templates/service_event.dot\n'}
[1.091525] (mobile_sensor) StdoutLine: {'line': b'-- Installing: /home/ogan/ME461F25_LittleDaisies/project/ros_ws/install/mobile_sensor/share/mobile_sensor//node_modules/rclnodejs/rosidl_gen/message_translator.js\n'}
[1.091590] (mobile_sensor) StdoutLine: {'line': b'-- Installing: /home/ogan/ME461F25_LittleDaisies/project/ros_ws/install/mobile_sensor/share/mobile_sensor//node_modules/rclnodejs/rosidl_gen/index.js\n'}
[1.091672] (mobile_sensor) StdoutLine: {'line': b'-- Installing: /home/ogan/ME461F25_LittleDaisies/project/ros_ws/install/mobile_sensor/share/mobile_sensor//node_modules/rclnodejs/rosidl_gen/blocklist.json\n'}
[1.091748] (mobile_sensor) StdoutLine: {'line': b'-- Installing: /home/ogan/ME461F25_LittleDaisies/project/ros_ws/install/mobile_sensor/share/mobile_sensor//node_modules/rclnodejs/rosidl_gen/primitive_types.js\n'}
[1.091819] (mobile_sensor) StdoutLine: {'line': b'-- Installing: /home/ogan/ME461F25_LittleDaisies/project/ros_ws/install/mobile_sensor/share/mobile_sensor//node_modules/rclnodejs/rosidl_gen/idl_generator.js\n'}
[1.091900] (mobile_sensor) StdoutLine: {'line': b'-- Installing: /home/ogan/ME461F25_LittleDaisies/project/ros_ws/install/mobile_sensor/share/mobile_sensor//node_modules/rclnodejs/rosidl_gen/action_msgs.js\n'}
[1.092002] (mobile_sensor) StdoutLine: {'line': b'-- Installing: /home/ogan/ME461F25_LittleDaisies/project/ros_ws/install/mobile_sensor/share/mobile_sensor//node_modules/rclnodejs/rosidl_gen/deallocator.js\n'}
[1.092142] (mobile_sensor) StdoutLine: {'line': b'-- Installing: /home/ogan/ME461F25_LittleDaisies/project/ros_ws/install/mobile_sensor/share/mobile_sensor//node_modules/rclnodejs/rosidl_gen/generator.json\n'}
[1.092242] (mobile_sensor) StdoutLine: {'line': b'-- Installing: /home/ogan/ME461F25_LittleDaisies/project/ros_ws/install/mobile_sensor/share/mobile_sensor//node_modules/rclnodejs/rosidl_gen/packages.js\n'}
[1.092349] (mobile_sensor) StdoutLine: {'line': b'-- Installing: /home/ogan/ME461F25_LittleDaisies/project/ros_ws/install/mobile_sensor/share/mobile_sensor//node_modules/rclnodejs/scripts\n'}
[1.092424] (mobile_sensor) StdoutLine: {'line': b'-- Installing: /home/ogan/ME461F25_LittleDaisies/project/ros_ws/install/mobile_sensor/share/mobile_sensor//node_modules/rclnodejs/scripts/cpplint.js\n'}
[1.092531] (mobile_sensor) StdoutLine: {'line': b'-- Installing: /home/ogan/ME461F25_LittleDaisies/project/ros_ws/install/mobile_sensor/share/mobile_sensor//node_modules/rclnodejs/scripts/generate_tsd.js\n'}
[1.092634] (mobile_sensor) StdoutLine: {'line': b'-- Installing: /home/ogan/ME461F25_LittleDaisies/project/ros_ws/install/mobile_sensor/share/mobile_sensor//node_modules/rclnodejs/scripts/npmjs-readme.md\n'}
[1.092744] (mobile_sensor) StdoutLine: {'line': b'-- Installing: /home/ogan/ME461F25_LittleDaisies/project/ros_ws/install/mobile_sensor/share/mobile_sensor//node_modules/rclnodejs/scripts/ros_distro.js\n'}
[1.092812] (mobile_sensor) StdoutLine: {'line': b'-- Installing: /home/ogan/ME461F25_LittleDaisies/project/ros_ws/install/mobile_sensor/share/mobile_sensor//node_modules/rclnodejs/scripts/generate_messages.js\n'}
[1.092905] (mobile_sensor) StdoutLine: {'line': b'-- Installing: /home/ogan/ME461F25_LittleDaisies/project/ros_ws/install/mobile_sensor/share/mobile_sensor//node_modules/rclnodejs/scripts/run_test.js\n'}
[1.093003] (mobile_sensor) StdoutLine: {'line': b'-- Installing: /home/ogan/ME461F25_LittleDaisies/project/ros_ws/install/mobile_sensor/share/mobile_sensor//node_modules/rclnodejs/scripts/npm-pack.sh\n'}
[1.093102] (mobile_sensor) StdoutLine: {'line': b'-- Installing: /home/ogan/ME461F25_LittleDaisies/project/ros_ws/install/mobile_sensor/share/mobile_sensor//node_modules/rclnodejs/scripts/build.sh\n'}
[1.093209] (mobile_sensor) StdoutLine: {'line': b'-- Installing: /home/ogan/ME461F25_LittleDaisies/project/ros_ws/install/mobile_sensor/share/mobile_sensor//node_modules/rclnodejs/scripts/config.js\n'}
[1.093297] (mobile_sensor) StdoutLine: {'line': b'-- Installing: /home/ogan/ME461F25_LittleDaisies/project/ros_ws/install/mobile_sensor/share/mobile_sensor//node_modules/rclnodejs/README.md\n'}
[1.093393] (mobile_sensor) StdoutLine: {'line': b'-- Installing: /home/ogan/ME461F25_LittleDaisies/project/ros_ws/install/mobile_sensor/share/mobile_sensor//node_modules/rclnodejs/rostsd_gen\n'}
[1.093461] (mobile_sensor) StdoutLine: {'line': b'-- Installing: /home/ogan/ME461F25_LittleDaisies/project/ros_ws/install/mobile_sensor/share/mobile_sensor//node_modules/rclnodejs/rostsd_gen/index.js\n'}
[1.093576] (mobile_sensor) StdoutLine: {'line': b'-- Installing: /home/ogan/ME461F25_LittleDaisies/project/ros_ws/install/mobile_sensor/share/mobile_sensor//node_modules/rclnodejs/rostsd_gen/readme.md\n'}
[1.093675] (mobile_sensor) StdoutLine: {'line': b'-- Installing: /home/ogan/ME461F25_LittleDaisies/project/ros_ws/install/mobile_sensor/share/mobile_sensor//node_modules/commander\n'}
[1.093743] (mobile_sensor) StdoutLine: {'line': b'-- Installing: /home/ogan/ME461F25_LittleDaisies/project/ros_ws/install/mobile_sensor/share/mobile_sensor//node_modules/commander/package.json\n'}
[1.093844] (mobile_sensor) StdoutLine: {'line': b'-- Installing: /home/ogan/ME461F25_LittleDaisies/project/ros_ws/install/mobile_sensor/share/mobile_sensor//node_modules/commander/typings\n'}
[1.093910] (mobile_sensor) StdoutLine: {'line': b'-- Installing: /home/ogan/ME461F25_LittleDaisies/project/ros_ws/install/mobile_sensor/share/mobile_sensor//node_modules/commander/typings/index.d.ts\n'}
[1.094020] (mobile_sensor) StdoutLine: {'line': b'-- Installing: /home/ogan/ME461F25_LittleDaisies/project/ros_ws/install/mobile_sensor/share/mobile_sensor//node_modules/commander/LICENSE\n'}
[1.094117] (mobile_sensor) StdoutLine: {'line': b'-- Installing: /home/ogan/ME461F25_LittleDaisies/project/ros_ws/install/mobile_sensor/share/mobile_sensor//node_modules/commander/index.js\n'}
[1.094244] (mobile_sensor) StdoutLine: {'line': b'-- Installing: /home/ogan/ME461F25_LittleDaisies/project/ros_ws/install/mobile_sensor/share/mobile_sensor//node_modules/commander/CHANGELOG.md\n'}
[1.094349] (mobile_sensor) StdoutLine: {'line': b'-- Installing: /home/ogan/ME461F25_LittleDaisies/project/ros_ws/install/mobile_sensor/share/mobile_sensor//node_modules/commander/Readme.md\n'}
[1.094458] (mobile_sensor) StdoutLine: {'line': b'-- Installing: /home/ogan/ME461F25_LittleDaisies/project/ros_ws/install/mobile_sensor/share/mobile_sensor//node_modules/unpipe\n'}
[1.094526] (mobile_sensor) StdoutLine: {'line': b'-- Installing: /home/ogan/ME461F25_LittleDaisies/project/ros_ws/install/mobile_sensor/share/mobile_sensor//node_modules/unpipe/package.json\n'}
[1.094624] (mobile_sensor) StdoutLine: {'line': b'-- Installing: /home/ogan/ME461F25_LittleDaisies/project/ros_ws/install/mobile_sensor/share/mobile_sensor//node_modules/unpipe/LICENSE\n'}
[1.094721] (mobile_sensor) StdoutLine: {'line': b'-- Installing: /home/ogan/ME461F25_LittleDaisies/project/ros_ws/install/mobile_sensor/share/mobile_sensor//node_modules/unpipe/index.js\n'}
[1.094818] (mobile_sensor) StdoutLine: {'line': b'-- Installing: /home/ogan/ME461F25_LittleDaisies/project/ros_ws/install/mobile_sensor/share/mobile_sensor//node_modules/unpipe/HISTORY.md\n'}
[1.094916] (mobile_sensor) StdoutLine: {'line': b'-- Installing: /home/ogan/ME461F25_LittleDaisies/project/ros_ws/install/mobile_sensor/share/mobile_sensor//node_modules/unpipe/README.md\n'}
[1.095009] (mobile_sensor) StdoutLine: {'line': b'-- Installing: /home/ogan/ME461F25_LittleDaisies/project/ros_ws/install/mobile_sensor/share/mobile_sensor//node_modules/type-is\n'}
[1.095075] (mobile_sensor) StdoutLine: {'line': b'-- Installing: /home/ogan/ME461F25_LittleDaisies/project/ros_ws/install/mobile_sensor/share/mobile_sensor//node_modules/type-is/package.json\n'}
[1.095194] (mobile_sensor) StdoutLine: {'line': b'-- Installing: /home/ogan/ME461F25_LittleDaisies/project/ros_ws/install/mobile_sensor/share/mobile_sensor//node_modules/type-is/LICENSE\n'}
[1.095294] (mobile_sensor) StdoutLine: {'line': b'-- Installing: /home/ogan/ME461F25_LittleDaisies/project/ros_ws/install/mobile_sensor/share/mobile_sensor//node_modules/type-is/index.js\n'}
[1.095393] (mobile_sensor) StdoutLine: {'line': b'-- Installing: /home/ogan/ME461F25_LittleDaisies/project/ros_ws/install/mobile_sensor/share/mobile_sensor//node_modules/type-is/HISTORY.md\n'}
[1.095499] (mobile_sensor) StdoutLine: {'line': b'-- Installing: /home/ogan/ME461F25_LittleDaisies/project/ros_ws/install/mobile_sensor/share/mobile_sensor//node_modules/type-is/README.md\n'}
[1.095596] (mobile_sensor) StdoutLine: {'line': b'-- Installing: /home/ogan/ME461F25_LittleDaisies/project/ros_ws/install/mobile_sensor/share/mobile_sensor//node_modules/util\n'}
[1.095659] (mobile_sensor) StdoutLine: {'line': b'-- Installing: /home/ogan/ME461F25_LittleDaisies/project/ros_ws/install/mobile_sensor/share/mobile_sensor//node_modules/util/node_modules\n'}
[1.095721] (mobile_sensor) StdoutLine: {'line': b'-- Installing: /home/ogan/ME461F25_LittleDaisies/project/ros_ws/install/mobile_sensor/share/mobile_sensor//node_modules/util/node_modules/inherits\n'}
[1.095788] (mobile_sensor) StdoutLine: {'line': b'-- Installing: /home/ogan/ME461F25_LittleDaisies/project/ros_ws/install/mobile_sensor/share/mobile_sensor//node_modules/util/node_modules/inherits/inherits_browser.js\n'}
[1.095891] (mobile_sensor) StdoutLine: {'line': b'-- Installing: /home/ogan/ME461F25_LittleDaisies/project/ros_ws/install/mobile_sensor/share/mobile_sensor//node_modules/util/node_modules/inherits/inherits.js\n'}
[1.095990] (mobile_sensor) StdoutLine: {'line': b'-- Installing: /home/ogan/ME461F25_LittleDaisies/project/ros_ws/install/mobile_sensor/share/mobile_sensor//node_modules/util/node_modules/inherits/package.json\n'}
[1.096090] (mobile_sensor) StdoutLine: {'line': b'-- Installing: /home/ogan/ME461F25_LittleDaisies/project/ros_ws/install/mobile_sensor/share/mobile_sensor//node_modules/util/node_modules/inherits/LICENSE\n'}
[1.096195] (mobile_sensor) StdoutLine: {'line': b'-- Installing: /home/ogan/ME461F25_LittleDaisies/project/ros_ws/install/mobile_sensor/share/mobile_sensor//node_modules/util/node_modules/inherits/README.md\n'}
[1.096295] (mobile_sensor) StdoutLine: {'line': b'-- Installing: /home/ogan/ME461F25_LittleDaisies/project/ros_ws/install/mobile_sensor/share/mobile_sensor//node_modules/util/package.json\n'}
[1.096392] (mobile_sensor) StdoutLine: {'line': b'-- Installing: /home/ogan/ME461F25_LittleDaisies/project/ros_ws/install/mobile_sensor/share/mobile_sensor//node_modules/util/LICENSE\n'}
[1.096485] (mobile_sensor) StdoutLine: {'line': b'-- Installing: /home/ogan/ME461F25_LittleDaisies/project/ros_ws/install/mobile_sensor/share/mobile_sensor//node_modules/util/support\n'}
[1.096555] (mobile_sensor) StdoutLine: {'line': b'-- Installing: /home/ogan/ME461F25_LittleDaisies/project/ros_ws/install/mobile_sensor/share/mobile_sensor//node_modules/util/support/isBufferBrowser.js\n'}
[1.096654] (mobile_sensor) StdoutLine: {'line': b'-- Installing: /home/ogan/ME461F25_LittleDaisies/project/ros_ws/install/mobile_sensor/share/mobile_sensor//node_modules/util/support/isBuffer.js\n'}
[1.096752] (mobile_sensor) StdoutLine: {'line': b'-- Installing: /home/ogan/ME461F25_LittleDaisies/project/ros_ws/install/mobile_sensor/share/mobile_sensor//node_modules/util/util.js\n'}
[1.096859] (mobile_sensor) StdoutLine: {'line': b'-- Installing: /home/ogan/ME461F25_LittleDaisies/project/ros_ws/install/mobile_sensor/share/mobile_sensor//node_modules/util/README.md\n'}
[1.096961] (mobile_sensor) StdoutLine: {'line': b'-- Installing: /home/ogan/ME461F25_LittleDaisies/project/ros_ws/install/mobile_sensor/share/mobile_sensor//node_modules/safe-buffer\n'}
[1.097026] (mobile_sensor) StdoutLine: {'line': b'-- Installing: /home/ogan/ME461F25_LittleDaisies/project/ros_ws/install/mobile_sensor/share/mobile_sensor//node_modules/safe-buffer/package.json\n'}
[1.097125] (mobile_sensor) StdoutLine: {'line': b'-- Installing: /home/ogan/ME461F25_LittleDaisies/project/ros_ws/install/mobile_sensor/share/mobile_sensor//node_modules/safe-buffer/LICENSE\n'}
[1.097256] (mobile_sensor) StdoutLine: {'line': b'-- Installing: /home/ogan/ME461F25_LittleDaisies/project/ros_ws/install/mobile_sensor/share/mobile_sensor//node_modules/safe-buffer/index.js\n'}
[1.097346] (mobile_sensor) StdoutLine: {'line': b'-- Installing: /home/ogan/ME461F25_LittleDaisies/project/ros_ws/install/mobile_sensor/share/mobile_sensor//node_modules/safe-buffer/index.d.ts\n'}
[1.097451] (mobile_sensor) StdoutLine: {'line': b'-- Installing: /home/ogan/ME461F25_LittleDaisies/project/ros_ws/install/mobile_sensor/share/mobile_sensor//node_modules/safe-buffer/README.md\n'}
[1.097574] (mobile_sensor) StdoutLine: {'line': b'-- Installing: /home/ogan/ME461F25_LittleDaisies/project/ros_ws/install/mobile_sensor/share/mobile_sensor//node_modules/destroy\n'}
[1.097652] (mobile_sensor) StdoutLine: {'line': b'-- Installing: /home/ogan/ME461F25_LittleDaisies/project/ros_ws/install/mobile_sensor/share/mobile_sensor//node_modules/destroy/package.json\n'}
[1.097730] (mobile_sensor) StdoutLine: {'line': b'-- Installing: /home/ogan/ME461F25_LittleDaisies/project/ros_ws/install/mobile_sensor/share/mobile_sensor//node_modules/destroy/LICENSE\n'}
[1.097829] (mobile_sensor) StdoutLine: {'line': b'-- Installing: /home/ogan/ME461F25_LittleDaisies/project/ros_ws/install/mobile_sensor/share/mobile_sensor//node_modules/destroy/index.js\n'}
[1.097954] (mobile_sensor) StdoutLine: {'line': b'-- Installing: /home/ogan/ME461F25_LittleDaisies/project/ros_ws/install/mobile_sensor/share/mobile_sensor//node_modules/destroy/README.md\n'}
[1.098055] (mobile_sensor) StdoutLine: {'line': b'-- Installing: /home/ogan/ME461F25_LittleDaisies/project/ros_ws/install/mobile_sensor/share/mobile_sensor//node_modules/jsonfile\n'}
[1.098125] (mobile_sensor) StdoutLine: {'line': b'-- Installing: /home/ogan/ME461F25_LittleDaisies/project/ros_ws/install/mobile_sensor/share/mobile_sensor//node_modules/jsonfile/utils.js\n'}
[1.098225] (mobile_sensor) StdoutLine: {'line': b'-- Installing: /home/ogan/ME461F25_LittleDaisies/project/ros_ws/install/mobile_sensor/share/mobile_sensor//node_modules/jsonfile/package.json\n'}
[1.098321] (mobile_sensor) StdoutLine: {'line': b'-- Installing: /home/ogan/ME461F25_LittleDaisies/project/ros_ws/install/mobile_sensor/share/mobile_sensor//node_modules/jsonfile/LICENSE\n'}
[1.098423] (mobile_sensor) StdoutLine: {'line': b'-- Installing: /home/ogan/ME461F25_LittleDaisies/project/ros_ws/install/mobile_sensor/share/mobile_sensor//node_modules/jsonfile/index.js\n'}
[1.098519] (mobile_sensor) StdoutLine: {'line': b'-- Installing: /home/ogan/ME461F25_LittleDaisies/project/ros_ws/install/mobile_sensor/share/mobile_sensor//node_modules/jsonfile/README.md\n'}
[1.098617] (mobile_sensor) StdoutLine: {'line': b'-- Installing: /home/ogan/ME461F25_LittleDaisies/project/ros_ws/install/mobile_sensor/share/mobile_sensor//node_modules/get-proto\n'}
[1.098693] (mobile_sensor) StdoutLine: {'line': b'-- Installing: /home/ogan/ME461F25_LittleDaisies/project/ros_ws/install/mobile_sensor/share/mobile_sensor//node_modules/get-proto/.eslintrc\n'}
[1.098792] (mobile_sensor) StdoutLine: {'line': b'-- Installing: /home/ogan/ME461F25_LittleDaisies/project/ros_ws/install/mobile_sensor/share/mobile_sensor//node_modules/get-proto/package.json\n'}
[1.098895] (mobile_sensor) StdoutLine: {'line': b'-- Installing: /home/ogan/ME461F25_LittleDaisies/project/ros_ws/install/mobile_sensor/share/mobile_sensor//node_modules/get-proto/LICENSE\n'}
[1.098983] (mobile_sensor) StdoutLine: {'line': b'-- Installing: /home/ogan/ME461F25_LittleDaisies/project/ros_ws/install/mobile_sensor/share/mobile_sensor//node_modules/get-proto/Object.getPrototypeOf.d.ts\n'}
[1.099080] (mobile_sensor) StdoutLine: {'line': b'-- Installing: /home/ogan/ME461F25_LittleDaisies/project/ros_ws/install/mobile_sensor/share/mobile_sensor//node_modules/get-proto/index.js\n'}
[1.099211] (mobile_sensor) StdoutLine: {'line': b'-- Installing: /home/ogan/ME461F25_LittleDaisies/project/ros_ws/install/mobile_sensor/share/mobile_sensor//node_modules/get-proto/Object.getPrototypeOf.js\n'}
[1.099290] (mobile_sensor) StdoutLine: {'line': b'-- Installing: /home/ogan/ME461F25_LittleDaisies/project/ros_ws/install/mobile_sensor/share/mobile_sensor//node_modules/get-proto/Reflect.getPrototypeOf.d.ts\n'}
[1.099383] (mobile_sensor) StdoutLine: {'line': b'-- Installing: /home/ogan/ME461F25_LittleDaisies/project/ros_ws/install/mobile_sensor/share/mobile_sensor//node_modules/get-proto/Reflect.getPrototypeOf.js\n'}
[1.099516] (mobile_sensor) StdoutLine: {'line': b'-- Installing: /home/ogan/ME461F25_LittleDaisies/project/ros_ws/install/mobile_sensor/share/mobile_sensor//node_modules/get-proto/index.d.ts\n'}
[1.099621] (mobile_sensor) StdoutLine: {'line': b'-- Installing: /home/ogan/ME461F25_LittleDaisies/project/ros_ws/install/mobile_sensor/share/mobile_sensor//node_modules/get-proto/CHANGELOG.md\n'}
[1.099717] (mobile_sensor) StdoutLine: {'line': b'-- Installing: /home/ogan/ME461F25_LittleDaisies/project/ros_ws/install/mobile_sensor/share/mobile_sensor//node_modules/get-proto/tsconfig.json\n'}
[1.099816] (mobile_sensor) StdoutLine: {'line': b'-- Installing: /home/ogan/ME461F25_LittleDaisies/project/ros_ws/install/mobile_sensor/share/mobile_sensor//node_modules/get-proto/test\n'}
[1.099888] (mobile_sensor) StdoutLine: {'line': b'-- Installing: /home/ogan/ME461F25_LittleDaisies/project/ros_ws/install/mobile_sensor/share/mobile_sensor//node_modules/get-proto/test/index.js\n'}
[1.099992] (mobile_sensor) StdoutLine: {'line': b'-- Installing: /home/ogan/ME461F25_LittleDaisies/project/ros_ws/install/mobile_sensor/share/mobile_sensor//node_modules/get-proto/README.md\n'}
[1.100086] (mobile_sensor) StdoutLine: {'line': b'-- Installing: /home/ogan/ME461F25_LittleDaisies/project/ros_ws/install/mobile_sensor/share/mobile_sensor//node_modules/get-proto/.github\n'}
[1.100162] (mobile_sensor) StdoutLine: {'line': b'-- Installing: /home/ogan/ME461F25_LittleDaisies/project/ros_ws/install/mobile_sensor/share/mobile_sensor//node_modules/get-proto/.github/FUNDING.yml\n'}
[1.100260] (mobile_sensor) StdoutLine: {'line': b'-- Installing: /home/ogan/ME461F25_LittleDaisies/project/ros_ws/install/mobile_sensor/share/mobile_sensor//node_modules/get-proto/.nycrc\n'}
[1.100355] (mobile_sensor) StdoutLine: {'line': b'-- Installing: /home/ogan/ME461F25_LittleDaisies/project/ros_ws/install/mobile_sensor/share/mobile_sensor//node_modules/dunder-proto\n'}
[1.100426] (mobile_sensor) StdoutLine: {'line': b'-- Installing: /home/ogan/ME461F25_LittleDaisies/project/ros_ws/install/mobile_sensor/share/mobile_sensor//node_modules/dunder-proto/get.d.ts\n'}
[1.100523] (mobile_sensor) StdoutLine: {'line': b'-- Installing: /home/ogan/ME461F25_LittleDaisies/project/ros_ws/install/mobile_sensor/share/mobile_sensor//node_modules/dunder-proto/set.js\n'}
[1.100622] (mobile_sensor) StdoutLine: {'line': b'-- Installing: /home/ogan/ME461F25_LittleDaisies/project/ros_ws/install/mobile_sensor/share/mobile_sensor//node_modules/dunder-proto/.eslintrc\n'}
[1.100724] (mobile_sensor) StdoutLine: {'line': b'-- Installing: /home/ogan/ME461F25_LittleDaisies/project/ros_ws/install/mobile_sensor/share/mobile_sensor//node_modules/dunder-proto/package.json\n'}
[1.100818] (mobile_sensor) StdoutLine: {'line': b'-- Installing: /home/ogan/ME461F25_LittleDaisies/project/ros_ws/install/mobile_sensor/share/mobile_sensor//node_modules/dunder-proto/LICENSE\n'}
[1.100916] (mobile_sensor) StdoutLine: {'line': b'-- Installing: /home/ogan/ME461F25_LittleDaisies/project/ros_ws/install/mobile_sensor/share/mobile_sensor//node_modules/dunder-proto/get.js\n'}
[1.100960] (-) TimerEvent: {}
[1.101060] (mobile_sensor) StdoutLine: {'line': b'-- Installing: /home/ogan/ME461F25_LittleDaisies/project/ros_ws/install/mobile_sensor/share/mobile_sensor//node_modules/dunder-proto/CHANGELOG.md\n'}
[1.101141] (mobile_sensor) StdoutLine: {'line': b'-- Installing: /home/ogan/ME461F25_LittleDaisies/project/ros_ws/install/mobile_sensor/share/mobile_sensor//node_modules/dunder-proto/tsconfig.json\n'}
[1.101238] (mobile_sensor) StdoutLine: {'line': b'-- Installing: /home/ogan/ME461F25_LittleDaisies/project/ros_ws/install/mobile_sensor/share/mobile_sensor//node_modules/dunder-proto/set.d.ts\n'}
[1.101329] (mobile_sensor) StdoutLine: {'line': b'-- Installing: /home/ogan/ME461F25_LittleDaisies/project/ros_ws/install/mobile_sensor/share/mobile_sensor//node_modules/dunder-proto/test\n'}
[1.101400] (mobile_sensor) StdoutLine: {'line': b'-- Installing: /home/ogan/ME461F25_LittleDaisies/project/ros_ws/install/mobile_sensor/share/mobile_sensor//node_modules/dunder-proto/test/set.js\n'}
[1.101499] (mobile_sensor) StdoutLine: {'line': b'-- Installing: /home/ogan/ME461F25_LittleDaisies/project/ros_ws/install/mobile_sensor/share/mobile_sensor//node_modules/dunder-proto/test/index.js\n'}
[1.101596] (mobile_sensor) StdoutLine: {'line': b'-- Installing: /home/ogan/ME461F25_LittleDaisies/project/ros_ws/install/mobile_sensor/share/mobile_sensor//node_modules/dunder-proto/test/get.js\n'}
[1.101695] (mobile_sensor) StdoutLine: {'line': b'-- Installing: /home/ogan/ME461F25_LittleDaisies/project/ros_ws/install/mobile_sensor/share/mobile_sensor//node_modules/dunder-proto/README.md\n'}
[1.101789] (mobile_sensor) StdoutLine: {'line': b'-- Installing: /home/ogan/ME461F25_LittleDaisies/project/ros_ws/install/mobile_sensor/share/mobile_sensor//node_modules/dunder-proto/.github\n'}
[1.101857] (mobile_sensor) StdoutLine: {'line': b'-- Installing: /home/ogan/ME461F25_LittleDaisies/project/ros_ws/install/mobile_sensor/share/mobile_sensor//node_modules/dunder-proto/.github/FUNDING.yml\n'}
[1.101956] (mobile_sensor) StdoutLine: {'line': b'-- Installing: /home/ogan/ME461F25_LittleDaisies/project/ros_ws/install/mobile_sensor/share/mobile_sensor//node_modules/dunder-proto/.nycrc\n'}
[1.102080] (mobile_sensor) StdoutLine: {'line': b'-- Installing: /home/ogan/ME461F25_LittleDaisies/project/ros_ws/install/mobile_sensor/share/mobile_sensor//node_modules/@rclnodejs\n'}
[1.102150] (mobile_sensor) StdoutLine: {'line': b'-- Installing: /home/ogan/ME461F25_LittleDaisies/project/ros_ws/install/mobile_sensor/share/mobile_sensor//node_modules/@rclnodejs/ref-array-di\n'}
[1.102214] (mobile_sensor) StdoutLine: {'line': b'-- Installing: /home/ogan/ME461F25_LittleDaisies/project/ros_ws/install/mobile_sensor/share/mobile_sensor//node_modules/@rclnodejs/ref-array-di/node_modules\n'}
[1.102262] (mobile_sensor) StdoutLine: {'line': b'-- Installing: /home/ogan/ME461F25_LittleDaisies/project/ros_ws/install/mobile_sensor/share/mobile_sensor//node_modules/@rclnodejs/ref-array-di/node_modules/debug\n'}
[1.102329] (mobile_sensor) StdoutLine: {'line': b'-- Installing: /home/ogan/ME461F25_LittleDaisies/project/ros_ws/install/mobile_sensor/share/mobile_sensor//node_modules/@rclnodejs/ref-array-di/node_modules/debug/package.json\n'}
[1.102430] (mobile_sensor) StdoutLine: {'line': b'-- Installing: /home/ogan/ME461F25_LittleDaisies/project/ros_ws/install/mobile_sensor/share/mobile_sensor//node_modules/@rclnodejs/ref-array-di/node_modules/debug/src\n'}
[1.102506] (mobile_sensor) StdoutLine: {'line': b'-- Installing: /home/ogan/ME461F25_LittleDaisies/project/ros_ws/install/mobile_sensor/share/mobile_sensor//node_modules/@rclnodejs/ref-array-di/node_modules/debug/src/common.js\n'}
[1.102623] (mobile_sensor) StdoutLine: {'line': b'-- Installing: /home/ogan/ME461F25_LittleDaisies/project/ros_ws/install/mobile_sensor/share/mobile_sensor//node_modules/@rclnodejs/ref-array-di/node_modules/debug/src/index.js\n'}
[1.102730] (mobile_sensor) StdoutLine: {'line': b'-- Installing: /home/ogan/ME461F25_LittleDaisies/project/ros_ws/install/mobile_sensor/share/mobile_sensor//node_modules/@rclnodejs/ref-array-di/node_modules/debug/src/browser.js\n'}
[1.102838] (mobile_sensor) StdoutLine: {'line': b'-- Installing: /home/ogan/ME461F25_LittleDaisies/project/ros_ws/install/mobile_sensor/share/mobile_sensor//node_modules/@rclnodejs/ref-array-di/node_modules/debug/src/node.js\n'}
[1.102943] (mobile_sensor) StdoutLine: {'line': b'-- Installing: /home/ogan/ME461F25_LittleDaisies/project/ros_ws/install/mobile_sensor/share/mobile_sensor//node_modules/@rclnodejs/ref-array-di/node_modules/debug/LICENSE\n'}
[1.103048] (mobile_sensor) StdoutLine: {'line': b'-- Installing: /home/ogan/ME461F25_LittleDaisies/project/ros_ws/install/mobile_sensor/share/mobile_sensor//node_modules/@rclnodejs/ref-array-di/node_modules/debug/README.md\n'}
[1.103190] (mobile_sensor) StdoutLine: {'line': b'-- Installing: /home/ogan/ME461F25_LittleDaisies/project/ros_ws/install/mobile_sensor/share/mobile_sensor//node_modules/@rclnodejs/ref-array-di/node_modules/ms\n'}
[1.103264] (mobile_sensor) StdoutLine: {'line': b'-- Installing: /home/ogan/ME461F25_LittleDaisies/project/ros_ws/install/mobile_sensor/share/mobile_sensor//node_modules/@rclnodejs/ref-array-di/node_modules/ms/package.json\n'}
[1.103376] (mobile_sensor) StdoutLine: {'line': b'-- Installing: /home/ogan/ME461F25_LittleDaisies/project/ros_ws/install/mobile_sensor/share/mobile_sensor//node_modules/@rclnodejs/ref-array-di/node_modules/ms/index.js\n'}
[1.103481] (mobile_sensor) StdoutLine: {'line': b'-- Installing: /home/ogan/ME461F25_LittleDaisies/project/ros_ws/install/mobile_sensor/share/mobile_sensor//node_modules/@rclnodejs/ref-array-di/node_modules/ms/license.md\n'}
[1.103603] (mobile_sensor) StdoutLine: {'line': b'-- Installing: /home/ogan/ME461F25_LittleDaisies/project/ros_ws/install/mobile_sensor/share/mobile_sensor//node_modules/@rclnodejs/ref-array-di/node_modules/ms/readme.md\n'}
[1.103697] (mobile_sensor) StdoutLine: {'line': b'-- Installing: /home/ogan/ME461F25_LittleDaisies/project/ros_ws/install/mobile_sensor/share/mobile_sensor//node_modules/@rclnodejs/ref-array-di/package.json\n'}
[1.103794] (mobile_sensor) StdoutLine: {'line': b'-- Installing: /home/ogan/ME461F25_LittleDaisies/project/ros_ws/install/mobile_sensor/share/mobile_sensor//node_modules/@rclnodejs/ref-array-di/LICENSE\n'}
[1.103888] (mobile_sensor) StdoutLine: {'line': b'-- Installing: /home/ogan/ME461F25_LittleDaisies/project/ros_ws/install/mobile_sensor/share/mobile_sensor//node_modules/@rclnodejs/ref-array-di/lib\n'}
[1.103964] (mobile_sensor) StdoutLine: {'line': b'-- Installing: /home/ogan/ME461F25_LittleDaisies/project/ros_ws/install/mobile_sensor/share/mobile_sensor//node_modules/@rclnodejs/ref-array-di/lib/array.js\n'}
[1.104071] (mobile_sensor) StdoutLine: {'line': b'-- Installing: /home/ogan/ME461F25_LittleDaisies/project/ros_ws/install/mobile_sensor/share/mobile_sensor//node_modules/@rclnodejs/ref-array-di/.project\n'}
[1.104178] (mobile_sensor) StdoutLine: {'line': b'-- Installing: /home/ogan/ME461F25_LittleDaisies/project/ros_ws/install/mobile_sensor/share/mobile_sensor//node_modules/@rclnodejs/ref-array-di/History.md\n'}
[1.104277] (mobile_sensor) StdoutLine: {'line': b'-- Installing: /home/ogan/ME461F25_LittleDaisies/project/ros_ws/install/mobile_sensor/share/mobile_sensor//node_modules/@rclnodejs/ref-array-di/code-of-conduct.md\n'}
[1.104371] (mobile_sensor) StdoutLine: {'line': b'-- Installing: /home/ogan/ME461F25_LittleDaisies/project/ros_ws/install/mobile_sensor/share/mobile_sensor//node_modules/@rclnodejs/ref-array-di/test\n'}
[1.104442] (mobile_sensor) StdoutLine: {'line': b'-- Installing: /home/ogan/ME461F25_LittleDaisies/project/ros_ws/install/mobile_sensor/share/mobile_sensor//node_modules/@rclnodejs/ref-array-di/test/array.js\n'}
[1.104549] (mobile_sensor) StdoutLine: {'line': b'-- Installing: /home/ogan/ME461F25_LittleDaisies/project/ros_ws/install/mobile_sensor/share/mobile_sensor//node_modules/@rclnodejs/ref-array-di/test/binding.gyp\n'}
[1.104649] (mobile_sensor) StdoutLine: {'line': b'-- Installing: /home/ogan/ME461F25_LittleDaisies/project/ros_ws/install/mobile_sensor/share/mobile_sensor//node_modules/@rclnodejs/ref-array-di/test/array_test.cc\n'}
[1.104751] (mobile_sensor) StdoutLine: {'line': b'-- Installing: /home/ogan/ME461F25_LittleDaisies/project/ros_ws/install/mobile_sensor/share/mobile_sensor//node_modules/@rclnodejs/ref-array-di/README.md\n'}
[1.104905] (mobile_sensor) StdoutLine: {'line': b'-- Installing: /home/ogan/ME461F25_LittleDaisies/project/ros_ws/install/mobile_sensor/share/mobile_sensor//node_modules/@rclnodejs/ref-array-di/appveyor.yml\n'}
[1.105008] (mobile_sensor) StdoutLine: {'line': b'-- Installing: /home/ogan/ME461F25_LittleDaisies/project/ros_ws/install/mobile_sensor/share/mobile_sensor//node_modules/@rclnodejs/ref-array-di/.travis.yml\n'}
[1.105101] (mobile_sensor) StdoutLine: {'line': b'-- Installing: /home/ogan/ME461F25_LittleDaisies/project/ros_ws/install/mobile_sensor/share/mobile_sensor//node_modules/@rclnodejs/ref-struct-di\n'}
[1.105190] (mobile_sensor) StdoutLine: {'line': b'-- Installing: /home/ogan/ME461F25_LittleDaisies/project/ros_ws/install/mobile_sensor/share/mobile_sensor//node_modules/@rclnodejs/ref-struct-di/node_modules\n'}
[1.105262] (mobile_sensor) StdoutLine: {'line': b'-- Installing: /home/ogan/ME461F25_LittleDaisies/project/ros_ws/install/mobile_sensor/share/mobile_sensor//node_modules/@rclnodejs/ref-struct-di/node_modules/debug\n'}
[1.105337] (mobile_sensor) StdoutLine: {'line': b'-- Installing: /home/ogan/ME461F25_LittleDaisies/project/ros_ws/install/mobile_sensor/share/mobile_sensor//node_modules/@rclnodejs/ref-struct-di/node_modules/debug/package.json\n'}
[1.105435] (mobile_sensor) StdoutLine: {'line': b'-- Installing: /home/ogan/ME461F25_LittleDaisies/project/ros_ws/install/mobile_sensor/share/mobile_sensor//node_modules/@rclnodejs/ref-struct-di/node_modules/debug/src\n'}
[1.105511] (mobile_sensor) StdoutLine: {'line': b'-- Installing: /home/ogan/ME461F25_LittleDaisies/project/ros_ws/install/mobile_sensor/share/mobile_sensor//node_modules/@rclnodejs/ref-struct-di/node_modules/debug/src/common.js\n'}
[1.105639] (mobile_sensor) StdoutLine: {'line': b'-- Installing: /home/ogan/ME461F25_LittleDaisies/project/ros_ws/install/mobile_sensor/share/mobile_sensor//node_modules/@rclnodejs/ref-struct-di/node_modules/debug/src/index.js\n'}
[1.105758] (mobile_sensor) StdoutLine: {'line': b'-- Installing: /home/ogan/ME461F25_LittleDaisies/project/ros_ws/install/mobile_sensor/share/mobile_sensor//node_modules/@rclnodejs/ref-struct-di/node_modules/debug/src/browser.js\n'}
[1.105876] (mobile_sensor) StdoutLine: {'line': b'-- Installing: /home/ogan/ME461F25_LittleDaisies/project/ros_ws/install/mobile_sensor/share/mobile_sensor//node_modules/@rclnodejs/ref-struct-di/node_modules/debug/src/node.js\n'}
[1.105988] (mobile_sensor) StdoutLine: {'line': b'-- Installing: /home/ogan/ME461F25_LittleDaisies/project/ros_ws/install/mobile_sensor/share/mobile_sensor//node_modules/@rclnodejs/ref-struct-di/node_modules/debug/LICENSE\n'}
[1.106094] (mobile_sensor) StdoutLine: {'line': b'-- Installing: /home/ogan/ME461F25_LittleDaisies/project/ros_ws/install/mobile_sensor/share/mobile_sensor//node_modules/@rclnodejs/ref-struct-di/node_modules/debug/README.md\n'}
[1.106223] (mobile_sensor) StdoutLine: {'line': b'-- Installing: /home/ogan/ME461F25_LittleDaisies/project/ros_ws/install/mobile_sensor/share/mobile_sensor//node_modules/@rclnodejs/ref-struct-di/node_modules/ms\n'}
[1.106301] (mobile_sensor) StdoutLine: {'line': b'-- Installing: /home/ogan/ME461F25_LittleDaisies/project/ros_ws/install/mobile_sensor/share/mobile_sensor//node_modules/@rclnodejs/ref-struct-di/node_modules/ms/package.json\n'}
[1.106408] (mobile_sensor) StdoutLine: {'line': b'-- Installing: /home/ogan/ME461F25_LittleDaisies/project/ros_ws/install/mobile_sensor/share/mobile_sensor//node_modules/@rclnodejs/ref-struct-di/node_modules/ms/index.js\n'}
[1.106511] (mobile_sensor) StdoutLine: {'line': b'-- Installing: /home/ogan/ME461F25_LittleDaisies/project/ros_ws/install/mobile_sensor/share/mobile_sensor//node_modules/@rclnodejs/ref-struct-di/node_modules/ms/license.md\n'}
[1.106626] (mobile_sensor) StdoutLine: {'line': b'-- Installing: /home/ogan/ME461F25_LittleDaisies/project/ros_ws/install/mobile_sensor/share/mobile_sensor//node_modules/@rclnodejs/ref-struct-di/node_modules/ms/readme.md\n'}
[1.106725] (mobile_sensor) StdoutLine: {'line': b'-- Installing: /home/ogan/ME461F25_LittleDaisies/project/ros_ws/install/mobile_sensor/share/mobile_sensor//node_modules/@rclnodejs/ref-struct-di/package.json\n'}
[1.106823] (mobile_sensor) StdoutLine: {'line': b'-- Installing: /home/ogan/ME461F25_LittleDaisies/project/ros_ws/install/mobile_sensor/share/mobile_sensor//node_modules/@rclnodejs/ref-struct-di/LICENSE\n'}
[1.106920] (mobile_sensor) StdoutLine: {'line': b'-- Installing: /home/ogan/ME461F25_LittleDaisies/project/ros_ws/install/mobile_sensor/share/mobile_sensor//node_modules/@rclnodejs/ref-struct-di/lib\n'}
[1.106993] (mobile_sensor) StdoutLine: {'line': b'-- Installing: /home/ogan/ME461F25_LittleDaisies/project/ros_ws/install/mobile_sensor/share/mobile_sensor//node_modules/@rclnodejs/ref-struct-di/lib/struct.js\n'}
[1.107100] (mobile_sensor) StdoutLine: {'line': b'-- Installing: /home/ogan/ME461F25_LittleDaisies/project/ros_ws/install/mobile_sensor/share/mobile_sensor//node_modules/@rclnodejs/ref-struct-di/.project\n'}
[1.107225] (mobile_sensor) StdoutLine: {'line': b'-- Installing: /home/ogan/ME461F25_LittleDaisies/project/ros_ws/install/mobile_sensor/share/mobile_sensor//node_modules/@rclnodejs/ref-struct-di/CHANGELOG.md\n'}
[1.107323] (mobile_sensor) StdoutLine: {'line': b'-- Installing: /home/ogan/ME461F25_LittleDaisies/project/ros_ws/install/mobile_sensor/share/mobile_sensor//node_modules/@rclnodejs/ref-struct-di/code-of-conduct.md\n'}
[1.107429] (mobile_sensor) StdoutLine: {'line': b'-- Installing: /home/ogan/ME461F25_LittleDaisies/project/ros_ws/install/mobile_sensor/share/mobile_sensor//node_modules/@rclnodejs/ref-struct-di/README.md\n'}
[1.107533] (mobile_sensor) StdoutLine: {'line': b'-- Installing: /home/ogan/ME461F25_LittleDaisies/project/ros_ws/install/mobile_sensor/share/mobile_sensor//node_modules/@rclnodejs/ref-struct-di/appveyor.yml\n'}
[1.107628] (mobile_sensor) StdoutLine: {'line': b'-- Installing: /home/ogan/ME461F25_LittleDaisies/project/ros_ws/install/mobile_sensor/share/mobile_sensor//node_modules/@rclnodejs/ref-struct-di/.travis.yml\n'}
[1.107728] (mobile_sensor) StdoutLine: {'line': b'-- Installing: /home/ogan/ME461F25_LittleDaisies/project/ros_ws/install/mobile_sensor/share/mobile_sensor//node_modules/@rclnodejs/ref-struct-di/.jshintrc\n'}
[1.107825] (mobile_sensor) StdoutLine: {'line': b'-- Installing: /home/ogan/ME461F25_LittleDaisies/project/ros_ws/install/mobile_sensor/share/mobile_sensor//node_modules/@rclnodejs/node-addon-api\n'}
[1.107902] (mobile_sensor) StdoutLine: {'line': b'-- Installing: /home/ogan/ME461F25_LittleDaisies/project/ros_ws/install/mobile_sensor/share/mobile_sensor//node_modules/@rclnodejs/node-addon-api/nothing.target.mk\n'}
[1.107996] (mobile_sensor) StdoutLine: {'line': b'-- Installing: /home/ogan/ME461F25_LittleDaisies/project/ros_ws/install/mobile_sensor/share/mobile_sensor//node_modules/@rclnodejs/node-addon-api/node_api.Makefile\n'}
[1.108090] (mobile_sensor) StdoutLine: {'line': b'-- Installing: /home/ogan/ME461F25_LittleDaisies/project/ros_ws/install/mobile_sensor/share/mobile_sensor//node_modules/@rclnodejs/ref-napi\n'}
[1.108163] (mobile_sensor) StdoutLine: {'line': b'-- Installing: /home/ogan/ME461F25_LittleDaisies/project/ros_ws/install/mobile_sensor/share/mobile_sensor//node_modules/@rclnodejs/ref-napi/node_modules\n'}
[1.108224] (mobile_sensor) StdoutLine: {'line': b'-- Installing: /home/ogan/ME461F25_LittleDaisies/project/ros_ws/install/mobile_sensor/share/mobile_sensor//node_modules/@rclnodejs/ref-napi/node_modules/debug\n'}
[1.108290] (mobile_sensor) StdoutLine: {'line': b'-- Installing: /home/ogan/ME461F25_LittleDaisies/project/ros_ws/install/mobile_sensor/share/mobile_sensor//node_modules/@rclnodejs/ref-napi/node_modules/debug/package.json\n'}
[1.108391] (mobile_sensor) StdoutLine: {'line': b'-- Installing: /home/ogan/ME461F25_LittleDaisies/project/ros_ws/install/mobile_sensor/share/mobile_sensor//node_modules/@rclnodejs/ref-napi/node_modules/debug/src\n'}
[1.108467] (mobile_sensor) StdoutLine: {'line': b'-- Installing: /home/ogan/ME461F25_LittleDaisies/project/ros_ws/install/mobile_sensor/share/mobile_sensor//node_modules/@rclnodejs/ref-napi/node_modules/debug/src/common.js\n'}
[1.108579] (mobile_sensor) StdoutLine: {'line': b'-- Installing: /home/ogan/ME461F25_LittleDaisies/project/ros_ws/install/mobile_sensor/share/mobile_sensor//node_modules/@rclnodejs/ref-napi/node_modules/debug/src/index.js\n'}
[1.108680] (mobile_sensor) StdoutLine: {'line': b'-- Installing: /home/ogan/ME461F25_LittleDaisies/project/ros_ws/install/mobile_sensor/share/mobile_sensor//node_modules/@rclnodejs/ref-napi/node_modules/debug/src/browser.js\n'}
[1.108787] (mobile_sensor) StdoutLine: {'line': b'-- Installing: /home/ogan/ME461F25_LittleDaisies/project/ros_ws/install/mobile_sensor/share/mobile_sensor//node_modules/@rclnodejs/ref-napi/node_modules/debug/src/node.js\n'}
[1.108898] (mobile_sensor) StdoutLine: {'line': b'-- Installing: /home/ogan/ME461F25_LittleDaisies/project/ros_ws/install/mobile_sensor/share/mobile_sensor//node_modules/@rclnodejs/ref-napi/node_modules/debug/LICENSE\n'}
[1.108997] (mobile_sensor) StdoutLine: {'line': b'-- Installing: /home/ogan/ME461F25_LittleDaisies/project/ros_ws/install/mobile_sensor/share/mobile_sensor//node_modules/@rclnodejs/ref-napi/node_modules/debug/README.md\n'}
[1.109110] (mobile_sensor) StdoutLine: {'line': b'-- Installing: /home/ogan/ME461F25_LittleDaisies/project/ros_ws/install/mobile_sensor/share/mobile_sensor//node_modules/@rclnodejs/ref-napi/node_modules/ms\n'}
[1.109188] (mobile_sensor) StdoutLine: {'line': b'-- Installing: /home/ogan/ME461F25_LittleDaisies/project/ros_ws/install/mobile_sensor/share/mobile_sensor//node_modules/@rclnodejs/ref-napi/node_modules/ms/package.json\n'}
[1.109289] (mobile_sensor) StdoutLine: {'line': b'-- Installing: /home/ogan/ME461F25_LittleDaisies/project/ros_ws/install/mobile_sensor/share/mobile_sensor//node_modules/@rclnodejs/ref-napi/node_modules/ms/index.js\n'}
[1.109400] (mobile_sensor) StdoutLine: {'line': b'-- Installing: /home/ogan/ME461F25_LittleDaisies/project/ros_ws/install/mobile_sensor/share/mobile_sensor//node_modules/@rclnodejs/ref-napi/node_modules/ms/license.md\n'}
[1.109497] (mobile_sensor) StdoutLine: {'line': b'-- Installing: /home/ogan/ME461F25_LittleDaisies/project/ros_ws/install/mobile_sensor/share/mobile_sensor//node_modules/@rclnodejs/ref-napi/node_modules/ms/readme.md\n'}
[1.109599] (mobile_sensor) StdoutLine: {'line': b'-- Installing: /home/ogan/ME461F25_LittleDaisies/project/ros_ws/install/mobile_sensor/share/mobile_sensor//node_modules/@rclnodejs/ref-napi/package.json\n'}
[1.109691] (mobile_sensor) StdoutLine: {'line': b'-- Installing: /home/ogan/ME461F25_LittleDaisies/project/ros_ws/install/mobile_sensor/share/mobile_sensor//node_modules/@rclnodejs/ref-napi/src\n'}
[1.109758] (mobile_sensor) StdoutLine: {'line': b'-- Installing: /home/ogan/ME461F25_LittleDaisies/project/ros_ws/install/mobile_sensor/share/mobile_sensor//node_modules/@rclnodejs/ref-napi/src/binding.cc\n'}
[1.109876] (mobile_sensor) StdoutLine: {'line': b'-- Installing: /home/ogan/ME461F25_LittleDaisies/project/ros_ws/install/mobile_sensor/share/mobile_sensor//node_modules/@rclnodejs/ref-napi/include\n'}
[1.109943] (mobile_sensor) StdoutLine: {'line': b'-- Installing: /home/ogan/ME461F25_LittleDaisies/project/ros_ws/install/mobile_sensor/share/mobile_sensor//node_modules/@rclnodejs/ref-napi/include/ref-napi.h\n'}
[1.110044] (mobile_sensor) StdoutLine: {'line': b'-- Installing: /home/ogan/ME461F25_LittleDaisies/project/ros_ws/install/mobile_sensor/share/mobile_sensor//node_modules/@rclnodejs/ref-napi/LICENSE\n'}
[1.110154] (mobile_sensor) StdoutLine: {'line': b'-- Installing: /home/ogan/ME461F25_LittleDaisies/project/ros_ws/install/mobile_sensor/share/mobile_sensor//node_modules/@rclnodejs/ref-napi/binding.gyp\n'}
[1.110252] (mobile_sensor) StdoutLine: {'line': b'-- Installing: /home/ogan/ME461F25_LittleDaisies/project/ros_ws/install/mobile_sensor/share/mobile_sensor//node_modules/@rclnodejs/ref-napi/lib\n'}
[1.110324] (mobile_sensor) StdoutLine: {'line': b'-- Installing: /home/ogan/ME461F25_LittleDaisies/project/ros_ws/install/mobile_sensor/share/mobile_sensor//node_modules/@rclnodejs/ref-napi/lib/ref.js\n'}
[1.110458] (mobile_sensor) StdoutLine: {'line': b'-- Installing: /home/ogan/ME461F25_LittleDaisies/project/ros_ws/install/mobile_sensor/share/mobile_sensor//node_modules/@rclnodejs/ref-napi/lib/get-paths.js\n'}
[1.110568] (mobile_sensor) StdoutLine: {'line': b'-- Installing: /home/ogan/ME461F25_LittleDaisies/project/ros_ws/install/mobile_sensor/share/mobile_sensor//node_modules/@rclnodejs/ref-napi/build\n'}
[1.110653] (mobile_sensor) StdoutLine: {'line': b'-- Installing: /home/ogan/ME461F25_LittleDaisies/project/ros_ws/install/mobile_sensor/share/mobile_sensor//node_modules/@rclnodejs/ref-napi/build/config.gypi\n'}
[1.110770] (mobile_sensor) StdoutLine: {'line': b'-- Installing: /home/ogan/ME461F25_LittleDaisies/project/ros_ws/install/mobile_sensor/share/mobile_sensor//node_modules/@rclnodejs/ref-napi/build/Release\n'}
[1.110838] (mobile_sensor) StdoutLine: {'line': b'-- Installing: /home/ogan/ME461F25_LittleDaisies/project/ros_ws/install/mobile_sensor/share/mobile_sensor//node_modules/@rclnodejs/ref-napi/build/Release/obj.target\n'}
[1.110906] (mobile_sensor) StdoutLine: {'line': b'-- Installing: /home/ogan/ME461F25_LittleDaisies/project/ros_ws/install/mobile_sensor/share/mobile_sensor//node_modules/@rclnodejs/ref-napi/build/Release/obj.target/nothing\n'}
[1.110978] (mobile_sensor) StdoutLine: {'line': b'-- Installing: /home/ogan/ME461F25_LittleDaisies/project/ros_ws/install/mobile_sensor/share/mobile_sensor//node_modules/@rclnodejs/ref-napi/build/Release/obj.target/binding.node\n'}
[1.111200] (mobile_sensor) StdoutLine: {'line': b'-- Installing: /home/ogan/ME461F25_LittleDaisies/project/ros_ws/install/mobile_sensor/share/mobile_sensor//node_modules/@rclnodejs/ref-napi/build/Release/obj.target/binding\n'}
[1.111270] (mobile_sensor) StdoutLine: {'line': b'-- Installing: /home/ogan/ME461F25_LittleDaisies/project/ros_ws/install/mobile_sensor/share/mobile_sensor//node_modules/@rclnodejs/ref-napi/build/Release/obj.target/binding/src\n'}
[1.111344] (mobile_sensor) StdoutLine: {'line': b'-- Installing: /home/ogan/ME461F25_LittleDaisies/project/ros_ws/install/mobile_sensor/share/mobile_sensor//node_modules/@rclnodejs/ref-napi/build/Release/obj.target/binding/src/binding.o\n'}
[1.111663] (mobile_sensor) StdoutLine: {'line': b'-- Installing: /home/ogan/ME461F25_LittleDaisies/project/ros_ws/install/mobile_sensor/share/mobile_sensor//node_modules/@rclnodejs/ref-napi/build/Release/binding.node\n'}
[1.111865] (mobile_sensor) StdoutLine: {'line': b'-- Installing: /home/ogan/ME461F25_LittleDaisies/project/ros_ws/install/mobile_sensor/share/mobile_sensor//node_modules/@rclnodejs/ref-napi/build/Release/nothing.a\n'}
[1.111962] (mobile_sensor) StdoutLine: {'line': b'-- Installing: /home/ogan/ME461F25_LittleDaisies/project/ros_ws/install/mobile_sensor/share/mobile_sensor//node_modules/@rclnodejs/ref-napi/build/Release/.deps\n'}
[1.112032] (mobile_sensor) StdoutLine: {'line': b'-- Installing: /home/ogan/ME461F25_LittleDaisies/project/ros_ws/install/mobile_sensor/share/mobile_sensor//node_modules/@rclnodejs/ref-napi/build/Release/.deps/Release\n'}
[1.112109] (mobile_sensor) StdoutLine: {'line': b'-- Installing: /home/ogan/ME461F25_LittleDaisies/project/ros_ws/install/mobile_sensor/share/mobile_sensor//node_modules/@rclnodejs/ref-napi/build/Release/.deps/Release/nothing.a.d\n'}
[1.112224] (mobile_sensor) StdoutLine: {'line': b'-- Installing: /home/ogan/ME461F25_LittleDaisies/project/ros_ws/install/mobile_sensor/share/mobile_sensor//node_modules/@rclnodejs/ref-napi/build/Release/.deps/Release/obj.target\n'}
[1.112302] (mobile_sensor) StdoutLine: {'line': b'-- Installing: /home/ogan/ME461F25_LittleDaisies/project/ros_ws/install/mobile_sensor/share/mobile_sensor//node_modules/@rclnodejs/ref-napi/build/Release/.deps/Release/obj.target/nothing\n'}
[1.112374] (mobile_sensor) StdoutLine: {'line': b'-- Installing: /home/ogan/ME461F25_LittleDaisies/project/ros_ws/install/mobile_sensor/share/mobile_sensor//node_modules/@rclnodejs/ref-napi/build/Release/.deps/Release/obj.target/binding\n'}
[1.112453] (mobile_sensor) StdoutLine: {'line': b'-- Installing: /home/ogan/ME461F25_LittleDaisies/project/ros_ws/install/mobile_sensor/share/mobile_sensor//node_modules/@rclnodejs/ref-napi/build/Release/.deps/Release/obj.target/binding/src\n'}
[1.112528] (mobile_sensor) StdoutLine: {'line': b'-- Installing: /home/ogan/ME461F25_LittleDaisies/project/ros_ws/install/mobile_sensor/share/mobile_sensor//node_modules/@rclnodejs/ref-napi/build/Release/.deps/Release/obj.target/binding/src/binding.o.d\n'}
[1.112648] (mobile_sensor) StdoutLine: {'line': b'-- Installing: /home/ogan/ME461F25_LittleDaisies/project/ros_ws/install/mobile_sensor/share/mobile_sensor//node_modules/@rclnodejs/ref-napi/build/Release/.deps/Release/obj.target/binding.node.d\n'}
[1.112750] (mobile_sensor) StdoutLine: {'line': b'-- Installing: /home/ogan/ME461F25_LittleDaisies/project/ros_ws/install/mobile_sensor/share/mobile_sensor//node_modules/@rclnodejs/ref-napi/build/Release/.deps/Release/node-addon-api\n'}
[1.112827] (mobile_sensor) StdoutLine: {'line': b'-- Installing: /home/ogan/ME461F25_LittleDaisies/project/ros_ws/install/mobile_sensor/share/mobile_sensor//node_modules/@rclnodejs/ref-napi/build/Release/.deps/Release/node-addon-api/nothing.o.d\n'}
[1.112936] (mobile_sensor) StdoutLine: {'line': b'-- Installing: /home/ogan/ME461F25_LittleDaisies/project/ros_ws/install/mobile_sensor/share/mobile_sensor//node_modules/@rclnodejs/ref-napi/build/Release/.deps/Release/binding.node.d\n'}
[1.113036] (mobile_sensor) StdoutLine: {'line': b'-- Installing: /home/ogan/ME461F25_LittleDaisies/project/ros_ws/install/mobile_sensor/share/mobile_sensor//node_modules/@rclnodejs/ref-napi/build/Release/node-addon-api\n'}
[1.113109] (mobile_sensor) StdoutLine: {'line': b'-- Installing: /home/ogan/ME461F25_LittleDaisies/project/ros_ws/install/mobile_sensor/share/mobile_sensor//node_modules/@rclnodejs/ref-napi/build/Release/node-addon-api/nothing.o\n'}
[1.113218] (mobile_sensor) StdoutLine: {'line': b'-- Installing: /home/ogan/ME461F25_LittleDaisies/project/ros_ws/install/mobile_sensor/share/mobile_sensor//node_modules/@rclnodejs/ref-napi/build/binding.Makefile\n'}
[1.113313] (mobile_sensor) StdoutLine: {'line': b'-- Installing: /home/ogan/ME461F25_LittleDaisies/project/ros_ws/install/mobile_sensor/share/mobile_sensor//node_modules/@rclnodejs/ref-napi/build/node-addon-api\n'}
[1.113382] (mobile_sensor) StdoutLine: {'line': b'-- Installing: /home/ogan/ME461F25_LittleDaisies/project/ros_ws/install/mobile_sensor/share/mobile_sensor//node_modules/@rclnodejs/ref-napi/build/node-addon-api/nothing.a\n'}
[1.113485] (mobile_sensor) StdoutLine: {'line': b'-- Installing: /home/ogan/ME461F25_LittleDaisies/project/ros_ws/install/mobile_sensor/share/mobile_sensor//node_modules/@rclnodejs/ref-napi/build/node-addon-api/nothing.a.ar-file-list\n'}
[1.113585] (mobile_sensor) StdoutLine: {'line': b'-- Installing: /home/ogan/ME461F25_LittleDaisies/project/ros_ws/install/mobile_sensor/share/mobile_sensor//node_modules/@rclnodejs/ref-napi/build/binding.target.mk\n'}
[1.113696] (mobile_sensor) StdoutLine: {'line': b'-- Installing: /home/ogan/ME461F25_LittleDaisies/project/ros_ws/install/mobile_sensor/share/mobile_sensor//node_modules/@rclnodejs/ref-napi/build/Makefile\n'}
[1.113799] (mobile_sensor) StdoutLine: {'line': b'-- Installing: /home/ogan/ME461F25_LittleDaisies/project/ros_ws/install/mobile_sensor/share/mobile_sensor//node_modules/@rclnodejs/ref-napi/.project\n'}
[1.113906] (mobile_sensor) StdoutLine: {'line': b'-- Installing: /home/ogan/ME461F25_LittleDaisies/project/ros_ws/install/mobile_sensor/share/mobile_sensor//node_modules/@rclnodejs/ref-napi/docs\n'}
[1.113969] (mobile_sensor) StdoutLine: {'line': b'-- Installing: /home/ogan/ME461F25_LittleDaisies/project/ros_ws/install/mobile_sensor/share/mobile_sensor//node_modules/@rclnodejs/ref-napi/docs/gh-pages.sh\n'}
[1.114071] (mobile_sensor) StdoutLine: {'line': b'-- Installing: /home/ogan/ME461F25_LittleDaisies/project/ros_ws/install/mobile_sensor/share/mobile_sensor//node_modules/@rclnodejs/ref-napi/docs/index.jade\n'}
[1.114187] (mobile_sensor) StdoutLine: {'line': b'-- Installing: /home/ogan/ME461F25_LittleDaisies/project/ros_ws/install/mobile_sensor/share/mobile_sensor//node_modules/@rclnodejs/ref-napi/docs/compile.js\n'}
[1.114285] (mobile_sensor) StdoutLine: {'line': b'-- Installing: /home/ogan/ME461F25_LittleDaisies/project/ros_ws/install/mobile_sensor/share/mobile_sensor//node_modules/@rclnodejs/ref-napi/docs/stylesheets\n'}
[1.114356] (mobile_sensor) StdoutLine: {'line': b'-- Installing: /home/ogan/ME461F25_LittleDaisies/project/ros_ws/install/mobile_sensor/share/mobile_sensor//node_modules/@rclnodejs/ref-napi/docs/stylesheets/base.css\n'}
[1.114468] (mobile_sensor) StdoutLine: {'line': b'-- Installing: /home/ogan/ME461F25_LittleDaisies/project/ros_ws/install/mobile_sensor/share/mobile_sensor//node_modules/@rclnodejs/ref-napi/docs/stylesheets/layout.css\n'}
[1.114577] (mobile_sensor) StdoutLine: {'line': b'-- Installing: /home/ogan/ME461F25_LittleDaisies/project/ros_ws/install/mobile_sensor/share/mobile_sensor//node_modules/@rclnodejs/ref-napi/docs/stylesheets/skeleton.css\n'}
[1.114684] (mobile_sensor) StdoutLine: {'line': b'-- Installing: /home/ogan/ME461F25_LittleDaisies/project/ros_ws/install/mobile_sensor/share/mobile_sensor//node_modules/@rclnodejs/ref-napi/docs/images\n'}
[1.114755] (mobile_sensor) StdoutLine: {'line': b'-- Installing: /home/ogan/ME461F25_LittleDaisies/project/ros_ws/install/mobile_sensor/share/mobile_sensor//node_modules/@rclnodejs/ref-napi/docs/images/apple-touch-icon.png\n'}
[1.114906] (mobile_sensor) StdoutLine: {'line': b'-- Installing: /home/ogan/ME461F25_LittleDaisies/project/ros_ws/install/mobile_sensor/share/mobile_sensor//node_modules/@rclnodejs/ref-napi/docs/images/apple-touch-icon-72x72.png\n'}
[1.115041] (mobile_sensor) StdoutLine: {'line': b'-- Installing: /home/ogan/ME461F25_LittleDaisies/project/ros_ws/install/mobile_sensor/share/mobile_sensor//node_modules/@rclnodejs/ref-napi/docs/images/favicon.ico\n'}
[1.115140] (mobile_sensor) StdoutLine: {'line': b'-- Installing: /home/ogan/ME461F25_LittleDaisies/project/ros_ws/install/mobile_sensor/share/mobile_sensor//node_modules/@rclnodejs/ref-napi/docs/images/ref.pxm\n'}
[1.115367] (mobile_sensor) StdoutLine: {'line': b'-- Installing: /home/ogan/ME461F25_LittleDaisies/project/ros_ws/install/mobile_sensor/share/mobile_sensor//node_modules/@rclnodejs/ref-napi/docs/images/apple-touch-icon-114x114.png\n'}
[1.115496] (mobile_sensor) StdoutLine: {'line': b'-- Installing: /home/ogan/ME461F25_LittleDaisies/project/ros_ws/install/mobile_sensor/share/mobile_sensor//node_modules/@rclnodejs/ref-napi/docs/scripts\n'}
[1.115577] (mobile_sensor) StdoutLine: {'line': b'-- Installing: /home/ogan/ME461F25_LittleDaisies/project/ros_ws/install/mobile_sensor/share/mobile_sensor//node_modules/@rclnodejs/ref-napi/docs/scripts/main.js\n'}
[1.115667] (mobile_sensor) StdoutLine: {'line': b'-- Installing: /home/ogan/ME461F25_LittleDaisies/project/ros_ws/install/mobile_sensor/share/mobile_sensor//node_modules/@rclnodejs/ref-napi/docs/scripts/jquery-3.5.1.min.js\n'}
[1.115848] (mobile_sensor) StdoutLine: {'line': b'-- Installing: /home/ogan/ME461F25_LittleDaisies/project/ros_ws/install/mobile_sensor/share/mobile_sensor//node_modules/@rclnodejs/ref-napi/CHANGELOG.md\n'}
[1.115957] (mobile_sensor) StdoutLine: {'line': b'-- Installing: /home/ogan/ME461F25_LittleDaisies/project/ros_ws/install/mobile_sensor/share/mobile_sensor//node_modules/@rclnodejs/ref-napi/code-of-conduct.md\n'}
[1.116052] (mobile_sensor) StdoutLine: {'line': b'-- Installing: /home/ogan/ME461F25_LittleDaisies/project/ros_ws/install/mobile_sensor/share/mobile_sensor//node_modules/@rclnodejs/ref-napi/test\n'}
[1.116133] (mobile_sensor) StdoutLine: {'line': b'-- Installing: /home/ogan/ME461F25_LittleDaisies/project/ros_ws/install/mobile_sensor/share/mobile_sensor//node_modules/@rclnodejs/ref-napi/test/types.js\n'}
[1.116241] (mobile_sensor) StdoutLine: {'line': b'-- Installing: /home/ogan/ME461F25_LittleDaisies/project/ros_ws/install/mobile_sensor/share/mobile_sensor//node_modules/@rclnodejs/ref-napi/test/pointer.js\n'}
[1.116343] (mobile_sensor) StdoutLine: {'line': b'-- Installing: /home/ogan/ME461F25_LittleDaisies/project/ros_ws/install/mobile_sensor/share/mobile_sensor//node_modules/@rclnodejs/ref-napi/test/uint64.js\n'}
[1.116454] (mobile_sensor) StdoutLine: {'line': b'-- Installing: /home/ogan/ME461F25_LittleDaisies/project/ros_ws/install/mobile_sensor/share/mobile_sensor//node_modules/@rclnodejs/ref-napi/test/string.js\n'}
[1.116552] (mobile_sensor) StdoutLine: {'line': b'-- Installing: /home/ogan/ME461F25_LittleDaisies/project/ros_ws/install/mobile_sensor/share/mobile_sensor//node_modules/@rclnodejs/ref-napi/test/reinterpret.js\n'}
[1.116657] (mobile_sensor) StdoutLine: {'line': b'-- Installing: /home/ogan/ME461F25_LittleDaisies/project/ros_ws/install/mobile_sensor/share/mobile_sensor//node_modules/@rclnodejs/ref-napi/test/coerce.js\n'}
[1.116757] (mobile_sensor) StdoutLine: {'line': b'-- Installing: /home/ogan/ME461F25_LittleDaisies/project/ros_ws/install/mobile_sensor/share/mobile_sensor//node_modules/@rclnodejs/ref-napi/test/isNull.js\n'}
[1.116857] (mobile_sensor) StdoutLine: {'line': b'-- Installing: /home/ogan/ME461F25_LittleDaisies/project/ros_ws/install/mobile_sensor/share/mobile_sensor//node_modules/@rclnodejs/ref-napi/test/address.js\n'}
[1.116958] (mobile_sensor) StdoutLine: {'line': b'-- Installing: /home/ogan/ME461F25_LittleDaisies/project/ros_ws/install/mobile_sensor/share/mobile_sensor//node_modules/@rclnodejs/ref-napi/test/ref-deref.js\n'}
[1.117057] (mobile_sensor) StdoutLine: {'line': b'-- Installing: /home/ogan/ME461F25_LittleDaisies/project/ros_ws/install/mobile_sensor/share/mobile_sensor//node_modules/@rclnodejs/ref-napi/test/utf16le.bin\n'}
[1.117233] (mobile_sensor) StdoutLine: {'line': b'-- Installing: /home/ogan/ME461F25_LittleDaisies/project/ros_ws/install/mobile_sensor/share/mobile_sensor//node_modules/@rclnodejs/ref-napi/test/alloc.js\n'}
[1.117336] (mobile_sensor) StdoutLine: {'line': b'-- Installing: /home/ogan/ME461F25_LittleDaisies/project/ros_ws/install/mobile_sensor/share/mobile_sensor//node_modules/@rclnodejs/ref-napi/test/reinterpretUntilZeros.js\n'}
[1.117437] (mobile_sensor) StdoutLine: {'line': b'-- Installing: /home/ogan/ME461F25_LittleDaisies/project/ros_ws/install/mobile_sensor/share/mobile_sensor//node_modules/@rclnodejs/ref-napi/test/iojs3issue.js\n'}
[1.117537] (mobile_sensor) StdoutLine: {'line': b'-- Installing: /home/ogan/ME461F25_LittleDaisies/project/ros_ws/install/mobile_sensor/share/mobile_sensor//node_modules/@rclnodejs/ref-napi/test/bool.js\n'}
[1.117639] (mobile_sensor) StdoutLine: {'line': b'-- Installing: /home/ogan/ME461F25_LittleDaisies/project/ros_ws/install/mobile_sensor/share/mobile_sensor//node_modules/@rclnodejs/ref-napi/test/char.js\n'}
[1.117740] (mobile_sensor) StdoutLine: {'line': b'-- Installing: /home/ogan/ME461F25_LittleDaisies/project/ros_ws/install/mobile_sensor/share/mobile_sensor//node_modules/@rclnodejs/ref-napi/test/object.js\n'}
[1.117841] (mobile_sensor) StdoutLine: {'line': b'-- Installing: /home/ogan/ME461F25_LittleDaisies/project/ros_ws/install/mobile_sensor/share/mobile_sensor//node_modules/@rclnodejs/ref-napi/test/int64.js\n'}
[1.117950] (mobile_sensor) StdoutLine: {'line': b'-- Installing: /home/ogan/ME461F25_LittleDaisies/project/ros_ws/install/mobile_sensor/share/mobile_sensor//node_modules/@rclnodejs/ref-napi/README.md\n'}
[1.118054] (mobile_sensor) StdoutLine: {'line': b'-- Installing: /home/ogan/ME461F25_LittleDaisies/project/ros_ws/install/mobile_sensor/share/mobile_sensor//node_modules/@rclnodejs/ref-napi/appveyor.yml\n'}
[1.118160] (mobile_sensor) StdoutLine: {'line': b'-- Installing: /home/ogan/ME461F25_LittleDaisies/project/ros_ws/install/mobile_sensor/share/mobile_sensor//node_modules/@rclnodejs/ref-napi/.travis.yml\n'}
[1.118262] (mobile_sensor) StdoutLine: {'line': b'-- Installing: /home/ogan/ME461F25_LittleDaisies/project/ros_ws/install/mobile_sensor/share/mobile_sensor//node_modules/node-addon-api\n'}
[1.118337] (mobile_sensor) StdoutLine: {'line': b'-- Installing: /home/ogan/ME461F25_LittleDaisies/project/ros_ws/install/mobile_sensor/share/mobile_sensor//node_modules/node-addon-api/node_api.gyp\n'}
[1.118433] (mobile_sensor) StdoutLine: {'line': b'-- Installing: /home/ogan/ME461F25_LittleDaisies/project/ros_ws/install/mobile_sensor/share/mobile_sensor//node_modules/node-addon-api/except.gypi\n'}
[1.118531] (mobile_sensor) StdoutLine: {'line': b'-- Installing: /home/ogan/ME461F25_LittleDaisies/project/ros_ws/install/mobile_sensor/share/mobile_sensor//node_modules/node-addon-api/package.json\n'}
[1.118635] (mobile_sensor) StdoutLine: {'line': b'-- Installing: /home/ogan/ME461F25_LittleDaisies/project/ros_ws/install/mobile_sensor/share/mobile_sensor//node_modules/node-addon-api/common.gypi\n'}
[1.118736] (mobile_sensor) StdoutLine: {'line': b'-- Installing: /home/ogan/ME461F25_LittleDaisies/project/ros_ws/install/mobile_sensor/share/mobile_sensor//node_modules/node-addon-api/nothing.c\n'}
[1.118827] (mobile_sensor) StdoutLine: {'line': b'-- Installing: /home/ogan/ME461F25_LittleDaisies/project/ros_ws/install/mobile_sensor/share/mobile_sensor//node_modules/node-addon-api/LICENSE.md\n'}
[1.118923] (mobile_sensor) StdoutLine: {'line': b'-- Installing: /home/ogan/ME461F25_LittleDaisies/project/ros_ws/install/mobile_sensor/share/mobile_sensor//node_modules/node-addon-api/index.js\n'}
[1.119014] (mobile_sensor) StdoutLine: {'line': b'-- Installing: /home/ogan/ME461F25_LittleDaisies/project/ros_ws/install/mobile_sensor/share/mobile_sensor//node_modules/node-addon-api/tools\n'}
[1.119080] (mobile_sensor) StdoutLine: {'line': b'-- Installing: /home/ogan/ME461F25_LittleDaisies/project/ros_ws/install/mobile_sensor/share/mobile_sensor//node_modules/node-addon-api/tools/conversion.js\n'}
[1.119203] (mobile_sensor) StdoutLine: {'line': b'-- Installing: /home/ogan/ME461F25_LittleDaisies/project/ros_ws/install/mobile_sensor/share/mobile_sensor//node_modules/node-addon-api/tools/clang-format.js\n'}
[1.119302] (mobile_sensor) StdoutLine: {'line': b'-- Installing: /home/ogan/ME461F25_LittleDaisies/project/ros_ws/install/mobile_sensor/share/mobile_sensor//node_modules/node-addon-api/tools/eslint-format.js\n'}
[1.119401] (mobile_sensor) StdoutLine: {'line': b'-- Installing: /home/ogan/ME461F25_LittleDaisies/project/ros_ws/install/mobile_sensor/share/mobile_sensor//node_modules/node-addon-api/tools/check-napi.js\n'}
[1.119499] (mobile_sensor) StdoutLine: {'line': b'-- Installing: /home/ogan/ME461F25_LittleDaisies/project/ros_ws/install/mobile_sensor/share/mobile_sensor//node_modules/node-addon-api/tools/README.md\n'}
[1.119598] (mobile_sensor) StdoutLine: {'line': b'-- Installing: /home/ogan/ME461F25_LittleDaisies/project/ros_ws/install/mobile_sensor/share/mobile_sensor//node_modules/node-addon-api/napi-inl.h\n'}
[1.119879] (mobile_sensor) StdoutLine: {'line': b'-- Installing: /home/ogan/ME461F25_LittleDaisies/project/ros_ws/install/mobile_sensor/share/mobile_sensor//node_modules/node-addon-api/package-support.json\n'}
[1.119978] (mobile_sensor) StdoutLine: {'line': b'-- Installing: /home/ogan/ME461F25_LittleDaisies/project/ros_ws/install/mobile_sensor/share/mobile_sensor//node_modules/node-addon-api/noexcept.gypi\n'}
[1.120075] (mobile_sensor) StdoutLine: {'line': b'-- Installing: /home/ogan/ME461F25_LittleDaisies/project/ros_ws/install/mobile_sensor/share/mobile_sensor//node_modules/node-addon-api/napi.h\n'}
[1.120286] (mobile_sensor) StdoutLine: {'line': b'-- Installing: /home/ogan/ME461F25_LittleDaisies/project/ros_ws/install/mobile_sensor/share/mobile_sensor//node_modules/node-addon-api/napi-inl.deprecated.h\n'}
[1.120394] (mobile_sensor) StdoutLine: {'line': b'-- Installing: /home/ogan/ME461F25_LittleDaisies/project/ros_ws/install/mobile_sensor/share/mobile_sensor//node_modules/node-addon-api/README.md\n'}
[1.120499] (mobile_sensor) StdoutLine: {'line': b'-- Installing: /home/ogan/ME461F25_LittleDaisies/project/ros_ws/install/mobile_sensor/share/mobile_sensor//node_modules/source-map-support\n'}
[1.120569] (mobile_sensor) StdoutLine: {'line': b'-- Installing: /home/ogan/ME461F25_LittleDaisies/project/ros_ws/install/mobile_sensor/share/mobile_sensor//node_modules/source-map-support/browser-source-map-support.js\n'}
[1.120717] (mobile_sensor) StdoutLine: {'line': b'-- Installing: /home/ogan/ME461F25_LittleDaisies/project/ros_ws/install/mobile_sensor/share/mobile_sensor//node_modules/source-map-support/package.json\n'}
[1.120814] (mobile_sensor) StdoutLine: {'line': b'-- Installing: /home/ogan/ME461F25_LittleDaisies/project/ros_ws/install/mobile_sensor/share/mobile_sensor//node_modules/source-map-support/register-hook-require.js\n'}
[1.120911] (mobile_sensor) StdoutLine: {'line': b'-- Installing: /home/ogan/ME461F25_LittleDaisies/project/ros_ws/install/mobile_sensor/share/mobile_sensor//node_modules/source-map-support/LICENSE.md\n'}
[1.121006] (mobile_sensor) StdoutLine: {'line': b'-- Installing: /home/ogan/ME461F25_LittleDaisies/project/ros_ws/install/mobile_sensor/share/mobile_sensor//node_modules/source-map-support/register.js\n'}
[1.121102] (mobile_sensor) StdoutLine: {'line': b'-- Installing: /home/ogan/ME461F25_LittleDaisies/project/ros_ws/install/mobile_sensor/share/mobile_sensor//node_modules/source-map-support/README.md\n'}
[1.121236] (mobile_sensor) StdoutLine: {'line': b'-- Installing: /home/ogan/ME461F25_LittleDaisies/project/ros_ws/install/mobile_sensor/share/mobile_sensor//node_modules/source-map-support/source-map-support.js\n'}
[1.121335] (mobile_sensor) StdoutLine: {'line': b'-- Installing: /home/ogan/ME461F25_LittleDaisies/project/ros_ws/install/mobile_sensor/share/mobile_sensor//node_modules/argparse\n'}
[1.121397] (mobile_sensor) StdoutLine: {'line': b'-- Installing: /home/ogan/ME461F25_LittleDaisies/project/ros_ws/install/mobile_sensor/share/mobile_sensor//node_modules/argparse/argparse.js\n'}
[1.121653] (mobile_sensor) StdoutLine: {'line': b'-- Installing: /home/ogan/ME461F25_LittleDaisies/project/ros_ws/install/mobile_sensor/share/mobile_sensor//node_modules/argparse/package.json\n'}
[1.121747] (mobile_sensor) StdoutLine: {'line': b'-- Installing: /home/ogan/ME461F25_LittleDaisies/project/ros_ws/install/mobile_sensor/share/mobile_sensor//node_modules/argparse/LICENSE\n'}
[1.121852] (mobile_sensor) StdoutLine: {'line': b'-- Installing: /home/ogan/ME461F25_LittleDaisies/project/ros_ws/install/mobile_sensor/share/mobile_sensor//node_modules/argparse/lib\n'}
[1.121919] (mobile_sensor) StdoutLine: {'line': b'-- Installing: /home/ogan/ME461F25_LittleDaisies/project/ros_ws/install/mobile_sensor/share/mobile_sensor//node_modules/argparse/lib/sub.js\n'}
[1.122035] (mobile_sensor) StdoutLine: {'line': b'-- Installing: /home/ogan/ME461F25_LittleDaisies/project/ros_ws/install/mobile_sensor/share/mobile_sensor//node_modules/argparse/lib/textwrap.js\n'}
[1.122161] (mobile_sensor) StdoutLine: {'line': b'-- Installing: /home/ogan/ME461F25_LittleDaisies/project/ros_ws/install/mobile_sensor/share/mobile_sensor//node_modules/argparse/CHANGELOG.md\n'}
[1.122263] (mobile_sensor) StdoutLine: {'line': b'-- Installing: /home/ogan/ME461F25_LittleDaisies/project/ros_ws/install/mobile_sensor/share/mobile_sensor//node_modules/argparse/README.md\n'}
[1.122357] (mobile_sensor) StdoutLine: {'line': b'-- Installing: /home/ogan/ME461F25_LittleDaisies/project/ros_ws/install/mobile_sensor/share/mobile_sensor//node_modules/methods\n'}
[1.122423] (mobile_sensor) StdoutLine: {'line': b'-- Installing: /home/ogan/ME461F25_LittleDaisies/project/ros_ws/install/mobile_sensor/share/mobile_sensor//node_modules/methods/package.json\n'}
[1.122522] (mobile_sensor) StdoutLine: {'line': b'-- Installing: /home/ogan/ME461F25_LittleDaisies/project/ros_ws/install/mobile_sensor/share/mobile_sensor//node_modules/methods/LICENSE\n'}
[1.122619] (mobile_sensor) StdoutLine: {'line': b'-- Installing: /home/ogan/ME461F25_LittleDaisies/project/ros_ws/install/mobile_sensor/share/mobile_sensor//node_modules/methods/index.js\n'}
[1.122749] (mobile_sensor) StdoutLine: {'line': b'-- Installing: /home/ogan/ME461F25_LittleDaisies/project/ros_ws/install/mobile_sensor/share/mobile_sensor//node_modules/methods/HISTORY.md\n'}
[1.122855] (mobile_sensor) StdoutLine: {'line': b'-- Installing: /home/ogan/ME461F25_LittleDaisies/project/ros_ws/install/mobile_sensor/share/mobile_sensor//node_modules/methods/README.md\n'}
[1.122950] (mobile_sensor) StdoutLine: {'line': b'-- Installing: /home/ogan/ME461F25_LittleDaisies/project/ros_ws/install/mobile_sensor/share/mobile_sensor//node_modules/call-bound\n'}
[1.123018] (mobile_sensor) StdoutLine: {'line': b'-- Installing: /home/ogan/ME461F25_LittleDaisies/project/ros_ws/install/mobile_sensor/share/mobile_sensor//node_modules/call-bound/.eslintrc\n'}
[1.123115] (mobile_sensor) StdoutLine: {'line': b'-- Installing: /home/ogan/ME461F25_LittleDaisies/project/ros_ws/install/mobile_sensor/share/mobile_sensor//node_modules/call-bound/package.json\n'}
[1.123241] (mobile_sensor) StdoutLine: {'line': b'-- Installing: /home/ogan/ME461F25_LittleDaisies/project/ros_ws/install/mobile_sensor/share/mobile_sensor//node_modules/call-bound/LICENSE\n'}
[1.123335] (mobile_sensor) StdoutLine: {'line': b'-- Installing: /home/ogan/ME461F25_LittleDaisies/project/ros_ws/install/mobile_sensor/share/mobile_sensor//node_modules/call-bound/index.js\n'}
[1.123432] (mobile_sensor) StdoutLine: {'line': b'-- Installing: /home/ogan/ME461F25_LittleDaisies/project/ros_ws/install/mobile_sensor/share/mobile_sensor//node_modules/call-bound/index.d.ts\n'}
[1.123533] (mobile_sensor) StdoutLine: {'line': b'-- Installing: /home/ogan/ME461F25_LittleDaisies/project/ros_ws/install/mobile_sensor/share/mobile_sensor//node_modules/call-bound/CHANGELOG.md\n'}
[1.123631] (mobile_sensor) StdoutLine: {'line': b'-- Installing: /home/ogan/ME461F25_LittleDaisies/project/ros_ws/install/mobile_sensor/share/mobile_sensor//node_modules/call-bound/tsconfig.json\n'}
[1.123734] (mobile_sensor) StdoutLine: {'line': b'-- Installing: /home/ogan/ME461F25_LittleDaisies/project/ros_ws/install/mobile_sensor/share/mobile_sensor//node_modules/call-bound/test\n'}
[1.123793] (mobile_sensor) StdoutLine: {'line': b'-- Installing: /home/ogan/ME461F25_LittleDaisies/project/ros_ws/install/mobile_sensor/share/mobile_sensor//node_modules/call-bound/test/index.js\n'}
[1.123891] (mobile_sensor) StdoutLine: {'line': b'-- Installing: /home/ogan/ME461F25_LittleDaisies/project/ros_ws/install/mobile_sensor/share/mobile_sensor//node_modules/call-bound/README.md\n'}
[1.123983] (mobile_sensor) StdoutLine: {'line': b'-- Installing: /home/ogan/ME461F25_LittleDaisies/project/ros_ws/install/mobile_sensor/share/mobile_sensor//node_modules/call-bound/.github\n'}
[1.124047] (mobile_sensor) StdoutLine: {'line': b'-- Installing: /home/ogan/ME461F25_LittleDaisies/project/ros_ws/install/mobile_sensor/share/mobile_sensor//node_modules/call-bound/.github/FUNDING.yml\n'}
[1.124151] (mobile_sensor) StdoutLine: {'line': b'-- Installing: /home/ogan/ME461F25_LittleDaisies/project/ros_ws/install/mobile_sensor/share/mobile_sensor//node_modules/call-bound/.nycrc\n'}
[1.124247] (mobile_sensor) StdoutLine: {'line': b'-- Installing: /home/ogan/ME461F25_LittleDaisies/project/ros_ws/install/mobile_sensor/share/mobile_sensor//node_modules/side-channel-map\n'}
[1.124317] (mobile_sensor) StdoutLine: {'line': b'-- Installing: /home/ogan/ME461F25_LittleDaisies/project/ros_ws/install/mobile_sensor/share/mobile_sensor//node_modules/side-channel-map/.editorconfig\n'}
[1.124437] (mobile_sensor) StdoutLine: {'line': b'-- Installing: /home/ogan/ME461F25_LittleDaisies/project/ros_ws/install/mobile_sensor/share/mobile_sensor//node_modules/side-channel-map/.eslintrc\n'}
[1.124526] (mobile_sensor) StdoutLine: {'line': b'-- Installing: /home/ogan/ME461F25_LittleDaisies/project/ros_ws/install/mobile_sensor/share/mobile_sensor//node_modules/side-channel-map/package.json\n'}
[1.124628] (mobile_sensor) StdoutLine: {'line': b'-- Installing: /home/ogan/ME461F25_LittleDaisies/project/ros_ws/install/mobile_sensor/share/mobile_sensor//node_modules/side-channel-map/LICENSE\n'}
[1.124721] (mobile_sensor) StdoutLine: {'line': b'-- Installing: /home/ogan/ME461F25_LittleDaisies/project/ros_ws/install/mobile_sensor/share/mobile_sensor//node_modules/side-channel-map/index.js\n'}
[1.124816] (mobile_sensor) StdoutLine: {'line': b'-- Installing: /home/ogan/ME461F25_LittleDaisies/project/ros_ws/install/mobile_sensor/share/mobile_sensor//node_modules/side-channel-map/index.d.ts\n'}
[1.124912] (mobile_sensor) StdoutLine: {'line': b'-- Installing: /home/ogan/ME461F25_LittleDaisies/project/ros_ws/install/mobile_sensor/share/mobile_sensor//node_modules/side-channel-map/CHANGELOG.md\n'}
[1.125008] (mobile_sensor) StdoutLine: {'line': b'-- Installing: /home/ogan/ME461F25_LittleDaisies/project/ros_ws/install/mobile_sensor/share/mobile_sensor//node_modules/side-channel-map/tsconfig.json\n'}
[1.125107] (mobile_sensor) StdoutLine: {'line': b'-- Installing: /home/ogan/ME461F25_LittleDaisies/project/ros_ws/install/mobile_sensor/share/mobile_sensor//node_modules/side-channel-map/test\n'}
[1.125181] (mobile_sensor) StdoutLine: {'line': b'-- Installing: /home/ogan/ME461F25_LittleDaisies/project/ros_ws/install/mobile_sensor/share/mobile_sensor//node_modules/side-channel-map/test/index.js\n'}
[1.125282] (mobile_sensor) StdoutLine: {'line': b'-- Installing: /home/ogan/ME461F25_LittleDaisies/project/ros_ws/install/mobile_sensor/share/mobile_sensor//node_modules/side-channel-map/README.md\n'}
[1.125376] (mobile_sensor) StdoutLine: {'line': b'-- Installing: /home/ogan/ME461F25_LittleDaisies/project/ros_ws/install/mobile_sensor/share/mobile_sensor//node_modules/side-channel-map/.github\n'}
[1.125442] (mobile_sensor) StdoutLine: {'line': b'-- Installing: /home/ogan/ME461F25_LittleDaisies/project/ros_ws/install/mobile_sensor/share/mobile_sensor//node_modules/side-channel-map/.github/FUNDING.yml\n'}
[1.125541] (mobile_sensor) StdoutLine: {'line': b'-- Installing: /home/ogan/ME461F25_LittleDaisies/project/ros_ws/install/mobile_sensor/share/mobile_sensor//node_modules/side-channel-map/.nycrc\n'}
[1.125635] (mobile_sensor) StdoutLine: {'line': b'-- Installing: /home/ogan/ME461F25_LittleDaisies/project/ros_ws/install/mobile_sensor/share/mobile_sensor//node_modules/media-typer\n'}
[1.125701] (mobile_sensor) StdoutLine: {'line': b'-- Installing: /home/ogan/ME461F25_LittleDaisies/project/ros_ws/install/mobile_sensor/share/mobile_sensor//node_modules/media-typer/package.json\n'}
[1.125800] (mobile_sensor) StdoutLine: {'line': b'-- Installing: /home/ogan/ME461F25_LittleDaisies/project/ros_ws/install/mobile_sensor/share/mobile_sensor//node_modules/media-typer/LICENSE\n'}
[1.125908] (mobile_sensor) StdoutLine: {'line': b'-- Installing: /home/ogan/ME461F25_LittleDaisies/project/ros_ws/install/mobile_sensor/share/mobile_sensor//node_modules/media-typer/index.js\n'}
[1.126001] (mobile_sensor) StdoutLine: {'line': b'-- Installing: /home/ogan/ME461F25_LittleDaisies/project/ros_ws/install/mobile_sensor/share/mobile_sensor//node_modules/media-typer/HISTORY.md\n'}
[1.126098] (mobile_sensor) StdoutLine: {'line': b'-- Installing: /home/ogan/ME461F25_LittleDaisies/project/ros_ws/install/mobile_sensor/share/mobile_sensor//node_modules/media-typer/README.md\n'}
[1.126201] (mobile_sensor) StdoutLine: {'line': b'-- Installing: /home/ogan/ME461F25_LittleDaisies/project/ros_ws/install/mobile_sensor/share/mobile_sensor//node_modules/etag\n'}
[1.126267] (mobile_sensor) StdoutLine: {'line': b'-- Installing: /home/ogan/ME461F25_LittleDaisies/project/ros_ws/install/mobile_sensor/share/mobile_sensor//node_modules/etag/package.json\n'}
[1.126366] (mobile_sensor) StdoutLine: {'line': b'-- Installing: /home/ogan/ME461F25_LittleDaisies/project/ros_ws/install/mobile_sensor/share/mobile_sensor//node_modules/etag/LICENSE\n'}
[1.126467] (mobile_sensor) StdoutLine: {'line': b'-- Installing: /home/ogan/ME461F25_LittleDaisies/project/ros_ws/install/mobile_sensor/share/mobile_sensor//node_modules/etag/index.js\n'}
[1.126570] (mobile_sensor) StdoutLine: {'line': b'-- Installing: /home/ogan/ME461F25_LittleDaisies/project/ros_ws/install/mobile_sensor/share/mobile_sensor//node_modules/etag/HISTORY.md\n'}
[1.126667] (mobile_sensor) StdoutLine: {'line': b'-- Installing: /home/ogan/ME461F25_LittleDaisies/project/ros_ws/install/mobile_sensor/share/mobile_sensor//node_modules/etag/README.md\n'}
[1.126769] (mobile_sensor) StdoutLine: {'line': b'-- Installing: /home/ogan/ME461F25_LittleDaisies/project/ros_ws/install/mobile_sensor/share/mobile_sensor//node_modules/ee-first\n'}
[1.126841] (mobile_sensor) StdoutLine: {'line': b'-- Installing: /home/ogan/ME461F25_LittleDaisies/project/ros_ws/install/mobile_sensor/share/mobile_sensor//node_modules/ee-first/package.json\n'}
[1.126947] (mobile_sensor) StdoutLine: {'line': b'-- Installing: /home/ogan/ME461F25_LittleDaisies/project/ros_ws/install/mobile_sensor/share/mobile_sensor//node_modules/ee-first/LICENSE\n'}
[1.127044] (mobile_sensor) StdoutLine: {'line': b'-- Installing: /home/ogan/ME461F25_LittleDaisies/project/ros_ws/install/mobile_sensor/share/mobile_sensor//node_modules/ee-first/index.js\n'}
[1.127194] (mobile_sensor) StdoutLine: {'line': b'-- Installing: /home/ogan/ME461F25_LittleDaisies/project/ros_ws/install/mobile_sensor/share/mobile_sensor//node_modules/ee-first/README.md\n'}
[1.127312] (mobile_sensor) StdoutLine: {'line': b'-- Installing: /home/ogan/ME461F25_LittleDaisies/project/ros_ws/install/mobile_sensor/share/mobile_sensor//node_modules/ext\n'}
[1.127407] (mobile_sensor) StdoutLine: {'line': b'-- Installing: /home/ogan/ME461F25_LittleDaisies/project/ros_ws/install/mobile_sensor/share/mobile_sensor//node_modules/ext/math\n'}
[1.127470] (mobile_sensor) StdoutLine: {'line': b'-- Installing: /home/ogan/ME461F25_LittleDaisies/project/ros_ws/install/mobile_sensor/share/mobile_sensor//node_modules/ext/math/floor-10.js\n'}
[1.127573] (mobile_sensor) StdoutLine: {'line': b'-- Installing: /home/ogan/ME461F25_LittleDaisies/project/ros_ws/install/mobile_sensor/share/mobile_sensor//node_modules/ext/math/ceil-10.js\n'}
[1.127664] (mobile_sensor) StdoutLine: {'line': b'-- Installing: /home/ogan/ME461F25_LittleDaisies/project/ros_ws/install/mobile_sensor/share/mobile_sensor//node_modules/ext/math/round-10.js\n'}
[1.127729] (mobile_sensor) StdoutLine: {'line': b'-- Installing: /home/ogan/ME461F25_LittleDaisies/project/ros_ws/install/mobile_sensor/share/mobile_sensor//node_modules/ext/package.json\n'}
[1.127804] (mobile_sensor) StdoutLine: {'line': b'-- Installing: /home/ogan/ME461F25_LittleDaisies/project/ros_ws/install/mobile_sensor/share/mobile_sensor//node_modules/ext/string\n'}
[1.127875] (mobile_sensor) StdoutLine: {'line': b'-- Installing: /home/ogan/ME461F25_LittleDaisies/project/ros_ws/install/mobile_sensor/share/mobile_sensor//node_modules/ext/string/random.js\n'}
[1.127976] (mobile_sensor) StdoutLine: {'line': b'-- Installing: /home/ogan/ME461F25_LittleDaisies/project/ros_ws/install/mobile_sensor/share/mobile_sensor//node_modules/ext/LICENSE\n'}
[1.128069] (mobile_sensor) StdoutLine: {'line': b'-- Installing: /home/ogan/ME461F25_LittleDaisies/project/ros_ws/install/mobile_sensor/share/mobile_sensor//node_modules/ext/lib\n'}
[1.128140] (mobile_sensor) StdoutLine: {'line': b'-- Installing: /home/ogan/ME461F25_LittleDaisies/project/ros_ws/install/mobile_sensor/share/mobile_sensor//node_modules/ext/lib/private\n'}
[1.128246] (mobile_sensor) StdoutLine: {'line': b'-- Installing: /home/ogan/ME461F25_LittleDaisies/project/ros_ws/install/mobile_sensor/share/mobile_sensor//node_modules/ext/lib/private/decimal-adjust.js\n'}
[1.128354] (mobile_sensor) StdoutLine: {'line': b'-- Installing: /home/ogan/ME461F25_LittleDaisies/project/ros_ws/install/mobile_sensor/share/mobile_sensor//node_modules/ext/lib/private/define-function-length.js\n'}
[1.128451] (mobile_sensor) StdoutLine: {'line': b'-- Installing: /home/ogan/ME461F25_LittleDaisies/project/ros_ws/install/mobile_sensor/share/mobile_sensor//node_modules/ext/docs\n'}
[1.128517] (mobile_sensor) StdoutLine: {'line': b'-- Installing: /home/ogan/ME461F25_LittleDaisies/project/ros_ws/install/mobile_sensor/share/mobile_sensor//node_modules/ext/docs/math\n'}
[1.128586] (mobile_sensor) StdoutLine: {'line': b'-- Installing: /home/ogan/ME461F25_LittleDaisies/project/ros_ws/install/mobile_sensor/share/mobile_sensor//node_modules/ext/docs/math/ceil-10.md\n'}
[1.128691] (mobile_sensor) StdoutLine: {'line': b'-- Installing: /home/ogan/ME461F25_LittleDaisies/project/ros_ws/install/mobile_sensor/share/mobile_sensor//node_modules/ext/docs/math/round-10.md\n'}
[1.128794] (mobile_sensor) StdoutLine: {'line': b'-- Installing: /home/ogan/ME461F25_LittleDaisies/project/ros_ws/install/mobile_sensor/share/mobile_sensor//node_modules/ext/docs/math/floor-10.md\n'}
[1.128892] (mobile_sensor) StdoutLine: {'line': b'-- Installing: /home/ogan/ME461F25_LittleDaisies/project/ros_ws/install/mobile_sensor/share/mobile_sensor//node_modules/ext/docs/string\n'}
[1.128961] (mobile_sensor) StdoutLine: {'line': b'-- Installing: /home/ogan/ME461F25_LittleDaisies/project/ros_ws/install/mobile_sensor/share/mobile_sensor//node_modules/ext/docs/string/random.md\n'}
[1.129063] (mobile_sensor) StdoutLine: {'line': b'-- Installing: /home/ogan/ME461F25_LittleDaisies/project/ros_ws/install/mobile_sensor/share/mobile_sensor//node_modules/ext/docs/string_\n'}
[1.129144] (mobile_sensor) StdoutLine: {'line': b'-- Installing: /home/ogan/ME461F25_LittleDaisies/project/ros_ws/install/mobile_sensor/share/mobile_sensor//node_modules/ext/docs/string_/capitalize.md\n'}
[1.129264] (mobile_sensor) StdoutLine: {'line': b'-- Installing: /home/ogan/ME461F25_LittleDaisies/project/ros_ws/install/mobile_sensor/share/mobile_sensor//node_modules/ext/docs/string_/includes.md\n'}
[1.129369] (mobile_sensor) StdoutLine: {'line': b'-- Installing: /home/ogan/ME461F25_LittleDaisies/project/ros_ws/install/mobile_sensor/share/mobile_sensor//node_modules/ext/docs/string_/camel-to-hyphen.md\n'}
[1.129477] (mobile_sensor) StdoutLine: {'line': b'-- Installing: /home/ogan/ME461F25_LittleDaisies/project/ros_ws/install/mobile_sensor/share/mobile_sensor//node_modules/ext/docs/global-this.md\n'}
[1.129574] (mobile_sensor) StdoutLine: {'line': b'-- Installing: /home/ogan/ME461F25_LittleDaisies/project/ros_ws/install/mobile_sensor/share/mobile_sensor//node_modules/ext/docs/thenable_\n'}
[1.129641] (mobile_sensor) StdoutLine: {'line': b'-- Installing: /home/ogan/ME461F25_LittleDaisies/project/ros_ws/install/mobile_sensor/share/mobile_sensor//node_modules/ext/docs/thenable_/finally.md\n'}
[1.129743] (mobile_sensor) StdoutLine: {'line': b'-- Installing: /home/ogan/ME461F25_LittleDaisies/project/ros_ws/install/mobile_sensor/share/mobile_sensor//node_modules/ext/docs/function\n'}
[1.129811] (mobile_sensor) StdoutLine: {'line': b'-- Installing: /home/ogan/ME461F25_LittleDaisies/project/ros_ws/install/mobile_sensor/share/mobile_sensor//node_modules/ext/docs/function/identity.md\n'}
[1.129910] (mobile_sensor) StdoutLine: {'line': b'-- Installing: /home/ogan/ME461F25_LittleDaisies/project/ros_ws/install/mobile_sensor/share/mobile_sensor//node_modules/ext/docs/promise\n'}
[1.129982] (mobile_sensor) StdoutLine: {'line': b'-- Installing: /home/ogan/ME461F25_LittleDaisies/project/ros_ws/install/mobile_sensor/share/mobile_sensor//node_modules/ext/docs/promise/limit.md\n'}
[1.130080] (mobile_sensor) StdoutLine: {'line': b'-- Installing: /home/ogan/ME461F25_LittleDaisies/project/ros_ws/install/mobile_sensor/share/mobile_sensor//node_modules/ext/docs/object\n'}
[1.130161] (mobile_sensor) StdoutLine: {'line': b'-- Installing: /home/ogan/ME461F25_LittleDaisies/project/ros_ws/install/mobile_sensor/share/mobile_sensor//node_modules/ext/docs/object/entries.md\n'}
[1.130274] (mobile_sensor) StdoutLine: {'line': b'-- Installing: /home/ogan/ME461F25_LittleDaisies/project/ros_ws/install/mobile_sensor/share/mobile_sensor//node_modules/ext/docs/object/clear.md\n'}
[1.130368] (mobile_sensor) StdoutLine: {'line': b'-- Installing: /home/ogan/ME461F25_LittleDaisies/project/ros_ws/install/mobile_sensor/share/mobile_sensor//node_modules/ext/string_\n'}
[1.130431] (mobile_sensor) StdoutLine: {'line': b'-- Installing: /home/ogan/ME461F25_LittleDaisies/project/ros_ws/install/mobile_sensor/share/mobile_sensor//node_modules/ext/string_/includes\n'}
[1.130497] (mobile_sensor) StdoutLine: {'line': b'-- Installing: /home/ogan/ME461F25_LittleDaisies/project/ros_ws/install/mobile_sensor/share/mobile_sensor//node_modules/ext/string_/includes/is-implemented.js\n'}
[1.130598] (mobile_sensor) StdoutLine: {'line': b'-- Installing: /home/ogan/ME461F25_LittleDaisies/project/ros_ws/install/mobile_sensor/share/mobile_sensor//node_modules/ext/string_/includes/implementation.js\n'}
[1.130699] (mobile_sensor) StdoutLine: {'line': b'-- Installing: /home/ogan/ME461F25_LittleDaisies/project/ros_ws/install/mobile_sensor/share/mobile_sensor//node_modules/ext/string_/includes/index.js\n'}
[1.130798] (mobile_sensor) StdoutLine: {'line': b'-- Installing: /home/ogan/ME461F25_LittleDaisies/project/ros_ws/install/mobile_sensor/share/mobile_sensor//node_modules/ext/string_/camel-to-hyphen.js\n'}
[1.130895] (mobile_sensor) StdoutLine: {'line': b'-- Installing: /home/ogan/ME461F25_LittleDaisies/project/ros_ws/install/mobile_sensor/share/mobile_sensor//node_modules/ext/string_/capitalize.js\n'}
[1.130988] (mobile_sensor) StdoutLine: {'line': b'-- Installing: /home/ogan/ME461F25_LittleDaisies/project/ros_ws/install/mobile_sensor/share/mobile_sensor//node_modules/ext/global-this\n'}
[1.131053] (mobile_sensor) StdoutLine: {'line': b'-- Installing: /home/ogan/ME461F25_LittleDaisies/project/ros_ws/install/mobile_sensor/share/mobile_sensor//node_modules/ext/global-this/is-implemented.js\n'}
[1.131158] (mobile_sensor) StdoutLine: {'line': b'-- Installing: /home/ogan/ME461F25_LittleDaisies/project/ros_ws/install/mobile_sensor/share/mobile_sensor//node_modules/ext/global-this/implementation.js\n'}
[1.131262] (mobile_sensor) StdoutLine: {'line': b'-- Installing: /home/ogan/ME461F25_LittleDaisies/project/ros_ws/install/mobile_sensor/share/mobile_sensor//node_modules/ext/global-this/index.js\n'}
[1.131362] (mobile_sensor) StdoutLine: {'line': b'-- Installing: /home/ogan/ME461F25_LittleDaisies/project/ros_ws/install/mobile_sensor/share/mobile_sensor//node_modules/ext/CHANGELOG.md\n'}
[1.131455] (mobile_sensor) StdoutLine: {'line': b'-- Installing: /home/ogan/ME461F25_LittleDaisies/project/ros_ws/install/mobile_sensor/share/mobile_sensor//node_modules/ext/thenable_\n'}
[1.131523] (mobile_sensor) StdoutLine: {'line': b'-- Installing: /home/ogan/ME461F25_LittleDaisies/project/ros_ws/install/mobile_sensor/share/mobile_sensor//node_modules/ext/thenable_/finally.js\n'}
[1.131627] (mobile_sensor) StdoutLine: {'line': b'-- Installing: /home/ogan/ME461F25_LittleDaisies/project/ros_ws/install/mobile_sensor/share/mobile_sensor//node_modules/ext/function\n'}
[1.131686] (mobile_sensor) StdoutLine: {'line': b'-- Installing: /home/ogan/ME461F25_LittleDaisies/project/ros_ws/install/mobile_sensor/share/mobile_sensor//node_modules/ext/function/identity.js\n'}
[1.131782] (mobile_sensor) StdoutLine: {'line': b'-- Installing: /home/ogan/ME461F25_LittleDaisies/project/ros_ws/install/mobile_sensor/share/mobile_sensor//node_modules/ext/promise\n'}
[1.131853] (mobile_sensor) StdoutLine: {'line': b'-- Installing: /home/ogan/ME461F25_LittleDaisies/project/ros_ws/install/mobile_sensor/share/mobile_sensor//node_modules/ext/promise/limit.js\n'}
[1.131950] (mobile_sensor) StdoutLine: {'line': b'-- Installing: /home/ogan/ME461F25_LittleDaisies/project/ros_ws/install/mobile_sensor/share/mobile_sensor//node_modules/ext/object\n'}
[1.132013] (mobile_sensor) StdoutLine: {'line': b'-- Installing: /home/ogan/ME461F25_LittleDaisies/project/ros_ws/install/mobile_sensor/share/mobile_sensor//node_modules/ext/object/entries\n'}
[1.132077] (mobile_sensor) StdoutLine: {'line': b'-- Installing: /home/ogan/ME461F25_LittleDaisies/project/ros_ws/install/mobile_sensor/share/mobile_sensor//node_modules/ext/object/entries/is-implemented.js\n'}
[1.132239] (mobile_sensor) StdoutLine: {'line': b'-- Installing: /home/ogan/ME461F25_LittleDaisies/project/ros_ws/install/mobile_sensor/share/mobile_sensor//node_modules/ext/object/entries/implementation.js\n'}
[1.132342] (mobile_sensor) StdoutLine: {'line': b'-- Installing: /home/ogan/ME461F25_LittleDaisies/project/ros_ws/install/mobile_sensor/share/mobile_sensor//node_modules/ext/object/entries/index.js\n'}
[1.132440] (mobile_sensor) StdoutLine: {'line': b'-- Installing: /home/ogan/ME461F25_LittleDaisies/project/ros_ws/install/mobile_sensor/share/mobile_sensor//node_modules/ext/object/entries/implement.js\n'}
[1.132539] (mobile_sensor) StdoutLine: {'line': b'-- Installing: /home/ogan/ME461F25_LittleDaisies/project/ros_ws/install/mobile_sensor/share/mobile_sensor//node_modules/ext/object/clear.js\n'}
[1.132640] (mobile_sensor) StdoutLine: {'line': b'-- Installing: /home/ogan/ME461F25_LittleDaisies/project/ros_ws/install/mobile_sensor/share/mobile_sensor//node_modules/ext/README.md\n'}
[1.132735] (mobile_sensor) StdoutLine: {'line': b'-- Installing: /home/ogan/ME461F25_LittleDaisies/project/ros_ws/install/mobile_sensor/share/mobile_sensor//node_modules/get-symbol-from-current-process-h\n'}
[1.132804] (mobile_sensor) StdoutLine: {'line': b'-- Installing: /home/ogan/ME461F25_LittleDaisies/project/ros_ws/install/mobile_sensor/share/mobile_sensor//node_modules/get-symbol-from-current-process-h/package.json\n'}
[1.132896] (mobile_sensor) StdoutLine: {'line': b'-- Installing: /home/ogan/ME461F25_LittleDaisies/project/ros_ws/install/mobile_sensor/share/mobile_sensor//node_modules/get-symbol-from-current-process-h/include\n'}
[1.132961] (mobile_sensor) StdoutLine: {'line': b'-- Installing: /home/ogan/ME461F25_LittleDaisies/project/ros_ws/install/mobile_sensor/share/mobile_sensor//node_modules/get-symbol-from-current-process-h/include/get-symbol-from-current-process.h\n'}
[1.133062] (mobile_sensor) StdoutLine: {'line': b'-- Installing: /home/ogan/ME461F25_LittleDaisies/project/ros_ws/install/mobile_sensor/share/mobile_sensor//node_modules/get-symbol-from-current-process-h/LICENSE\n'}
[1.133184] (mobile_sensor) StdoutLine: {'line': b'-- Installing: /home/ogan/ME461F25_LittleDaisies/project/ros_ws/install/mobile_sensor/share/mobile_sensor//node_modules/get-symbol-from-current-process-h/get-paths.js\n'}
[1.133290] (mobile_sensor) StdoutLine: {'line': b'-- Installing: /home/ogan/ME461F25_LittleDaisies/project/ros_ws/install/mobile_sensor/share/mobile_sensor//node_modules/get-symbol-from-current-process-h/code-of-conduct.md\n'}
[1.133374] (mobile_sensor) StdoutLine: {'line': b'-- Installing: /home/ogan/ME461F25_LittleDaisies/project/ros_ws/install/mobile_sensor/share/mobile_sensor//node_modules/get-symbol-from-current-process-h/README.md\n'}
[1.133469] (mobile_sensor) StdoutLine: {'line': b'-- Installing: /home/ogan/ME461F25_LittleDaisies/project/ros_ws/install/mobile_sensor/share/mobile_sensor//node_modules/get-symbol-from-current-process-h/appveyor.yml\n'}
[1.133565] (mobile_sensor) StdoutLine: {'line': b'-- Installing: /home/ogan/ME461F25_LittleDaisies/project/ros_ws/install/mobile_sensor/share/mobile_sensor//node_modules/get-symbol-from-current-process-h/.travis.yml\n'}
[1.133678] (mobile_sensor) StdoutLine: {'line': b'-- Installing: /home/ogan/ME461F25_LittleDaisies/project/ros_ws/install/mobile_sensor/share/mobile_sensor//node_modules/terser\n'}
[1.133746] (mobile_sensor) StdoutLine: {'line': b'-- Installing: /home/ogan/ME461F25_LittleDaisies/project/ros_ws/install/mobile_sensor/share/mobile_sensor//node_modules/terser/dist\n'}
[1.133861] (mobile_sensor) StdoutLine: {'line': b'-- Installing: /home/ogan/ME461F25_LittleDaisies/project/ros_ws/install/mobile_sensor/share/mobile_sensor//node_modules/terser/dist/package.json\n'}
[1.133972] (mobile_sensor) StdoutLine: {'line': b'-- Installing: /home/ogan/ME461F25_LittleDaisies/project/ros_ws/install/mobile_sensor/share/mobile_sensor//node_modules/terser/dist/bundle.min.js\n'}
[1.135014] (mobile_sensor) StdoutLine: {'line': b'-- Installing: /home/ogan/ME461F25_LittleDaisies/project/ros_ws/install/mobile_sensor/share/mobile_sensor//node_modules/terser/dist/.gitkeep\n'}
[1.135160] (mobile_sensor) StdoutLine: {'line': b'-- Installing: /home/ogan/ME461F25_LittleDaisies/project/ros_ws/install/mobile_sensor/share/mobile_sensor//node_modules/terser/main.js\n'}
[1.135240] (mobile_sensor) StdoutLine: {'line': b'-- Installing: /home/ogan/ME461F25_LittleDaisies/project/ros_ws/install/mobile_sensor/share/mobile_sensor//node_modules/terser/package.json\n'}
[1.135322] (mobile_sensor) StdoutLine: {'line': b'-- Installing: /home/ogan/ME461F25_LittleDaisies/project/ros_ws/install/mobile_sensor/share/mobile_sensor//node_modules/terser/LICENSE\n'}
[1.135389] (mobile_sensor) StdoutLine: {'line': b'-- Installing: /home/ogan/ME461F25_LittleDaisies/project/ros_ws/install/mobile_sensor/share/mobile_sensor//node_modules/terser/lib\n'}
[1.135471] (mobile_sensor) StdoutLine: {'line': b'-- Installing: /home/ogan/ME461F25_LittleDaisies/project/ros_ws/install/mobile_sensor/share/mobile_sensor//node_modules/terser/lib/cli.js\n'}
[1.135574] (mobile_sensor) StdoutLine: {'line': b'-- Installing: /home/ogan/ME461F25_LittleDaisies/project/ros_ws/install/mobile_sensor/share/mobile_sensor//node_modules/terser/lib/sourcemap.js\n'}
[1.135703] (mobile_sensor) StdoutLine: {'line': b'-- Installing: /home/ogan/ME461F25_LittleDaisies/project/ros_ws/install/mobile_sensor/share/mobile_sensor//node_modules/terser/lib/mozilla-ast.js\n'}
[1.135866] (mobile_sensor) StdoutLine: {'line': b'-- Installing: /home/ogan/ME461F25_LittleDaisies/project/ros_ws/install/mobile_sensor/share/mobile_sensor//node_modules/terser/lib/propmangle.js\n'}
[1.135988] (mobile_sensor) StdoutLine: {'line': b'-- Installing: /home/ogan/ME461F25_LittleDaisies/project/ros_ws/install/mobile_sensor/share/mobile_sensor//node_modules/terser/lib/ast.js\n'}
[1.136163] (mobile_sensor) StdoutLine: {'line': b'-- Installing: /home/ogan/ME461F25_LittleDaisies/project/ros_ws/install/mobile_sensor/share/mobile_sensor//node_modules/terser/lib/parse.js\n'}
[1.136416] (mobile_sensor) StdoutLine: {'line': b'-- Installing: /home/ogan/ME461F25_LittleDaisies/project/ros_ws/install/mobile_sensor/share/mobile_sensor//node_modules/terser/lib/size.js\n'}
[1.136537] (mobile_sensor) StdoutLine: {'line': b'-- Installing: /home/ogan/ME461F25_LittleDaisies/project/ros_ws/install/mobile_sensor/share/mobile_sensor//node_modules/terser/lib/scope.js\n'}
[1.136621] (mobile_sensor) StdoutLine: {'line': b'-- Installing: /home/ogan/ME461F25_LittleDaisies/project/ros_ws/install/mobile_sensor/share/mobile_sensor//node_modules/terser/lib/minify.js\n'}
[1.136727] (mobile_sensor) StdoutLine: {'line': b'-- Installing: /home/ogan/ME461F25_LittleDaisies/project/ros_ws/install/mobile_sensor/share/mobile_sensor//node_modules/terser/lib/compress\n'}
[1.136809] (mobile_sensor) StdoutLine: {'line': b'-- Installing: /home/ogan/ME461F25_LittleDaisies/project/ros_ws/install/mobile_sensor/share/mobile_sensor//node_modules/terser/lib/compress/common.js\n'}
[1.136929] (mobile_sensor) StdoutLine: {'line': b'-- Installing: /home/ogan/ME461F25_LittleDaisies/project/ros_ws/install/mobile_sensor/share/mobile_sensor//node_modules/terser/lib/compress/index.js\n'}
[1.137220] (mobile_sensor) StdoutLine: {'line': b'-- Installing: /home/ogan/ME461F25_LittleDaisies/project/ros_ws/install/mobile_sensor/share/mobile_sensor//node_modules/terser/lib/compress/native-objects.js\n'}
[1.137335] (mobile_sensor) StdoutLine: {'line': b'-- Installing: /home/ogan/ME461F25_LittleDaisies/project/ros_ws/install/mobile_sensor/share/mobile_sensor//node_modules/terser/lib/compress/reduce-vars.js\n'}
[1.137457] (mobile_sensor) StdoutLine: {'line': b'-- Installing: /home/ogan/ME461F25_LittleDaisies/project/ros_ws/install/mobile_sensor/share/mobile_sensor//node_modules/terser/lib/compress/compressor-flags.js\n'}
[1.137557] (mobile_sensor) StdoutLine: {'line': b'-- Installing: /home/ogan/ME461F25_LittleDaisies/project/ros_ws/install/mobile_sensor/share/mobile_sensor//node_modules/terser/lib/compress/global-defs.js\n'}
[1.137657] (mobile_sensor) StdoutLine: {'line': b'-- Installing: /home/ogan/ME461F25_LittleDaisies/project/ros_ws/install/mobile_sensor/share/mobile_sensor//node_modules/terser/lib/compress/drop-unused.js\n'}
[1.137777] (mobile_sensor) StdoutLine: {'line': b'-- Installing: /home/ogan/ME461F25_LittleDaisies/project/ros_ws/install/mobile_sensor/share/mobile_sensor//node_modules/terser/lib/compress/tighten-body.js\n'}
[1.137930] (mobile_sensor) StdoutLine: {'line': b'-- Installing: /home/ogan/ME461F25_LittleDaisies/project/ros_ws/install/mobile_sensor/share/mobile_sensor//node_modules/terser/lib/compress/drop-side-effect-free.js\n'}
[1.138041] (mobile_sensor) StdoutLine: {'line': b'-- Installing: /home/ogan/ME461F25_LittleDaisies/project/ros_ws/install/mobile_sensor/share/mobile_sensor//node_modules/terser/lib/compress/evaluate.js\n'}
[1.138164] (mobile_sensor) StdoutLine: {'line': b'-- Installing: /home/ogan/ME461F25_LittleDaisies/project/ros_ws/install/mobile_sensor/share/mobile_sensor//node_modules/terser/lib/compress/inline.js\n'}
[1.138287] (mobile_sensor) StdoutLine: {'line': b'-- Installing: /home/ogan/ME461F25_LittleDaisies/project/ros_ws/install/mobile_sensor/share/mobile_sensor//node_modules/terser/lib/compress/inference.js\n'}
[1.138423] (mobile_sensor) StdoutLine: {'line': b'-- Installing: /home/ogan/ME461F25_LittleDaisies/project/ros_ws/install/mobile_sensor/share/mobile_sensor//node_modules/terser/lib/output.js\n'}
[1.138596] (mobile_sensor) StdoutLine: {'line': b'-- Installing: /home/ogan/ME461F25_LittleDaisies/project/ros_ws/install/mobile_sensor/share/mobile_sensor//node_modules/terser/lib/transform.js\n'}
[1.138707] (mobile_sensor) StdoutLine: {'line': b'-- Installing: /home/ogan/ME461F25_LittleDaisies/project/ros_ws/install/mobile_sensor/share/mobile_sensor//node_modules/terser/lib/equivalent-to.js\n'}
[1.138821] (mobile_sensor) StdoutLine: {'line': b'-- Installing: /home/ogan/ME461F25_LittleDaisies/project/ros_ws/install/mobile_sensor/share/mobile_sensor//node_modules/terser/lib/utils\n'}
[1.138898] (mobile_sensor) StdoutLine: {'line': b'-- Installing: /home/ogan/ME461F25_LittleDaisies/project/ros_ws/install/mobile_sensor/share/mobile_sensor//node_modules/terser/lib/utils/index.js\n'}
[1.139038] (mobile_sensor) StdoutLine: {'line': b'-- Installing: /home/ogan/ME461F25_LittleDaisies/project/ros_ws/install/mobile_sensor/share/mobile_sensor//node_modules/terser/lib/utils/first_in_statement.js\n'}
[1.139145] (mobile_sensor) StdoutLine: {'line': b'-- Installing: /home/ogan/ME461F25_LittleDaisies/project/ros_ws/install/mobile_sensor/share/mobile_sensor//node_modules/terser/bin\n'}
[1.139245] (mobile_sensor) StdoutLine: {'line': b'-- Installing: /home/ogan/ME461F25_LittleDaisies/project/ros_ws/install/mobile_sensor/share/mobile_sensor//node_modules/terser/bin/uglifyjs\n'}
[1.139349] (mobile_sensor) StdoutLine: {'line': b'-- Installing: /home/ogan/ME461F25_LittleDaisies/project/ros_ws/install/mobile_sensor/share/mobile_sensor//node_modules/terser/bin/package.json\n'}
[1.139453] (mobile_sensor) StdoutLine: {'line': b'-- Installing: /home/ogan/ME461F25_LittleDaisies/project/ros_ws/install/mobile_sensor/share/mobile_sensor//node_modules/terser/bin/terser\n'}
[1.139547] (mobile_sensor) StdoutLine: {'line': b'-- Installing: /home/ogan/ME461F25_LittleDaisies/project/ros_ws/install/mobile_sensor/share/mobile_sensor//node_modules/terser/tools\n'}
[1.139616] (mobile_sensor) StdoutLine: {'line': b'-- Installing: /home/ogan/ME461F25_LittleDaisies/project/ros_ws/install/mobile_sensor/share/mobile_sensor//node_modules/terser/tools/exit.cjs\n'}
[1.139770] (mobile_sensor) StdoutLine: {'line': b'-- Installing: /home/ogan/ME461F25_LittleDaisies/project/ros_ws/install/mobile_sensor/share/mobile_sensor//node_modules/terser/tools/terser.d.ts\n'}
[1.139879] (mobile_sensor) StdoutLine: {'line': b'-- Installing: /home/ogan/ME461F25_LittleDaisies/project/ros_ws/install/mobile_sensor/share/mobile_sensor//node_modules/terser/tools/props.html\n'}
[1.139982] (mobile_sensor) StdoutLine: {'line': b'-- Installing: /home/ogan/ME461F25_LittleDaisies/project/ros_ws/install/mobile_sensor/share/mobile_sensor//node_modules/terser/tools/domprops.js\n'}
[1.140385] (mobile_sensor) StdoutLine: {'line': b'-- Installing: /home/ogan/ME461F25_LittleDaisies/project/ros_ws/install/mobile_sensor/share/mobile_sensor//node_modules/terser/CHANGELOG.md\n'}
[1.140517] (mobile_sensor) StdoutLine: {'line': b'-- Installing: /home/ogan/ME461F25_LittleDaisies/project/ros_ws/install/mobile_sensor/share/mobile_sensor//node_modules/terser/PATRONS.md\n'}
[1.140631] (mobile_sensor) StdoutLine: {'line': b'-- Installing: /home/ogan/ME461F25_LittleDaisies/project/ros_ws/install/mobile_sensor/share/mobile_sensor//node_modules/terser/README.md\n'}
[1.140773] (mobile_sensor) StdoutLine: {'line': b'-- Installing: /home/ogan/ME461F25_LittleDaisies/project/ros_ws/install/mobile_sensor/share/mobile_sensor//node_modules/accepts\n'}
[1.140841] (mobile_sensor) StdoutLine: {'line': b'-- Installing: /home/ogan/ME461F25_LittleDaisies/project/ros_ws/install/mobile_sensor/share/mobile_sensor//node_modules/accepts/package.json\n'}
[1.140938] (mobile_sensor) StdoutLine: {'line': b'-- Installing: /home/ogan/ME461F25_LittleDaisies/project/ros_ws/install/mobile_sensor/share/mobile_sensor//node_modules/accepts/LICENSE\n'}
[1.141033] (mobile_sensor) StdoutLine: {'line': b'-- Installing: /home/ogan/ME461F25_LittleDaisies/project/ros_ws/install/mobile_sensor/share/mobile_sensor//node_modules/accepts/index.js\n'}
[1.141139] (mobile_sensor) StdoutLine: {'line': b'-- Installing: /home/ogan/ME461F25_LittleDaisies/project/ros_ws/install/mobile_sensor/share/mobile_sensor//node_modules/accepts/HISTORY.md\n'}
[1.141245] (mobile_sensor) StdoutLine: {'line': b'-- Installing: /home/ogan/ME461F25_LittleDaisies/project/ros_ws/install/mobile_sensor/share/mobile_sensor//node_modules/accepts/README.md\n'}
[1.141343] (mobile_sensor) StdoutLine: {'line': b'-- Installing: /home/ogan/ME461F25_LittleDaisies/project/ros_ws/install/mobile_sensor/share/mobile_sensor//node_modules/get-intrinsic\n'}
[1.141412] (mobile_sensor) StdoutLine: {'line': b'-- Installing: /home/ogan/ME461F25_LittleDaisies/project/ros_ws/install/mobile_sensor/share/mobile_sensor//node_modules/get-intrinsic/.eslintrc\n'}
[1.141514] (mobile_sensor) StdoutLine: {'line': b'-- Installing: /home/ogan/ME461F25_LittleDaisies/project/ros_ws/install/mobile_sensor/share/mobile_sensor//node_modules/get-intrinsic/package.json\n'}
[1.141612] (mobile_sensor) StdoutLine: {'line': b'-- Installing: /home/ogan/ME461F25_LittleDaisies/project/ros_ws/install/mobile_sensor/share/mobile_sensor//node_modules/get-intrinsic/LICENSE\n'}
[1.141709] (mobile_sensor) StdoutLine: {'line': b'-- Installing: /home/ogan/ME461F25_LittleDaisies/project/ros_ws/install/mobile_sensor/share/mobile_sensor//node_modules/get-intrinsic/index.js\n'}
[1.141822] (mobile_sensor) StdoutLine: {'line': b'-- Installing: /home/ogan/ME461F25_LittleDaisies/project/ros_ws/install/mobile_sensor/share/mobile_sensor//node_modules/get-intrinsic/CHANGELOG.md\n'}
[1.141932] (mobile_sensor) StdoutLine: {'line': b'-- Installing: /home/ogan/ME461F25_LittleDaisies/project/ros_ws/install/mobile_sensor/share/mobile_sensor//node_modules/get-intrinsic/test\n'}
[1.142000] (mobile_sensor) StdoutLine: {'line': b'-- Installing: /home/ogan/ME461F25_LittleDaisies/project/ros_ws/install/mobile_sensor/share/mobile_sensor//node_modules/get-intrinsic/test/GetIntrinsic.js\n'}
[1.142114] (mobile_sensor) StdoutLine: {'line': b'-- Installing: /home/ogan/ME461F25_LittleDaisies/project/ros_ws/install/mobile_sensor/share/mobile_sensor//node_modules/get-intrinsic/README.md\n'}
[1.142215] (mobile_sensor) StdoutLine: {'line': b'-- Installing: /home/ogan/ME461F25_LittleDaisies/project/ros_ws/install/mobile_sensor/share/mobile_sensor//node_modules/get-intrinsic/.github\n'}
[1.142281] (mobile_sensor) StdoutLine: {'line': b'-- Installing: /home/ogan/ME461F25_LittleDaisies/project/ros_ws/install/mobile_sensor/share/mobile_sensor//node_modules/get-intrinsic/.github/FUNDING.yml\n'}
[1.142380] (mobile_sensor) StdoutLine: {'line': b'-- Installing: /home/ogan/ME461F25_LittleDaisies/project/ros_ws/install/mobile_sensor/share/mobile_sensor//node_modules/get-intrinsic/.nycrc\n'}
[1.142477] (mobile_sensor) StdoutLine: {'line': b'-- Installing: /home/ogan/ME461F25_LittleDaisies/project/ros_ws/install/mobile_sensor/share/mobile_sensor//node_modules/hasown\n'}
[1.142546] (mobile_sensor) StdoutLine: {'line': b'-- Installing: /home/ogan/ME461F25_LittleDaisies/project/ros_ws/install/mobile_sensor/share/mobile_sensor//node_modules/hasown/.eslintrc\n'}
[1.142648] (mobile_sensor) StdoutLine: {'line': b'-- Installing: /home/ogan/ME461F25_LittleDaisies/project/ros_ws/install/mobile_sensor/share/mobile_sensor//node_modules/hasown/package.json\n'}
[1.142742] (mobile_sensor) StdoutLine: {'line': b'-- Installing: /home/ogan/ME461F25_LittleDaisies/project/ros_ws/install/mobile_sensor/share/mobile_sensor//node_modules/hasown/LICENSE\n'}
[1.142840] (mobile_sensor) StdoutLine: {'line': b'-- Installing: /home/ogan/ME461F25_LittleDaisies/project/ros_ws/install/mobile_sensor/share/mobile_sensor//node_modules/hasown/index.js\n'}
[1.142940] (mobile_sensor) StdoutLine: {'line': b'-- Installing: /home/ogan/ME461F25_LittleDaisies/project/ros_ws/install/mobile_sensor/share/mobile_sensor//node_modules/hasown/index.d.ts\n'}
[1.143036] (mobile_sensor) StdoutLine: {'line': b'-- Installing: /home/ogan/ME461F25_LittleDaisies/project/ros_ws/install/mobile_sensor/share/mobile_sensor//node_modules/hasown/CHANGELOG.md\n'}
[1.143150] (mobile_sensor) StdoutLine: {'line': b'-- Installing: /home/ogan/ME461F25_LittleDaisies/project/ros_ws/install/mobile_sensor/share/mobile_sensor//node_modules/hasown/tsconfig.json\n'}
[1.143259] (mobile_sensor) StdoutLine: {'line': b'-- Installing: /home/ogan/ME461F25_LittleDaisies/project/ros_ws/install/mobile_sensor/share/mobile_sensor//node_modules/hasown/README.md\n'}
[1.143332] (mobile_sensor) StdoutLine: {'line': b'-- Installing: /home/ogan/ME461F25_LittleDaisies/project/ros_ws/install/mobile_sensor/share/mobile_sensor//node_modules/hasown/.github\n'}
[1.143404] (mobile_sensor) StdoutLine: {'line': b'-- Installing: /home/ogan/ME461F25_LittleDaisies/project/ros_ws/install/mobile_sensor/share/mobile_sensor//node_modules/hasown/.github/FUNDING.yml\n'}
[1.143497] (mobile_sensor) StdoutLine: {'line': b'-- Installing: /home/ogan/ME461F25_LittleDaisies/project/ros_ws/install/mobile_sensor/share/mobile_sensor//node_modules/hasown/.nycrc\n'}
[1.143597] (mobile_sensor) StdoutLine: {'line': b'-- Installing: /home/ogan/ME461F25_LittleDaisies/project/ros_ws/install/mobile_sensor/share/mobile_sensor//node_modules/event-emitter\n'}
[1.143667] (mobile_sensor) StdoutLine: {'line': b'-- Installing: /home/ogan/ME461F25_LittleDaisies/project/ros_ws/install/mobile_sensor/share/mobile_sensor//node_modules/event-emitter/pipe.js\n'}
[1.143781] (mobile_sensor) StdoutLine: {'line': b'-- Installing: /home/ogan/ME461F25_LittleDaisies/project/ros_ws/install/mobile_sensor/share/mobile_sensor//node_modules/event-emitter/.npmignore\n'}
[1.143866] (mobile_sensor) StdoutLine: {'line': b'-- Installing: /home/ogan/ME461F25_LittleDaisies/project/ros_ws/install/mobile_sensor/share/mobile_sensor//node_modules/event-emitter/package.json\n'}
[1.143959] (mobile_sensor) StdoutLine: {'line': b'-- Installing: /home/ogan/ME461F25_LittleDaisies/project/ros_ws/install/mobile_sensor/share/mobile_sensor//node_modules/event-emitter/all-off.js\n'}
[1.144055] (mobile_sensor) StdoutLine: {'line': b'-- Installing: /home/ogan/ME461F25_LittleDaisies/project/ros_ws/install/mobile_sensor/share/mobile_sensor//node_modules/event-emitter/LICENSE\n'}
[1.144171] (mobile_sensor) StdoutLine: {'line': b'-- Installing: /home/ogan/ME461F25_LittleDaisies/project/ros_ws/install/mobile_sensor/share/mobile_sensor//node_modules/event-emitter/index.js\n'}
[1.144265] (mobile_sensor) StdoutLine: {'line': b'-- Installing: /home/ogan/ME461F25_LittleDaisies/project/ros_ws/install/mobile_sensor/share/mobile_sensor//node_modules/event-emitter/benchmark\n'}
[1.144331] (mobile_sensor) StdoutLine: {'line': b'-- Installing: /home/ogan/ME461F25_LittleDaisies/project/ros_ws/install/mobile_sensor/share/mobile_sensor//node_modules/event-emitter/benchmark/many-on.js\n'}
[1.144430] (mobile_sensor) StdoutLine: {'line': b'-- Installing: /home/ogan/ME461F25_LittleDaisies/project/ros_ws/install/mobile_sensor/share/mobile_sensor//node_modules/event-emitter/benchmark/single-on.js\n'}
[1.144529] (mobile_sensor) StdoutLine: {'line': b'-- Installing: /home/ogan/ME461F25_LittleDaisies/project/ros_ws/install/mobile_sensor/share/mobile_sensor//node_modules/event-emitter/.lint\n'}
[1.144625] (mobile_sensor) StdoutLine: {'line': b'-- Installing: /home/ogan/ME461F25_LittleDaisies/project/ros_ws/install/mobile_sensor/share/mobile_sensor//node_modules/event-emitter/unify.js\n'}
[1.144720] (mobile_sensor) StdoutLine: {'line': b'-- Installing: /home/ogan/ME461F25_LittleDaisies/project/ros_ws/install/mobile_sensor/share/mobile_sensor//node_modules/event-emitter/test\n'}
[1.144788] (mobile_sensor) StdoutLine: {'line': b'-- Installing: /home/ogan/ME461F25_LittleDaisies/project/ros_ws/install/mobile_sensor/share/mobile_sensor//node_modules/event-emitter/test/pipe.js\n'}
[1.144888] (mobile_sensor) StdoutLine: {'line': b'-- Installing: /home/ogan/ME461F25_LittleDaisies/project/ros_ws/install/mobile_sensor/share/mobile_sensor//node_modules/event-emitter/test/all-off.js\n'}
[1.144986] (mobile_sensor) StdoutLine: {'line': b'-- Installing: /home/ogan/ME461F25_LittleDaisies/project/ros_ws/install/mobile_sensor/share/mobile_sensor//node_modules/event-emitter/test/index.js\n'}
[1.145081] (mobile_sensor) StdoutLine: {'line': b'-- Installing: /home/ogan/ME461F25_LittleDaisies/project/ros_ws/install/mobile_sensor/share/mobile_sensor//node_modules/event-emitter/test/unify.js\n'}
[1.145196] (mobile_sensor) StdoutLine: {'line': b'-- Installing: /home/ogan/ME461F25_LittleDaisies/project/ros_ws/install/mobile_sensor/share/mobile_sensor//node_modules/event-emitter/test/emit-error.js\n'}
[1.145318] (mobile_sensor) StdoutLine: {'line': b'-- Installing: /home/ogan/ME461F25_LittleDaisies/project/ros_ws/install/mobile_sensor/share/mobile_sensor//node_modules/event-emitter/test/has-listeners.js\n'}
[1.145404] (mobile_sensor) StdoutLine: {'line': b'-- Installing: /home/ogan/ME461F25_LittleDaisies/project/ros_ws/install/mobile_sensor/share/mobile_sensor//node_modules/event-emitter/emit-error.js\n'}
[1.145491] (mobile_sensor) StdoutLine: {'line': b'-- Installing: /home/ogan/ME461F25_LittleDaisies/project/ros_ws/install/mobile_sensor/share/mobile_sensor//node_modules/event-emitter/README.md\n'}
[1.145589] (mobile_sensor) StdoutLine: {'line': b'-- Installing: /home/ogan/ME461F25_LittleDaisies/project/ros_ws/install/mobile_sensor/share/mobile_sensor//node_modules/event-emitter/.testignore\n'}
[1.145684] (mobile_sensor) StdoutLine: {'line': b'-- Installing: /home/ogan/ME461F25_LittleDaisies/project/ros_ws/install/mobile_sensor/share/mobile_sensor//node_modules/event-emitter/.travis.yml\n'}
[1.145793] (mobile_sensor) StdoutLine: {'line': b'-- Installing: /home/ogan/ME461F25_LittleDaisies/project/ros_ws/install/mobile_sensor/share/mobile_sensor//node_modules/event-emitter/CHANGES\n'}
[1.145895] (mobile_sensor) StdoutLine: {'line': b'-- Installing: /home/ogan/ME461F25_LittleDaisies/project/ros_ws/install/mobile_sensor/share/mobile_sensor//node_modules/event-emitter/has-listeners.js\n'}
[1.146009] (mobile_sensor) StdoutLine: {'line': b'-- Installing: /home/ogan/ME461F25_LittleDaisies/project/ros_ws/install/mobile_sensor/share/mobile_sensor//node_modules/is-close\n'}
[1.146072] (mobile_sensor) StdoutLine: {'line': b'-- Installing: /home/ogan/ME461F25_LittleDaisies/project/ros_ws/install/mobile_sensor/share/mobile_sensor//node_modules/is-close/dist\n'}
[1.146144] (mobile_sensor) StdoutLine: {'line': b'-- Installing: /home/ogan/ME461F25_LittleDaisies/project/ros_ws/install/mobile_sensor/share/mobile_sensor//node_modules/is-close/dist/isclose.scalers.js\n'}
[1.146252] (mobile_sensor) StdoutLine: {'line': b'-- Installing: /home/ogan/ME461F25_LittleDaisies/project/ros_ws/install/mobile_sensor/share/mobile_sensor//node_modules/is-close/dist/isclose.scalers.spec.js\n'}
[1.146351] (mobile_sensor) StdoutLine: {'line': b'-- Installing: /home/ogan/ME461F25_LittleDaisies/project/ros_ws/install/mobile_sensor/share/mobile_sensor//node_modules/is-close/dist/isclose.d.ts\n'}
[1.146452] (mobile_sensor) StdoutLine: {'line': b'-- Installing: /home/ogan/ME461F25_LittleDaisies/project/ros_ws/install/mobile_sensor/share/mobile_sensor//node_modules/is-close/dist/isclose.scalers.d.ts\n'}
[1.146551] (mobile_sensor) StdoutLine: {'line': b'-- Installing: /home/ogan/ME461F25_LittleDaisies/project/ros_ws/install/mobile_sensor/share/mobile_sensor//node_modules/is-close/dist/isclose.scaler.js\n'}
[1.146649] (mobile_sensor) StdoutLine: {'line': b'-- Installing: /home/ogan/ME461F25_LittleDaisies/project/ros_ws/install/mobile_sensor/share/mobile_sensor//node_modules/is-close/dist/isclose.spec.d.ts\n'}
[1.146748] (mobile_sensor) StdoutLine: {'line': b'-- Installing: /home/ogan/ME461F25_LittleDaisies/project/ros_ws/install/mobile_sensor/share/mobile_sensor//node_modules/is-close/dist/index.spec.js\n'}
[1.146856] (mobile_sensor) StdoutLine: {'line': b'-- Installing: /home/ogan/ME461F25_LittleDaisies/project/ros_ws/install/mobile_sensor/share/mobile_sensor//node_modules/is-close/dist/isclose.spec.js\n'}
[1.146958] (mobile_sensor) StdoutLine: {'line': b'-- Installing: /home/ogan/ME461F25_LittleDaisies/project/ros_ws/install/mobile_sensor/share/mobile_sensor//node_modules/is-close/dist/index.js\n'}
[1.147059] (mobile_sensor) StdoutLine: {'line': b'-- Installing: /home/ogan/ME461F25_LittleDaisies/project/ros_ws/install/mobile_sensor/share/mobile_sensor//node_modules/is-close/dist/isclose.scaler.d.ts\n'}
[1.147165] (mobile_sensor) StdoutLine: {'line': b'-- Installing: /home/ogan/ME461F25_LittleDaisies/project/ros_ws/install/mobile_sensor/share/mobile_sensor//node_modules/is-close/dist/isclose.scalers.spec.d.ts\n'}
[1.147266] (mobile_sensor) StdoutLine: {'line': b'-- Installing: /home/ogan/ME461F25_LittleDaisies/project/ros_ws/install/mobile_sensor/share/mobile_sensor//node_modules/is-close/dist/index.d.ts\n'}
[1.147382] (mobile_sensor) StdoutLine: {'line': b'-- Installing: /home/ogan/ME461F25_LittleDaisies/project/ros_ws/install/mobile_sensor/share/mobile_sensor//node_modules/is-close/dist/index.spec.d.ts\n'}
[1.147479] (mobile_sensor) StdoutLine: {'line': b'-- Installing: /home/ogan/ME461F25_LittleDaisies/project/ros_ws/install/mobile_sensor/share/mobile_sensor//node_modules/is-close/dist/isclose.js\n'}
[1.147578] (mobile_sensor) StdoutLine: {'line': b'-- Installing: /home/ogan/ME461F25_LittleDaisies/project/ros_ws/install/mobile_sensor/share/mobile_sensor//node_modules/is-close/package.json\n'}
[1.147673] (mobile_sensor) StdoutLine: {'line': b'-- Installing: /home/ogan/ME461F25_LittleDaisies/project/ros_ws/install/mobile_sensor/share/mobile_sensor//node_modules/is-close/LICENSE\n'}
[1.147768] (mobile_sensor) StdoutLine: {'line': b'-- Installing: /home/ogan/ME461F25_LittleDaisies/project/ros_ws/install/mobile_sensor/share/mobile_sensor//node_modules/is-close/tslint.json\n'}
[1.147867] (mobile_sensor) StdoutLine: {'line': b'-- Installing: /home/ogan/ME461F25_LittleDaisies/project/ros_ws/install/mobile_sensor/share/mobile_sensor//node_modules/is-close/README.md\n'}
[1.147967] (mobile_sensor) StdoutLine: {'line': b'-- Installing: /home/ogan/ME461F25_LittleDaisies/project/ros_ws/install/mobile_sensor/share/mobile_sensor//node_modules/qs\n'}
[1.148033] (mobile_sensor) StdoutLine: {'line': b'-- Installing: /home/ogan/ME461F25_LittleDaisies/project/ros_ws/install/mobile_sensor/share/mobile_sensor//node_modules/qs/dist\n'}
[1.148097] (mobile_sensor) StdoutLine: {'line': b'-- Installing: /home/ogan/ME461F25_LittleDaisies/project/ros_ws/install/mobile_sensor/share/mobile_sensor//node_modules/qs/dist/qs.js\n'}
[1.148256] (mobile_sensor) StdoutLine: {'line': b'-- Installing: /home/ogan/ME461F25_LittleDaisies/project/ros_ws/install/mobile_sensor/share/mobile_sensor//node_modules/qs/.editorconfig\n'}
[1.148361] (mobile_sensor) StdoutLine: {'line': b'-- Installing: /home/ogan/ME461F25_LittleDaisies/project/ros_ws/install/mobile_sensor/share/mobile_sensor//node_modules/qs/package.json\n'}
[1.148458] (mobile_sensor) StdoutLine: {'line': b'-- Installing: /home/ogan/ME461F25_LittleDaisies/project/ros_ws/install/mobile_sensor/share/mobile_sensor//node_modules/qs/LICENSE.md\n'}
[1.148549] (mobile_sensor) StdoutLine: {'line': b'-- Installing: /home/ogan/ME461F25_LittleDaisies/project/ros_ws/install/mobile_sensor/share/mobile_sensor//node_modules/qs/lib\n'}
[1.148617] (mobile_sensor) StdoutLine: {'line': b'-- Installing: /home/ogan/ME461F25_LittleDaisies/project/ros_ws/install/mobile_sensor/share/mobile_sensor//node_modules/qs/lib/formats.js\n'}
[1.148716] (mobile_sensor) StdoutLine: {'line': b'-- Installing: /home/ogan/ME461F25_LittleDaisies/project/ros_ws/install/mobile_sensor/share/mobile_sensor//node_modules/qs/lib/utils.js\n'}
[1.148821] (mobile_sensor) StdoutLine: {'line': b'-- Installing: /home/ogan/ME461F25_LittleDaisies/project/ros_ws/install/mobile_sensor/share/mobile_sensor//node_modules/qs/lib/parse.js\n'}
[1.148940] (mobile_sensor) StdoutLine: {'line': b'-- Installing: /home/ogan/ME461F25_LittleDaisies/project/ros_ws/install/mobile_sensor/share/mobile_sensor//node_modules/qs/lib/stringify.js\n'}
[1.149048] (mobile_sensor) StdoutLine: {'line': b'-- Installing: /home/ogan/ME461F25_LittleDaisies/project/ros_ws/install/mobile_sensor/share/mobile_sensor//node_modules/qs/lib/index.js\n'}
[1.149180] (mobile_sensor) StdoutLine: {'line': b'-- Installing: /home/ogan/ME461F25_LittleDaisies/project/ros_ws/install/mobile_sensor/share/mobile_sensor//node_modules/qs/CHANGELOG.md\n'}
[1.149300] (mobile_sensor) StdoutLine: {'line': b'-- Installing: /home/ogan/ME461F25_LittleDaisies/project/ros_ws/install/mobile_sensor/share/mobile_sensor//node_modules/qs/test\n'}
[1.149362] (mobile_sensor) StdoutLine: {'line': b'-- Installing: /home/ogan/ME461F25_LittleDaisies/project/ros_ws/install/mobile_sensor/share/mobile_sensor//node_modules/qs/test/utils.js\n'}
[1.149475] (mobile_sensor) StdoutLine: {'line': b'-- Installing: /home/ogan/ME461F25_LittleDaisies/project/ros_ws/install/mobile_sensor/share/mobile_sensor//node_modules/qs/test/empty-keys-cases.js\n'}
[1.149579] (mobile_sensor) StdoutLine: {'line': b'-- Installing: /home/ogan/ME461F25_LittleDaisies/project/ros_ws/install/mobile_sensor/share/mobile_sensor//node_modules/qs/test/parse.js\n'}
[1.149724] (mobile_sensor) StdoutLine: {'line': b'-- Installing: /home/ogan/ME461F25_LittleDaisies/project/ros_ws/install/mobile_sensor/share/mobile_sensor//node_modules/qs/test/stringify.js\n'}
[1.149873] (mobile_sensor) StdoutLine: {'line': b'-- Installing: /home/ogan/ME461F25_LittleDaisies/project/ros_ws/install/mobile_sensor/share/mobile_sensor//node_modules/qs/eslint.config.mjs\n'}
[1.149969] (mobile_sensor) StdoutLine: {'line': b'-- Installing: /home/ogan/ME461F25_LittleDaisies/project/ros_ws/install/mobile_sensor/share/mobile_sensor//node_modules/qs/README.md\n'}
[1.150085] (mobile_sensor) StdoutLine: {'line': b'-- Installing: /home/ogan/ME461F25_LittleDaisies/project/ros_ws/install/mobile_sensor/share/mobile_sensor//node_modules/qs/.github\n'}
[1.150157] (mobile_sensor) StdoutLine: {'line': b'-- Installing: /home/ogan/ME461F25_LittleDaisies/project/ros_ws/install/mobile_sensor/share/mobile_sensor//node_modules/qs/.github/SECURITY.md\n'}
[1.150258] (mobile_sensor) StdoutLine: {'line': b'-- Installing: /home/ogan/ME461F25_LittleDaisies/project/ros_ws/install/mobile_sensor/share/mobile_sensor//node_modules/qs/.github/FUNDING.yml\n'}
[1.150355] (mobile_sensor) StdoutLine: {'line': b'-- Installing: /home/ogan/ME461F25_LittleDaisies/project/ros_ws/install/mobile_sensor/share/mobile_sensor//node_modules/qs/.github/THREAT_MODEL.md\n'}
[1.150455] (mobile_sensor) StdoutLine: {'line': b'-- Installing: /home/ogan/ME461F25_LittleDaisies/project/ros_ws/install/mobile_sensor/share/mobile_sensor//node_modules/qs/.nycrc\n'}
[1.150550] (mobile_sensor) StdoutLine: {'line': b'-- Installing: /home/ogan/ME461F25_LittleDaisies/project/ros_ws/install/mobile_sensor/share/mobile_sensor//node_modules/esniff\n'}
[1.150621] (mobile_sensor) StdoutLine: {'line': b'-- Installing: /home/ogan/ME461F25_LittleDaisies/project/ros_ws/install/mobile_sensor/share/mobile_sensor//node_modules/esniff/.prettierignore\n'}
[1.150720] (mobile_sensor) StdoutLine: {'line': b'-- Installing: /home/ogan/ME461F25_LittleDaisies/project/ros_ws/install/mobile_sensor/share/mobile_sensor//node_modules/esniff/package.json\n'}
[1.150816] (mobile_sensor) StdoutLine: {'line': b'-- Installing: /home/ogan/ME461F25_LittleDaisies/project/ros_ws/install/mobile_sensor/share/mobile_sensor//node_modules/esniff/resolve-concat.js\n'}
[1.150915] (mobile_sensor) StdoutLine: {'line': b'-- Installing: /home/ogan/ME461F25_LittleDaisies/project/ros_ws/install/mobile_sensor/share/mobile_sensor//node_modules/esniff/LICENSE\n'}
[1.151013] (mobile_sensor) StdoutLine: {'line': b'-- Installing: /home/ogan/ME461F25_LittleDaisies/project/ros_ws/install/mobile_sensor/share/mobile_sensor//node_modules/esniff/index.js\n'}
[1.151116] (mobile_sensor) StdoutLine: {'line': b'-- Installing: /home/ogan/ME461F25_LittleDaisies/project/ros_ws/install/mobile_sensor/share/mobile_sensor//node_modules/esniff/lib\n'}
[1.151186] (mobile_sensor) StdoutLine: {'line': b'-- Installing: /home/ogan/ME461F25_LittleDaisies/project/ros_ws/install/mobile_sensor/share/mobile_sensor//node_modules/esniff/lib/ws.js\n'}
[1.151292] (mobile_sensor) StdoutLine: {'line': b'-- Installing: /home/ogan/ME461F25_LittleDaisies/project/ros_ws/install/mobile_sensor/share/mobile_sensor//node_modules/esniff/lib/ident-start-pattern.js\n'}
[1.151395] (mobile_sensor) StdoutLine: {'line': b'-- Installing: /home/ogan/ME461F25_LittleDaisies/project/ros_ws/install/mobile_sensor/share/mobile_sensor//node_modules/esniff/lib/ws-eol.js\n'}
[1.151493] (mobile_sensor) StdoutLine: {'line': b'-- Installing: /home/ogan/ME461F25_LittleDaisies/project/ros_ws/install/mobile_sensor/share/mobile_sensor//node_modules/esniff/lib/ident-next-pattern.js\n'}
[1.151607] (mobile_sensor) StdoutLine: {'line': b'-- Installing: /home/ogan/ME461F25_LittleDaisies/project/ros_ws/install/mobile_sensor/share/mobile_sensor//node_modules/esniff/lib/ws-inline.js\n'}
[1.151705] (mobile_sensor) StdoutLine: {'line': b'-- Installing: /home/ogan/ME461F25_LittleDaisies/project/ros_ws/install/mobile_sensor/share/mobile_sensor//node_modules/esniff/resolve-arguments.js\n'}
[1.151810] (mobile_sensor) StdoutLine: {'line': b'-- Installing: /home/ogan/ME461F25_LittleDaisies/project/ros_ws/install/mobile_sensor/share/mobile_sensor//node_modules/esniff/resolve-separated.js\n'}
[1.151904] (mobile_sensor) StdoutLine: {'line': b'-- Installing: /home/ogan/ME461F25_LittleDaisies/project/ros_ws/install/mobile_sensor/share/mobile_sensor//node_modules/esniff/CHANGELOG.md\n'}
[1.152000] (mobile_sensor) StdoutLine: {'line': b'-- Installing: /home/ogan/ME461F25_LittleDaisies/project/ros_ws/install/mobile_sensor/share/mobile_sensor//node_modules/esniff/function.js\n'}
[1.152097] (mobile_sensor) StdoutLine: {'line': b'-- Installing: /home/ogan/ME461F25_LittleDaisies/project/ros_ws/install/mobile_sensor/share/mobile_sensor//node_modules/esniff/accessed-properties.js\n'}
[1.152201] (mobile_sensor) StdoutLine: {'line': b'-- Installing: /home/ogan/ME461F25_LittleDaisies/project/ros_ws/install/mobile_sensor/share/mobile_sensor//node_modules/esniff/README.md\n'}
[1.152303] (mobile_sensor) StdoutLine: {'line': b'-- Installing: /home/ogan/ME461F25_LittleDaisies/project/ros_ws/install/mobile_sensor/share/mobile_sensor//node_modules/esniff/.testignore\n'}
[1.152403] (mobile_sensor) StdoutLine: {'line': b'-- Installing: /home/ogan/ME461F25_LittleDaisies/project/ros_ws/install/mobile_sensor/share/mobile_sensor//node_modules/esniff/strip-comments.js\n'}
[1.152495] (mobile_sensor) StdoutLine: {'line': b'-- Installing: /home/ogan/ME461F25_LittleDaisies/project/ros_ws/install/mobile_sensor/share/mobile_sensor//node_modules/esniff/utils\n'}
[1.152565] (mobile_sensor) StdoutLine: {'line': b'-- Installing: /home/ogan/ME461F25_LittleDaisies/project/ros_ws/install/mobile_sensor/share/mobile_sensor//node_modules/esniff/utils/is-variable-name.js\n'}
[1.152683] (mobile_sensor) StdoutLine: {'line': b'-- Installing: /home/ogan/ME461F25_LittleDaisies/project/ros_ws/install/mobile_sensor/share/mobile_sensor//node_modules/esniff/utils/is-string-literal.js\n'}
[1.152783] (mobile_sensor) StdoutLine: {'line': b'-- Installing: /home/ogan/ME461F25_LittleDaisies/project/ros_ws/install/mobile_sensor/share/mobile_sensor//node_modules/esniff/utils/ensure-string-literal.js\n'}
[1.152879] (mobile_sensor) StdoutLine: {'line': b'-- Installing: /home/ogan/ME461F25_LittleDaisies/project/ros_ws/install/mobile_sensor/share/mobile_sensor//node_modules/esniff/CHANGES\n'}
[1.153029] (mobile_sensor) StdoutLine: {'line': b'-- Installing: /home/ogan/ME461F25_LittleDaisies/project/ros_ws/install/mobile_sensor/share/mobile_sensor//node_modules/send\n'}
[1.153092] (mobile_sensor) StdoutLine: {'line': b'-- Installing: /home/ogan/ME461F25_LittleDaisies/project/ros_ws/install/mobile_sensor/share/mobile_sensor//node_modules/send/node_modules\n'}
[1.153174] (mobile_sensor) StdoutLine: {'line': b'-- Installing: /home/ogan/ME461F25_LittleDaisies/project/ros_ws/install/mobile_sensor/share/mobile_sensor//node_modules/send/node_modules/ms\n'}
[1.153241] (mobile_sensor) StdoutLine: {'line': b'-- Installing: /home/ogan/ME461F25_LittleDaisies/project/ros_ws/install/mobile_sensor/share/mobile_sensor//node_modules/send/node_modules/ms/package.json\n'}
[1.153344] (mobile_sensor) StdoutLine: {'line': b'-- Installing: /home/ogan/ME461F25_LittleDaisies/project/ros_ws/install/mobile_sensor/share/mobile_sensor//node_modules/send/node_modules/ms/index.js\n'}
[1.153443] (mobile_sensor) StdoutLine: {'line': b'-- Installing: /home/ogan/ME461F25_LittleDaisies/project/ros_ws/install/mobile_sensor/share/mobile_sensor//node_modules/send/node_modules/ms/license.md\n'}
[1.153544] (mobile_sensor) StdoutLine: {'line': b'-- Installing: /home/ogan/ME461F25_LittleDaisies/project/ros_ws/install/mobile_sensor/share/mobile_sensor//node_modules/send/node_modules/ms/readme.md\n'}
[1.153643] (mobile_sensor) StdoutLine: {'line': b'-- Installing: /home/ogan/ME461F25_LittleDaisies/project/ros_ws/install/mobile_sensor/share/mobile_sensor//node_modules/send/SECURITY.md\n'}
[1.153738] (mobile_sensor) StdoutLine: {'line': b'-- Installing: /home/ogan/ME461F25_LittleDaisies/project/ros_ws/install/mobile_sensor/share/mobile_sensor//node_modules/send/package.json\n'}
[1.153837] (mobile_sensor) StdoutLine: {'line': b'-- Installing: /home/ogan/ME461F25_LittleDaisies/project/ros_ws/install/mobile_sensor/share/mobile_sensor//node_modules/send/LICENSE\n'}
[1.153934] (mobile_sensor) StdoutLine: {'line': b'-- Installing: /home/ogan/ME461F25_LittleDaisies/project/ros_ws/install/mobile_sensor/share/mobile_sensor//node_modules/send/index.js\n'}
[1.154049] (mobile_sensor) StdoutLine: {'line': b'-- Installing: /home/ogan/ME461F25_LittleDaisies/project/ros_ws/install/mobile_sensor/share/mobile_sensor//node_modules/send/HISTORY.md\n'}
[1.154165] (mobile_sensor) StdoutLine: {'line': b'-- Installing: /home/ogan/ME461F25_LittleDaisies/project/ros_ws/install/mobile_sensor/share/mobile_sensor//node_modules/send/README.md\n'}
[1.154271] (mobile_sensor) StdoutLine: {'line': b'-- Installing: /home/ogan/ME461F25_LittleDaisies/project/ros_ws/install/mobile_sensor/share/mobile_sensor//node_modules/vary\n'}
[1.154340] (mobile_sensor) StdoutLine: {'line': b'-- Installing: /home/ogan/ME461F25_LittleDaisies/project/ros_ws/install/mobile_sensor/share/mobile_sensor//node_modules/vary/package.json\n'}
[1.154446] (mobile_sensor) StdoutLine: {'line': b'-- Installing: /home/ogan/ME461F25_LittleDaisies/project/ros_ws/install/mobile_sensor/share/mobile_sensor//node_modules/vary/LICENSE\n'}
[1.154543] (mobile_sensor) StdoutLine: {'line': b'-- Installing: /home/ogan/ME461F25_LittleDaisies/project/ros_ws/install/mobile_sensor/share/mobile_sensor//node_modules/vary/index.js\n'}
[1.154644] (mobile_sensor) StdoutLine: {'line': b'-- Installing: /home/ogan/ME461F25_LittleDaisies/project/ros_ws/install/mobile_sensor/share/mobile_sensor//node_modules/vary/HISTORY.md\n'}
[1.154740] (mobile_sensor) StdoutLine: {'line': b'-- Installing: /home/ogan/ME461F25_LittleDaisies/project/ros_ws/install/mobile_sensor/share/mobile_sensor//node_modules/vary/README.md\n'}
[1.154835] (mobile_sensor) StdoutLine: {'line': b'-- Installing: /home/ogan/ME461F25_LittleDaisies/project/ros_ws/install/mobile_sensor/share/mobile_sensor//node_modules/content-type\n'}
[1.154902] (mobile_sensor) StdoutLine: {'line': b'-- Installing: /home/ogan/ME461F25_LittleDaisies/project/ros_ws/install/mobile_sensor/share/mobile_sensor//node_modules/content-type/package.json\n'}
[1.155001] (mobile_sensor) StdoutLine: {'line': b'-- Installing: /home/ogan/ME461F25_LittleDaisies/project/ros_ws/install/mobile_sensor/share/mobile_sensor//node_modules/content-type/LICENSE\n'}
[1.155097] (mobile_sensor) StdoutLine: {'line': b'-- Installing: /home/ogan/ME461F25_LittleDaisies/project/ros_ws/install/mobile_sensor/share/mobile_sensor//node_modules/content-type/index.js\n'}
[1.155222] (mobile_sensor) StdoutLine: {'line': b'-- Installing: /home/ogan/ME461F25_LittleDaisies/project/ros_ws/install/mobile_sensor/share/mobile_sensor//node_modules/content-type/HISTORY.md\n'}
[1.155330] (mobile_sensor) StdoutLine: {'line': b'-- Installing: /home/ogan/ME461F25_LittleDaisies/project/ros_ws/install/mobile_sensor/share/mobile_sensor//node_modules/content-type/README.md\n'}
[1.155402] (mobile_sensor) StdoutLine: {'line': b'-- Installing: /home/ogan/ME461F25_LittleDaisies/project/ros_ws/install/mobile_sensor/share/mobile_sensor//node_modules/forwarded\n'}
[1.155475] (mobile_sensor) StdoutLine: {'line': b'-- Installing: /home/ogan/ME461F25_LittleDaisies/project/ros_ws/install/mobile_sensor/share/mobile_sensor//node_modules/forwarded/package.json\n'}
[1.155567] (mobile_sensor) StdoutLine: {'line': b'-- Installing: /home/ogan/ME461F25_LittleDaisies/project/ros_ws/install/mobile_sensor/share/mobile_sensor//node_modules/forwarded/LICENSE\n'}
[1.155663] (mobile_sensor) StdoutLine: {'line': b'-- Installing: /home/ogan/ME461F25_LittleDaisies/project/ros_ws/install/mobile_sensor/share/mobile_sensor//node_modules/forwarded/index.js\n'}
[1.155767] (mobile_sensor) StdoutLine: {'line': b'-- Installing: /home/ogan/ME461F25_LittleDaisies/project/ros_ws/install/mobile_sensor/share/mobile_sensor//node_modules/forwarded/HISTORY.md\n'}
[1.155862] (mobile_sensor) StdoutLine: {'line': b'-- Installing: /home/ogan/ME461F25_LittleDaisies/project/ros_ws/install/mobile_sensor/share/mobile_sensor//node_modules/forwarded/README.md\n'}
[1.155955] (mobile_sensor) StdoutLine: {'line': b'-- Installing: /home/ogan/ME461F25_LittleDaisies/project/ros_ws/install/mobile_sensor/share/mobile_sensor//node_modules/es6-iterator\n'}
[1.156025] (mobile_sensor) StdoutLine: {'line': b'-- Installing: /home/ogan/ME461F25_LittleDaisies/project/ros_ws/install/mobile_sensor/share/mobile_sensor//node_modules/es6-iterator/array.js\n'}
[1.156131] (mobile_sensor) StdoutLine: {'line': b'-- Installing: /home/ogan/ME461F25_LittleDaisies/project/ros_ws/install/mobile_sensor/share/mobile_sensor//node_modules/es6-iterator/.npmignore\n'}
[1.156229] (mobile_sensor) StdoutLine: {'line': b'-- Installing: /home/ogan/ME461F25_LittleDaisies/project/ros_ws/install/mobile_sensor/share/mobile_sensor//node_modules/es6-iterator/.editorconfig\n'}
[1.156324] (mobile_sensor) StdoutLine: {'line': b'-- Installing: /home/ogan/ME461F25_LittleDaisies/project/ros_ws/install/mobile_sensor/share/mobile_sensor//node_modules/es6-iterator/string.js\n'}
[1.156420] (mobile_sensor) StdoutLine: {'line': b'-- Installing: /home/ogan/ME461F25_LittleDaisies/project/ros_ws/install/mobile_sensor/share/mobile_sensor//node_modules/es6-iterator/for-of.js\n'}
[1.156515] (mobile_sensor) StdoutLine: {'line': b'-- Installing: /home/ogan/ME461F25_LittleDaisies/project/ros_ws/install/mobile_sensor/share/mobile_sensor//node_modules/es6-iterator/package.json\n'}
[1.156625] (mobile_sensor) StdoutLine: {'line': b'-- Installing: /home/ogan/ME461F25_LittleDaisies/project/ros_ws/install/mobile_sensor/share/mobile_sensor//node_modules/es6-iterator/LICENSE\n'}
[1.156747] (mobile_sensor) StdoutLine: {'line': b'-- Installing: /home/ogan/ME461F25_LittleDaisies/project/ros_ws/install/mobile_sensor/share/mobile_sensor//node_modules/es6-iterator/index.js\n'}
[1.156856] (mobile_sensor) StdoutLine: {'line': b'-- Installing: /home/ogan/ME461F25_LittleDaisies/project/ros_ws/install/mobile_sensor/share/mobile_sensor//node_modules/es6-iterator/is-iterable.js\n'}
[1.156928] (mobile_sensor) StdoutLine: {'line': b'-- Installing: /home/ogan/ME461F25_LittleDaisies/project/ros_ws/install/mobile_sensor/share/mobile_sensor//node_modules/es6-iterator/get.js\n'}
[1.156998] (mobile_sensor) StdoutLine: {'line': b'-- Installing: /home/ogan/ME461F25_LittleDaisies/project/ros_ws/install/mobile_sensor/share/mobile_sensor//node_modules/es6-iterator/valid-iterable.js\n'}
[1.157133] (mobile_sensor) StdoutLine: {'line': b'-- Installing: /home/ogan/ME461F25_LittleDaisies/project/ros_ws/install/mobile_sensor/share/mobile_sensor//node_modules/es6-iterator/CHANGELOG.md\n'}
[1.157231] (mobile_sensor) StdoutLine: {'line': b'-- Installing: /home/ogan/ME461F25_LittleDaisies/project/ros_ws/install/mobile_sensor/share/mobile_sensor//node_modules/es6-iterator/test\n'}
[1.157300] (mobile_sensor) StdoutLine: {'line': b'-- Installing: /home/ogan/ME461F25_LittleDaisies/project/ros_ws/install/mobile_sensor/share/mobile_sensor//node_modules/es6-iterator/test/.eslintrc.json\n'}
[1.157400] (mobile_sensor) StdoutLine: {'line': b'-- Installing: /home/ogan/ME461F25_LittleDaisies/project/ros_ws/install/mobile_sensor/share/mobile_sensor//node_modules/es6-iterator/test/array.js\n'}
[1.157500] (mobile_sensor) StdoutLine: {'line': b'-- Installing: /home/ogan/ME461F25_LittleDaisies/project/ros_ws/install/mobile_sensor/share/mobile_sensor//node_modules/es6-iterator/test/string.js\n'}
[1.157595] (mobile_sensor) StdoutLine: {'line': b'-- Installing: /home/ogan/ME461F25_LittleDaisies/project/ros_ws/install/mobile_sensor/share/mobile_sensor//node_modules/es6-iterator/test/for-of.js\n'}
[1.157712] (mobile_sensor) StdoutLine: {'line': b'-- Installing: /home/ogan/ME461F25_LittleDaisies/project/ros_ws/install/mobile_sensor/share/mobile_sensor//node_modules/es6-iterator/test/index.js\n'}
[1.157803] (mobile_sensor) StdoutLine: {'line': b'-- Installing: /home/ogan/ME461F25_LittleDaisies/project/ros_ws/install/mobile_sensor/share/mobile_sensor//node_modules/es6-iterator/test/is-iterable.js\n'}
[1.157907] (mobile_sensor) StdoutLine: {'line': b'-- Installing: /home/ogan/ME461F25_LittleDaisies/project/ros_ws/install/mobile_sensor/share/mobile_sensor//node_modules/es6-iterator/test/get.js\n'}
[1.158004] (mobile_sensor) StdoutLine: {'line': b'-- Installing: /home/ogan/ME461F25_LittleDaisies/project/ros_ws/install/mobile_sensor/share/mobile_sensor//node_modules/es6-iterator/test/valid-iterable.js\n'}
[1.158100] (mobile_sensor) StdoutLine: {'line': b'-- Installing: /home/ogan/ME461F25_LittleDaisies/project/ros_ws/install/mobile_sensor/share/mobile_sensor//node_modules/es6-iterator/test/#\n'}
[1.158177] (mobile_sensor) StdoutLine: {'line': b'-- Installing: /home/ogan/ME461F25_LittleDaisies/project/ros_ws/install/mobile_sensor/share/mobile_sensor//node_modules/es6-iterator/test/#/chain.js\n'}
[1.158286] (mobile_sensor) StdoutLine: {'line': b'-- Installing: /home/ogan/ME461F25_LittleDaisies/project/ros_ws/install/mobile_sensor/share/mobile_sensor//node_modules/es6-iterator/README.md\n'}
[1.158389] (mobile_sensor) StdoutLine: {'line': b'-- Installing: /home/ogan/ME461F25_LittleDaisies/project/ros_ws/install/mobile_sensor/share/mobile_sensor//node_modules/es6-iterator/appveyor.yml\n'}
[1.158493] (mobile_sensor) StdoutLine: {'line': b'-- Installing: /home/ogan/ME461F25_LittleDaisies/project/ros_ws/install/mobile_sensor/share/mobile_sensor//node_modules/es6-iterator/CHANGES\n'}
[1.158587] (mobile_sensor) StdoutLine: {'line': b'-- Installing: /home/ogan/ME461F25_LittleDaisies/project/ros_ws/install/mobile_sensor/share/mobile_sensor//node_modules/es6-iterator/#\n'}
[1.158669] (mobile_sensor) StdoutLine: {'line': b'-- Installing: /home/ogan/ME461F25_LittleDaisies/project/ros_ws/install/mobile_sensor/share/mobile_sensor//node_modules/es6-iterator/#/chain.js\n'}
[1.158788] (mobile_sensor) StdoutLine: {'line': b'-- Installing: /home/ogan/ME461F25_LittleDaisies/project/ros_ws/install/mobile_sensor/share/mobile_sensor//node_modules/range-parser\n'}
[1.158873] (mobile_sensor) StdoutLine: {'line': b'-- Installing: /home/ogan/ME461F25_LittleDaisies/project/ros_ws/install/mobile_sensor/share/mobile_sensor//node_modules/range-parser/package.json\n'}
[1.158937] (mobile_sensor) StdoutLine: {'line': b'-- Installing: /home/ogan/ME461F25_LittleDaisies/project/ros_ws/install/mobile_sensor/share/mobile_sensor//node_modules/range-parser/LICENSE\n'}
[1.159021] (mobile_sensor) StdoutLine: {'line': b'-- Installing: /home/ogan/ME461F25_LittleDaisies/project/ros_ws/install/mobile_sensor/share/mobile_sensor//node_modules/range-parser/index.js\n'}
[1.159115] (mobile_sensor) StdoutLine: {'line': b'-- Installing: /home/ogan/ME461F25_LittleDaisies/project/ros_ws/install/mobile_sensor/share/mobile_sensor//node_modules/range-parser/HISTORY.md\n'}
[1.159222] (mobile_sensor) StdoutLine: {'line': b'-- Installing: /home/ogan/ME461F25_LittleDaisies/project/ros_ws/install/mobile_sensor/share/mobile_sensor//node_modules/range-parser/README.md\n'}
[1.159312] (mobile_sensor) StdoutLine: {'line': b'-- Installing: /home/ogan/ME461F25_LittleDaisies/project/ros_ws/install/mobile_sensor/share/mobile_sensor//node_modules/call-bind-apply-helpers\n'}
[1.159383] (mobile_sensor) StdoutLine: {'line': b'-- Installing: /home/ogan/ME461F25_LittleDaisies/project/ros_ws/install/mobile_sensor/share/mobile_sensor//node_modules/call-bind-apply-helpers/actualApply.d.ts\n'}
[1.159480] (mobile_sensor) StdoutLine: {'line': b'-- Installing: /home/ogan/ME461F25_LittleDaisies/project/ros_ws/install/mobile_sensor/share/mobile_sensor//node_modules/call-bind-apply-helpers/actualApply.js\n'}
[1.159578] (mobile_sensor) StdoutLine: {'line': b'-- Installing: /home/ogan/ME461F25_LittleDaisies/project/ros_ws/install/mobile_sensor/share/mobile_sensor//node_modules/call-bind-apply-helpers/.eslintrc\n'}
[1.159683] (mobile_sensor) StdoutLine: {'line': b'-- Installing: /home/ogan/ME461F25_LittleDaisies/project/ros_ws/install/mobile_sensor/share/mobile_sensor//node_modules/call-bind-apply-helpers/package.json\n'}
[1.159776] (mobile_sensor) StdoutLine: {'line': b'-- Installing: /home/ogan/ME461F25_LittleDaisies/project/ros_ws/install/mobile_sensor/share/mobile_sensor//node_modules/call-bind-apply-helpers/functionApply.d.ts\n'}
[1.159875] (mobile_sensor) StdoutLine: {'line': b'-- Installing: /home/ogan/ME461F25_LittleDaisies/project/ros_ws/install/mobile_sensor/share/mobile_sensor//node_modules/call-bind-apply-helpers/LICENSE\n'}
[1.159971] (mobile_sensor) StdoutLine: {'line': b'-- Installing: /home/ogan/ME461F25_LittleDaisies/project/ros_ws/install/mobile_sensor/share/mobile_sensor//node_modules/call-bind-apply-helpers/index.js\n'}
[1.160068] (mobile_sensor) StdoutLine: {'line': b'-- Installing: /home/ogan/ME461F25_LittleDaisies/project/ros_ws/install/mobile_sensor/share/mobile_sensor//node_modules/call-bind-apply-helpers/reflectApply.d.ts\n'}
[1.160171] (mobile_sensor) StdoutLine: {'line': b'-- Installing: /home/ogan/ME461F25_LittleDaisies/project/ros_ws/install/mobile_sensor/share/mobile_sensor//node_modules/call-bind-apply-helpers/applyBind.js\n'}
[1.160269] (mobile_sensor) StdoutLine: {'line': b'-- Installing: /home/ogan/ME461F25_LittleDaisies/project/ros_ws/install/mobile_sensor/share/mobile_sensor//node_modules/call-bind-apply-helpers/functionApply.js\n'}
[1.160366] (mobile_sensor) StdoutLine: {'line': b'-- Installing: /home/ogan/ME461F25_LittleDaisies/project/ros_ws/install/mobile_sensor/share/mobile_sensor//node_modules/call-bind-apply-helpers/index.d.ts\n'}
[1.160462] (mobile_sensor) StdoutLine: {'line': b'-- Installing: /home/ogan/ME461F25_LittleDaisies/project/ros_ws/install/mobile_sensor/share/mobile_sensor//node_modules/call-bind-apply-helpers/CHANGELOG.md\n'}
[1.160558] (mobile_sensor) StdoutLine: {'line': b'-- Installing: /home/ogan/ME461F25_LittleDaisies/project/ros_ws/install/mobile_sensor/share/mobile_sensor//node_modules/call-bind-apply-helpers/tsconfig.json\n'}
[1.160655] (mobile_sensor) StdoutLine: {'line': b'-- Installing: /home/ogan/ME461F25_LittleDaisies/project/ros_ws/install/mobile_sensor/share/mobile_sensor//node_modules/call-bind-apply-helpers/functionCall.js\n'}
[1.160747] (mobile_sensor) StdoutLine: {'line': b'-- Installing: /home/ogan/ME461F25_LittleDaisies/project/ros_ws/install/mobile_sensor/share/mobile_sensor//node_modules/call-bind-apply-helpers/test\n'}
[1.160814] (mobile_sensor) StdoutLine: {'line': b'-- Installing: /home/ogan/ME461F25_LittleDaisies/project/ros_ws/install/mobile_sensor/share/mobile_sensor//node_modules/call-bind-apply-helpers/test/index.js\n'}
[1.160913] (mobile_sensor) StdoutLine: {'line': b'-- Installing: /home/ogan/ME461F25_LittleDaisies/project/ros_ws/install/mobile_sensor/share/mobile_sensor//node_modules/call-bind-apply-helpers/README.md\n'}
[1.161006] (mobile_sensor) StdoutLine: {'line': b'-- Installing: /home/ogan/ME461F25_LittleDaisies/project/ros_ws/install/mobile_sensor/share/mobile_sensor//node_modules/call-bind-apply-helpers/.github\n'}
[1.161072] (mobile_sensor) StdoutLine: {'line': b'-- Installing: /home/ogan/ME461F25_LittleDaisies/project/ros_ws/install/mobile_sensor/share/mobile_sensor//node_modules/call-bind-apply-helpers/.github/FUNDING.yml\n'}
[1.161223] (mobile_sensor) StdoutLine: {'line': b'-- Installing: /home/ogan/ME461F25_LittleDaisies/project/ros_ws/install/mobile_sensor/share/mobile_sensor//node_modules/call-bind-apply-helpers/.nycrc\n'}
[1.161325] (mobile_sensor) StdoutLine: {'line': b'-- Installing: /home/ogan/ME461F25_LittleDaisies/project/ros_ws/install/mobile_sensor/share/mobile_sensor//node_modules/call-bind-apply-helpers/applyBind.d.ts\n'}
[1.161423] (mobile_sensor) StdoutLine: {'line': b'-- Installing: /home/ogan/ME461F25_LittleDaisies/project/ros_ws/install/mobile_sensor/share/mobile_sensor//node_modules/call-bind-apply-helpers/functionCall.d.ts\n'}
[1.161523] (mobile_sensor) StdoutLine: {'line': b'-- Installing: /home/ogan/ME461F25_LittleDaisies/project/ros_ws/install/mobile_sensor/share/mobile_sensor//node_modules/call-bind-apply-helpers/reflectApply.js\n'}
[1.161621] (mobile_sensor) StdoutLine: {'line': b'-- Installing: /home/ogan/ME461F25_LittleDaisies/project/ros_ws/install/mobile_sensor/share/mobile_sensor//node_modules/proxy-addr\n'}
[1.161688] (mobile_sensor) StdoutLine: {'line': b'-- Installing: /home/ogan/ME461F25_LittleDaisies/project/ros_ws/install/mobile_sensor/share/mobile_sensor//node_modules/proxy-addr/package.json\n'}
[1.161785] (mobile_sensor) StdoutLine: {'line': b'-- Installing: /home/ogan/ME461F25_LittleDaisies/project/ros_ws/install/mobile_sensor/share/mobile_sensor//node_modules/proxy-addr/LICENSE\n'}
[1.161888] (mobile_sensor) StdoutLine: {'line': b'-- Installing: /home/ogan/ME461F25_LittleDaisies/project/ros_ws/install/mobile_sensor/share/mobile_sensor//node_modules/proxy-addr/index.js\n'}
[1.161988] (mobile_sensor) StdoutLine: {'line': b'-- Installing: /home/ogan/ME461F25_LittleDaisies/project/ros_ws/install/mobile_sensor/share/mobile_sensor//node_modules/proxy-addr/HISTORY.md\n'}
[1.162085] (mobile_sensor) StdoutLine: {'line': b'-- Installing: /home/ogan/ME461F25_LittleDaisies/project/ros_ws/install/mobile_sensor/share/mobile_sensor//node_modules/proxy-addr/README.md\n'}
[1.162191] (mobile_sensor) StdoutLine: {'line': b'-- Installing: /home/ogan/ME461F25_LittleDaisies/project/ros_ws/install/mobile_sensor/share/mobile_sensor//node_modules/buffer-from\n'}
[1.162258] (mobile_sensor) StdoutLine: {'line': b'-- Installing: /home/ogan/ME461F25_LittleDaisies/project/ros_ws/install/mobile_sensor/share/mobile_sensor//node_modules/buffer-from/package.json\n'}
[1.162355] (mobile_sensor) StdoutLine: {'line': b'-- Installing: /home/ogan/ME461F25_LittleDaisies/project/ros_ws/install/mobile_sensor/share/mobile_sensor//node_modules/buffer-from/LICENSE\n'}
[1.162452] (mobile_sensor) StdoutLine: {'line': b'-- Installing: /home/ogan/ME461F25_LittleDaisies/project/ros_ws/install/mobile_sensor/share/mobile_sensor//node_modules/buffer-from/index.js\n'}
[1.162550] (mobile_sensor) StdoutLine: {'line': b'-- Installing: /home/ogan/ME461F25_LittleDaisies/project/ros_ws/install/mobile_sensor/share/mobile_sensor//node_modules/buffer-from/readme.md\n'}
[1.162643] (mobile_sensor) StdoutLine: {'line': b'-- Installing: /home/ogan/ME461F25_LittleDaisies/project/ros_ws/install/mobile_sensor/share/mobile_sensor//node_modules/depd\n'}
[1.162709] (mobile_sensor) StdoutLine: {'line': b'-- Installing: /home/ogan/ME461F25_LittleDaisies/project/ros_ws/install/mobile_sensor/share/mobile_sensor//node_modules/depd/package.json\n'}
[1.162811] (mobile_sensor) StdoutLine: {'line': b'-- Installing: /home/ogan/ME461F25_LittleDaisies/project/ros_ws/install/mobile_sensor/share/mobile_sensor//node_modules/depd/LICENSE\n'}
[1.162907] (mobile_sensor) StdoutLine: {'line': b'-- Installing: /home/ogan/ME461F25_LittleDaisies/project/ros_ws/install/mobile_sensor/share/mobile_sensor//node_modules/depd/index.js\n'}
[1.163007] (mobile_sensor) StdoutLine: {'line': b'-- Installing: /home/ogan/ME461F25_LittleDaisies/project/ros_ws/install/mobile_sensor/share/mobile_sensor//node_modules/depd/lib\n'}
[1.163069] (mobile_sensor) StdoutLine: {'line': b'-- Installing: /home/ogan/ME461F25_LittleDaisies/project/ros_ws/install/mobile_sensor/share/mobile_sensor//node_modules/depd/lib/browser\n'}
[1.163144] (mobile_sensor) StdoutLine: {'line': b'-- Installing: /home/ogan/ME461F25_LittleDaisies/project/ros_ws/install/mobile_sensor/share/mobile_sensor//node_modules/depd/lib/browser/index.js\n'}
[1.163244] (mobile_sensor) StdoutLine: {'line': b'-- Installing: /home/ogan/ME461F25_LittleDaisies/project/ros_ws/install/mobile_sensor/share/mobile_sensor//node_modules/depd/Readme.md\n'}
[1.163356] (mobile_sensor) StdoutLine: {'line': b'-- Installing: /home/ogan/ME461F25_LittleDaisies/project/ros_ws/install/mobile_sensor/share/mobile_sensor//node_modules/depd/History.md\n'}
[1.163452] (mobile_sensor) StdoutLine: {'line': b'-- Installing: /home/ogan/ME461F25_LittleDaisies/project/ros_ws/install/mobile_sensor/share/mobile_sensor//node_modules/math-intrinsics\n'}
[1.163526] (mobile_sensor) StdoutLine: {'line': b'-- Installing: /home/ogan/ME461F25_LittleDaisies/project/ros_ws/install/mobile_sensor/share/mobile_sensor//node_modules/math-intrinsics/isFinite.d.ts\n'}
[1.163629] (mobile_sensor) StdoutLine: {'line': b'-- Installing: /home/ogan/ME461F25_LittleDaisies/project/ros_ws/install/mobile_sensor/share/mobile_sensor//node_modules/math-intrinsics/min.js\n'}
[1.163725] (mobile_sensor) StdoutLine: {'line': b'-- Installing: /home/ogan/ME461F25_LittleDaisies/project/ros_ws/install/mobile_sensor/share/mobile_sensor//node_modules/math-intrinsics/max.js\n'}
[1.163823] (mobile_sensor) StdoutLine: {'line': b'-- Installing: /home/ogan/ME461F25_LittleDaisies/project/ros_ws/install/mobile_sensor/share/mobile_sensor//node_modules/math-intrinsics/.eslintrc\n'}
[1.163930] (mobile_sensor) StdoutLine: {'line': b'-- Installing: /home/ogan/ME461F25_LittleDaisies/project/ros_ws/install/mobile_sensor/share/mobile_sensor//node_modules/math-intrinsics/package.json\n'}
[1.164039] (mobile_sensor) StdoutLine: {'line': b'-- Installing: /home/ogan/ME461F25_LittleDaisies/project/ros_ws/install/mobile_sensor/share/mobile_sensor//node_modules/math-intrinsics/constants\n'}
[1.164107] (mobile_sensor) StdoutLine: {'line': b'-- Installing: /home/ogan/ME461F25_LittleDaisies/project/ros_ws/install/mobile_sensor/share/mobile_sensor//node_modules/math-intrinsics/constants/maxSafeInteger.js\n'}
[1.164215] (mobile_sensor) StdoutLine: {'line': b'-- Installing: /home/ogan/ME461F25_LittleDaisies/project/ros_ws/install/mobile_sensor/share/mobile_sensor//node_modules/math-intrinsics/constants/maxArrayLength.d.ts\n'}
[1.164310] (mobile_sensor) StdoutLine: {'line': b'-- Installing: /home/ogan/ME461F25_LittleDaisies/project/ros_ws/install/mobile_sensor/share/mobile_sensor//node_modules/math-intrinsics/constants/maxSafeInteger.d.ts\n'}
[1.164407] (mobile_sensor) StdoutLine: {'line': b'-- Installing: /home/ogan/ME461F25_LittleDaisies/project/ros_ws/install/mobile_sensor/share/mobile_sensor//node_modules/math-intrinsics/constants/maxValue.d.ts\n'}
[1.164505] (mobile_sensor) StdoutLine: {'line': b'-- Installing: /home/ogan/ME461F25_LittleDaisies/project/ros_ws/install/mobile_sensor/share/mobile_sensor//node_modules/math-intrinsics/constants/maxValue.js\n'}
[1.164611] (mobile_sensor) StdoutLine: {'line': b'-- Installing: /home/ogan/ME461F25_LittleDaisies/project/ros_ws/install/mobile_sensor/share/mobile_sensor//node_modules/math-intrinsics/constants/maxArrayLength.js\n'}
[1.164710] (mobile_sensor) StdoutLine: {'line': b'-- Installing: /home/ogan/ME461F25_LittleDaisies/project/ros_ws/install/mobile_sensor/share/mobile_sensor//node_modules/math-intrinsics/sign.d.ts\n'}
[1.164809] (mobile_sensor) StdoutLine: {'line': b'-- Installing: /home/ogan/ME461F25_LittleDaisies/project/ros_ws/install/mobile_sensor/share/mobile_sensor//node_modules/math-intrinsics/pow.d.ts\n'}
[1.164908] (mobile_sensor) StdoutLine: {'line': b'-- Installing: /home/ogan/ME461F25_LittleDaisies/project/ros_ws/install/mobile_sensor/share/mobile_sensor//node_modules/math-intrinsics/max.d.ts\n'}
[1.165032] (mobile_sensor) StdoutLine: {'line': b'-- Installing: /home/ogan/ME461F25_LittleDaisies/project/ros_ws/install/mobile_sensor/share/mobile_sensor//node_modules/math-intrinsics/LICENSE\n'}
[1.165163] (mobile_sensor) StdoutLine: {'line': b'-- Installing: /home/ogan/ME461F25_LittleDaisies/project/ros_ws/install/mobile_sensor/share/mobile_sensor//node_modules/math-intrinsics/mod.d.ts\n'}
[1.165242] (mobile_sensor) StdoutLine: {'line': b'-- Installing: /home/ogan/ME461F25_LittleDaisies/project/ros_ws/install/mobile_sensor/share/mobile_sensor//node_modules/math-intrinsics/abs.js\n'}
[1.165321] (mobile_sensor) StdoutLine: {'line': b'-- Installing: /home/ogan/ME461F25_LittleDaisies/project/ros_ws/install/mobile_sensor/share/mobile_sensor//node_modules/math-intrinsics/isNegativeZero.d.ts\n'}
[1.165416] (mobile_sensor) StdoutLine: {'line': b'-- Installing: /home/ogan/ME461F25_LittleDaisies/project/ros_ws/install/mobile_sensor/share/mobile_sensor//node_modules/math-intrinsics/isNaN.js\n'}
[1.165513] (mobile_sensor) StdoutLine: {'line': b'-- Installing: /home/ogan/ME461F25_LittleDaisies/project/ros_ws/install/mobile_sensor/share/mobile_sensor//node_modules/math-intrinsics/isInteger.d.ts\n'}
[1.165610] (mobile_sensor) StdoutLine: {'line': b'-- Installing: /home/ogan/ME461F25_LittleDaisies/project/ros_ws/install/mobile_sensor/share/mobile_sensor//node_modules/math-intrinsics/round.d.ts\n'}
[1.165705] (mobile_sensor) StdoutLine: {'line': b'-- Installing: /home/ogan/ME461F25_LittleDaisies/project/ros_ws/install/mobile_sensor/share/mobile_sensor//node_modules/math-intrinsics/floor.d.ts\n'}
[1.165803] (mobile_sensor) StdoutLine: {'line': b'-- Installing: /home/ogan/ME461F25_LittleDaisies/project/ros_ws/install/mobile_sensor/share/mobile_sensor//node_modules/math-intrinsics/CHANGELOG.md\n'}
[1.165908] (mobile_sensor) StdoutLine: {'line': b'-- Installing: /home/ogan/ME461F25_LittleDaisies/project/ros_ws/install/mobile_sensor/share/mobile_sensor//node_modules/math-intrinsics/abs.d.ts\n'}
[1.166007] (mobile_sensor) StdoutLine: {'line': b'-- Installing: /home/ogan/ME461F25_LittleDaisies/project/ros_ws/install/mobile_sensor/share/mobile_sensor//node_modules/math-intrinsics/isFinite.js\n'}
[1.166107] (mobile_sensor) StdoutLine: {'line': b'-- Installing: /home/ogan/ME461F25_LittleDaisies/project/ros_ws/install/mobile_sensor/share/mobile_sensor//node_modules/math-intrinsics/tsconfig.json\n'}
[1.166212] (mobile_sensor) StdoutLine: {'line': b'-- Installing: /home/ogan/ME461F25_LittleDaisies/project/ros_ws/install/mobile_sensor/share/mobile_sensor//node_modules/math-intrinsics/isInteger.js\n'}
[1.166309] (mobile_sensor) StdoutLine: {'line': b'-- Installing: /home/ogan/ME461F25_LittleDaisies/project/ros_ws/install/mobile_sensor/share/mobile_sensor//node_modules/math-intrinsics/mod.js\n'}
[1.166406] (mobile_sensor) StdoutLine: {'line': b'-- Installing: /home/ogan/ME461F25_LittleDaisies/project/ros_ws/install/mobile_sensor/share/mobile_sensor//node_modules/math-intrinsics/isNegativeZero.js\n'}
[1.166506] (mobile_sensor) StdoutLine: {'line': b'-- Installing: /home/ogan/ME461F25_LittleDaisies/project/ros_ws/install/mobile_sensor/share/mobile_sensor//node_modules/math-intrinsics/floor.js\n'}
[1.166601] (mobile_sensor) StdoutLine: {'line': b'-- Installing: /home/ogan/ME461F25_LittleDaisies/project/ros_ws/install/mobile_sensor/share/mobile_sensor//node_modules/math-intrinsics/test\n'}
[1.166672] (mobile_sensor) StdoutLine: {'line': b'-- Installing: /home/ogan/ME461F25_LittleDaisies/project/ros_ws/install/mobile_sensor/share/mobile_sensor//node_modules/math-intrinsics/test/index.js\n'}
[1.166776] (mobile_sensor) StdoutLine: {'line': b'-- Installing: /home/ogan/ME461F25_LittleDaisies/project/ros_ws/install/mobile_sensor/share/mobile_sensor//node_modules/math-intrinsics/sign.js\n'}
[1.166877] (mobile_sensor) StdoutLine: {'line': b'-- Installing: /home/ogan/ME461F25_LittleDaisies/project/ros_ws/install/mobile_sensor/share/mobile_sensor//node_modules/math-intrinsics/README.md\n'}
[1.166974] (mobile_sensor) StdoutLine: {'line': b'-- Installing: /home/ogan/ME461F25_LittleDaisies/project/ros_ws/install/mobile_sensor/share/mobile_sensor//node_modules/math-intrinsics/.github\n'}
[1.167040] (mobile_sensor) StdoutLine: {'line': b'-- Installing: /home/ogan/ME461F25_LittleDaisies/project/ros_ws/install/mobile_sensor/share/mobile_sensor//node_modules/math-intrinsics/.github/FUNDING.yml\n'}
[1.167152] (mobile_sensor) StdoutLine: {'line': b'-- Installing: /home/ogan/ME461F25_LittleDaisies/project/ros_ws/install/mobile_sensor/share/mobile_sensor//node_modules/math-intrinsics/round.js\n'}
[1.167253] (mobile_sensor) StdoutLine: {'line': b'-- Installing: /home/ogan/ME461F25_LittleDaisies/project/ros_ws/install/mobile_sensor/share/mobile_sensor//node_modules/math-intrinsics/min.d.ts\n'}
[1.167357] (mobile_sensor) StdoutLine: {'line': b'-- Installing: /home/ogan/ME461F25_LittleDaisies/project/ros_ws/install/mobile_sensor/share/mobile_sensor//node_modules/math-intrinsics/pow.js\n'}
[1.167457] (mobile_sensor) StdoutLine: {'line': b'-- Installing: /home/ogan/ME461F25_LittleDaisies/project/ros_ws/install/mobile_sensor/share/mobile_sensor//node_modules/math-intrinsics/isNaN.d.ts\n'}
[1.167553] (mobile_sensor) StdoutLine: {'line': b'-- Installing: /home/ogan/ME461F25_LittleDaisies/project/ros_ws/install/mobile_sensor/share/mobile_sensor//node_modules/side-channel\n'}
[1.167625] (mobile_sensor) StdoutLine: {'line': b'-- Installing: /home/ogan/ME461F25_LittleDaisies/project/ros_ws/install/mobile_sensor/share/mobile_sensor//node_modules/side-channel/.editorconfig\n'}
[1.167723] (mobile_sensor) StdoutLine: {'line': b'-- Installing: /home/ogan/ME461F25_LittleDaisies/project/ros_ws/install/mobile_sensor/share/mobile_sensor//node_modules/side-channel/.eslintrc\n'}
[1.167820] (mobile_sensor) StdoutLine: {'line': b'-- Installing: /home/ogan/ME461F25_LittleDaisies/project/ros_ws/install/mobile_sensor/share/mobile_sensor//node_modules/side-channel/package.json\n'}
[1.167918] (mobile_sensor) StdoutLine: {'line': b'-- Installing: /home/ogan/ME461F25_LittleDaisies/project/ros_ws/install/mobile_sensor/share/mobile_sensor//node_modules/side-channel/LICENSE\n'}
[1.168014] (mobile_sensor) StdoutLine: {'line': b'-- Installing: /home/ogan/ME461F25_LittleDaisies/project/ros_ws/install/mobile_sensor/share/mobile_sensor//node_modules/side-channel/index.js\n'}
[1.168111] (mobile_sensor) StdoutLine: {'line': b'-- Installing: /home/ogan/ME461F25_LittleDaisies/project/ros_ws/install/mobile_sensor/share/mobile_sensor//node_modules/side-channel/index.d.ts\n'}
[1.168244] (mobile_sensor) StdoutLine: {'line': b'-- Installing: /home/ogan/ME461F25_LittleDaisies/project/ros_ws/install/mobile_sensor/share/mobile_sensor//node_modules/side-channel/CHANGELOG.md\n'}
[1.168361] (mobile_sensor) StdoutLine: {'line': b'-- Installing: /home/ogan/ME461F25_LittleDaisies/project/ros_ws/install/mobile_sensor/share/mobile_sensor//node_modules/side-channel/tsconfig.json\n'}
[1.168459] (mobile_sensor) StdoutLine: {'line': b'-- Installing: /home/ogan/ME461F25_LittleDaisies/project/ros_ws/install/mobile_sensor/share/mobile_sensor//node_modules/side-channel/test\n'}
[1.168525] (mobile_sensor) StdoutLine: {'line': b'-- Installing: /home/ogan/ME461F25_LittleDaisies/project/ros_ws/install/mobile_sensor/share/mobile_sensor//node_modules/side-channel/test/index.js\n'}
[1.168625] (mobile_sensor) StdoutLine: {'line': b'-- Installing: /home/ogan/ME461F25_LittleDaisies/project/ros_ws/install/mobile_sensor/share/mobile_sensor//node_modules/side-channel/README.md\n'}
[1.168724] (mobile_sensor) StdoutLine: {'line': b'-- Installing: /home/ogan/ME461F25_LittleDaisies/project/ros_ws/install/mobile_sensor/share/mobile_sensor//node_modules/side-channel/.github\n'}
[1.168789] (mobile_sensor) StdoutLine: {'line': b'-- Installing: /home/ogan/ME461F25_LittleDaisies/project/ros_ws/install/mobile_sensor/share/mobile_sensor//node_modules/side-channel/.github/FUNDING.yml\n'}
[1.168888] (mobile_sensor) StdoutLine: {'line': b'-- Installing: /home/ogan/ME461F25_LittleDaisies/project/ros_ws/install/mobile_sensor/share/mobile_sensor//node_modules/side-channel/.nycrc\n'}
[1.168983] (mobile_sensor) StdoutLine: {'line': b'-- Installing: /home/ogan/ME461F25_LittleDaisies/project/ros_ws/install/mobile_sensor/share/mobile_sensor//node_modules/es5-ext\n'}
[1.169054] (mobile_sensor) StdoutLine: {'line': b'-- Installing: /home/ogan/ME461F25_LittleDaisies/project/ros_ws/install/mobile_sensor/share/mobile_sensor//node_modules/es5-ext/_postinstall.js\n'}
[1.169192] (mobile_sensor) StdoutLine: {'line': b'-- Installing: /home/ogan/ME461F25_LittleDaisies/project/ros_ws/install/mobile_sensor/share/mobile_sensor//node_modules/es5-ext/json\n'}
[1.169261] (mobile_sensor) StdoutLine: {'line': b'-- Installing: /home/ogan/ME461F25_LittleDaisies/project/ros_ws/install/mobile_sensor/share/mobile_sensor//node_modules/es5-ext/json/safe-stringify.js\n'}
[1.169361] (mobile_sensor) StdoutLine: {'line': b'-- Installing: /home/ogan/ME461F25_LittleDaisies/project/ros_ws/install/mobile_sensor/share/mobile_sensor//node_modules/es5-ext/json/index.js\n'}
[1.169464] (mobile_sensor) StdoutLine: {'line': b'-- Installing: /home/ogan/ME461F25_LittleDaisies/project/ros_ws/install/mobile_sensor/share/mobile_sensor//node_modules/es5-ext/optional-chaining.js\n'}
[1.169563] (mobile_sensor) StdoutLine: {'line': b'-- Installing: /home/ogan/ME461F25_LittleDaisies/project/ros_ws/install/mobile_sensor/share/mobile_sensor//node_modules/es5-ext/math\n'}
[1.169632] (mobile_sensor) StdoutLine: {'line': b'-- Installing: /home/ogan/ME461F25_LittleDaisies/project/ros_ws/install/mobile_sensor/share/mobile_sensor//node_modules/es5-ext/math/imul\n'}
[1.169697] (mobile_sensor) StdoutLine: {'line': b'-- Installing: /home/ogan/ME461F25_LittleDaisies/project/ros_ws/install/mobile_sensor/share/mobile_sensor//node_modules/es5-ext/math/imul/shim.js\n'}
[1.169799] (mobile_sensor) StdoutLine: {'line': b'-- Installing: /home/ogan/ME461F25_LittleDaisies/project/ros_ws/install/mobile_sensor/share/mobile_sensor//node_modules/es5-ext/math/imul/is-implemented.js\n'}
[1.169899] (mobile_sensor) StdoutLine: {'line': b'-- Installing: /home/ogan/ME461F25_LittleDaisies/project/ros_ws/install/mobile_sensor/share/mobile_sensor//node_modules/es5-ext/math/imul/index.js\n'}
[1.170006] (mobile_sensor) StdoutLine: {'line': b'-- Installing: /home/ogan/ME461F25_LittleDaisies/project/ros_ws/install/mobile_sensor/share/mobile_sensor//node_modules/es5-ext/math/imul/implement.js\n'}
[1.170126] (mobile_sensor) StdoutLine: {'line': b'-- Installing: /home/ogan/ME461F25_LittleDaisies/project/ros_ws/install/mobile_sensor/share/mobile_sensor//node_modules/es5-ext/math/_pack-ieee754.js\n'}
[1.170224] (mobile_sensor) StdoutLine: {'line': b'-- Installing: /home/ogan/ME461F25_LittleDaisies/project/ros_ws/install/mobile_sensor/share/mobile_sensor//node_modules/es5-ext/math/cosh\n'}
[1.170292] (mobile_sensor) StdoutLine: {'line': b'-- Installing: /home/ogan/ME461F25_LittleDaisies/project/ros_ws/install/mobile_sensor/share/mobile_sensor//node_modules/es5-ext/math/cosh/shim.js\n'}
[1.170411] (mobile_sensor) StdoutLine: {'line': b'-- Installing: /home/ogan/ME461F25_LittleDaisies/project/ros_ws/install/mobile_sensor/share/mobile_sensor//node_modules/es5-ext/math/cosh/is-implemented.js\n'}
[1.170497] (mobile_sensor) StdoutLine: {'line': b'-- Installing: /home/ogan/ME461F25_LittleDaisies/project/ros_ws/install/mobile_sensor/share/mobile_sensor//node_modules/es5-ext/math/cosh/index.js\n'}
[1.170596] (mobile_sensor) StdoutLine: {'line': b'-- Installing: /home/ogan/ME461F25_LittleDaisies/project/ros_ws/install/mobile_sensor/share/mobile_sensor//node_modules/es5-ext/math/cosh/implement.js\n'}
[1.170696] (mobile_sensor) StdoutLine: {'line': b'-- Installing: /home/ogan/ME461F25_LittleDaisies/project/ros_ws/install/mobile_sensor/share/mobile_sensor//node_modules/es5-ext/math/floor-10.js\n'}
[1.170794] (mobile_sensor) StdoutLine: {'line': b'-- Installing: /home/ogan/ME461F25_LittleDaisies/project/ros_ws/install/mobile_sensor/share/mobile_sensor//node_modules/es5-ext/math/cbrt\n'}
[1.170866] (mobile_sensor) StdoutLine: {'line': b'-- Installing: /home/ogan/ME461F25_LittleDaisies/project/ros_ws/install/mobile_sensor/share/mobile_sensor//node_modules/es5-ext/math/cbrt/shim.js\n'}
[1.170966] (mobile_sensor) StdoutLine: {'line': b'-- Installing: /home/ogan/ME461F25_LittleDaisies/project/ros_ws/install/mobile_sensor/share/mobile_sensor//node_modules/es5-ext/math/cbrt/is-implemented.js\n'}
[1.171066] (mobile_sensor) StdoutLine: {'line': b'-- Installing: /home/ogan/ME461F25_LittleDaisies/project/ros_ws/install/mobile_sensor/share/mobile_sensor//node_modules/es5-ext/math/cbrt/index.js\n'}
[1.171172] (mobile_sensor) StdoutLine: {'line': b'-- Installing: /home/ogan/ME461F25_LittleDaisies/project/ros_ws/install/mobile_sensor/share/mobile_sensor//node_modules/es5-ext/math/cbrt/implement.js\n'}
[1.171269] (mobile_sensor) StdoutLine: {'line': b'-- Installing: /home/ogan/ME461F25_LittleDaisies/project/ros_ws/install/mobile_sensor/share/mobile_sensor//node_modules/es5-ext/math/log10\n'}
[1.171335] (mobile_sensor) StdoutLine: {'line': b'-- Installing: /home/ogan/ME461F25_LittleDaisies/project/ros_ws/install/mobile_sensor/share/mobile_sensor//node_modules/es5-ext/math/log10/shim.js\n'}
[1.171434] (mobile_sensor) StdoutLine: {'line': b'-- Installing: /home/ogan/ME461F25_LittleDaisies/project/ros_ws/install/mobile_sensor/share/mobile_sensor//node_modules/es5-ext/math/log10/is-implemented.js\n'}
[1.171535] (mobile_sensor) StdoutLine: {'line': b'-- Installing: /home/ogan/ME461F25_LittleDaisies/project/ros_ws/install/mobile_sensor/share/mobile_sensor//node_modules/es5-ext/math/log10/index.js\n'}
[1.171631] (mobile_sensor) StdoutLine: {'line': b'-- Installing: /home/ogan/ME461F25_LittleDaisies/project/ros_ws/install/mobile_sensor/share/mobile_sensor//node_modules/es5-ext/math/log10/implement.js\n'}
[1.171728] (mobile_sensor) StdoutLine: {'line': b'-- Installing: /home/ogan/ME461F25_LittleDaisies/project/ros_ws/install/mobile_sensor/share/mobile_sensor//node_modules/es5-ext/math/sign\n'}
[1.171798] (mobile_sensor) StdoutLine: {'line': b'-- Installing: /home/ogan/ME461F25_LittleDaisies/project/ros_ws/install/mobile_sensor/share/mobile_sensor//node_modules/es5-ext/math/sign/shim.js\n'}
[1.171898] (mobile_sensor) StdoutLine: {'line': b'-- Installing: /home/ogan/ME461F25_LittleDaisies/project/ros_ws/install/mobile_sensor/share/mobile_sensor//node_modules/es5-ext/math/sign/is-implemented.js\n'}
[1.172002] (mobile_sensor) StdoutLine: {'line': b'-- Installing: /home/ogan/ME461F25_LittleDaisies/project/ros_ws/install/mobile_sensor/share/mobile_sensor//node_modules/es5-ext/math/sign/index.js\n'}
[1.172101] (mobile_sensor) StdoutLine: {'line': b'-- Installing: /home/ogan/ME461F25_LittleDaisies/project/ros_ws/install/mobile_sensor/share/mobile_sensor//node_modules/es5-ext/math/sign/implement.js\n'}
[1.172207] (mobile_sensor) StdoutLine: {'line': b'-- Installing: /home/ogan/ME461F25_LittleDaisies/project/ros_ws/install/mobile_sensor/share/mobile_sensor//node_modules/es5-ext/math/fround\n'}
[1.172283] (mobile_sensor) StdoutLine: {'line': b'-- Installing: /home/ogan/ME461F25_LittleDaisies/project/ros_ws/install/mobile_sensor/share/mobile_sensor//node_modules/es5-ext/math/fround/shim.js\n'}
[1.172398] (mobile_sensor) StdoutLine: {'line': b'-- Installing: /home/ogan/ME461F25_LittleDaisies/project/ros_ws/install/mobile_sensor/share/mobile_sensor//node_modules/es5-ext/math/fround/is-implemented.js\n'}
[1.172531] (mobile_sensor) StdoutLine: {'line': b'-- Installing: /home/ogan/ME461F25_LittleDaisies/project/ros_ws/install/mobile_sensor/share/mobile_sensor//node_modules/es5-ext/math/fround/index.js\n'}
[1.172644] (mobile_sensor) StdoutLine: {'line': b'-- Installing: /home/ogan/ME461F25_LittleDaisies/project/ros_ws/install/mobile_sensor/share/mobile_sensor//node_modules/es5-ext/math/fround/implement.js\n'}
[1.172743] (mobile_sensor) StdoutLine: {'line': b'-- Installing: /home/ogan/ME461F25_LittleDaisies/project/ros_ws/install/mobile_sensor/share/mobile_sensor//node_modules/es5-ext/math/acosh\n'}
[1.172821] (mobile_sensor) StdoutLine: {'line': b'-- Installing: /home/ogan/ME461F25_LittleDaisies/project/ros_ws/install/mobile_sensor/share/mobile_sensor//node_modules/es5-ext/math/acosh/shim.js\n'}
[1.172925] (mobile_sensor) StdoutLine: {'line': b'-- Installing: /home/ogan/ME461F25_LittleDaisies/project/ros_ws/install/mobile_sensor/share/mobile_sensor//node_modules/es5-ext/math/acosh/is-implemented.js\n'}
[1.173034] (mobile_sensor) StdoutLine: {'line': b'-- Installing: /home/ogan/ME461F25_LittleDaisies/project/ros_ws/install/mobile_sensor/share/mobile_sensor//node_modules/es5-ext/math/acosh/index.js\n'}
[1.173130] (mobile_sensor) StdoutLine: {'line': b'-- Installing: /home/ogan/ME461F25_LittleDaisies/project/ros_ws/install/mobile_sensor/share/mobile_sensor//node_modules/es5-ext/math/acosh/implement.js\n'}
[1.173231] (mobile_sensor) StdoutLine: {'line': b'-- Installing: /home/ogan/ME461F25_LittleDaisies/project/ros_ws/install/mobile_sensor/share/mobile_sensor//node_modules/es5-ext/math/clz32\n'}
[1.173312] (mobile_sensor) StdoutLine: {'line': b'-- Installing: /home/ogan/ME461F25_LittleDaisies/project/ros_ws/install/mobile_sensor/share/mobile_sensor//node_modules/es5-ext/math/clz32/shim.js\n'}
[1.173420] (mobile_sensor) StdoutLine: {'line': b'-- Installing: /home/ogan/ME461F25_LittleDaisies/project/ros_ws/install/mobile_sensor/share/mobile_sensor//node_modules/es5-ext/math/clz32/is-implemented.js\n'}
[1.173519] (mobile_sensor) StdoutLine: {'line': b'-- Installing: /home/ogan/ME461F25_LittleDaisies/project/ros_ws/install/mobile_sensor/share/mobile_sensor//node_modules/es5-ext/math/clz32/index.js\n'}
[1.173620] (mobile_sensor) StdoutLine: {'line': b'-- Installing: /home/ogan/ME461F25_LittleDaisies/project/ros_ws/install/mobile_sensor/share/mobile_sensor//node_modules/es5-ext/math/clz32/implement.js\n'}
[1.173732] (mobile_sensor) StdoutLine: {'line': b'-- Installing: /home/ogan/ME461F25_LittleDaisies/project/ros_ws/install/mobile_sensor/share/mobile_sensor//node_modules/es5-ext/math/ceil-10.js\n'}
[1.173830] (mobile_sensor) StdoutLine: {'line': b'-- Installing: /home/ogan/ME461F25_LittleDaisies/project/ros_ws/install/mobile_sensor/share/mobile_sensor//node_modules/es5-ext/math/round-10.js\n'}
[1.173936] (mobile_sensor) StdoutLine: {'line': b'-- Installing: /home/ogan/ME461F25_LittleDaisies/project/ros_ws/install/mobile_sensor/share/mobile_sensor//node_modules/es5-ext/math/_decimal-adjust.js\n'}
[1.174025] (mobile_sensor) StdoutLine: {'line': b'-- Installing: /home/ogan/ME461F25_LittleDaisies/project/ros_ws/install/mobile_sensor/share/mobile_sensor//node_modules/es5-ext/math/trunc\n'}
[1.174095] (mobile_sensor) StdoutLine: {'line': b'-- Installing: /home/ogan/ME461F25_LittleDaisies/project/ros_ws/install/mobile_sensor/share/mobile_sensor//node_modules/es5-ext/math/trunc/shim.js\n'}
[1.174205] (mobile_sensor) StdoutLine: {'line': b'-- Installing: /home/ogan/ME461F25_LittleDaisies/project/ros_ws/install/mobile_sensor/share/mobile_sensor//node_modules/es5-ext/math/trunc/is-implemented.js\n'}
[1.174306] (mobile_sensor) StdoutLine: {'line': b'-- Installing: /home/ogan/ME461F25_LittleDaisies/project/ros_ws/install/mobile_sensor/share/mobile_sensor//node_modules/es5-ext/math/trunc/index.js\n'}
[1.174413] (mobile_sensor) StdoutLine: {'line': b'-- Installing: /home/ogan/ME461F25_LittleDaisies/project/ros_ws/install/mobile_sensor/share/mobile_sensor//node_modules/es5-ext/math/trunc/implement.js\n'}
[1.174512] (mobile_sensor) StdoutLine: {'line': b'-- Installing: /home/ogan/ME461F25_LittleDaisies/project/ros_ws/install/mobile_sensor/share/mobile_sensor//node_modules/es5-ext/math/index.js\n'}
[1.174610] (mobile_sensor) StdoutLine: {'line': b'-- Installing: /home/ogan/ME461F25_LittleDaisies/project/ros_ws/install/mobile_sensor/share/mobile_sensor//node_modules/es5-ext/math/asinh\n'}
[1.174680] (mobile_sensor) StdoutLine: {'line': b'-- Installing: /home/ogan/ME461F25_LittleDaisies/project/ros_ws/install/mobile_sensor/share/mobile_sensor//node_modules/es5-ext/math/asinh/shim.js\n'}
[1.174781] (mobile_sensor) StdoutLine: {'line': b'-- Installing: /home/ogan/ME461F25_LittleDaisies/project/ros_ws/install/mobile_sensor/share/mobile_sensor//node_modules/es5-ext/math/asinh/is-implemented.js\n'}
[1.174880] (mobile_sensor) StdoutLine: {'line': b'-- Installing: /home/ogan/ME461F25_LittleDaisies/project/ros_ws/install/mobile_sensor/share/mobile_sensor//node_modules/es5-ext/math/asinh/index.js\n'}
[1.174980] (mobile_sensor) StdoutLine: {'line': b'-- Installing: /home/ogan/ME461F25_LittleDaisies/project/ros_ws/install/mobile_sensor/share/mobile_sensor//node_modules/es5-ext/math/asinh/implement.js\n'}
[1.175077] (mobile_sensor) StdoutLine: {'line': b'-- Installing: /home/ogan/ME461F25_LittleDaisies/project/ros_ws/install/mobile_sensor/share/mobile_sensor//node_modules/es5-ext/math/log1p\n'}
[1.175190] (mobile_sensor) StdoutLine: {'line': b'-- Installing: /home/ogan/ME461F25_LittleDaisies/project/ros_ws/install/mobile_sensor/share/mobile_sensor//node_modules/es5-ext/math/log1p/shim.js\n'}
[1.175295] (mobile_sensor) StdoutLine: {'line': b'-- Installing: /home/ogan/ME461F25_LittleDaisies/project/ros_ws/install/mobile_sensor/share/mobile_sensor//node_modules/es5-ext/math/log1p/is-implemented.js\n'}
[1.175397] (mobile_sensor) StdoutLine: {'line': b'-- Installing: /home/ogan/ME461F25_LittleDaisies/project/ros_ws/install/mobile_sensor/share/mobile_sensor//node_modules/es5-ext/math/log1p/index.js\n'}
[1.175501] (mobile_sensor) StdoutLine: {'line': b'-- Installing: /home/ogan/ME461F25_LittleDaisies/project/ros_ws/install/mobile_sensor/share/mobile_sensor//node_modules/es5-ext/math/log1p/implement.js\n'}
[1.175594] (mobile_sensor) StdoutLine: {'line': b'-- Installing: /home/ogan/ME461F25_LittleDaisies/project/ros_ws/install/mobile_sensor/share/mobile_sensor//node_modules/es5-ext/math/sinh\n'}
[1.175666] (mobile_sensor) StdoutLine: {'line': b'-- Installing: /home/ogan/ME461F25_LittleDaisies/project/ros_ws/install/mobile_sensor/share/mobile_sensor//node_modules/es5-ext/math/sinh/shim.js\n'}
[1.175763] (mobile_sensor) StdoutLine: {'line': b'-- Installing: /home/ogan/ME461F25_LittleDaisies/project/ros_ws/install/mobile_sensor/share/mobile_sensor//node_modules/es5-ext/math/sinh/is-implemented.js\n'}
[1.175864] (mobile_sensor) StdoutLine: {'line': b'-- Installing: /home/ogan/ME461F25_LittleDaisies/project/ros_ws/install/mobile_sensor/share/mobile_sensor//node_modules/es5-ext/math/sinh/index.js\n'}
[1.175967] (mobile_sensor) StdoutLine: {'line': b'-- Installing: /home/ogan/ME461F25_LittleDaisies/project/ros_ws/install/mobile_sensor/share/mobile_sensor//node_modules/es5-ext/math/sinh/implement.js\n'}
[1.176065] (mobile_sensor) StdoutLine: {'line': b'-- Installing: /home/ogan/ME461F25_LittleDaisies/project/ros_ws/install/mobile_sensor/share/mobile_sensor//node_modules/es5-ext/math/tanh\n'}
[1.176151] (mobile_sensor) StdoutLine: {'line': b'-- Installing: /home/ogan/ME461F25_LittleDaisies/project/ros_ws/install/mobile_sensor/share/mobile_sensor//node_modules/es5-ext/math/tanh/shim.js\n'}
[1.176245] (mobile_sensor) StdoutLine: {'line': b'-- Installing: /home/ogan/ME461F25_LittleDaisies/project/ros_ws/install/mobile_sensor/share/mobile_sensor//node_modules/es5-ext/math/tanh/is-implemented.js\n'}
[1.176345] (mobile_sensor) StdoutLine: {'line': b'-- Installing: /home/ogan/ME461F25_LittleDaisies/project/ros_ws/install/mobile_sensor/share/mobile_sensor//node_modules/es5-ext/math/tanh/index.js\n'}
[1.176443] (mobile_sensor) StdoutLine: {'line': b'-- Installing: /home/ogan/ME461F25_LittleDaisies/project/ros_ws/install/mobile_sensor/share/mobile_sensor//node_modules/es5-ext/math/tanh/implement.js\n'}
[1.176538] (mobile_sensor) StdoutLine: {'line': b'-- Installing: /home/ogan/ME461F25_LittleDaisies/project/ros_ws/install/mobile_sensor/share/mobile_sensor//node_modules/es5-ext/math/hypot\n'}
[1.176606] (mobile_sensor) StdoutLine: {'line': b'-- Installing: /home/ogan/ME461F25_LittleDaisies/project/ros_ws/install/mobile_sensor/share/mobile_sensor//node_modules/es5-ext/math/hypot/shim.js\n'}
[1.176707] (mobile_sensor) StdoutLine: {'line': b'-- Installing: /home/ogan/ME461F25_LittleDaisies/project/ros_ws/install/mobile_sensor/share/mobile_sensor//node_modules/es5-ext/math/hypot/is-implemented.js\n'}
[1.176808] (mobile_sensor) StdoutLine: {'line': b'-- Installing: /home/ogan/ME461F25_LittleDaisies/project/ros_ws/install/mobile_sensor/share/mobile_sensor//node_modules/es5-ext/math/hypot/index.js\n'}
[1.176907] (mobile_sensor) StdoutLine: {'line': b'-- Installing: /home/ogan/ME461F25_LittleDaisies/project/ros_ws/install/mobile_sensor/share/mobile_sensor//node_modules/es5-ext/math/hypot/implement.js\n'}
[1.177002] (mobile_sensor) StdoutLine: {'line': b'-- Installing: /home/ogan/ME461F25_LittleDaisies/project/ros_ws/install/mobile_sensor/share/mobile_sensor//node_modules/es5-ext/math/atanh\n'}
[1.177072] (mobile_sensor) StdoutLine: {'line': b'-- Installing: /home/ogan/ME461F25_LittleDaisies/project/ros_ws/install/mobile_sensor/share/mobile_sensor//node_modules/es5-ext/math/atanh/shim.js\n'}
[1.177180] (mobile_sensor) StdoutLine: {'line': b'-- Installing: /home/ogan/ME461F25_LittleDaisies/project/ros_ws/install/mobile_sensor/share/mobile_sensor//node_modules/es5-ext/math/atanh/is-implemented.js\n'}
[1.177280] (mobile_sensor) StdoutLine: {'line': b'-- Installing: /home/ogan/ME461F25_LittleDaisies/project/ros_ws/install/mobile_sensor/share/mobile_sensor//node_modules/es5-ext/math/atanh/index.js\n'}
[1.177379] (mobile_sensor) StdoutLine: {'line': b'-- Installing: /home/ogan/ME461F25_LittleDaisies/project/ros_ws/install/mobile_sensor/share/mobile_sensor//node_modules/es5-ext/math/atanh/implement.js\n'}
[1.177475] (mobile_sensor) StdoutLine: {'line': b'-- Installing: /home/ogan/ME461F25_LittleDaisies/project/ros_ws/install/mobile_sensor/share/mobile_sensor//node_modules/es5-ext/math/log2\n'}
[1.177544] (mobile_sensor) StdoutLine: {'line': b'-- Installing: /home/ogan/ME461F25_LittleDaisies/project/ros_ws/install/mobile_sensor/share/mobile_sensor//node_modules/es5-ext/math/log2/shim.js\n'}
[1.177646] (mobile_sensor) StdoutLine: {'line': b'-- Installing: /home/ogan/ME461F25_LittleDaisies/project/ros_ws/install/mobile_sensor/share/mobile_sensor//node_modules/es5-ext/math/log2/is-implemented.js\n'}
[1.177744] (mobile_sensor) StdoutLine: {'line': b'-- Installing: /home/ogan/ME461F25_LittleDaisies/project/ros_ws/install/mobile_sensor/share/mobile_sensor//node_modules/es5-ext/math/log2/index.js\n'}
[1.177841] (mobile_sensor) StdoutLine: {'line': b'-- Installing: /home/ogan/ME461F25_LittleDaisies/project/ros_ws/install/mobile_sensor/share/mobile_sensor//node_modules/es5-ext/math/log2/implement.js\n'}
[1.177940] (mobile_sensor) StdoutLine: {'line': b'-- Installing: /home/ogan/ME461F25_LittleDaisies/project/ros_ws/install/mobile_sensor/share/mobile_sensor//node_modules/es5-ext/math/_unpack-ieee754.js\n'}
[1.178041] (mobile_sensor) StdoutLine: {'line': b'-- Installing: /home/ogan/ME461F25_LittleDaisies/project/ros_ws/install/mobile_sensor/share/mobile_sensor//node_modules/es5-ext/math/expm1\n'}
[1.178111] (mobile_sensor) StdoutLine: {'line': b'-- Installing: /home/ogan/ME461F25_LittleDaisies/project/ros_ws/install/mobile_sensor/share/mobile_sensor//node_modules/es5-ext/math/expm1/shim.js\n'}
[1.178218] (mobile_sensor) StdoutLine: {'line': b'-- Installing: /home/ogan/ME461F25_LittleDaisies/project/ros_ws/install/mobile_sensor/share/mobile_sensor//node_modules/es5-ext/math/expm1/is-implemented.js\n'}
[1.178328] (mobile_sensor) StdoutLine: {'line': b'-- Installing: /home/ogan/ME461F25_LittleDaisies/project/ros_ws/install/mobile_sensor/share/mobile_sensor//node_modules/es5-ext/math/expm1/index.js\n'}
[1.178427] (mobile_sensor) StdoutLine: {'line': b'-- Installing: /home/ogan/ME461F25_LittleDaisies/project/ros_ws/install/mobile_sensor/share/mobile_sensor//node_modules/es5-ext/math/expm1/implement.js\n'}
[1.178527] (mobile_sensor) StdoutLine: {'line': b'-- Installing: /home/ogan/ME461F25_LittleDaisies/project/ros_ws/install/mobile_sensor/share/mobile_sensor//node_modules/es5-ext/to-short-string-representation.js\n'}
[1.178625] (mobile_sensor) StdoutLine: {'line': b'-- Installing: /home/ogan/ME461F25_LittleDaisies/project/ros_ws/install/mobile_sensor/share/mobile_sensor//node_modules/es5-ext/package.json\n'}
[1.178717] (mobile_sensor) StdoutLine: {'line': b'-- Installing: /home/ogan/ME461F25_LittleDaisies/project/ros_ws/install/mobile_sensor/share/mobile_sensor//node_modules/es5-ext/boolean\n'}
[1.178786] (mobile_sensor) StdoutLine: {'line': b'-- Installing: /home/ogan/ME461F25_LittleDaisies/project/ros_ws/install/mobile_sensor/share/mobile_sensor//node_modules/es5-ext/boolean/index.js\n'}
[1.178903] (mobile_sensor) StdoutLine: {'line': b'-- Installing: /home/ogan/ME461F25_LittleDaisies/project/ros_ws/install/mobile_sensor/share/mobile_sensor//node_modules/es5-ext/boolean/is-boolean.js\n'}
[1.178995] (mobile_sensor) StdoutLine: {'line': b'-- Installing: /home/ogan/ME461F25_LittleDaisies/project/ros_ws/install/mobile_sensor/share/mobile_sensor//node_modules/es5-ext/safe-to-string.js\n'}
[1.179101] (mobile_sensor) StdoutLine: {'line': b'-- Installing: /home/ogan/ME461F25_LittleDaisies/project/ros_ws/install/mobile_sensor/share/mobile_sensor//node_modules/es5-ext/string\n'}
[1.179171] (mobile_sensor) StdoutLine: {'line': b'-- Installing: /home/ogan/ME461F25_LittleDaisies/project/ros_ws/install/mobile_sensor/share/mobile_sensor//node_modules/es5-ext/string/raw\n'}
[1.179237] (mobile_sensor) StdoutLine: {'line': b'-- Installing: /home/ogan/ME461F25_LittleDaisies/project/ros_ws/install/mobile_sensor/share/mobile_sensor//node_modules/es5-ext/string/raw/shim.js\n'}
[1.179339] (mobile_sensor) StdoutLine: {'line': b'-- Installing: /home/ogan/ME461F25_LittleDaisies/project/ros_ws/install/mobile_sensor/share/mobile_sensor//node_modules/es5-ext/string/raw/is-implemented.js\n'}
[1.179439] (mobile_sensor) StdoutLine: {'line': b'-- Installing: /home/ogan/ME461F25_LittleDaisies/project/ros_ws/install/mobile_sensor/share/mobile_sensor//node_modules/es5-ext/string/raw/index.js\n'}
[1.179542] (mobile_sensor) StdoutLine: {'line': b'-- Installing: /home/ogan/ME461F25_LittleDaisies/project/ros_ws/install/mobile_sensor/share/mobile_sensor//node_modules/es5-ext/string/raw/implement.js\n'}
[1.179640] (mobile_sensor) StdoutLine: {'line': b'-- Installing: /home/ogan/ME461F25_LittleDaisies/project/ros_ws/install/mobile_sensor/share/mobile_sensor//node_modules/es5-ext/string/format-method.js\n'}
[1.179739] (mobile_sensor) StdoutLine: {'line': b'-- Installing: /home/ogan/ME461F25_LittleDaisies/project/ros_ws/install/mobile_sensor/share/mobile_sensor//node_modules/es5-ext/string/random.js\n'}
[1.179836] (mobile_sensor) StdoutLine: {'line': b'-- Installing: /home/ogan/ME461F25_LittleDaisies/project/ros_ws/install/mobile_sensor/share/mobile_sensor//node_modules/es5-ext/string/index.js\n'}
[1.179931] (mobile_sensor) StdoutLine: {'line': b'-- Installing: /home/ogan/ME461F25_LittleDaisies/project/ros_ws/install/mobile_sensor/share/mobile_sensor//node_modules/es5-ext/string/from-code-point\n'}
[1.180011] (mobile_sensor) StdoutLine: {'line': b'-- Installing: /home/ogan/ME461F25_LittleDaisies/project/ros_ws/install/mobile_sensor/share/mobile_sensor//node_modules/es5-ext/string/from-code-point/shim.js\n'}
[1.180113] (mobile_sensor) StdoutLine: {'line': b'-- Installing: /home/ogan/ME461F25_LittleDaisies/project/ros_ws/install/mobile_sensor/share/mobile_sensor//node_modules/es5-ext/string/from-code-point/is-implemented.js\n'}
[1.180225] (mobile_sensor) StdoutLine: {'line': b'-- Installing: /home/ogan/ME461F25_LittleDaisies/project/ros_ws/install/mobile_sensor/share/mobile_sensor//node_modules/es5-ext/string/from-code-point/index.js\n'}
[1.180345] (mobile_sensor) StdoutLine: {'line': b'-- Installing: /home/ogan/ME461F25_LittleDaisies/project/ros_ws/install/mobile_sensor/share/mobile_sensor//node_modules/es5-ext/string/from-code-point/implement.js\n'}
[1.180459] (mobile_sensor) StdoutLine: {'line': b'-- Installing: /home/ogan/ME461F25_LittleDaisies/project/ros_ws/install/mobile_sensor/share/mobile_sensor//node_modules/es5-ext/string/random-uniq.js\n'}
[1.180567] (mobile_sensor) StdoutLine: {'line': b'-- Installing: /home/ogan/ME461F25_LittleDaisies/project/ros_ws/install/mobile_sensor/share/mobile_sensor//node_modules/es5-ext/string/is-string.js\n'}
[1.180666] (mobile_sensor) StdoutLine: {'line': b'-- Installing: /home/ogan/ME461F25_LittleDaisies/project/ros_ws/install/mobile_sensor/share/mobile_sensor//node_modules/es5-ext/string/#\n'}
[1.180744] (mobile_sensor) StdoutLine: {'line': b'-- Installing: /home/ogan/ME461F25_LittleDaisies/project/ros_ws/install/mobile_sensor/share/mobile_sensor//node_modules/es5-ext/string/#/count.js\n'}
[1.180842] (mobile_sensor) StdoutLine: {'line': b'-- Installing: /home/ogan/ME461F25_LittleDaisies/project/ros_ws/install/mobile_sensor/share/mobile_sensor//node_modules/es5-ext/string/#/contains\n'}
[1.180911] (mobile_sensor) StdoutLine: {'line': b'-- Installing: /home/ogan/ME461F25_LittleDaisies/project/ros_ws/install/mobile_sensor/share/mobile_sensor//node_modules/es5-ext/string/#/contains/shim.js\n'}
[1.181017] (mobile_sensor) StdoutLine: {'line': b'-- Installing: /home/ogan/ME461F25_LittleDaisies/project/ros_ws/install/mobile_sensor/share/mobile_sensor//node_modules/es5-ext/string/#/contains/is-implemented.js\n'}
[1.181119] (mobile_sensor) StdoutLine: {'line': b'-- Installing: /home/ogan/ME461F25_LittleDaisies/project/ros_ws/install/mobile_sensor/share/mobile_sensor//node_modules/es5-ext/string/#/contains/index.js\n'}
[1.181233] (mobile_sensor) StdoutLine: {'line': b'-- Installing: /home/ogan/ME461F25_LittleDaisies/project/ros_ws/install/mobile_sensor/share/mobile_sensor//node_modules/es5-ext/string/#/contains/implement.js\n'}
[1.181330] (mobile_sensor) StdoutLine: {'line': b'-- Installing: /home/ogan/ME461F25_LittleDaisies/project/ros_ws/install/mobile_sensor/share/mobile_sensor//node_modules/es5-ext/string/#/normalize\n'}
[1.181401] (mobile_sensor) StdoutLine: {'line': b'-- Installing: /home/ogan/ME461F25_LittleDaisies/project/ros_ws/install/mobile_sensor/share/mobile_sensor//node_modules/es5-ext/string/#/normalize/shim.js\n'}
[1.181513] (mobile_sensor) StdoutLine: {'line': b'-- Installing: /home/ogan/ME461F25_LittleDaisies/project/ros_ws/install/mobile_sensor/share/mobile_sensor//node_modules/es5-ext/string/#/normalize/is-implemented.js\n'}
[1.181615] (mobile_sensor) StdoutLine: {'line': b'-- Installing: /home/ogan/ME461F25_LittleDaisies/project/ros_ws/install/mobile_sensor/share/mobile_sensor//node_modules/es5-ext/string/#/normalize/_data.js\n'}
[1.181867] (mobile_sensor) StdoutLine: {'line': b'-- Installing: /home/ogan/ME461F25_LittleDaisies/project/ros_ws/install/mobile_sensor/share/mobile_sensor//node_modules/es5-ext/string/#/normalize/index.js\n'}
[1.181967] (mobile_sensor) StdoutLine: {'line': b'-- Installing: /home/ogan/ME461F25_LittleDaisies/project/ros_ws/install/mobile_sensor/share/mobile_sensor//node_modules/es5-ext/string/#/normalize/implement.js\n'}
[1.182065] (mobile_sensor) StdoutLine: {'line': b'-- Installing: /home/ogan/ME461F25_LittleDaisies/project/ros_ws/install/mobile_sensor/share/mobile_sensor//node_modules/es5-ext/string/#/@@iterator\n'}
[1.182233] (mobile_sensor) StdoutLine: {'line': b'-- Installing: /home/ogan/ME461F25_LittleDaisies/project/ros_ws/install/mobile_sensor/share/mobile_sensor//node_modules/es5-ext/string/#/@@iterator/shim.js\n'}
[1.182361] (mobile_sensor) StdoutLine: {'line': b'-- Installing: /home/ogan/ME461F25_LittleDaisies/project/ros_ws/install/mobile_sensor/share/mobile_sensor//node_modules/es5-ext/string/#/@@iterator/is-implemented.js\n'}
[1.182471] (mobile_sensor) StdoutLine: {'line': b'-- Installing: /home/ogan/ME461F25_LittleDaisies/project/ros_ws/install/mobile_sensor/share/mobile_sensor//node_modules/es5-ext/string/#/@@iterator/index.js\n'}
[1.182558] (mobile_sensor) StdoutLine: {'line': b'-- Installing: /home/ogan/ME461F25_LittleDaisies/project/ros_ws/install/mobile_sensor/share/mobile_sensor//node_modules/es5-ext/string/#/@@iterator/implement.js\n'}
[1.182649] (mobile_sensor) StdoutLine: {'line': b'-- Installing: /home/ogan/ME461F25_LittleDaisies/project/ros_ws/install/mobile_sensor/share/mobile_sensor//node_modules/es5-ext/string/#/case-insensitive-compare.js\n'}
[1.182736] (mobile_sensor) StdoutLine: {'line': b'-- Installing: /home/ogan/ME461F25_LittleDaisies/project/ros_ws/install/mobile_sensor/share/mobile_sensor//node_modules/es5-ext/string/#/at.js\n'}
[1.182835] (mobile_sensor) StdoutLine: {'line': b'-- Installing: /home/ogan/ME461F25_LittleDaisies/project/ros_ws/install/mobile_sensor/share/mobile_sensor//node_modules/es5-ext/string/#/ends-with\n'}
[1.182903] (mobile_sensor) StdoutLine: {'line': b'-- Installing: /home/ogan/ME461F25_LittleDaisies/project/ros_ws/install/mobile_sensor/share/mobile_sensor//node_modules/es5-ext/string/#/ends-with/shim.js\n'}
[1.183009] (mobile_sensor) StdoutLine: {'line': b'-- Installing: /home/ogan/ME461F25_LittleDaisies/project/ros_ws/install/mobile_sensor/share/mobile_sensor//node_modules/es5-ext/string/#/ends-with/is-implemented.js\n'}
[1.183112] (mobile_sensor) StdoutLine: {'line': b'-- Installing: /home/ogan/ME461F25_LittleDaisies/project/ros_ws/install/mobile_sensor/share/mobile_sensor//node_modules/es5-ext/string/#/ends-with/index.js\n'}
[1.183222] (mobile_sensor) StdoutLine: {'line': b'-- Installing: /home/ogan/ME461F25_LittleDaisies/project/ros_ws/install/mobile_sensor/share/mobile_sensor//node_modules/es5-ext/string/#/ends-with/implement.js\n'}
[1.183325] (mobile_sensor) StdoutLine: {'line': b'-- Installing: /home/ogan/ME461F25_LittleDaisies/project/ros_ws/install/mobile_sensor/share/mobile_sensor//node_modules/es5-ext/string/#/index.js\n'}
[1.183425] (mobile_sensor) StdoutLine: {'line': b'-- Installing: /home/ogan/ME461F25_LittleDaisies/project/ros_ws/install/mobile_sensor/share/mobile_sensor//node_modules/es5-ext/string/#/code-point-at\n'}
[1.183497] (mobile_sensor) StdoutLine: {'line': b'-- Installing: /home/ogan/ME461F25_LittleDaisies/project/ros_ws/install/mobile_sensor/share/mobile_sensor//node_modules/es5-ext/string/#/code-point-at/shim.js\n'}
[1.183601] (mobile_sensor) StdoutLine: {'line': b'-- Installing: /home/ogan/ME461F25_LittleDaisies/project/ros_ws/install/mobile_sensor/share/mobile_sensor//node_modules/es5-ext/string/#/code-point-at/is-implemented.js\n'}
[1.183705] (mobile_sensor) StdoutLine: {'line': b'-- Installing: /home/ogan/ME461F25_LittleDaisies/project/ros_ws/install/mobile_sensor/share/mobile_sensor//node_modules/es5-ext/string/#/code-point-at/index.js\n'}
[1.183806] (mobile_sensor) StdoutLine: {'line': b'-- Installing: /home/ogan/ME461F25_LittleDaisies/project/ros_ws/install/mobile_sensor/share/mobile_sensor//node_modules/es5-ext/string/#/code-point-at/implement.js\n'}
[1.183913] (mobile_sensor) StdoutLine: {'line': b'-- Installing: /home/ogan/ME461F25_LittleDaisies/project/ros_ws/install/mobile_sensor/share/mobile_sensor//node_modules/es5-ext/string/#/plain-replace-all.js\n'}
[1.184015] (mobile_sensor) StdoutLine: {'line': b'-- Installing: /home/ogan/ME461F25_LittleDaisies/project/ros_ws/install/mobile_sensor/share/mobile_sensor//node_modules/es5-ext/string/#/uncapitalize.js\n'}
[1.184108] (mobile_sensor) StdoutLine: {'line': b'-- Installing: /home/ogan/ME461F25_LittleDaisies/project/ros_ws/install/mobile_sensor/share/mobile_sensor//node_modules/es5-ext/string/#/starts-with\n'}
[1.184186] (mobile_sensor) StdoutLine: {'line': b'-- Installing: /home/ogan/ME461F25_LittleDaisies/project/ros_ws/install/mobile_sensor/share/mobile_sensor//node_modules/es5-ext/string/#/starts-with/shim.js\n'}
[1.184289] (mobile_sensor) StdoutLine: {'line': b'-- Installing: /home/ogan/ME461F25_LittleDaisies/project/ros_ws/install/mobile_sensor/share/mobile_sensor//node_modules/es5-ext/string/#/starts-with/is-implemented.js\n'}
[1.184389] (mobile_sensor) StdoutLine: {'line': b'-- Installing: /home/ogan/ME461F25_LittleDaisies/project/ros_ws/install/mobile_sensor/share/mobile_sensor//node_modules/es5-ext/string/#/starts-with/index.js\n'}
[1.184493] (mobile_sensor) StdoutLine: {'line': b'-- Installing: /home/ogan/ME461F25_LittleDaisies/project/ros_ws/install/mobile_sensor/share/mobile_sensor//node_modules/es5-ext/string/#/starts-with/implement.js\n'}
[1.184593] (mobile_sensor) StdoutLine: {'line': b'-- Installing: /home/ogan/ME461F25_LittleDaisies/project/ros_ws/install/mobile_sensor/share/mobile_sensor//node_modules/es5-ext/string/#/indent.js\n'}
[1.184690] (mobile_sensor) StdoutLine: {'line': b'-- Installing: /home/ogan/ME461F25_LittleDaisies/project/ros_ws/install/mobile_sensor/share/mobile_sensor//node_modules/es5-ext/string/#/repeat\n'}
[1.184760] (mobile_sensor) StdoutLine: {'line': b'-- Installing: /home/ogan/ME461F25_LittleDaisies/project/ros_ws/install/mobile_sensor/share/mobile_sensor//node_modules/es5-ext/string/#/repeat/shim.js\n'}
[1.184863] (mobile_sensor) StdoutLine: {'line': b'-- Installing: /home/ogan/ME461F25_LittleDaisies/project/ros_ws/install/mobile_sensor/share/mobile_sensor//node_modules/es5-ext/string/#/repeat/is-implemented.js\n'}
[1.185167] (mobile_sensor) StdoutLine: {'line': b'-- Installing: /home/ogan/ME461F25_LittleDaisies/project/ros_ws/install/mobile_sensor/share/mobile_sensor//node_modules/es5-ext/string/#/repeat/index.js\n'}
[1.185299] (mobile_sensor) StdoutLine: {'line': b'-- Installing: /home/ogan/ME461F25_LittleDaisies/project/ros_ws/install/mobile_sensor/share/mobile_sensor//node_modules/es5-ext/string/#/repeat/implement.js\n'}
[1.185378] (mobile_sensor) StdoutLine: {'line': b'-- Installing: /home/ogan/ME461F25_LittleDaisies/project/ros_ws/install/mobile_sensor/share/mobile_sensor//node_modules/es5-ext/string/#/plain-replace.js\n'}
[1.185459] (mobile_sensor) StdoutLine: {'line': b'-- Installing: /home/ogan/ME461F25_LittleDaisies/project/ros_ws/install/mobile_sensor/share/mobile_sensor//node_modules/es5-ext/string/#/pad.js\n'}
[1.185559] (mobile_sensor) StdoutLine: {'line': b'-- Installing: /home/ogan/ME461F25_LittleDaisies/project/ros_ws/install/mobile_sensor/share/mobile_sensor//node_modules/es5-ext/string/#/last.js\n'}
[1.185659] (mobile_sensor) StdoutLine: {'line': b'-- Installing: /home/ogan/ME461F25_LittleDaisies/project/ros_ws/install/mobile_sensor/share/mobile_sensor//node_modules/es5-ext/string/#/hyphen-to-camel.js\n'}
[1.185757] (mobile_sensor) StdoutLine: {'line': b'-- Installing: /home/ogan/ME461F25_LittleDaisies/project/ros_ws/install/mobile_sensor/share/mobile_sensor//node_modules/es5-ext/string/#/camel-to-hyphen.js\n'}
[1.185857] (mobile_sensor) StdoutLine: {'line': b'-- Installing: /home/ogan/ME461F25_LittleDaisies/project/ros_ws/install/mobile_sensor/share/mobile_sensor//node_modules/es5-ext/string/#/capitalize.js\n'}
[1.185957] (mobile_sensor) StdoutLine: {'line': b'-- Installing: /home/ogan/ME461F25_LittleDaisies/project/ros_ws/install/mobile_sensor/share/mobile_sensor//node_modules/es5-ext/LICENSE\n'}
[1.186054] (mobile_sensor) StdoutLine: {'line': b'-- Installing: /home/ogan/ME461F25_LittleDaisies/project/ros_ws/install/mobile_sensor/share/mobile_sensor//node_modules/es5-ext/index.js\n'}
[1.186163] (mobile_sensor) StdoutLine: {'line': b'-- Installing: /home/ogan/ME461F25_LittleDaisies/project/ros_ws/install/mobile_sensor/share/mobile_sensor//node_modules/es5-ext/date\n'}
[1.186249] (mobile_sensor) StdoutLine: {'line': b'-- Installing: /home/ogan/ME461F25_LittleDaisies/project/ros_ws/install/mobile_sensor/share/mobile_sensor//node_modules/es5-ext/date/is-time-value.js\n'}
[1.186338] (mobile_sensor) StdoutLine: {'line': b'-- Installing: /home/ogan/ME461F25_LittleDaisies/project/ros_ws/install/mobile_sensor/share/mobile_sensor//node_modules/es5-ext/date/index.js\n'}
[1.186434] (mobile_sensor) StdoutLine: {'line': b'-- Installing: /home/ogan/ME461F25_LittleDaisies/project/ros_ws/install/mobile_sensor/share/mobile_sensor//node_modules/es5-ext/date/is-date.js\n'}
[1.186532] (mobile_sensor) StdoutLine: {'line': b'-- Installing: /home/ogan/ME461F25_LittleDaisies/project/ros_ws/install/mobile_sensor/share/mobile_sensor//node_modules/es5-ext/date/ensure-time-value.js\n'}
[1.186627] (mobile_sensor) StdoutLine: {'line': b'-- Installing: /home/ogan/ME461F25_LittleDaisies/project/ros_ws/install/mobile_sensor/share/mobile_sensor//node_modules/es5-ext/date/#\n'}
[1.186697] (mobile_sensor) StdoutLine: {'line': b'-- Installing: /home/ogan/ME461F25_LittleDaisies/project/ros_ws/install/mobile_sensor/share/mobile_sensor//node_modules/es5-ext/date/#/floor-year.js\n'}
[1.186802] (mobile_sensor) StdoutLine: {'line': b'-- Installing: /home/ogan/ME461F25_LittleDaisies/project/ros_ws/install/mobile_sensor/share/mobile_sensor//node_modules/es5-ext/date/#/days-in-month.js\n'}
[1.186901] (mobile_sensor) StdoutLine: {'line': b'-- Installing: /home/ogan/ME461F25_LittleDaisies/project/ros_ws/install/mobile_sensor/share/mobile_sensor//node_modules/es5-ext/date/#/floor-month.js\n'}
[1.186998] (mobile_sensor) StdoutLine: {'line': b'-- Installing: /home/ogan/ME461F25_LittleDaisies/project/ros_ws/install/mobile_sensor/share/mobile_sensor//node_modules/es5-ext/date/#/index.js\n'}
[1.187095] (mobile_sensor) StdoutLine: {'line': b'-- Installing: /home/ogan/ME461F25_LittleDaisies/project/ros_ws/install/mobile_sensor/share/mobile_sensor//node_modules/es5-ext/date/#/copy.js\n'}
[1.187202] (mobile_sensor) StdoutLine: {'line': b'-- Installing: /home/ogan/ME461F25_LittleDaisies/project/ros_ws/install/mobile_sensor/share/mobile_sensor//node_modules/es5-ext/date/#/format.js\n'}
[1.187301] (mobile_sensor) StdoutLine: {'line': b'-- Installing: /home/ogan/ME461F25_LittleDaisies/project/ros_ws/install/mobile_sensor/share/mobile_sensor//node_modules/es5-ext/date/#/floor-day.js\n'}
[1.187398] (mobile_sensor) StdoutLine: {'line': b'-- Installing: /home/ogan/ME461F25_LittleDaisies/project/ros_ws/install/mobile_sensor/share/mobile_sensor//node_modules/es5-ext/date/valid-date.js\n'}
[1.187496] (mobile_sensor) StdoutLine: {'line': b'-- Installing: /home/ogan/ME461F25_LittleDaisies/project/ros_ws/install/mobile_sensor/share/mobile_sensor//node_modules/es5-ext/reg-exp\n'}
[1.187565] (mobile_sensor) StdoutLine: {'line': b'-- Installing: /home/ogan/ME461F25_LittleDaisies/project/ros_ws/install/mobile_sensor/share/mobile_sensor//node_modules/es5-ext/reg-exp/valid-reg-exp.js\n'}
[1.187663] (mobile_sensor) StdoutLine: {'line': b'-- Installing: /home/ogan/ME461F25_LittleDaisies/project/ros_ws/install/mobile_sensor/share/mobile_sensor//node_modules/es5-ext/reg-exp/escape.js\n'}
[1.187759] (mobile_sensor) StdoutLine: {'line': b'-- Installing: /home/ogan/ME461F25_LittleDaisies/project/ros_ws/install/mobile_sensor/share/mobile_sensor//node_modules/es5-ext/reg-exp/is-reg-exp.js\n'}
[1.187856] (mobile_sensor) StdoutLine: {'line': b'-- Installing: /home/ogan/ME461F25_LittleDaisies/project/ros_ws/install/mobile_sensor/share/mobile_sensor//node_modules/es5-ext/reg-exp/index.js\n'}
[1.187947] (mobile_sensor) StdoutLine: {'line': b'-- Installing: /home/ogan/ME461F25_LittleDaisies/project/ros_ws/install/mobile_sensor/share/mobile_sensor//node_modules/es5-ext/reg-exp/#\n'}
[1.188012] (mobile_sensor) StdoutLine: {'line': b'-- Installing: /home/ogan/ME461F25_LittleDaisies/project/ros_ws/install/mobile_sensor/share/mobile_sensor//node_modules/es5-ext/reg-exp/#/replace\n'}
[1.188080] (mobile_sensor) StdoutLine: {'line': b'-- Installing: /home/ogan/ME461F25_LittleDaisies/project/ros_ws/install/mobile_sensor/share/mobile_sensor//node_modules/es5-ext/reg-exp/#/replace/shim.js\n'}
[1.188197] (mobile_sensor) StdoutLine: {'line': b'-- Installing: /home/ogan/ME461F25_LittleDaisies/project/ros_ws/install/mobile_sensor/share/mobile_sensor//node_modules/es5-ext/reg-exp/#/replace/is-implemented.js\n'}
[1.188297] (mobile_sensor) StdoutLine: {'line': b'-- Installing: /home/ogan/ME461F25_LittleDaisies/project/ros_ws/install/mobile_sensor/share/mobile_sensor//node_modules/es5-ext/reg-exp/#/replace/index.js\n'}
[1.188396] (mobile_sensor) StdoutLine: {'line': b'-- Installing: /home/ogan/ME461F25_LittleDaisies/project/ros_ws/install/mobile_sensor/share/mobile_sensor//node_modules/es5-ext/reg-exp/#/replace/implement.js\n'}
[1.188498] (mobile_sensor) StdoutLine: {'line': b'-- Installing: /home/ogan/ME461F25_LittleDaisies/project/ros_ws/install/mobile_sensor/share/mobile_sensor//node_modules/es5-ext/reg-exp/#/is-unicode.js\n'}
[1.188591] (mobile_sensor) StdoutLine: {'line': b'-- Installing: /home/ogan/ME461F25_LittleDaisies/project/ros_ws/install/mobile_sensor/share/mobile_sensor//node_modules/es5-ext/reg-exp/#/unicode\n'}
[1.188663] (mobile_sensor) StdoutLine: {'line': b'-- Installing: /home/ogan/ME461F25_LittleDaisies/project/ros_ws/install/mobile_sensor/share/mobile_sensor//node_modules/es5-ext/reg-exp/#/unicode/is-implemented.js\n'}
[1.188765] (mobile_sensor) StdoutLine: {'line': b'-- Installing: /home/ogan/ME461F25_LittleDaisies/project/ros_ws/install/mobile_sensor/share/mobile_sensor//node_modules/es5-ext/reg-exp/#/unicode/implement.js\n'}
[1.188867] (mobile_sensor) StdoutLine: {'line': b'-- Installing: /home/ogan/ME461F25_LittleDaisies/project/ros_ws/install/mobile_sensor/share/mobile_sensor//node_modules/es5-ext/reg-exp/#/match\n'}
[1.188942] (mobile_sensor) StdoutLine: {'line': b'-- Installing: /home/ogan/ME461F25_LittleDaisies/project/ros_ws/install/mobile_sensor/share/mobile_sensor//node_modules/es5-ext/reg-exp/#/match/shim.js\n'}
[1.189041] (mobile_sensor) StdoutLine: {'line': b'-- Installing: /home/ogan/ME461F25_LittleDaisies/project/ros_ws/install/mobile_sensor/share/mobile_sensor//node_modules/es5-ext/reg-exp/#/match/is-implemented.js\n'}
[1.189152] (mobile_sensor) StdoutLine: {'line': b'-- Installing: /home/ogan/ME461F25_LittleDaisies/project/ros_ws/install/mobile_sensor/share/mobile_sensor//node_modules/es5-ext/reg-exp/#/match/index.js\n'}
[1.189253] (mobile_sensor) StdoutLine: {'line': b'-- Installing: /home/ogan/ME461F25_LittleDaisies/project/ros_ws/install/mobile_sensor/share/mobile_sensor//node_modules/es5-ext/reg-exp/#/match/implement.js\n'}
[1.189350] (mobile_sensor) StdoutLine: {'line': b'-- Installing: /home/ogan/ME461F25_LittleDaisies/project/ros_ws/install/mobile_sensor/share/mobile_sensor//node_modules/es5-ext/reg-exp/#/index.js\n'}
[1.189445] (mobile_sensor) StdoutLine: {'line': b'-- Installing: /home/ogan/ME461F25_LittleDaisies/project/ros_ws/install/mobile_sensor/share/mobile_sensor//node_modules/es5-ext/reg-exp/#/search\n'}
[1.189515] (mobile_sensor) StdoutLine: {'line': b'-- Installing: /home/ogan/ME461F25_LittleDaisies/project/ros_ws/install/mobile_sensor/share/mobile_sensor//node_modules/es5-ext/reg-exp/#/search/shim.js\n'}
[1.189616] (mobile_sensor) StdoutLine: {'line': b'-- Installing: /home/ogan/ME461F25_LittleDaisies/project/ros_ws/install/mobile_sensor/share/mobile_sensor//node_modules/es5-ext/reg-exp/#/search/is-implemented.js\n'}
[1.189715] (mobile_sensor) StdoutLine: {'line': b'-- Installing: /home/ogan/ME461F25_LittleDaisies/project/ros_ws/install/mobile_sensor/share/mobile_sensor//node_modules/es5-ext/reg-exp/#/search/index.js\n'}
[1.189815] (mobile_sensor) StdoutLine: {'line': b'-- Installing: /home/ogan/ME461F25_LittleDaisies/project/ros_ws/install/mobile_sensor/share/mobile_sensor//node_modules/es5-ext/reg-exp/#/search/implement.js\n'}
[1.189916] (mobile_sensor) StdoutLine: {'line': b'-- Installing: /home/ogan/ME461F25_LittleDaisies/project/ros_ws/install/mobile_sensor/share/mobile_sensor//node_modules/es5-ext/reg-exp/#/is-sticky.js\n'}
[1.190012] (mobile_sensor) StdoutLine: {'line': b'-- Installing: /home/ogan/ME461F25_LittleDaisies/project/ros_ws/install/mobile_sensor/share/mobile_sensor//node_modules/es5-ext/reg-exp/#/split\n'}
[1.190082] (mobile_sensor) StdoutLine: {'line': b'-- Installing: /home/ogan/ME461F25_LittleDaisies/project/ros_ws/install/mobile_sensor/share/mobile_sensor//node_modules/es5-ext/reg-exp/#/split/shim.js\n'}
[1.190218] (mobile_sensor) StdoutLine: {'line': b'-- Installing: /home/ogan/ME461F25_LittleDaisies/project/ros_ws/install/mobile_sensor/share/mobile_sensor//node_modules/es5-ext/reg-exp/#/split/is-implemented.js\n'}
[1.190320] (mobile_sensor) StdoutLine: {'line': b'-- Installing: /home/ogan/ME461F25_LittleDaisies/project/ros_ws/install/mobile_sensor/share/mobile_sensor//node_modules/es5-ext/reg-exp/#/split/index.js\n'}
[1.190420] (mobile_sensor) StdoutLine: {'line': b'-- Installing: /home/ogan/ME461F25_LittleDaisies/project/ros_ws/install/mobile_sensor/share/mobile_sensor//node_modules/es5-ext/reg-exp/#/split/implement.js\n'}
[1.190519] (mobile_sensor) StdoutLine: {'line': b'-- Installing: /home/ogan/ME461F25_LittleDaisies/project/ros_ws/install/mobile_sensor/share/mobile_sensor//node_modules/es5-ext/reg-exp/#/sticky\n'}
[1.190589] (mobile_sensor) StdoutLine: {'line': b'-- Installing: /home/ogan/ME461F25_LittleDaisies/project/ros_ws/install/mobile_sensor/share/mobile_sensor//node_modules/es5-ext/reg-exp/#/sticky/is-implemented.js\n'}
[1.190690] (mobile_sensor) StdoutLine: {'line': b'-- Installing: /home/ogan/ME461F25_LittleDaisies/project/ros_ws/install/mobile_sensor/share/mobile_sensor//node_modules/es5-ext/reg-exp/#/sticky/implement.js\n'}
[1.190789] (mobile_sensor) StdoutLine: {'line': b'-- Installing: /home/ogan/ME461F25_LittleDaisies/project/ros_ws/install/mobile_sensor/share/mobile_sensor//node_modules/es5-ext/iterable\n'}
[1.190868] (mobile_sensor) StdoutLine: {'line': b'-- Installing: /home/ogan/ME461F25_LittleDaisies/project/ros_ws/install/mobile_sensor/share/mobile_sensor//node_modules/es5-ext/iterable/validate-object.js\n'}
[1.190979] (mobile_sensor) StdoutLine: {'line': b'-- Installing: /home/ogan/ME461F25_LittleDaisies/project/ros_ws/install/mobile_sensor/share/mobile_sensor//node_modules/es5-ext/iterable/index.js\n'}
[1.191074] (mobile_sensor) StdoutLine: {'line': b'-- Installing: /home/ogan/ME461F25_LittleDaisies/project/ros_ws/install/mobile_sensor/share/mobile_sensor//node_modules/es5-ext/iterable/for-each.js\n'}
[1.191179] (mobile_sensor) StdoutLine: {'line': b'-- Installing: /home/ogan/ME461F25_LittleDaisies/project/ros_ws/install/mobile_sensor/share/mobile_sensor//node_modules/es5-ext/iterable/validate.js\n'}
[1.191275] (mobile_sensor) StdoutLine: {'line': b'-- Installing: /home/ogan/ME461F25_LittleDaisies/project/ros_ws/install/mobile_sensor/share/mobile_sensor//node_modules/es5-ext/iterable/is.js\n'}
[1.191373] (mobile_sensor) StdoutLine: {'line': b'-- Installing: /home/ogan/ME461F25_LittleDaisies/project/ros_ws/install/mobile_sensor/share/mobile_sensor//node_modules/es5-ext/global.js\n'}
[1.191497] (mobile_sensor) StdoutLine: {'line': b'-- Installing: /home/ogan/ME461F25_LittleDaisies/project/ros_ws/install/mobile_sensor/share/mobile_sensor//node_modules/es5-ext/CHANGELOG.md\n'}
[1.191616] (mobile_sensor) StdoutLine: {'line': b'-- Installing: /home/ogan/ME461F25_LittleDaisies/project/ros_ws/install/mobile_sensor/share/mobile_sensor//node_modules/es5-ext/number\n'}
[1.191689] (mobile_sensor) StdoutLine: {'line': b'-- Installing: /home/ogan/ME461F25_LittleDaisies/project/ros_ws/install/mobile_sensor/share/mobile_sensor//node_modules/es5-ext/number/to-uint32.js\n'}
[1.191785] (mobile_sensor) StdoutLine: {'line': b'-- Installing: /home/ogan/ME461F25_LittleDaisies/project/ros_ws/install/mobile_sensor/share/mobile_sensor//node_modules/es5-ext/number/is-safe-integer\n'}
[1.191852] (mobile_sensor) StdoutLine: {'line': b'-- Installing: /home/ogan/ME461F25_LittleDaisies/project/ros_ws/install/mobile_sensor/share/mobile_sensor//node_modules/es5-ext/number/is-safe-integer/shim.js\n'}
[1.191953] (mobile_sensor) StdoutLine: {'line': b'-- Installing: /home/ogan/ME461F25_LittleDaisies/project/ros_ws/install/mobile_sensor/share/mobile_sensor//node_modules/es5-ext/number/is-safe-integer/is-implemented.js\n'}
[1.192050] (mobile_sensor) StdoutLine: {'line': b'-- Installing: /home/ogan/ME461F25_LittleDaisies/project/ros_ws/install/mobile_sensor/share/mobile_sensor//node_modules/es5-ext/number/is-safe-integer/index.js\n'}
[1.192154] (mobile_sensor) StdoutLine: {'line': b'-- Installing: /home/ogan/ME461F25_LittleDaisies/project/ros_ws/install/mobile_sensor/share/mobile_sensor//node_modules/es5-ext/number/is-safe-integer/implement.js\n'}
[1.192255] (mobile_sensor) StdoutLine: {'line': b'-- Installing: /home/ogan/ME461F25_LittleDaisies/project/ros_ws/install/mobile_sensor/share/mobile_sensor//node_modules/es5-ext/number/is-natural.js\n'}
[1.192348] (mobile_sensor) StdoutLine: {'line': b'-- Installing: /home/ogan/ME461F25_LittleDaisies/project/ros_ws/install/mobile_sensor/share/mobile_sensor//node_modules/es5-ext/number/is-finite\n'}
[1.192416] (mobile_sensor) StdoutLine: {'line': b'-- Installing: /home/ogan/ME461F25_LittleDaisies/project/ros_ws/install/mobile_sensor/share/mobile_sensor//node_modules/es5-ext/number/is-finite/shim.js\n'}
[1.192515] (mobile_sensor) StdoutLine: {'line': b'-- Installing: /home/ogan/ME461F25_LittleDaisies/project/ros_ws/install/mobile_sensor/share/mobile_sensor//node_modules/es5-ext/number/is-finite/is-implemented.js\n'}
[1.192615] (mobile_sensor) StdoutLine: {'line': b'-- Installing: /home/ogan/ME461F25_LittleDaisies/project/ros_ws/install/mobile_sensor/share/mobile_sensor//node_modules/es5-ext/number/is-finite/index.js\n'}
[1.192713] (mobile_sensor) StdoutLine: {'line': b'-- Installing: /home/ogan/ME461F25_LittleDaisies/project/ros_ws/install/mobile_sensor/share/mobile_sensor//node_modules/es5-ext/number/is-finite/implement.js\n'}
[1.192808] (mobile_sensor) StdoutLine: {'line': b'-- Installing: /home/ogan/ME461F25_LittleDaisies/project/ros_ws/install/mobile_sensor/share/mobile_sensor//node_modules/es5-ext/number/max-safe-integer\n'}
[1.192874] (mobile_sensor) StdoutLine: {'line': b'-- Installing: /home/ogan/ME461F25_LittleDaisies/project/ros_ws/install/mobile_sensor/share/mobile_sensor//node_modules/es5-ext/number/max-safe-integer/is-implemented.js\n'}
[1.192992] (mobile_sensor) StdoutLine: {'line': b'-- Installing: /home/ogan/ME461F25_LittleDaisies/project/ros_ws/install/mobile_sensor/share/mobile_sensor//node_modules/es5-ext/number/max-safe-integer/index.js\n'}
[1.193085] (mobile_sensor) StdoutLine: {'line': b'-- Installing: /home/ogan/ME461F25_LittleDaisies/project/ros_ws/install/mobile_sensor/share/mobile_sensor//node_modules/es5-ext/number/max-safe-integer/implement.js\n'}
[1.193189] (mobile_sensor) StdoutLine: {'line': b'-- Installing: /home/ogan/ME461F25_LittleDaisies/project/ros_ws/install/mobile_sensor/share/mobile_sensor//node_modules/es5-ext/number/to-integer.js\n'}
[1.193284] (mobile_sensor) StdoutLine: {'line': b'-- Installing: /home/ogan/ME461F25_LittleDaisies/project/ros_ws/install/mobile_sensor/share/mobile_sensor//node_modules/es5-ext/number/is-integer\n'}
[1.193359] (mobile_sensor) StdoutLine: {'line': b'-- Installing: /home/ogan/ME461F25_LittleDaisies/project/ros_ws/install/mobile_sensor/share/mobile_sensor//node_modules/es5-ext/number/is-integer/shim.js\n'}
[1.193456] (mobile_sensor) StdoutLine: {'line': b'-- Installing: /home/ogan/ME461F25_LittleDaisies/project/ros_ws/install/mobile_sensor/share/mobile_sensor//node_modules/es5-ext/number/is-integer/is-implemented.js\n'}
[1.193555] (mobile_sensor) StdoutLine: {'line': b'-- Installing: /home/ogan/ME461F25_LittleDaisies/project/ros_ws/install/mobile_sensor/share/mobile_sensor//node_modules/es5-ext/number/is-integer/index.js\n'}
[1.193656] (mobile_sensor) StdoutLine: {'line': b'-- Installing: /home/ogan/ME461F25_LittleDaisies/project/ros_ws/install/mobile_sensor/share/mobile_sensor//node_modules/es5-ext/number/is-integer/implement.js\n'}
[1.193755] (mobile_sensor) StdoutLine: {'line': b'-- Installing: /home/ogan/ME461F25_LittleDaisies/project/ros_ws/install/mobile_sensor/share/mobile_sensor//node_modules/es5-ext/number/index.js\n'}
[1.193853] (mobile_sensor) StdoutLine: {'line': b'-- Installing: /home/ogan/ME461F25_LittleDaisies/project/ros_ws/install/mobile_sensor/share/mobile_sensor//node_modules/es5-ext/number/is-nan\n'}
[1.193915] (mobile_sensor) StdoutLine: {'line': b'-- Installing: /home/ogan/ME461F25_LittleDaisies/project/ros_ws/install/mobile_sensor/share/mobile_sensor//node_modules/es5-ext/number/is-nan/shim.js\n'}
[1.194015] (mobile_sensor) StdoutLine: {'line': b'-- Installing: /home/ogan/ME461F25_LittleDaisies/project/ros_ws/install/mobile_sensor/share/mobile_sensor//node_modules/es5-ext/number/is-nan/is-implemented.js\n'}
[1.194112] (mobile_sensor) StdoutLine: {'line': b'-- Installing: /home/ogan/ME461F25_LittleDaisies/project/ros_ws/install/mobile_sensor/share/mobile_sensor//node_modules/es5-ext/number/is-nan/index.js\n'}
[1.194219] (mobile_sensor) StdoutLine: {'line': b'-- Installing: /home/ogan/ME461F25_LittleDaisies/project/ros_ws/install/mobile_sensor/share/mobile_sensor//node_modules/es5-ext/number/is-nan/implement.js\n'}
[1.194321] (mobile_sensor) StdoutLine: {'line': b'-- Installing: /home/ogan/ME461F25_LittleDaisies/project/ros_ws/install/mobile_sensor/share/mobile_sensor//node_modules/es5-ext/number/to-pos-integer.js\n'}
[1.194424] (mobile_sensor) StdoutLine: {'line': b'-- Installing: /home/ogan/ME461F25_LittleDaisies/project/ros_ws/install/mobile_sensor/share/mobile_sensor//node_modules/es5-ext/number/is-number.js\n'}
[1.194524] (mobile_sensor) StdoutLine: {'line': b'-- Installing: /home/ogan/ME461F25_LittleDaisies/project/ros_ws/install/mobile_sensor/share/mobile_sensor//node_modules/es5-ext/number/epsilon\n'}
[1.194594] (mobile_sensor) StdoutLine: {'line': b'-- Installing: /home/ogan/ME461F25_LittleDaisies/project/ros_ws/install/mobile_sensor/share/mobile_sensor//node_modules/es5-ext/number/epsilon/is-implemented.js\n'}
[1.194693] (mobile_sensor) StdoutLine: {'line': b'-- Installing: /home/ogan/ME461F25_LittleDaisies/project/ros_ws/install/mobile_sensor/share/mobile_sensor//node_modules/es5-ext/number/epsilon/index.js\n'}
[1.194792] (mobile_sensor) StdoutLine: {'line': b'-- Installing: /home/ogan/ME461F25_LittleDaisies/project/ros_ws/install/mobile_sensor/share/mobile_sensor//node_modules/es5-ext/number/epsilon/implement.js\n'}
[1.194887] (mobile_sensor) StdoutLine: {'line': b'-- Installing: /home/ogan/ME461F25_LittleDaisies/project/ros_ws/install/mobile_sensor/share/mobile_sensor//node_modules/es5-ext/number/min-safe-integer\n'}
[1.194955] (mobile_sensor) StdoutLine: {'line': b'-- Installing: /home/ogan/ME461F25_LittleDaisies/project/ros_ws/install/mobile_sensor/share/mobile_sensor//node_modules/es5-ext/number/min-safe-integer/is-implemented.js\n'}
[1.195055] (mobile_sensor) StdoutLine: {'line': b'-- Installing: /home/ogan/ME461F25_LittleDaisies/project/ros_ws/install/mobile_sensor/share/mobile_sensor//node_modules/es5-ext/number/min-safe-integer/index.js\n'}
[1.195162] (mobile_sensor) StdoutLine: {'line': b'-- Installing: /home/ogan/ME461F25_LittleDaisies/project/ros_ws/install/mobile_sensor/share/mobile_sensor//node_modules/es5-ext/number/min-safe-integer/implement.js\n'}
[1.195262] (mobile_sensor) StdoutLine: {'line': b'-- Installing: /home/ogan/ME461F25_LittleDaisies/project/ros_ws/install/mobile_sensor/share/mobile_sensor//node_modules/es5-ext/number/#\n'}
[1.195328] (mobile_sensor) StdoutLine: {'line': b'-- Installing: /home/ogan/ME461F25_LittleDaisies/project/ros_ws/install/mobile_sensor/share/mobile_sensor//node_modules/es5-ext/number/#/index.js\n'}
[1.195428] (mobile_sensor) StdoutLine: {'line': b'-- Installing: /home/ogan/ME461F25_LittleDaisies/project/ros_ws/install/mobile_sensor/share/mobile_sensor//node_modules/es5-ext/number/#/pad.js\n'}
[1.195524] (mobile_sensor) StdoutLine: {'line': b'-- Installing: /home/ogan/ME461F25_LittleDaisies/project/ros_ws/install/mobile_sensor/share/mobile_sensor//node_modules/es5-ext/error\n'}
[1.195617] (mobile_sensor) StdoutLine: {'line': b'-- Installing: /home/ogan/ME461F25_LittleDaisies/project/ros_ws/install/mobile_sensor/share/mobile_sensor//node_modules/es5-ext/error/custom.js\n'}
[1.195711] (mobile_sensor) StdoutLine: {'line': b'-- Installing: /home/ogan/ME461F25_LittleDaisies/project/ros_ws/install/mobile_sensor/share/mobile_sensor//node_modules/es5-ext/error/index.js\n'}
[1.195818] (mobile_sensor) StdoutLine: {'line': b'-- Installing: /home/ogan/ME461F25_LittleDaisies/project/ros_ws/install/mobile_sensor/share/mobile_sensor//node_modules/es5-ext/error/valid-error.js\n'}
[1.195910] (mobile_sensor) StdoutLine: {'line': b'-- Installing: /home/ogan/ME461F25_LittleDaisies/project/ros_ws/install/mobile_sensor/share/mobile_sensor//node_modules/es5-ext/error/is-error.js\n'}
[1.196001] (mobile_sensor) StdoutLine: {'line': b'-- Installing: /home/ogan/ME461F25_LittleDaisies/project/ros_ws/install/mobile_sensor/share/mobile_sensor//node_modules/es5-ext/error/#\n'}
[1.196066] (mobile_sensor) StdoutLine: {'line': b'-- Installing: /home/ogan/ME461F25_LittleDaisies/project/ros_ws/install/mobile_sensor/share/mobile_sensor//node_modules/es5-ext/error/#/throw.js\n'}
[1.196171] (mobile_sensor) StdoutLine: {'line': b'-- Installing: /home/ogan/ME461F25_LittleDaisies/project/ros_ws/install/mobile_sensor/share/mobile_sensor//node_modules/es5-ext/error/#/index.js\n'}
[1.196271] (mobile_sensor) StdoutLine: {'line': b'-- Installing: /home/ogan/ME461F25_LittleDaisies/project/ros_ws/install/mobile_sensor/share/mobile_sensor//node_modules/es5-ext/function\n'}
[1.196335] (mobile_sensor) StdoutLine: {'line': b'-- Installing: /home/ogan/ME461F25_LittleDaisies/project/ros_ws/install/mobile_sensor/share/mobile_sensor//node_modules/es5-ext/function/is-function.js\n'}
[1.196435] (mobile_sensor) StdoutLine: {'line': b'-- Installing: /home/ogan/ME461F25_LittleDaisies/project/ros_ws/install/mobile_sensor/share/mobile_sensor//node_modules/es5-ext/function/pluck.js\n'}
[1.196530] (mobile_sensor) StdoutLine: {'line': b'-- Installing: /home/ogan/ME461F25_LittleDaisies/project/ros_ws/install/mobile_sensor/share/mobile_sensor//node_modules/es5-ext/function/invoke.js\n'}
[1.196630] (mobile_sensor) StdoutLine: {'line': b'-- Installing: /home/ogan/ME461F25_LittleDaisies/project/ros_ws/install/mobile_sensor/share/mobile_sensor//node_modules/es5-ext/function/_define-length.js\n'}
[1.196726] (mobile_sensor) StdoutLine: {'line': b'-- Installing: /home/ogan/ME461F25_LittleDaisies/project/ros_ws/install/mobile_sensor/share/mobile_sensor//node_modules/es5-ext/function/valid-function.js\n'}
[1.196822] (mobile_sensor) StdoutLine: {'line': b'-- Installing: /home/ogan/ME461F25_LittleDaisies/project/ros_ws/install/mobile_sensor/share/mobile_sensor//node_modules/es5-ext/function/is-arguments.js\n'}
[1.196919] (mobile_sensor) StdoutLine: {'line': b'-- Installing: /home/ogan/ME461F25_LittleDaisies/project/ros_ws/install/mobile_sensor/share/mobile_sensor//node_modules/es5-ext/function/index.js\n'}
[1.197016] (mobile_sensor) StdoutLine: {'line': b'-- Installing: /home/ogan/ME461F25_LittleDaisies/project/ros_ws/install/mobile_sensor/share/mobile_sensor//node_modules/es5-ext/function/constant.js\n'}
[1.197130] (mobile_sensor) StdoutLine: {'line': b'-- Installing: /home/ogan/ME461F25_LittleDaisies/project/ros_ws/install/mobile_sensor/share/mobile_sensor//node_modules/es5-ext/function/noop.js\n'}
[1.197244] (mobile_sensor) StdoutLine: {'line': b'-- Installing: /home/ogan/ME461F25_LittleDaisies/project/ros_ws/install/mobile_sensor/share/mobile_sensor//node_modules/es5-ext/function/identity.js\n'}
[1.197334] (mobile_sensor) StdoutLine: {'line': b'-- Installing: /home/ogan/ME461F25_LittleDaisies/project/ros_ws/install/mobile_sensor/share/mobile_sensor//node_modules/es5-ext/function/#\n'}
[1.197406] (mobile_sensor) StdoutLine: {'line': b'-- Installing: /home/ogan/ME461F25_LittleDaisies/project/ros_ws/install/mobile_sensor/share/mobile_sensor//node_modules/es5-ext/function/#/microtask-delay.js\n'}
[1.197518] (mobile_sensor) StdoutLine: {'line': b'-- Installing: /home/ogan/ME461F25_LittleDaisies/project/ros_ws/install/mobile_sensor/share/mobile_sensor//node_modules/es5-ext/function/#/to-string-tokens.js\n'}
[1.197617] (mobile_sensor) StdoutLine: {'line': b'-- Installing: /home/ogan/ME461F25_LittleDaisies/project/ros_ws/install/mobile_sensor/share/mobile_sensor//node_modules/es5-ext/function/#/partial.js\n'}
[1.197714] (mobile_sensor) StdoutLine: {'line': b'-- Installing: /home/ogan/ME461F25_LittleDaisies/project/ros_ws/install/mobile_sensor/share/mobile_sensor//node_modules/es5-ext/function/#/curry.js\n'}
[1.197812] (mobile_sensor) StdoutLine: {'line': b'-- Installing: /home/ogan/ME461F25_LittleDaisies/project/ros_ws/install/mobile_sensor/share/mobile_sensor//node_modules/es5-ext/function/#/not.js\n'}
[1.197912] (mobile_sensor) StdoutLine: {'line': b'-- Installing: /home/ogan/ME461F25_LittleDaisies/project/ros_ws/install/mobile_sensor/share/mobile_sensor//node_modules/es5-ext/function/#/index.js\n'}
[1.198011] (mobile_sensor) StdoutLine: {'line': b'-- Installing: /home/ogan/ME461F25_LittleDaisies/project/ros_ws/install/mobile_sensor/share/mobile_sensor//node_modules/es5-ext/function/#/compose.js\n'}
[1.198127] (mobile_sensor) StdoutLine: {'line': b'-- Installing: /home/ogan/ME461F25_LittleDaisies/project/ros_ws/install/mobile_sensor/share/mobile_sensor//node_modules/es5-ext/function/#/copy.js\n'}
[1.198269] (mobile_sensor) StdoutLine: {'line': b'-- Installing: /home/ogan/ME461F25_LittleDaisies/project/ros_ws/install/mobile_sensor/share/mobile_sensor//node_modules/es5-ext/function/#/spread.js\n'}
[1.198364] (mobile_sensor) StdoutLine: {'line': b'-- Installing: /home/ogan/ME461F25_LittleDaisies/project/ros_ws/install/mobile_sensor/share/mobile_sensor//node_modules/es5-ext/function/#/lock.js\n'}
[1.198459] (mobile_sensor) StdoutLine: {'line': b'-- Installing: /home/ogan/ME461F25_LittleDaisies/project/ros_ws/install/mobile_sensor/share/mobile_sensor//node_modules/es5-ext/promise\n'}
[1.198527] (mobile_sensor) StdoutLine: {'line': b'-- Installing: /home/ogan/ME461F25_LittleDaisies/project/ros_ws/install/mobile_sensor/share/mobile_sensor//node_modules/es5-ext/promise/.eslintrc.json\n'}
[1.198626] (mobile_sensor) StdoutLine: {'line': b'-- Installing: /home/ogan/ME461F25_LittleDaisies/project/ros_ws/install/mobile_sensor/share/mobile_sensor//node_modules/es5-ext/promise/index.js\n'}
[1.198722] (mobile_sensor) StdoutLine: {'line': b'-- Installing: /home/ogan/ME461F25_LittleDaisies/project/ros_ws/install/mobile_sensor/share/mobile_sensor//node_modules/es5-ext/promise/lazy.js\n'}
[1.198814] (mobile_sensor) StdoutLine: {'line': b'-- Installing: /home/ogan/ME461F25_LittleDaisies/project/ros_ws/install/mobile_sensor/share/mobile_sensor//node_modules/es5-ext/promise/#\n'}
[1.198879] (mobile_sensor) StdoutLine: {'line': b'-- Installing: /home/ogan/ME461F25_LittleDaisies/project/ros_ws/install/mobile_sensor/share/mobile_sensor//node_modules/es5-ext/promise/#/finally\n'}
[1.198946] (mobile_sensor) StdoutLine: {'line': b'-- Installing: /home/ogan/ME461F25_LittleDaisies/project/ros_ws/install/mobile_sensor/share/mobile_sensor//node_modules/es5-ext/promise/#/finally/shim.js\n'}
[1.199050] (mobile_sensor) StdoutLine: {'line': b'-- Installing: /home/ogan/ME461F25_LittleDaisies/project/ros_ws/install/mobile_sensor/share/mobile_sensor//node_modules/es5-ext/promise/#/finally/is-implemented.js\n'}
[1.199158] (mobile_sensor) StdoutLine: {'line': b'-- Installing: /home/ogan/ME461F25_LittleDaisies/project/ros_ws/install/mobile_sensor/share/mobile_sensor//node_modules/es5-ext/promise/#/finally/index.js\n'}
[1.199258] (mobile_sensor) StdoutLine: {'line': b'-- Installing: /home/ogan/ME461F25_LittleDaisies/project/ros_ws/install/mobile_sensor/share/mobile_sensor//node_modules/es5-ext/promise/#/finally/implement.js\n'}
[1.199358] (mobile_sensor) StdoutLine: {'line': b'-- Installing: /home/ogan/ME461F25_LittleDaisies/project/ros_ws/install/mobile_sensor/share/mobile_sensor//node_modules/es5-ext/promise/#/index.js\n'}
[1.199457] (mobile_sensor) StdoutLine: {'line': b'-- Installing: /home/ogan/ME461F25_LittleDaisies/project/ros_ws/install/mobile_sensor/share/mobile_sensor//node_modules/es5-ext/promise/#/as-callback.js\n'}
[1.199554] (mobile_sensor) StdoutLine: {'line': b'-- Installing: /home/ogan/ME461F25_LittleDaisies/project/ros_ws/install/mobile_sensor/share/mobile_sensor//node_modules/es5-ext/object\n'}
[1.199649] (mobile_sensor) StdoutLine: {'line': b'-- Installing: /home/ogan/ME461F25_LittleDaisies/project/ros_ws/install/mobile_sensor/share/mobile_sensor//node_modules/es5-ext/object/entries\n'}
[1.199719] (mobile_sensor) StdoutLine: {'line': b'-- Installing: /home/ogan/ME461F25_LittleDaisies/project/ros_ws/install/mobile_sensor/share/mobile_sensor//node_modules/es5-ext/object/entries/shim.js\n'}
[1.199821] (mobile_sensor) StdoutLine: {'line': b'-- Installing: /home/ogan/ME461F25_LittleDaisies/project/ros_ws/install/mobile_sensor/share/mobile_sensor//node_modules/es5-ext/object/entries/is-implemented.js\n'}
[1.199927] (mobile_sensor) StdoutLine: {'line': b'-- Installing: /home/ogan/ME461F25_LittleDaisies/project/ros_ws/install/mobile_sensor/share/mobile_sensor//node_modules/es5-ext/object/entries/index.js\n'}
[1.200022] (mobile_sensor) StdoutLine: {'line': b'-- Installing: /home/ogan/ME461F25_LittleDaisies/project/ros_ws/install/mobile_sensor/share/mobile_sensor//node_modules/es5-ext/object/entries/implement.js\n'}
[1.200119] (mobile_sensor) StdoutLine: {'line': b'-- Installing: /home/ogan/ME461F25_LittleDaisies/project/ros_ws/install/mobile_sensor/share/mobile_sensor//node_modules/es5-ext/object/is-empty.js\n'}
[1.200232] (mobile_sensor) StdoutLine: {'line': b'-- Installing: /home/ogan/ME461F25_LittleDaisies/project/ros_ws/install/mobile_sensor/share/mobile_sensor//node_modules/es5-ext/object/is-value.js\n'}
[1.200343] (mobile_sensor) StdoutLine: {'line': b'-- Installing: /home/ogan/ME461F25_LittleDaisies/project/ros_ws/install/mobile_sensor/share/mobile_sensor//node_modules/es5-ext/object/mixin-prototypes.js\n'}
[1.200440] (mobile_sensor) StdoutLine: {'line': b'-- Installing: /home/ogan/ME461F25_LittleDaisies/project/ros_ws/install/mobile_sensor/share/mobile_sensor//node_modules/es5-ext/object/is-callable.js\n'}
[1.200537] (mobile_sensor) StdoutLine: {'line': b'-- Installing: /home/ogan/ME461F25_LittleDaisies/project/ros_ws/install/mobile_sensor/share/mobile_sensor//node_modules/es5-ext/object/valid-callable.js\n'}
[1.200636] (mobile_sensor) StdoutLine: {'line': b'-- Installing: /home/ogan/ME461F25_LittleDaisies/project/ros_ws/install/mobile_sensor/share/mobile_sensor//node_modules/es5-ext/object/compact.js\n'}
[1.200734] (mobile_sensor) StdoutLine: {'line': b'-- Installing: /home/ogan/ME461F25_LittleDaisies/project/ros_ws/install/mobile_sensor/share/mobile_sensor//node_modules/es5-ext/object/is-copy-deep.js\n'}
[1.200829] (mobile_sensor) StdoutLine: {'line': b'-- Installing: /home/ogan/ME461F25_LittleDaisies/project/ros_ws/install/mobile_sensor/share/mobile_sensor//node_modules/es5-ext/object/get-property-names.js\n'}
[1.200930] (mobile_sensor) StdoutLine: {'line': b'-- Installing: /home/ogan/ME461F25_LittleDaisies/project/ros_ws/install/mobile_sensor/share/mobile_sensor//node_modules/es5-ext/object/count.js\n'}
[1.200969] (-) TimerEvent: {}
[1.201053] (mobile_sensor) StdoutLine: {'line': b'-- Installing: /home/ogan/ME461F25_LittleDaisies/project/ros_ws/install/mobile_sensor/share/mobile_sensor//node_modules/es5-ext/object/assign-deep.js\n'}
[1.201185] (mobile_sensor) StdoutLine: {'line': b'-- Installing: /home/ogan/ME461F25_LittleDaisies/project/ros_ws/install/mobile_sensor/share/mobile_sensor//node_modules/es5-ext/object/create.js\n'}
[1.201300] (mobile_sensor) StdoutLine: {'line': b'-- Installing: /home/ogan/ME461F25_LittleDaisies/project/ros_ws/install/mobile_sensor/share/mobile_sensor//node_modules/es5-ext/object/is-number-value.js\n'}
[1.201374] (mobile_sensor) StdoutLine: {'line': b'-- Installing: /home/ogan/ME461F25_LittleDaisies/project/ros_ws/install/mobile_sensor/share/mobile_sensor//node_modules/es5-ext/object/is-natural-number-value.js\n'}
[1.201471] (mobile_sensor) StdoutLine: {'line': b'-- Installing: /home/ogan/ME461F25_LittleDaisies/project/ros_ws/install/mobile_sensor/share/mobile_sensor//node_modules/es5-ext/object/eq.js\n'}
[1.201568] (mobile_sensor) StdoutLine: {'line': b'-- Installing: /home/ogan/ME461F25_LittleDaisies/project/ros_ws/install/mobile_sensor/share/mobile_sensor//node_modules/es5-ext/object/filter.js\n'}
[1.201671] (mobile_sensor) StdoutLine: {'line': b'-- Installing: /home/ogan/ME461F25_LittleDaisies/project/ros_ws/install/mobile_sensor/share/mobile_sensor//node_modules/es5-ext/object/is-object.js\n'}
[1.201765] (mobile_sensor) StdoutLine: {'line': b'-- Installing: /home/ogan/ME461F25_LittleDaisies/project/ros_ws/install/mobile_sensor/share/mobile_sensor//node_modules/es5-ext/object/set-prototype-of\n'}
[1.201840] (mobile_sensor) StdoutLine: {'line': b'-- Installing: /home/ogan/ME461F25_LittleDaisies/project/ros_ws/install/mobile_sensor/share/mobile_sensor//node_modules/es5-ext/object/set-prototype-of/shim.js\n'}
[1.201954] (mobile_sensor) StdoutLine: {'line': b'-- Installing: /home/ogan/ME461F25_LittleDaisies/project/ros_ws/install/mobile_sensor/share/mobile_sensor//node_modules/es5-ext/object/set-prototype-of/is-implemented.js\n'}
[1.202044] (mobile_sensor) StdoutLine: {'line': b'-- Installing: /home/ogan/ME461F25_LittleDaisies/project/ros_ws/install/mobile_sensor/share/mobile_sensor//node_modules/es5-ext/object/set-prototype-of/index.js\n'}
[1.202150] (mobile_sensor) StdoutLine: {'line': b'-- Installing: /home/ogan/ME461F25_LittleDaisies/project/ros_ws/install/mobile_sensor/share/mobile_sensor//node_modules/es5-ext/object/set-prototype-of/implement.js\n'}
[1.202247] (mobile_sensor) StdoutLine: {'line': b'-- Installing: /home/ogan/ME461F25_LittleDaisies/project/ros_ws/install/mobile_sensor/share/mobile_sensor//node_modules/es5-ext/object/flatten.js\n'}
[1.202349] (mobile_sensor) StdoutLine: {'line': b'-- Installing: /home/ogan/ME461F25_LittleDaisies/project/ros_ws/install/mobile_sensor/share/mobile_sensor//node_modules/es5-ext/object/ensure-plain-object.js\n'}
[1.202444] (mobile_sensor) StdoutLine: {'line': b'-- Installing: /home/ogan/ME461F25_LittleDaisies/project/ros_ws/install/mobile_sensor/share/mobile_sensor//node_modules/es5-ext/object/is-integer.js\n'}
[1.202543] (mobile_sensor) StdoutLine: {'line': b'-- Installing: /home/ogan/ME461F25_LittleDaisies/project/ros_ws/install/mobile_sensor/share/mobile_sensor//node_modules/es5-ext/object/unserialize.js\n'}
[1.202641] (mobile_sensor) StdoutLine: {'line': b'-- Installing: /home/ogan/ME461F25_LittleDaisies/project/ros_ws/install/mobile_sensor/share/mobile_sensor//node_modules/es5-ext/object/ensure-promise.js\n'}
[1.202739] (mobile_sensor) StdoutLine: {'line': b'-- Installing: /home/ogan/ME461F25_LittleDaisies/project/ros_ws/install/mobile_sensor/share/mobile_sensor//node_modules/es5-ext/object/some.js\n'}
[1.202838] (mobile_sensor) StdoutLine: {'line': b'-- Installing: /home/ogan/ME461F25_LittleDaisies/project/ros_ws/install/mobile_sensor/share/mobile_sensor//node_modules/es5-ext/object/ensure-finite-number.js\n'}
[1.202939] (mobile_sensor) StdoutLine: {'line': b'-- Installing: /home/ogan/ME461F25_LittleDaisies/project/ros_ws/install/mobile_sensor/share/mobile_sensor//node_modules/es5-ext/object/validate-array-like-object.js\n'}
[1.203042] (mobile_sensor) StdoutLine: {'line': b'-- Installing: /home/ogan/ME461F25_LittleDaisies/project/ros_ws/install/mobile_sensor/share/mobile_sensor//node_modules/es5-ext/object/mixin.js\n'}
[1.203149] (mobile_sensor) StdoutLine: {'line': b'-- Installing: /home/ogan/ME461F25_LittleDaisies/project/ros_ws/install/mobile_sensor/share/mobile_sensor//node_modules/es5-ext/object/ensure-array.js\n'}
[1.203248] (mobile_sensor) StdoutLine: {'line': b'-- Installing: /home/ogan/ME461F25_LittleDaisies/project/ros_ws/install/mobile_sensor/share/mobile_sensor//node_modules/es5-ext/object/is-promise.js\n'}
[1.203347] (mobile_sensor) StdoutLine: {'line': b'-- Installing: /home/ogan/ME461F25_LittleDaisies/project/ros_ws/install/mobile_sensor/share/mobile_sensor//node_modules/es5-ext/object/compare.js\n'}
[1.203458] (mobile_sensor) StdoutLine: {'line': b'-- Installing: /home/ogan/ME461F25_LittleDaisies/project/ros_ws/install/mobile_sensor/share/mobile_sensor//node_modules/es5-ext/object/is-plain-object.js\n'}
[1.203577] (mobile_sensor) StdoutLine: {'line': b'-- Installing: /home/ogan/ME461F25_LittleDaisies/project/ros_ws/install/mobile_sensor/share/mobile_sensor//node_modules/es5-ext/object/validate-stringifiable.js\n'}
[1.203704] (mobile_sensor) StdoutLine: {'line': b'-- Installing: /home/ogan/ME461F25_LittleDaisies/project/ros_ws/install/mobile_sensor/share/mobile_sensor//node_modules/es5-ext/object/is-array-like.js\n'}
[1.203818] (mobile_sensor) StdoutLine: {'line': b'-- Installing: /home/ogan/ME461F25_LittleDaisies/project/ros_ws/install/mobile_sensor/share/mobile_sensor//node_modules/es5-ext/object/primitive-set.js\n'}
[1.203920] (mobile_sensor) StdoutLine: {'line': b'-- Installing: /home/ogan/ME461F25_LittleDaisies/project/ros_ws/install/mobile_sensor/share/mobile_sensor//node_modules/es5-ext/object/ensure-thenable.js\n'}
[1.204022] (mobile_sensor) StdoutLine: {'line': b'-- Installing: /home/ogan/ME461F25_LittleDaisies/project/ros_ws/install/mobile_sensor/share/mobile_sensor//node_modules/es5-ext/object/index.js\n'}
[1.204128] (mobile_sensor) StdoutLine: {'line': b'-- Installing: /home/ogan/ME461F25_LittleDaisies/project/ros_ws/install/mobile_sensor/share/mobile_sensor//node_modules/es5-ext/object/validate-stringifiable-value.js\n'}
[1.204233] (mobile_sensor) StdoutLine: {'line': b'-- Installing: /home/ogan/ME461F25_LittleDaisies/project/ros_ws/install/mobile_sensor/share/mobile_sensor//node_modules/es5-ext/object/serialize.js\n'}
[1.204333] (mobile_sensor) StdoutLine: {'line': b'-- Installing: /home/ogan/ME461F25_LittleDaisies/project/ros_ws/install/mobile_sensor/share/mobile_sensor//node_modules/es5-ext/object/to-array.js\n'}
[1.204439] (mobile_sensor) StdoutLine: {'line': b'-- Installing: /home/ogan/ME461F25_LittleDaisies/project/ros_ws/install/mobile_sensor/share/mobile_sensor//node_modules/es5-ext/object/map-keys.js\n'}
[1.204541] (mobile_sensor) StdoutLine: {'line': b'-- Installing: /home/ogan/ME461F25_LittleDaisies/project/ros_ws/install/mobile_sensor/share/mobile_sensor//node_modules/es5-ext/object/first-key.js\n'}
[1.204642] (mobile_sensor) StdoutLine: {'line': b'-- Installing: /home/ogan/ME461F25_LittleDaisies/project/ros_ws/install/mobile_sensor/share/mobile_sensor//node_modules/es5-ext/object/safe-traverse.js\n'}
[1.204743] (mobile_sensor) StdoutLine: {'line': b'-- Installing: /home/ogan/ME461F25_LittleDaisies/project/ros_ws/install/mobile_sensor/share/mobile_sensor//node_modules/es5-ext/object/copy-deep.js\n'}
[1.204844] (mobile_sensor) StdoutLine: {'line': b'-- Installing: /home/ogan/ME461F25_LittleDaisies/project/ros_ws/install/mobile_sensor/share/mobile_sensor//node_modules/es5-ext/object/find.js\n'}
[1.204945] (mobile_sensor) StdoutLine: {'line': b'-- Installing: /home/ogan/ME461F25_LittleDaisies/project/ros_ws/install/mobile_sensor/share/mobile_sensor//node_modules/es5-ext/object/key-of.js\n'}
[1.205045] (mobile_sensor) StdoutLine: {'line': b'-- Installing: /home/ogan/ME461F25_LittleDaisies/project/ros_ws/install/mobile_sensor/share/mobile_sensor//node_modules/es5-ext/object/is-natural-number.js\n'}
[1.205148] (mobile_sensor) StdoutLine: {'line': b'-- Installing: /home/ogan/ME461F25_LittleDaisies/project/ros_ws/install/mobile_sensor/share/mobile_sensor//node_modules/es5-ext/object/validate-array-like.js\n'}
[1.205258] (mobile_sensor) StdoutLine: {'line': b'-- Installing: /home/ogan/ME461F25_LittleDaisies/project/ros_ws/install/mobile_sensor/share/mobile_sensor//node_modules/es5-ext/object/_iterate.js\n'}
[1.205357] (mobile_sensor) StdoutLine: {'line': b'-- Installing: /home/ogan/ME461F25_LittleDaisies/project/ros_ws/install/mobile_sensor/share/mobile_sensor//node_modules/es5-ext/object/keys\n'}
[1.205430] (mobile_sensor) StdoutLine: {'line': b'-- Installing: /home/ogan/ME461F25_LittleDaisies/project/ros_ws/install/mobile_sensor/share/mobile_sensor//node_modules/es5-ext/object/keys/shim.js\n'}
[1.205531] (mobile_sensor) StdoutLine: {'line': b'-- Installing: /home/ogan/ME461F25_LittleDaisies/project/ros_ws/install/mobile_sensor/share/mobile_sensor//node_modules/es5-ext/object/keys/is-implemented.js\n'}
[1.205645] (mobile_sensor) StdoutLine: {'line': b'-- Installing: /home/ogan/ME461F25_LittleDaisies/project/ros_ws/install/mobile_sensor/share/mobile_sensor//node_modules/es5-ext/object/keys/index.js\n'}
[1.205757] (mobile_sensor) StdoutLine: {'line': b'-- Installing: /home/ogan/ME461F25_LittleDaisies/project/ros_ws/install/mobile_sensor/share/mobile_sensor//node_modules/es5-ext/object/keys/implement.js\n'}
[1.205899] (mobile_sensor) StdoutLine: {'line': b'-- Installing: /home/ogan/ME461F25_LittleDaisies/project/ros_ws/install/mobile_sensor/share/mobile_sensor//node_modules/es5-ext/object/ensure-plain-function.js\n'}
[1.206025] (mobile_sensor) StdoutLine: {'line': b'-- Installing: /home/ogan/ME461F25_LittleDaisies/project/ros_ws/install/mobile_sensor/share/mobile_sensor//node_modules/es5-ext/object/ensure-natural-number.js\n'}
[1.206144] (mobile_sensor) StdoutLine: {'line': b'-- Installing: /home/ogan/ME461F25_LittleDaisies/project/ros_ws/install/mobile_sensor/share/mobile_sensor//node_modules/es5-ext/object/map.js\n'}
[1.206372] (mobile_sensor) StdoutLine: {'line': b'-- Installing: /home/ogan/ME461F25_LittleDaisies/project/ros_ws/install/mobile_sensor/share/mobile_sensor//node_modules/es5-ext/object/copy.js\n'}
[1.206455] (mobile_sensor) StdoutLine: {'line': b'-- Installing: /home/ogan/ME461F25_LittleDaisies/project/ros_ws/install/mobile_sensor/share/mobile_sensor//node_modules/es5-ext/object/normalize-options.js\n'}
[1.206564] (mobile_sensor) StdoutLine: {'line': b'-- Installing: /home/ogan/ME461F25_LittleDaisies/project/ros_ws/install/mobile_sensor/share/mobile_sensor//node_modules/es5-ext/object/is-finite-number.js\n'}
[1.206688] (mobile_sensor) StdoutLine: {'line': b'-- Installing: /home/ogan/ME461F25_LittleDaisies/project/ros_ws/install/mobile_sensor/share/mobile_sensor//node_modules/es5-ext/object/ensure-integer.js\n'}
[1.206776] (mobile_sensor) StdoutLine: {'line': b'-- Installing: /home/ogan/ME461F25_LittleDaisies/project/ros_ws/install/mobile_sensor/share/mobile_sensor//node_modules/es5-ext/object/for-each.js\n'}
[1.206877] (mobile_sensor) StdoutLine: {'line': b'-- Installing: /home/ogan/ME461F25_LittleDaisies/project/ros_ws/install/mobile_sensor/share/mobile_sensor//node_modules/es5-ext/object/assign\n'}
[1.206969] (mobile_sensor) StdoutLine: {'line': b'-- Installing: /home/ogan/ME461F25_LittleDaisies/project/ros_ws/install/mobile_sensor/share/mobile_sensor//node_modules/es5-ext/object/assign/shim.js\n'}
[1.207073] (mobile_sensor) StdoutLine: {'line': b'-- Installing: /home/ogan/ME461F25_LittleDaisies/project/ros_ws/install/mobile_sensor/share/mobile_sensor//node_modules/es5-ext/object/assign/is-implemented.js\n'}
[1.207187] (mobile_sensor) StdoutLine: {'line': b'-- Installing: /home/ogan/ME461F25_LittleDaisies/project/ros_ws/install/mobile_sensor/share/mobile_sensor//node_modules/es5-ext/object/assign/index.js\n'}
[1.207289] (mobile_sensor) StdoutLine: {'line': b'-- Installing: /home/ogan/ME461F25_LittleDaisies/project/ros_ws/install/mobile_sensor/share/mobile_sensor//node_modules/es5-ext/object/assign/implement.js\n'}
[1.207390] (mobile_sensor) StdoutLine: {'line': b'-- Installing: /home/ogan/ME461F25_LittleDaisies/project/ros_ws/install/mobile_sensor/share/mobile_sensor//node_modules/es5-ext/object/valid-object.js\n'}
[1.207495] (mobile_sensor) StdoutLine: {'line': b'-- Installing: /home/ogan/ME461F25_LittleDaisies/project/ros_ws/install/mobile_sensor/share/mobile_sensor//node_modules/es5-ext/object/clear.js\n'}
[1.207601] (mobile_sensor) StdoutLine: {'line': b'-- Installing: /home/ogan/ME461F25_LittleDaisies/project/ros_ws/install/mobile_sensor/share/mobile_sensor//node_modules/es5-ext/object/every.js\n'}
[1.207704] (mobile_sensor) StdoutLine: {'line': b'-- Installing: /home/ogan/ME461F25_LittleDaisies/project/ros_ws/install/mobile_sensor/share/mobile_sensor//node_modules/es5-ext/object/find-key.js\n'}
[1.207809] (mobile_sensor) StdoutLine: {'line': b'-- Installing: /home/ogan/ME461F25_LittleDaisies/project/ros_ws/install/mobile_sensor/share/mobile_sensor//node_modules/es5-ext/object/is-copy.js\n'}
[1.207923] (mobile_sensor) StdoutLine: {'line': b'-- Installing: /home/ogan/ME461F25_LittleDaisies/project/ros_ws/install/mobile_sensor/share/mobile_sensor//node_modules/es5-ext/object/ensure-natural-number-value.js\n'}
[1.208037] (mobile_sensor) StdoutLine: {'line': b'-- Installing: /home/ogan/ME461F25_LittleDaisies/project/ros_ws/install/mobile_sensor/share/mobile_sensor//node_modules/es5-ext/object/valid-value.js\n'}
[1.208144] (mobile_sensor) StdoutLine: {'line': b'-- Installing: /home/ogan/ME461F25_LittleDaisies/project/ros_ws/install/mobile_sensor/share/mobile_sensor//node_modules/es5-ext/object/is-plain-function.js\n'}
[1.208255] (mobile_sensor) StdoutLine: {'line': b'-- Installing: /home/ogan/ME461F25_LittleDaisies/project/ros_ws/install/mobile_sensor/share/mobile_sensor//node_modules/es5-ext/object/is.js\n'}
[1.208363] (mobile_sensor) StdoutLine: {'line': b'-- Installing: /home/ogan/ME461F25_LittleDaisies/project/ros_ws/install/mobile_sensor/share/mobile_sensor//node_modules/es5-ext/object/is-thenable.js\n'}
[1.208471] (mobile_sensor) StdoutLine: {'line': b'-- Installing: /home/ogan/ME461F25_LittleDaisies/project/ros_ws/install/mobile_sensor/share/mobile_sensor//node_modules/es5-ext/README.md\n'}
[1.208604] (mobile_sensor) StdoutLine: {'line': b'-- Installing: /home/ogan/ME461F25_LittleDaisies/project/ros_ws/install/mobile_sensor/share/mobile_sensor//node_modules/es5-ext/array\n'}
[1.208681] (mobile_sensor) StdoutLine: {'line': b'-- Installing: /home/ogan/ME461F25_LittleDaisies/project/ros_ws/install/mobile_sensor/share/mobile_sensor//node_modules/es5-ext/array/_is-extensible.js\n'}
[1.208784] (mobile_sensor) StdoutLine: {'line': b'-- Installing: /home/ogan/ME461F25_LittleDaisies/project/ros_ws/install/mobile_sensor/share/mobile_sensor//node_modules/es5-ext/array/_sub-array-dummy.js\n'}
[1.208888] (mobile_sensor) StdoutLine: {'line': b'-- Installing: /home/ogan/ME461F25_LittleDaisies/project/ros_ws/install/mobile_sensor/share/mobile_sensor//node_modules/es5-ext/array/of\n'}
[1.208949] (mobile_sensor) StdoutLine: {'line': b'-- Installing: /home/ogan/ME461F25_LittleDaisies/project/ros_ws/install/mobile_sensor/share/mobile_sensor//node_modules/es5-ext/array/of/shim.js\n'}
[1.209056] (mobile_sensor) StdoutLine: {'line': b'-- Installing: /home/ogan/ME461F25_LittleDaisies/project/ros_ws/install/mobile_sensor/share/mobile_sensor//node_modules/es5-ext/array/of/is-implemented.js\n'}
[1.209185] (mobile_sensor) StdoutLine: {'line': b'-- Installing: /home/ogan/ME461F25_LittleDaisies/project/ros_ws/install/mobile_sensor/share/mobile_sensor//node_modules/es5-ext/array/of/index.js\n'}
[1.209283] (mobile_sensor) StdoutLine: {'line': b'-- Installing: /home/ogan/ME461F25_LittleDaisies/project/ros_ws/install/mobile_sensor/share/mobile_sensor//node_modules/es5-ext/array/of/implement.js\n'}
[1.209381] (mobile_sensor) StdoutLine: {'line': b'-- Installing: /home/ogan/ME461F25_LittleDaisies/project/ros_ws/install/mobile_sensor/share/mobile_sensor//node_modules/es5-ext/array/_sub-array-dummy-safe.js\n'}
[1.209477] (mobile_sensor) StdoutLine: {'line': b'-- Installing: /home/ogan/ME461F25_LittleDaisies/project/ros_ws/install/mobile_sensor/share/mobile_sensor//node_modules/es5-ext/array/index.js\n'}
[1.209575] (mobile_sensor) StdoutLine: {'line': b'-- Installing: /home/ogan/ME461F25_LittleDaisies/project/ros_ws/install/mobile_sensor/share/mobile_sensor//node_modules/es5-ext/array/valid-array.js\n'}
[1.209672] (mobile_sensor) StdoutLine: {'line': b'-- Installing: /home/ogan/ME461F25_LittleDaisies/project/ros_ws/install/mobile_sensor/share/mobile_sensor//node_modules/es5-ext/array/to-array.js\n'}
[1.209765] (mobile_sensor) StdoutLine: {'line': b'-- Installing: /home/ogan/ME461F25_LittleDaisies/project/ros_ws/install/mobile_sensor/share/mobile_sensor//node_modules/es5-ext/array/from\n'}
[1.209837] (mobile_sensor) StdoutLine: {'line': b'-- Installing: /home/ogan/ME461F25_LittleDaisies/project/ros_ws/install/mobile_sensor/share/mobile_sensor//node_modules/es5-ext/array/from/shim.js\n'}
[1.209938] (mobile_sensor) StdoutLine: {'line': b'-- Installing: /home/ogan/ME461F25_LittleDaisies/project/ros_ws/install/mobile_sensor/share/mobile_sensor//node_modules/es5-ext/array/from/is-implemented.js\n'}
[1.210037] (mobile_sensor) StdoutLine: {'line': b'-- Installing: /home/ogan/ME461F25_LittleDaisies/project/ros_ws/install/mobile_sensor/share/mobile_sensor//node_modules/es5-ext/array/from/index.js\n'}
[1.210142] (mobile_sensor) StdoutLine: {'line': b'-- Installing: /home/ogan/ME461F25_LittleDaisies/project/ros_ws/install/mobile_sensor/share/mobile_sensor//node_modules/es5-ext/array/from/implement.js\n'}
[1.210247] (mobile_sensor) StdoutLine: {'line': b'-- Installing: /home/ogan/ME461F25_LittleDaisies/project/ros_ws/install/mobile_sensor/share/mobile_sensor//node_modules/es5-ext/array/is-plain-array.js\n'}
[1.210343] (mobile_sensor) StdoutLine: {'line': b'-- Installing: /home/ogan/ME461F25_LittleDaisies/project/ros_ws/install/mobile_sensor/share/mobile_sensor//node_modules/es5-ext/array/generate.js\n'}
[1.210436] (mobile_sensor) StdoutLine: {'line': b'-- Installing: /home/ogan/ME461F25_LittleDaisies/project/ros_ws/install/mobile_sensor/share/mobile_sensor//node_modules/es5-ext/array/#\n'}
[1.210514] (mobile_sensor) StdoutLine: {'line': b'-- Installing: /home/ogan/ME461F25_LittleDaisies/project/ros_ws/install/mobile_sensor/share/mobile_sensor//node_modules/es5-ext/array/#/entries\n'}
[1.210585] (mobile_sensor) StdoutLine: {'line': b'-- Installing: /home/ogan/ME461F25_LittleDaisies/project/ros_ws/install/mobile_sensor/share/mobile_sensor//node_modules/es5-ext/array/#/entries/shim.js\n'}
[1.210689] (mobile_sensor) StdoutLine: {'line': b'-- Installing: /home/ogan/ME461F25_LittleDaisies/project/ros_ws/install/mobile_sensor/share/mobile_sensor//node_modules/es5-ext/array/#/entries/is-implemented.js\n'}
[1.210790] (mobile_sensor) StdoutLine: {'line': b'-- Installing: /home/ogan/ME461F25_LittleDaisies/project/ros_ws/install/mobile_sensor/share/mobile_sensor//node_modules/es5-ext/array/#/entries/index.js\n'}
[1.210910] (mobile_sensor) StdoutLine: {'line': b'-- Installing: /home/ogan/ME461F25_LittleDaisies/project/ros_ws/install/mobile_sensor/share/mobile_sensor//node_modules/es5-ext/array/#/entries/implement.js\n'}
[1.211006] (mobile_sensor) StdoutLine: {'line': b'-- Installing: /home/ogan/ME461F25_LittleDaisies/project/ros_ws/install/mobile_sensor/share/mobile_sensor//node_modules/es5-ext/array/#/is-empty.js\n'}
[1.211096] (mobile_sensor) StdoutLine: {'line': b'-- Installing: /home/ogan/ME461F25_LittleDaisies/project/ros_ws/install/mobile_sensor/share/mobile_sensor//node_modules/es5-ext/array/#/slice\n'}
[1.211191] (mobile_sensor) StdoutLine: {'line': b'-- Installing: /home/ogan/ME461F25_LittleDaisies/project/ros_ws/install/mobile_sensor/share/mobile_sensor//node_modules/es5-ext/array/#/slice/shim.js\n'}
[1.211278] (mobile_sensor) StdoutLine: {'line': b'-- Installing: /home/ogan/ME461F25_LittleDaisies/project/ros_ws/install/mobile_sensor/share/mobile_sensor//node_modules/es5-ext/array/#/slice/is-implemented.js\n'}
[1.211393] (mobile_sensor) StdoutLine: {'line': b'-- Installing: /home/ogan/ME461F25_LittleDaisies/project/ros_ws/install/mobile_sensor/share/mobile_sensor//node_modules/es5-ext/array/#/slice/index.js\n'}
[1.211498] (mobile_sensor) StdoutLine: {'line': b'-- Installing: /home/ogan/ME461F25_LittleDaisies/project/ros_ws/install/mobile_sensor/share/mobile_sensor//node_modules/es5-ext/array/#/slice/implement.js\n'}
[1.211604] (mobile_sensor) StdoutLine: {'line': b'-- Installing: /home/ogan/ME461F25_LittleDaisies/project/ros_ws/install/mobile_sensor/share/mobile_sensor//node_modules/es5-ext/array/#/concat\n'}
[1.211676] (mobile_sensor) StdoutLine: {'line': b'-- Installing: /home/ogan/ME461F25_LittleDaisies/project/ros_ws/install/mobile_sensor/share/mobile_sensor//node_modules/es5-ext/array/#/concat/shim.js\n'}
[1.211780] (mobile_sensor) StdoutLine: {'line': b'-- Installing: /home/ogan/ME461F25_LittleDaisies/project/ros_ws/install/mobile_sensor/share/mobile_sensor//node_modules/es5-ext/array/#/concat/is-implemented.js\n'}
[1.211878] (mobile_sensor) StdoutLine: {'line': b'-- Installing: /home/ogan/ME461F25_LittleDaisies/project/ros_ws/install/mobile_sensor/share/mobile_sensor//node_modules/es5-ext/array/#/concat/index.js\n'}
[1.211983] (mobile_sensor) StdoutLine: {'line': b'-- Installing: /home/ogan/ME461F25_LittleDaisies/project/ros_ws/install/mobile_sensor/share/mobile_sensor//node_modules/es5-ext/array/#/concat/implement.js\n'}
[1.212080] (mobile_sensor) StdoutLine: {'line': b'-- Installing: /home/ogan/ME461F25_LittleDaisies/project/ros_ws/install/mobile_sensor/share/mobile_sensor//node_modules/es5-ext/array/#/is-uniq.js\n'}
[1.212191] (mobile_sensor) StdoutLine: {'line': b'-- Installing: /home/ogan/ME461F25_LittleDaisies/project/ros_ws/install/mobile_sensor/share/mobile_sensor//node_modules/es5-ext/array/#/fill\n'}
[1.212263] (mobile_sensor) StdoutLine: {'line': b'-- Installing: /home/ogan/ME461F25_LittleDaisies/project/ros_ws/install/mobile_sensor/share/mobile_sensor//node_modules/es5-ext/array/#/fill/shim.js\n'}
[1.212366] (mobile_sensor) StdoutLine: {'line': b'-- Installing: /home/ogan/ME461F25_LittleDaisies/project/ros_ws/install/mobile_sensor/share/mobile_sensor//node_modules/es5-ext/array/#/fill/is-implemented.js\n'}
[1.212499] (mobile_sensor) StdoutLine: {'line': b'-- Installing: /home/ogan/ME461F25_LittleDaisies/project/ros_ws/install/mobile_sensor/share/mobile_sensor//node_modules/es5-ext/array/#/fill/index.js\n'}
[1.212604] (mobile_sensor) StdoutLine: {'line': b'-- Installing: /home/ogan/ME461F25_LittleDaisies/project/ros_ws/install/mobile_sensor/share/mobile_sensor//node_modules/es5-ext/array/#/fill/implement.js\n'}
[1.212709] (mobile_sensor) StdoutLine: {'line': b'-- Installing: /home/ogan/ME461F25_LittleDaisies/project/ros_ws/install/mobile_sensor/share/mobile_sensor//node_modules/es5-ext/array/#/first-index.js\n'}
[1.212819] (mobile_sensor) StdoutLine: {'line': b'-- Installing: /home/ogan/ME461F25_LittleDaisies/project/ros_ws/install/mobile_sensor/share/mobile_sensor//node_modules/es5-ext/array/#/first.js\n'}
[1.212920] (mobile_sensor) StdoutLine: {'line': b'-- Installing: /home/ogan/ME461F25_LittleDaisies/project/ros_ws/install/mobile_sensor/share/mobile_sensor//node_modules/es5-ext/array/#/compact.js\n'}
[1.213015] (mobile_sensor) StdoutLine: {'line': b'-- Installing: /home/ogan/ME461F25_LittleDaisies/project/ros_ws/install/mobile_sensor/share/mobile_sensor//node_modules/es5-ext/array/#/last-index.js\n'}
[1.213130] (mobile_sensor) StdoutLine: {'line': b'-- Installing: /home/ogan/ME461F25_LittleDaisies/project/ros_ws/install/mobile_sensor/share/mobile_sensor//node_modules/es5-ext/array/#/values\n'}
[1.213197] (mobile_sensor) StdoutLine: {'line': b'-- Installing: /home/ogan/ME461F25_LittleDaisies/project/ros_ws/install/mobile_sensor/share/mobile_sensor//node_modules/es5-ext/array/#/values/shim.js\n'}
[1.213301] (mobile_sensor) StdoutLine: {'line': b'-- Installing: /home/ogan/ME461F25_LittleDaisies/project/ros_ws/install/mobile_sensor/share/mobile_sensor//node_modules/es5-ext/array/#/values/is-implemented.js\n'}
[1.213401] (mobile_sensor) StdoutLine: {'line': b'-- Installing: /home/ogan/ME461F25_LittleDaisies/project/ros_ws/install/mobile_sensor/share/mobile_sensor//node_modules/es5-ext/array/#/values/index.js\n'}
[1.213499] (mobile_sensor) StdoutLine: {'line': b'-- Installing: /home/ogan/ME461F25_LittleDaisies/project/ros_ws/install/mobile_sensor/share/mobile_sensor//node_modules/es5-ext/array/#/values/implement.js\n'}
[1.213599] (mobile_sensor) StdoutLine: {'line': b'-- Installing: /home/ogan/ME461F25_LittleDaisies/project/ros_ws/install/mobile_sensor/share/mobile_sensor//node_modules/es5-ext/array/#/_compare-by-length.js\n'}
[1.213700] (mobile_sensor) StdoutLine: {'line': b'-- Installing: /home/ogan/ME461F25_LittleDaisies/project/ros_ws/install/mobile_sensor/share/mobile_sensor//node_modules/es5-ext/array/#/diff.js\n'}
[1.213799] (mobile_sensor) StdoutLine: {'line': b'-- Installing: /home/ogan/ME461F25_LittleDaisies/project/ros_ws/install/mobile_sensor/share/mobile_sensor//node_modules/es5-ext/array/#/binary-search.js\n'}
[1.213908] (mobile_sensor) StdoutLine: {'line': b'-- Installing: /home/ogan/ME461F25_LittleDaisies/project/ros_ws/install/mobile_sensor/share/mobile_sensor//node_modules/es5-ext/array/#/flatten.js\n'}
[1.214006] (mobile_sensor) StdoutLine: {'line': b'-- Installing: /home/ogan/ME461F25_LittleDaisies/project/ros_ws/install/mobile_sensor/share/mobile_sensor//node_modules/es5-ext/array/#/exclusion.js\n'}
[1.214103] (mobile_sensor) StdoutLine: {'line': b'-- Installing: /home/ogan/ME461F25_LittleDaisies/project/ros_ws/install/mobile_sensor/share/mobile_sensor//node_modules/es5-ext/array/#/@@iterator\n'}
[1.214212] (mobile_sensor) StdoutLine: {'line': b'-- Installing: /home/ogan/ME461F25_LittleDaisies/project/ros_ws/install/mobile_sensor/share/mobile_sensor//node_modules/es5-ext/array/#/@@iterator/shim.js\n'}
[1.214319] (mobile_sensor) StdoutLine: {'line': b'-- Installing: /home/ogan/ME461F25_LittleDaisies/project/ros_ws/install/mobile_sensor/share/mobile_sensor//node_modules/es5-ext/array/#/@@iterator/is-implemented.js\n'}
[1.214418] (mobile_sensor) StdoutLine: {'line': b'-- Installing: /home/ogan/ME461F25_LittleDaisies/project/ros_ws/install/mobile_sensor/share/mobile_sensor//node_modules/es5-ext/array/#/@@iterator/index.js\n'}
[1.214518] (mobile_sensor) StdoutLine: {'line': b'-- Installing: /home/ogan/ME461F25_LittleDaisies/project/ros_ws/install/mobile_sensor/share/mobile_sensor//node_modules/es5-ext/array/#/@@iterator/implement.js\n'}
[1.214614] (mobile_sensor) StdoutLine: {'line': b'-- Installing: /home/ogan/ME461F25_LittleDaisies/project/ros_ws/install/mobile_sensor/share/mobile_sensor//node_modules/es5-ext/array/#/map\n'}
[1.214686] (mobile_sensor) StdoutLine: {'line': b'-- Installing: /home/ogan/ME461F25_LittleDaisies/project/ros_ws/install/mobile_sensor/share/mobile_sensor//node_modules/es5-ext/array/#/map/shim.js\n'}
[1.214822] (mobile_sensor) StdoutLine: {'line': b'-- Installing: /home/ogan/ME461F25_LittleDaisies/project/ros_ws/install/mobile_sensor/share/mobile_sensor//node_modules/es5-ext/array/#/map/is-implemented.js\n'}
[1.214926] (mobile_sensor) StdoutLine: {'line': b'-- Installing: /home/ogan/ME461F25_LittleDaisies/project/ros_ws/install/mobile_sensor/share/mobile_sensor//node_modules/es5-ext/array/#/map/index.js\n'}
[1.215024] (mobile_sensor) StdoutLine: {'line': b'-- Installing: /home/ogan/ME461F25_LittleDaisies/project/ros_ws/install/mobile_sensor/share/mobile_sensor//node_modules/es5-ext/array/#/map/implement.js\n'}
[1.215131] (mobile_sensor) StdoutLine: {'line': b'-- Installing: /home/ogan/ME461F25_LittleDaisies/project/ros_ws/install/mobile_sensor/share/mobile_sensor//node_modules/es5-ext/array/#/uniq.js\n'}
[1.215236] (mobile_sensor) StdoutLine: {'line': b'-- Installing: /home/ogan/ME461F25_LittleDaisies/project/ros_ws/install/mobile_sensor/share/mobile_sensor//node_modules/es5-ext/array/#/index.js\n'}
[1.215333] (mobile_sensor) StdoutLine: {'line': b'-- Installing: /home/ogan/ME461F25_LittleDaisies/project/ros_ws/install/mobile_sensor/share/mobile_sensor//node_modules/es5-ext/array/#/filter\n'}
[1.215404] (mobile_sensor) StdoutLine: {'line': b'-- Installing: /home/ogan/ME461F25_LittleDaisies/project/ros_ws/install/mobile_sensor/share/mobile_sensor//node_modules/es5-ext/array/#/filter/shim.js\n'}
[1.215508] (mobile_sensor) StdoutLine: {'line': b'-- Installing: /home/ogan/ME461F25_LittleDaisies/project/ros_ws/install/mobile_sensor/share/mobile_sensor//node_modules/es5-ext/array/#/filter/is-implemented.js\n'}
[1.215609] (mobile_sensor) StdoutLine: {'line': b'-- Installing: /home/ogan/ME461F25_LittleDaisies/project/ros_ws/install/mobile_sensor/share/mobile_sensor//node_modules/es5-ext/array/#/filter/index.js\n'}
[1.215714] (mobile_sensor) StdoutLine: {'line': b'-- Installing: /home/ogan/ME461F25_LittleDaisies/project/ros_ws/install/mobile_sensor/share/mobile_sensor//node_modules/es5-ext/array/#/filter/implement.js\n'}
[1.215817] (mobile_sensor) StdoutLine: {'line': b'-- Installing: /home/ogan/ME461F25_LittleDaisies/project/ros_ws/install/mobile_sensor/share/mobile_sensor//node_modules/es5-ext/array/#/e-last-index-of.js\n'}
[1.215918] (mobile_sensor) StdoutLine: {'line': b'-- Installing: /home/ogan/ME461F25_LittleDaisies/project/ros_ws/install/mobile_sensor/share/mobile_sensor//node_modules/es5-ext/array/#/for-each-right.js\n'}
[1.216019] (mobile_sensor) StdoutLine: {'line': b'-- Installing: /home/ogan/ME461F25_LittleDaisies/project/ros_ws/install/mobile_sensor/share/mobile_sensor//node_modules/es5-ext/array/#/contains.js\n'}
[1.216115] (mobile_sensor) StdoutLine: {'line': b'-- Installing: /home/ogan/ME461F25_LittleDaisies/project/ros_ws/install/mobile_sensor/share/mobile_sensor//node_modules/es5-ext/array/#/find\n'}
[1.216192] (mobile_sensor) StdoutLine: {'line': b'-- Installing: /home/ogan/ME461F25_LittleDaisies/project/ros_ws/install/mobile_sensor/share/mobile_sensor//node_modules/es5-ext/array/#/find/shim.js\n'}
[1.216292] (mobile_sensor) StdoutLine: {'line': b'-- Installing: /home/ogan/ME461F25_LittleDaisies/project/ros_ws/install/mobile_sensor/share/mobile_sensor//node_modules/es5-ext/array/#/find/is-implemented.js\n'}
[1.216391] (mobile_sensor) StdoutLine: {'line': b'-- Installing: /home/ogan/ME461F25_LittleDaisies/project/ros_ws/install/mobile_sensor/share/mobile_sensor//node_modules/es5-ext/array/#/find/index.js\n'}
[1.216490] (mobile_sensor) StdoutLine: {'line': b'-- Installing: /home/ogan/ME461F25_LittleDaisies/project/ros_ws/install/mobile_sensor/share/mobile_sensor//node_modules/es5-ext/array/#/find/implement.js\n'}
[1.216590] (mobile_sensor) StdoutLine: {'line': b'-- Installing: /home/ogan/ME461F25_LittleDaisies/project/ros_ws/install/mobile_sensor/share/mobile_sensor//node_modules/es5-ext/array/#/group.js\n'}
[1.216689] (mobile_sensor) StdoutLine: {'line': b'-- Installing: /home/ogan/ME461F25_LittleDaisies/project/ros_ws/install/mobile_sensor/share/mobile_sensor//node_modules/es5-ext/array/#/keys\n'}
[1.216759] (mobile_sensor) StdoutLine: {'line': b'-- Installing: /home/ogan/ME461F25_LittleDaisies/project/ros_ws/install/mobile_sensor/share/mobile_sensor//node_modules/es5-ext/array/#/keys/shim.js\n'}
[1.216862] (mobile_sensor) StdoutLine: {'line': b'-- Installing: /home/ogan/ME461F25_LittleDaisies/project/ros_ws/install/mobile_sensor/share/mobile_sensor//node_modules/es5-ext/array/#/keys/is-implemented.js\n'}
[1.216959] (mobile_sensor) StdoutLine: {'line': b'-- Installing: /home/ogan/ME461F25_LittleDaisies/project/ros_ws/install/mobile_sensor/share/mobile_sensor//node_modules/es5-ext/array/#/keys/index.js\n'}
[1.217060] (mobile_sensor) StdoutLine: {'line': b'-- Installing: /home/ogan/ME461F25_LittleDaisies/project/ros_ws/install/mobile_sensor/share/mobile_sensor//node_modules/es5-ext/array/#/keys/implement.js\n'}
[1.217168] (mobile_sensor) StdoutLine: {'line': b'-- Installing: /home/ogan/ME461F25_LittleDaisies/project/ros_ws/install/mobile_sensor/share/mobile_sensor//node_modules/es5-ext/array/#/find-index\n'}
[1.217244] (mobile_sensor) StdoutLine: {'line': b'-- Installing: /home/ogan/ME461F25_LittleDaisies/project/ros_ws/install/mobile_sensor/share/mobile_sensor//node_modules/es5-ext/array/#/find-index/shim.js\n'}
[1.217354] (mobile_sensor) StdoutLine: {'line': b'-- Installing: /home/ogan/ME461F25_LittleDaisies/project/ros_ws/install/mobile_sensor/share/mobile_sensor//node_modules/es5-ext/array/#/find-index/is-implemented.js\n'}
[1.217460] (mobile_sensor) StdoutLine: {'line': b'-- Installing: /home/ogan/ME461F25_LittleDaisies/project/ros_ws/install/mobile_sensor/share/mobile_sensor//node_modules/es5-ext/array/#/find-index/index.js\n'}
[1.217559] (mobile_sensor) StdoutLine: {'line': b'-- Installing: /home/ogan/ME461F25_LittleDaisies/project/ros_ws/install/mobile_sensor/share/mobile_sensor//node_modules/es5-ext/array/#/find-index/implement.js\n'}
[1.217659] (mobile_sensor) StdoutLine: {'line': b'-- Installing: /home/ogan/ME461F25_LittleDaisies/project/ros_ws/install/mobile_sensor/share/mobile_sensor//node_modules/es5-ext/array/#/some-right.js\n'}
[1.217770] (mobile_sensor) StdoutLine: {'line': b'-- Installing: /home/ogan/ME461F25_LittleDaisies/project/ros_ws/install/mobile_sensor/share/mobile_sensor//node_modules/es5-ext/array/#/intersection.js\n'}
[1.217867] (mobile_sensor) StdoutLine: {'line': b'-- Installing: /home/ogan/ME461F25_LittleDaisies/project/ros_ws/install/mobile_sensor/share/mobile_sensor//node_modules/es5-ext/array/#/copy-within\n'}
[1.217938] (mobile_sensor) StdoutLine: {'line': b'-- Installing: /home/ogan/ME461F25_LittleDaisies/project/ros_ws/install/mobile_sensor/share/mobile_sensor//node_modules/es5-ext/array/#/copy-within/shim.js\n'}
[1.218041] (mobile_sensor) StdoutLine: {'line': b'-- Installing: /home/ogan/ME461F25_LittleDaisies/project/ros_ws/install/mobile_sensor/share/mobile_sensor//node_modules/es5-ext/array/#/copy-within/is-implemented.js\n'}
[1.218145] (mobile_sensor) StdoutLine: {'line': b'-- Installing: /home/ogan/ME461F25_LittleDaisies/project/ros_ws/install/mobile_sensor/share/mobile_sensor//node_modules/es5-ext/array/#/copy-within/index.js\n'}
[1.218252] (mobile_sensor) StdoutLine: {'line': b'-- Installing: /home/ogan/ME461F25_LittleDaisies/project/ros_ws/install/mobile_sensor/share/mobile_sensor//node_modules/es5-ext/array/#/copy-within/implement.js\n'}
[1.218349] (mobile_sensor) StdoutLine: {'line': b'-- Installing: /home/ogan/ME461F25_LittleDaisies/project/ros_ws/install/mobile_sensor/share/mobile_sensor//node_modules/es5-ext/array/#/splice\n'}
[1.218419] (mobile_sensor) StdoutLine: {'line': b'-- Installing: /home/ogan/ME461F25_LittleDaisies/project/ros_ws/install/mobile_sensor/share/mobile_sensor//node_modules/es5-ext/array/#/splice/shim.js\n'}
[1.218536] (mobile_sensor) StdoutLine: {'line': b'-- Installing: /home/ogan/ME461F25_LittleDaisies/project/ros_ws/install/mobile_sensor/share/mobile_sensor//node_modules/es5-ext/array/#/splice/is-implemented.js\n'}
[1.218636] (mobile_sensor) StdoutLine: {'line': b'-- Installing: /home/ogan/ME461F25_LittleDaisies/project/ros_ws/install/mobile_sensor/share/mobile_sensor//node_modules/es5-ext/array/#/splice/index.js\n'}
[1.218736] (mobile_sensor) StdoutLine: {'line': b'-- Installing: /home/ogan/ME461F25_LittleDaisies/project/ros_ws/install/mobile_sensor/share/mobile_sensor//node_modules/es5-ext/array/#/splice/implement.js\n'}
[1.218836] (mobile_sensor) StdoutLine: {'line': b'-- Installing: /home/ogan/ME461F25_LittleDaisies/project/ros_ws/install/mobile_sensor/share/mobile_sensor//node_modules/es5-ext/array/#/indexes-of.js\n'}
[1.218939] (mobile_sensor) StdoutLine: {'line': b'-- Installing: /home/ogan/ME461F25_LittleDaisies/project/ros_ws/install/mobile_sensor/share/mobile_sensor//node_modules/es5-ext/array/#/remove.js\n'}
[1.219040] (mobile_sensor) StdoutLine: {'line': b'-- Installing: /home/ogan/ME461F25_LittleDaisies/project/ros_ws/install/mobile_sensor/share/mobile_sensor//node_modules/es5-ext/array/#/separate.js\n'}
[1.219196] (mobile_sensor) StdoutLine: {'line': b'-- Installing: /home/ogan/ME461F25_LittleDaisies/project/ros_ws/install/mobile_sensor/share/mobile_sensor//node_modules/es5-ext/array/#/e-index-of.js\n'}
[1.219301] (mobile_sensor) StdoutLine: {'line': b'-- Installing: /home/ogan/ME461F25_LittleDaisies/project/ros_ws/install/mobile_sensor/share/mobile_sensor//node_modules/es5-ext/array/#/clear.js\n'}
[1.219403] (mobile_sensor) StdoutLine: {'line': b'-- Installing: /home/ogan/ME461F25_LittleDaisies/project/ros_ws/install/mobile_sensor/share/mobile_sensor//node_modules/es5-ext/array/#/is-copy.js\n'}
[1.219504] (mobile_sensor) StdoutLine: {'line': b'-- Installing: /home/ogan/ME461F25_LittleDaisies/project/ros_ws/install/mobile_sensor/share/mobile_sensor//node_modules/es5-ext/array/#/last.js\n'}
[1.219607] (mobile_sensor) StdoutLine: {'line': b'-- Installing: /home/ogan/ME461F25_LittleDaisies/project/ros_ws/install/mobile_sensor/share/mobile_sensor//node_modules/foreachasync\n'}
[1.219675] (mobile_sensor) StdoutLine: {'line': b'-- Installing: /home/ogan/ME461F25_LittleDaisies/project/ros_ws/install/mobile_sensor/share/mobile_sensor//node_modules/foreachasync/.npmignore\n'}
[1.219771] (mobile_sensor) StdoutLine: {'line': b'-- Installing: /home/ogan/ME461F25_LittleDaisies/project/ros_ws/install/mobile_sensor/share/mobile_sensor//node_modules/foreachasync/package.json\n'}
[1.219866] (mobile_sensor) StdoutLine: {'line': b'-- Installing: /home/ogan/ME461F25_LittleDaisies/project/ros_ws/install/mobile_sensor/share/mobile_sensor//node_modules/foreachasync/LICENSE\n'}
[1.219967] (mobile_sensor) StdoutLine: {'line': b'-- Installing: /home/ogan/ME461F25_LittleDaisies/project/ros_ws/install/mobile_sensor/share/mobile_sensor//node_modules/foreachasync/test.js\n'}
[1.220064] (mobile_sensor) StdoutLine: {'line': b'-- Installing: /home/ogan/ME461F25_LittleDaisies/project/ros_ws/install/mobile_sensor/share/mobile_sensor//node_modules/foreachasync/README.md\n'}
[1.220162] (mobile_sensor) StdoutLine: {'line': b'-- Installing: /home/ogan/ME461F25_LittleDaisies/project/ros_ws/install/mobile_sensor/share/mobile_sensor//node_modules/foreachasync/forEachAsync.js\n'}
[1.220259] (mobile_sensor) StdoutLine: {'line': b'-- Installing: /home/ogan/ME461F25_LittleDaisies/project/ros_ws/install/mobile_sensor/share/mobile_sensor//node_modules/foreachasync/bower.json\n'}
[1.220353] (mobile_sensor) StdoutLine: {'line': b'-- Installing: /home/ogan/ME461F25_LittleDaisies/project/ros_ws/install/mobile_sensor/share/mobile_sensor//node_modules/nan\n'}
[1.220431] (mobile_sensor) StdoutLine: {'line': b'-- Installing: /home/ogan/ME461F25_LittleDaisies/project/ros_ws/install/mobile_sensor/share/mobile_sensor//node_modules/nan/include_dirs.js\n'}
[1.220527] (mobile_sensor) StdoutLine: {'line': b'-- Installing: /home/ogan/ME461F25_LittleDaisies/project/ros_ws/install/mobile_sensor/share/mobile_sensor//node_modules/nan/nan_callbacks_pre_12_inl.h\n'}
[1.220638] (mobile_sensor) StdoutLine: {'line': b'-- Installing: /home/ogan/ME461F25_LittleDaisies/project/ros_ws/install/mobile_sensor/share/mobile_sensor//node_modules/nan/nan_maybe_43_inl.h\n'}
[1.220745] (mobile_sensor) StdoutLine: {'line': b'-- Installing: /home/ogan/ME461F25_LittleDaisies/project/ros_ws/install/mobile_sensor/share/mobile_sensor//node_modules/nan/nan_callbacks.h\n'}
[1.220843] (mobile_sensor) StdoutLine: {'line': b'-- Installing: /home/ogan/ME461F25_LittleDaisies/project/ros_ws/install/mobile_sensor/share/mobile_sensor//node_modules/nan/nan_persistent_pre_12_inl.h\n'}
[1.220984] (mobile_sensor) StdoutLine: {'line': b'-- Installing: /home/ogan/ME461F25_LittleDaisies/project/ros_ws/install/mobile_sensor/share/mobile_sensor//node_modules/nan/nan_converters_43_inl.h\n'}
[1.221092] (mobile_sensor) StdoutLine: {'line': b'-- Installing: /home/ogan/ME461F25_LittleDaisies/project/ros_ws/install/mobile_sensor/share/mobile_sensor//node_modules/nan/package.json\n'}
[1.221170] (mobile_sensor) StdoutLine: {'line': b'-- Installing: /home/ogan/ME461F25_LittleDaisies/project/ros_ws/install/mobile_sensor/share/mobile_sensor//node_modules/nan/nan_converters_pre_43_inl.h\n'}
[1.221259] (mobile_sensor) StdoutLine: {'line': b'-- Installing: /home/ogan/ME461F25_LittleDaisies/project/ros_ws/install/mobile_sensor/share/mobile_sensor//node_modules/nan/nan_scriptorigin.h\n'}
[1.221347] (mobile_sensor) StdoutLine: {'line': b'-- Installing: /home/ogan/ME461F25_LittleDaisies/project/ros_ws/install/mobile_sensor/share/mobile_sensor//node_modules/nan/LICENSE.md\n'}
[1.221471] (mobile_sensor) StdoutLine: {'line': b'-- Installing: /home/ogan/ME461F25_LittleDaisies/project/ros_ws/install/mobile_sensor/share/mobile_sensor//node_modules/nan/nan_persistent_12_inl.h\n'}
[1.221577] (mobile_sensor) StdoutLine: {'line': b'-- Installing: /home/ogan/ME461F25_LittleDaisies/project/ros_ws/install/mobile_sensor/share/mobile_sensor//node_modules/nan/nan_json.h\n'}
[1.221658] (mobile_sensor) StdoutLine: {'line': b'-- Installing: /home/ogan/ME461F25_LittleDaisies/project/ros_ws/install/mobile_sensor/share/mobile_sensor//node_modules/nan/nan_callbacks_12_inl.h\n'}
[1.221782] (mobile_sensor) StdoutLine: {'line': b'-- Installing: /home/ogan/ME461F25_LittleDaisies/project/ros_ws/install/mobile_sensor/share/mobile_sensor//node_modules/nan/nan_implementation_12_inl.h\n'}
[1.221886] (mobile_sensor) StdoutLine: {'line': b'-- Installing: /home/ogan/ME461F25_LittleDaisies/project/ros_ws/install/mobile_sensor/share/mobile_sensor//node_modules/nan/tools\n'}
[1.221969] (mobile_sensor) StdoutLine: {'line': b'-- Installing: /home/ogan/ME461F25_LittleDaisies/project/ros_ws/install/mobile_sensor/share/mobile_sensor//node_modules/nan/tools/package.json\n'}
[1.222041] (mobile_sensor) StdoutLine: {'line': b'-- Installing: /home/ogan/ME461F25_LittleDaisies/project/ros_ws/install/mobile_sensor/share/mobile_sensor//node_modules/nan/tools/1to2.js\n'}
[1.222137] (mobile_sensor) StdoutLine: {'line': b'-- Installing: /home/ogan/ME461F25_LittleDaisies/project/ros_ws/install/mobile_sensor/share/mobile_sensor//node_modules/nan/tools/README.md\n'}
[1.222240] (mobile_sensor) StdoutLine: {'line': b'-- Installing: /home/ogan/ME461F25_LittleDaisies/project/ros_ws/install/mobile_sensor/share/mobile_sensor//node_modules/nan/nan_define_own_property_helper.h\n'}
[1.222372] (mobile_sensor) StdoutLine: {'line': b'-- Installing: /home/ogan/ME461F25_LittleDaisies/project/ros_ws/install/mobile_sensor/share/mobile_sensor//node_modules/nan/nan_private.h\n'}
[1.222467] (mobile_sensor) StdoutLine: {'line': b'-- Installing: /home/ogan/ME461F25_LittleDaisies/project/ros_ws/install/mobile_sensor/share/mobile_sensor//node_modules/nan/nan_object_wrap.h\n'}
[1.222551] (mobile_sensor) StdoutLine: {'line': b'-- Installing: /home/ogan/ME461F25_LittleDaisies/project/ros_ws/install/mobile_sensor/share/mobile_sensor//node_modules/nan/CMakeLists.txt\n'}
[1.222648] (mobile_sensor) StdoutLine: {'line': b'-- Installing: /home/ogan/ME461F25_LittleDaisies/project/ros_ws/install/mobile_sensor/share/mobile_sensor//node_modules/nan/nan_typedarray_contents.h\n'}
[1.222743] (mobile_sensor) StdoutLine: {'line': b'-- Installing: /home/ogan/ME461F25_LittleDaisies/project/ros_ws/install/mobile_sensor/share/mobile_sensor//node_modules/nan/CHANGELOG.md\n'}
[1.222884] (mobile_sensor) StdoutLine: {'line': b'-- Installing: /home/ogan/ME461F25_LittleDaisies/project/ros_ws/install/mobile_sensor/share/mobile_sensor//node_modules/nan/nan_maybe_pre_43_inl.h\n'}
[1.222967] (mobile_sensor) StdoutLine: {'line': b'-- Installing: /home/ogan/ME461F25_LittleDaisies/project/ros_ws/install/mobile_sensor/share/mobile_sensor//node_modules/nan/.pre-commit-config.yaml\n'}
[1.223064] (mobile_sensor) StdoutLine: {'line': b'-- Installing: /home/ogan/ME461F25_LittleDaisies/project/ros_ws/install/mobile_sensor/share/mobile_sensor//node_modules/nan/nan_new.h\n'}
[1.223177] (mobile_sensor) StdoutLine: {'line': b'-- Installing: /home/ogan/ME461F25_LittleDaisies/project/ros_ws/install/mobile_sensor/share/mobile_sensor//node_modules/nan/nan_converters.h\n'}
[1.223274] (mobile_sensor) StdoutLine: {'line': b'-- Installing: /home/ogan/ME461F25_LittleDaisies/project/ros_ws/install/mobile_sensor/share/mobile_sensor//node_modules/nan/nan_weak.h\n'}
[1.223383] (mobile_sensor) StdoutLine: {'line': b'-- Installing: /home/ogan/ME461F25_LittleDaisies/project/ros_ws/install/mobile_sensor/share/mobile_sensor//node_modules/nan/nan_string_bytes.h\n'}
[1.223486] (mobile_sensor) StdoutLine: {'line': b'-- Installing: /home/ogan/ME461F25_LittleDaisies/project/ros_ws/install/mobile_sensor/share/mobile_sensor//node_modules/nan/README.md\n'}
[1.223607] (mobile_sensor) StdoutLine: {'line': b'-- Installing: /home/ogan/ME461F25_LittleDaisies/project/ros_ws/install/mobile_sensor/share/mobile_sensor//node_modules/nan/nan.h\n'}
[1.223785] (mobile_sensor) StdoutLine: {'line': b'-- Installing: /home/ogan/ME461F25_LittleDaisies/project/ros_ws/install/mobile_sensor/share/mobile_sensor//node_modules/nan/doc\n'}
[1.223858] (mobile_sensor) StdoutLine: {'line': b'-- Installing: /home/ogan/ME461F25_LittleDaisies/project/ros_ws/install/mobile_sensor/share/mobile_sensor//node_modules/nan/doc/buffers.md\n'}
[1.224000] (mobile_sensor) StdoutLine: {'line': b'-- Installing: /home/ogan/ME461F25_LittleDaisies/project/ros_ws/install/mobile_sensor/share/mobile_sensor//node_modules/nan/doc/v8_internals.md\n'}
[1.224137] (mobile_sensor) StdoutLine: {'line': b'-- Installing: /home/ogan/ME461F25_LittleDaisies/project/ros_ws/install/mobile_sensor/share/mobile_sensor//node_modules/nan/doc/methods.md\n'}
[1.224297] (mobile_sensor) StdoutLine: {'line': b'-- Installing: /home/ogan/ME461F25_LittleDaisies/project/ros_ws/install/mobile_sensor/share/mobile_sensor//node_modules/nan/doc/persistent.md\n'}
[1.224420] (mobile_sensor) StdoutLine: {'line': b'-- Installing: /home/ogan/ME461F25_LittleDaisies/project/ros_ws/install/mobile_sensor/share/mobile_sensor//node_modules/nan/doc/object_wrappers.md\n'}
[1.224511] (mobile_sensor) StdoutLine: {'line': b'-- Installing: /home/ogan/ME461F25_LittleDaisies/project/ros_ws/install/mobile_sensor/share/mobile_sensor//node_modules/nan/doc/json.md\n'}
[1.224598] (mobile_sensor) StdoutLine: {'line': b'-- Installing: /home/ogan/ME461F25_LittleDaisies/project/ros_ws/install/mobile_sensor/share/mobile_sensor//node_modules/nan/doc/script.md\n'}
[1.224725] (mobile_sensor) StdoutLine: {'line': b'-- Installing: /home/ogan/ME461F25_LittleDaisies/project/ros_ws/install/mobile_sensor/share/mobile_sensor//node_modules/nan/doc/asyncworker.md\n'}
[1.224848] (mobile_sensor) StdoutLine: {'line': b'-- Installing: /home/ogan/ME461F25_LittleDaisies/project/ros_ws/install/mobile_sensor/share/mobile_sensor//node_modules/nan/doc/new.md\n'}
[1.224926] (mobile_sensor) StdoutLine: {'line': b'-- Installing: /home/ogan/ME461F25_LittleDaisies/project/ros_ws/install/mobile_sensor/share/mobile_sensor//node_modules/nan/doc/callback.md\n'}
[1.225002] (mobile_sensor) StdoutLine: {'line': b'-- Installing: /home/ogan/ME461F25_LittleDaisies/project/ros_ws/install/mobile_sensor/share/mobile_sensor//node_modules/nan/doc/scopes.md\n'}
[1.225098] (mobile_sensor) StdoutLine: {'line': b'-- Installing: /home/ogan/ME461F25_LittleDaisies/project/ros_ws/install/mobile_sensor/share/mobile_sensor//node_modules/nan/doc/string_bytes.md\n'}
[1.225224] (mobile_sensor) StdoutLine: {'line': b'-- Installing: /home/ogan/ME461F25_LittleDaisies/project/ros_ws/install/mobile_sensor/share/mobile_sensor//node_modules/nan/doc/errors.md\n'}
[1.225326] (mobile_sensor) StdoutLine: {'line': b'-- Installing: /home/ogan/ME461F25_LittleDaisies/project/ros_ws/install/mobile_sensor/share/mobile_sensor//node_modules/nan/doc/maybe_types.md\n'}
[1.225431] (mobile_sensor) StdoutLine: {'line': b'-- Installing: /home/ogan/ME461F25_LittleDaisies/project/ros_ws/install/mobile_sensor/share/mobile_sensor//node_modules/nan/doc/node_misc.md\n'}
[1.225535] (mobile_sensor) StdoutLine: {'line': b'-- Installing: /home/ogan/ME461F25_LittleDaisies/project/ros_ws/install/mobile_sensor/share/mobile_sensor//node_modules/nan/doc/v8_misc.md\n'}
[1.225634] (mobile_sensor) StdoutLine: {'line': b'-- Installing: /home/ogan/ME461F25_LittleDaisies/project/ros_ws/install/mobile_sensor/share/mobile_sensor//node_modules/nan/doc/converters.md\n'}
[1.225728] (mobile_sensor) StdoutLine: {'line': b'-- Installing: /home/ogan/ME461F25_LittleDaisies/project/ros_ws/install/mobile_sensor/share/mobile_sensor//node_modules/nan/.github\n'}
[1.225799] (mobile_sensor) StdoutLine: {'line': b'-- Installing: /home/ogan/ME461F25_LittleDaisies/project/ros_ws/install/mobile_sensor/share/mobile_sensor//node_modules/nan/.github/workflows\n'}
[1.225879] (mobile_sensor) StdoutLine: {'line': b'-- Installing: /home/ogan/ME461F25_LittleDaisies/project/ros_ws/install/mobile_sensor/share/mobile_sensor//node_modules/nan/.github/workflows/ci.yml\n'}
[1.225959] (mobile_sensor) StdoutLine: {'line': b'-- Installing: /home/ogan/ME461F25_LittleDaisies/project/ros_ws/install/mobile_sensor/share/mobile_sensor//node_modules/nan/nan_implementation_pre_12_inl.h\n'}
[1.226062] (mobile_sensor) StdoutLine: {'line': b'-- Installing: /home/ogan/ME461F25_LittleDaisies/project/ros_ws/install/mobile_sensor/share/mobile_sensor//node_modules/universalify\n'}
[1.226136] (mobile_sensor) StdoutLine: {'line': b'-- Installing: /home/ogan/ME461F25_LittleDaisies/project/ros_ws/install/mobile_sensor/share/mobile_sensor//node_modules/universalify/package.json\n'}
[1.226238] (mobile_sensor) StdoutLine: {'line': b'-- Installing: /home/ogan/ME461F25_LittleDaisies/project/ros_ws/install/mobile_sensor/share/mobile_sensor//node_modules/universalify/LICENSE\n'}
[1.226335] (mobile_sensor) StdoutLine: {'line': b'-- Installing: /home/ogan/ME461F25_LittleDaisies/project/ros_ws/install/mobile_sensor/share/mobile_sensor//node_modules/universalify/index.js\n'}
[1.226430] (mobile_sensor) StdoutLine: {'line': b'-- Installing: /home/ogan/ME461F25_LittleDaisies/project/ros_ws/install/mobile_sensor/share/mobile_sensor//node_modules/universalify/README.md\n'}
[1.226520] (mobile_sensor) StdoutLine: {'line': b'-- Installing: /home/ogan/ME461F25_LittleDaisies/project/ros_ws/install/mobile_sensor/share/mobile_sensor//node_modules/express\n'}
[1.226593] (mobile_sensor) StdoutLine: {'line': b'-- Installing: /home/ogan/ME461F25_LittleDaisies/project/ros_ws/install/mobile_sensor/share/mobile_sensor//node_modules/express/package.json\n'}
[1.226696] (mobile_sensor) StdoutLine: {'line': b'-- Installing: /home/ogan/ME461F25_LittleDaisies/project/ros_ws/install/mobile_sensor/share/mobile_sensor//node_modules/express/LICENSE\n'}
[1.226791] (mobile_sensor) StdoutLine: {'line': b'-- Installing: /home/ogan/ME461F25_LittleDaisies/project/ros_ws/install/mobile_sensor/share/mobile_sensor//node_modules/express/index.js\n'}
[1.226903] (mobile_sensor) StdoutLine: {'line': b'-- Installing: /home/ogan/ME461F25_LittleDaisies/project/ros_ws/install/mobile_sensor/share/mobile_sensor//node_modules/express/lib\n'}
[1.226975] (mobile_sensor) StdoutLine: {'line': b'-- Installing: /home/ogan/ME461F25_LittleDaisies/project/ros_ws/install/mobile_sensor/share/mobile_sensor//node_modules/express/lib/utils.js\n'}
[1.227107] (mobile_sensor) StdoutLine: {'line': b'-- Installing: /home/ogan/ME461F25_LittleDaisies/project/ros_ws/install/mobile_sensor/share/mobile_sensor//node_modules/express/lib/view.js\n'}
[1.227227] (mobile_sensor) StdoutLine: {'line': b'-- Installing: /home/ogan/ME461F25_LittleDaisies/project/ros_ws/install/mobile_sensor/share/mobile_sensor//node_modules/express/lib/router\n'}
[1.227293] (mobile_sensor) StdoutLine: {'line': b'-- Installing: /home/ogan/ME461F25_LittleDaisies/project/ros_ws/install/mobile_sensor/share/mobile_sensor//node_modules/express/lib/router/route.js\n'}
[1.227403] (mobile_sensor) StdoutLine: {'line': b'-- Installing: /home/ogan/ME461F25_LittleDaisies/project/ros_ws/install/mobile_sensor/share/mobile_sensor//node_modules/express/lib/router/index.js\n'}
[1.227518] (mobile_sensor) StdoutLine: {'line': b'-- Installing: /home/ogan/ME461F25_LittleDaisies/project/ros_ws/install/mobile_sensor/share/mobile_sensor//node_modules/express/lib/router/layer.js\n'}
[1.227620] (mobile_sensor) StdoutLine: {'line': b'-- Installing: /home/ogan/ME461F25_LittleDaisies/project/ros_ws/install/mobile_sensor/share/mobile_sensor//node_modules/express/lib/request.js\n'}
[1.227733] (mobile_sensor) StdoutLine: {'line': b'-- Installing: /home/ogan/ME461F25_LittleDaisies/project/ros_ws/install/mobile_sensor/share/mobile_sensor//node_modules/express/lib/middleware\n'}
[1.227804] (mobile_sensor) StdoutLine: {'line': b'-- Installing: /home/ogan/ME461F25_LittleDaisies/project/ros_ws/install/mobile_sensor/share/mobile_sensor//node_modules/express/lib/middleware/query.js\n'}
[1.227913] (mobile_sensor) StdoutLine: {'line': b'-- Installing: /home/ogan/ME461F25_LittleDaisies/project/ros_ws/install/mobile_sensor/share/mobile_sensor//node_modules/express/lib/middleware/init.js\n'}
[1.228016] (mobile_sensor) StdoutLine: {'line': b'-- Installing: /home/ogan/ME461F25_LittleDaisies/project/ros_ws/install/mobile_sensor/share/mobile_sensor//node_modules/express/lib/express.js\n'}
[1.228138] (mobile_sensor) StdoutLine: {'line': b'-- Installing: /home/ogan/ME461F25_LittleDaisies/project/ros_ws/install/mobile_sensor/share/mobile_sensor//node_modules/express/lib/application.js\n'}
[1.228280] (mobile_sensor) StdoutLine: {'line': b'-- Installing: /home/ogan/ME461F25_LittleDaisies/project/ros_ws/install/mobile_sensor/share/mobile_sensor//node_modules/express/lib/response.js\n'}
[1.228424] (mobile_sensor) StdoutLine: {'line': b'-- Installing: /home/ogan/ME461F25_LittleDaisies/project/ros_ws/install/mobile_sensor/share/mobile_sensor//node_modules/express/Readme.md\n'}
[1.228535] (mobile_sensor) StdoutLine: {'line': b'-- Installing: /home/ogan/ME461F25_LittleDaisies/project/ros_ws/install/mobile_sensor/share/mobile_sensor//node_modules/express/History.md\n'}
[1.228762] (mobile_sensor) StdoutLine: {'line': b'-- Installing: /home/ogan/ME461F25_LittleDaisies/project/ros_ws/install/mobile_sensor/share/mobile_sensor//node_modules/@jridgewell\n'}
[1.228851] (mobile_sensor) StdoutLine: {'line': b'-- Installing: /home/ogan/ME461F25_LittleDaisies/project/ros_ws/install/mobile_sensor/share/mobile_sensor//node_modules/@jridgewell/sourcemap-codec\n'}
[1.228938] (mobile_sensor) StdoutLine: {'line': b'-- Installing: /home/ogan/ME461F25_LittleDaisies/project/ros_ws/install/mobile_sensor/share/mobile_sensor//node_modules/@jridgewell/sourcemap-codec/dist\n'}
[1.228997] (mobile_sensor) StdoutLine: {'line': b'-- Installing: /home/ogan/ME461F25_LittleDaisies/project/ros_ws/install/mobile_sensor/share/mobile_sensor//node_modules/@jridgewell/sourcemap-codec/dist/sourcemap-codec.mjs.map\n'}
[1.229118] (mobile_sensor) StdoutLine: {'line': b'-- Installing: /home/ogan/ME461F25_LittleDaisies/project/ros_ws/install/mobile_sensor/share/mobile_sensor//node_modules/@jridgewell/sourcemap-codec/dist/sourcemap-codec.umd.js\n'}
[1.229271] (mobile_sensor) StdoutLine: {'line': b'-- Installing: /home/ogan/ME461F25_LittleDaisies/project/ros_ws/install/mobile_sensor/share/mobile_sensor//node_modules/@jridgewell/sourcemap-codec/dist/sourcemap-codec.mjs\n'}
[1.229390] (mobile_sensor) StdoutLine: {'line': b'-- Installing: /home/ogan/ME461F25_LittleDaisies/project/ros_ws/install/mobile_sensor/share/mobile_sensor//node_modules/@jridgewell/sourcemap-codec/dist/sourcemap-codec.umd.js.map\n'}
[1.229515] (mobile_sensor) StdoutLine: {'line': b'-- Installing: /home/ogan/ME461F25_LittleDaisies/project/ros_ws/install/mobile_sensor/share/mobile_sensor//node_modules/@jridgewell/sourcemap-codec/package.json\n'}
[1.229604] (mobile_sensor) StdoutLine: {'line': b'-- Installing: /home/ogan/ME461F25_LittleDaisies/project/ros_ws/install/mobile_sensor/share/mobile_sensor//node_modules/@jridgewell/sourcemap-codec/src\n'}
[1.229688] (mobile_sensor) StdoutLine: {'line': b'-- Installing: /home/ogan/ME461F25_LittleDaisies/project/ros_ws/install/mobile_sensor/share/mobile_sensor//node_modules/@jridgewell/sourcemap-codec/src/strings.ts\n'}
[1.229794] (mobile_sensor) StdoutLine: {'line': b'-- Installing: /home/ogan/ME461F25_LittleDaisies/project/ros_ws/install/mobile_sensor/share/mobile_sensor//node_modules/@jridgewell/sourcemap-codec/src/scopes.ts\n'}
[1.229915] (mobile_sensor) StdoutLine: {'line': b'-- Installing: /home/ogan/ME461F25_LittleDaisies/project/ros_ws/install/mobile_sensor/share/mobile_sensor//node_modules/@jridgewell/sourcemap-codec/src/sourcemap-codec.ts\n'}
[1.230019] (mobile_sensor) StdoutLine: {'line': b'-- Installing: /home/ogan/ME461F25_LittleDaisies/project/ros_ws/install/mobile_sensor/share/mobile_sensor//node_modules/@jridgewell/sourcemap-codec/src/vlq.ts\n'}
[1.230120] (mobile_sensor) StdoutLine: {'line': b'-- Installing: /home/ogan/ME461F25_LittleDaisies/project/ros_ws/install/mobile_sensor/share/mobile_sensor//node_modules/@jridgewell/sourcemap-codec/LICENSE\n'}
[1.230231] (mobile_sensor) StdoutLine: {'line': b'-- Installing: /home/ogan/ME461F25_LittleDaisies/project/ros_ws/install/mobile_sensor/share/mobile_sensor//node_modules/@jridgewell/sourcemap-codec/types\n'}
[1.230311] (mobile_sensor) StdoutLine: {'line': b'-- Installing: /home/ogan/ME461F25_LittleDaisies/project/ros_ws/install/mobile_sensor/share/mobile_sensor//node_modules/@jridgewell/sourcemap-codec/types/scopes.d.cts\n'}
[1.230412] (mobile_sensor) StdoutLine: {'line': b'-- Installing: /home/ogan/ME461F25_LittleDaisies/project/ros_ws/install/mobile_sensor/share/mobile_sensor//node_modules/@jridgewell/sourcemap-codec/types/strings.d.cts\n'}
[1.230514] (mobile_sensor) StdoutLine: {'line': b'-- Installing: /home/ogan/ME461F25_LittleDaisies/project/ros_ws/install/mobile_sensor/share/mobile_sensor//node_modules/@jridgewell/sourcemap-codec/types/vlq.d.mts.map\n'}
[1.230619] (mobile_sensor) StdoutLine: {'line': b'-- Installing: /home/ogan/ME461F25_LittleDaisies/project/ros_ws/install/mobile_sensor/share/mobile_sensor//node_modules/@jridgewell/sourcemap-codec/types/vlq.d.mts\n'}
[1.230721] (mobile_sensor) StdoutLine: {'line': b'-- Installing: /home/ogan/ME461F25_LittleDaisies/project/ros_ws/install/mobile_sensor/share/mobile_sensor//node_modules/@jridgewell/sourcemap-codec/types/sourcemap-codec.d.mts.map\n'}
[1.230822] (mobile_sensor) StdoutLine: {'line': b'-- Installing: /home/ogan/ME461F25_LittleDaisies/project/ros_ws/install/mobile_sensor/share/mobile_sensor//node_modules/@jridgewell/sourcemap-codec/types/sourcemap-codec.d.cts.map\n'}
[1.230930] (mobile_sensor) StdoutLine: {'line': b'-- Installing: /home/ogan/ME461F25_LittleDaisies/project/ros_ws/install/mobile_sensor/share/mobile_sensor//node_modules/@jridgewell/sourcemap-codec/types/strings.d.cts.map\n'}
[1.231033] (mobile_sensor) StdoutLine: {'line': b'-- Installing: /home/ogan/ME461F25_LittleDaisies/project/ros_ws/install/mobile_sensor/share/mobile_sensor//node_modules/@jridgewell/sourcemap-codec/types/vlq.d.cts\n'}
[1.231143] (mobile_sensor) StdoutLine: {'line': b'-- Installing: /home/ogan/ME461F25_LittleDaisies/project/ros_ws/install/mobile_sensor/share/mobile_sensor//node_modules/@jridgewell/sourcemap-codec/types/sourcemap-codec.d.mts\n'}
[1.231273] (mobile_sensor) StdoutLine: {'line': b'-- Installing: /home/ogan/ME461F25_LittleDaisies/project/ros_ws/install/mobile_sensor/share/mobile_sensor//node_modules/@jridgewell/sourcemap-codec/types/sourcemap-codec.d.cts\n'}
[1.231372] (mobile_sensor) StdoutLine: {'line': b'-- Installing: /home/ogan/ME461F25_LittleDaisies/project/ros_ws/install/mobile_sensor/share/mobile_sensor//node_modules/@jridgewell/sourcemap-codec/types/strings.d.mts.map\n'}
[1.231474] (mobile_sensor) StdoutLine: {'line': b'-- Installing: /home/ogan/ME461F25_LittleDaisies/project/ros_ws/install/mobile_sensor/share/mobile_sensor//node_modules/@jridgewell/sourcemap-codec/types/scopes.d.cts.map\n'}
[1.231576] (mobile_sensor) StdoutLine: {'line': b'-- Installing: /home/ogan/ME461F25_LittleDaisies/project/ros_ws/install/mobile_sensor/share/mobile_sensor//node_modules/@jridgewell/sourcemap-codec/types/strings.d.mts\n'}
[1.231677] (mobile_sensor) StdoutLine: {'line': b'-- Installing: /home/ogan/ME461F25_LittleDaisies/project/ros_ws/install/mobile_sensor/share/mobile_sensor//node_modules/@jridgewell/sourcemap-codec/types/scopes.d.mts\n'}
[1.231778] (mobile_sensor) StdoutLine: {'line': b'-- Installing: /home/ogan/ME461F25_LittleDaisies/project/ros_ws/install/mobile_sensor/share/mobile_sensor//node_modules/@jridgewell/sourcemap-codec/types/scopes.d.mts.map\n'}
[1.231887] (mobile_sensor) StdoutLine: {'line': b'-- Installing: /home/ogan/ME461F25_LittleDaisies/project/ros_ws/install/mobile_sensor/share/mobile_sensor//node_modules/@jridgewell/sourcemap-codec/types/vlq.d.cts.map\n'}
[1.231984] (mobile_sensor) StdoutLine: {'line': b'-- Installing: /home/ogan/ME461F25_LittleDaisies/project/ros_ws/install/mobile_sensor/share/mobile_sensor//node_modules/@jridgewell/sourcemap-codec/README.md\n'}
[1.232086] (mobile_sensor) StdoutLine: {'line': b'-- Installing: /home/ogan/ME461F25_LittleDaisies/project/ros_ws/install/mobile_sensor/share/mobile_sensor//node_modules/@jridgewell/resolve-uri\n'}
[1.232161] (mobile_sensor) StdoutLine: {'line': b'-- Installing: /home/ogan/ME461F25_LittleDaisies/project/ros_ws/install/mobile_sensor/share/mobile_sensor//node_modules/@jridgewell/resolve-uri/dist\n'}
[1.232233] (mobile_sensor) StdoutLine: {'line': b'-- Installing: /home/ogan/ME461F25_LittleDaisies/project/ros_ws/install/mobile_sensor/share/mobile_sensor//node_modules/@jridgewell/resolve-uri/dist/resolve-uri.mjs\n'}
[1.232349] (mobile_sensor) StdoutLine: {'line': b'-- Installing: /home/ogan/ME461F25_LittleDaisies/project/ros_ws/install/mobile_sensor/share/mobile_sensor//node_modules/@jridgewell/resolve-uri/dist/resolve-uri.mjs.map\n'}
[1.232459] (mobile_sensor) StdoutLine: {'line': b'-- Installing: /home/ogan/ME461F25_LittleDaisies/project/ros_ws/install/mobile_sensor/share/mobile_sensor//node_modules/@jridgewell/resolve-uri/dist/types\n'}
[1.232531] (mobile_sensor) StdoutLine: {'line': b'-- Installing: /home/ogan/ME461F25_LittleDaisies/project/ros_ws/install/mobile_sensor/share/mobile_sensor//node_modules/@jridgewell/resolve-uri/dist/types/resolve-uri.d.ts\n'}
[1.232638] (mobile_sensor) StdoutLine: {'line': b'-- Installing: /home/ogan/ME461F25_LittleDaisies/project/ros_ws/install/mobile_sensor/share/mobile_sensor//node_modules/@jridgewell/resolve-uri/dist/resolve-uri.umd.js\n'}
[1.232745] (mobile_sensor) StdoutLine: {'line': b'-- Installing: /home/ogan/ME461F25_LittleDaisies/project/ros_ws/install/mobile_sensor/share/mobile_sensor//node_modules/@jridgewell/resolve-uri/dist/resolve-uri.umd.js.map\n'}
[1.232860] (mobile_sensor) StdoutLine: {'line': b'-- Installing: /home/ogan/ME461F25_LittleDaisies/project/ros_ws/install/mobile_sensor/share/mobile_sensor//node_modules/@jridgewell/resolve-uri/package.json\n'}
[1.232958] (mobile_sensor) StdoutLine: {'line': b'-- Installing: /home/ogan/ME461F25_LittleDaisies/project/ros_ws/install/mobile_sensor/share/mobile_sensor//node_modules/@jridgewell/resolve-uri/LICENSE\n'}
[1.233055] (mobile_sensor) StdoutLine: {'line': b'-- Installing: /home/ogan/ME461F25_LittleDaisies/project/ros_ws/install/mobile_sensor/share/mobile_sensor//node_modules/@jridgewell/resolve-uri/README.md\n'}
[1.233162] (mobile_sensor) StdoutLine: {'line': b'-- Installing: /home/ogan/ME461F25_LittleDaisies/project/ros_ws/install/mobile_sensor/share/mobile_sensor//node_modules/@jridgewell/trace-mapping\n'}
[1.233226] (mobile_sensor) StdoutLine: {'line': b'-- Installing: /home/ogan/ME461F25_LittleDaisies/project/ros_ws/install/mobile_sensor/share/mobile_sensor//node_modules/@jridgewell/trace-mapping/dist\n'}
[1.233293] (mobile_sensor) StdoutLine: {'line': b'-- Installing: /home/ogan/ME461F25_LittleDaisies/project/ros_ws/install/mobile_sensor/share/mobile_sensor//node_modules/@jridgewell/trace-mapping/dist/trace-mapping.umd.js\n'}
[1.233409] (mobile_sensor) StdoutLine: {'line': b'-- Installing: /home/ogan/ME461F25_LittleDaisies/project/ros_ws/install/mobile_sensor/share/mobile_sensor//node_modules/@jridgewell/trace-mapping/dist/trace-mapping.umd.js.map\n'}
[1.233527] (mobile_sensor) StdoutLine: {'line': b'-- Installing: /home/ogan/ME461F25_LittleDaisies/project/ros_ws/install/mobile_sensor/share/mobile_sensor//node_modules/@jridgewell/trace-mapping/dist/trace-mapping.mjs\n'}
[1.233639] (mobile_sensor) StdoutLine: {'line': b'-- Installing: /home/ogan/ME461F25_LittleDaisies/project/ros_ws/install/mobile_sensor/share/mobile_sensor//node_modules/@jridgewell/trace-mapping/dist/trace-mapping.mjs.map\n'}
[1.233752] (mobile_sensor) StdoutLine: {'line': b'-- Installing: /home/ogan/ME461F25_LittleDaisies/project/ros_ws/install/mobile_sensor/share/mobile_sensor//node_modules/@jridgewell/trace-mapping/package.json\n'}
[1.233845] (mobile_sensor) StdoutLine: {'line': b'-- Installing: /home/ogan/ME461F25_LittleDaisies/project/ros_ws/install/mobile_sensor/share/mobile_sensor//node_modules/@jridgewell/trace-mapping/src\n'}
[1.233918] (mobile_sensor) StdoutLine: {'line': b'-- Installing: /home/ogan/ME461F25_LittleDaisies/project/ros_ws/install/mobile_sensor/share/mobile_sensor//node_modules/@jridgewell/trace-mapping/src/sourcemap-segment.ts\n'}
[1.234020] (mobile_sensor) StdoutLine: {'line': b'-- Installing: /home/ogan/ME461F25_LittleDaisies/project/ros_ws/install/mobile_sensor/share/mobile_sensor//node_modules/@jridgewell/trace-mapping/src/types.ts\n'}
[1.234124] (mobile_sensor) StdoutLine: {'line': b'-- Installing: /home/ogan/ME461F25_LittleDaisies/project/ros_ws/install/mobile_sensor/share/mobile_sensor//node_modules/@jridgewell/trace-mapping/src/trace-mapping.ts\n'}
[1.234249] (mobile_sensor) StdoutLine: {'line': b'-- Installing: /home/ogan/ME461F25_LittleDaisies/project/ros_ws/install/mobile_sensor/share/mobile_sensor//node_modules/@jridgewell/trace-mapping/src/flatten-map.ts\n'}
[1.234353] (mobile_sensor) StdoutLine: {'line': b'-- Installing: /home/ogan/ME461F25_LittleDaisies/project/ros_ws/install/mobile_sensor/share/mobile_sensor//node_modules/@jridgewell/trace-mapping/src/by-source.ts\n'}
[1.234453] (mobile_sensor) StdoutLine: {'line': b'-- Installing: /home/ogan/ME461F25_LittleDaisies/project/ros_ws/install/mobile_sensor/share/mobile_sensor//node_modules/@jridgewell/trace-mapping/src/strip-filename.ts\n'}
[1.234555] (mobile_sensor) StdoutLine: {'line': b'-- Installing: /home/ogan/ME461F25_LittleDaisies/project/ros_ws/install/mobile_sensor/share/mobile_sensor//node_modules/@jridgewell/trace-mapping/src/resolve.ts\n'}
[1.234655] (mobile_sensor) StdoutLine: {'line': b'-- Installing: /home/ogan/ME461F25_LittleDaisies/project/ros_ws/install/mobile_sensor/share/mobile_sensor//node_modules/@jridgewell/trace-mapping/src/sort.ts\n'}
[1.234754] (mobile_sensor) StdoutLine: {'line': b'-- Installing: /home/ogan/ME461F25_LittleDaisies/project/ros_ws/install/mobile_sensor/share/mobile_sensor//node_modules/@jridgewell/trace-mapping/src/binary-search.ts\n'}
[1.234860] (mobile_sensor) StdoutLine: {'line': b'-- Installing: /home/ogan/ME461F25_LittleDaisies/project/ros_ws/install/mobile_sensor/share/mobile_sensor//node_modules/@jridgewell/trace-mapping/LICENSE\n'}
[1.234955] (mobile_sensor) StdoutLine: {'line': b'-- Installing: /home/ogan/ME461F25_LittleDaisies/project/ros_ws/install/mobile_sensor/share/mobile_sensor//node_modules/@jridgewell/trace-mapping/types\n'}
[1.235036] (mobile_sensor) StdoutLine: {'line': b'-- Installing: /home/ogan/ME461F25_LittleDaisies/project/ros_ws/install/mobile_sensor/share/mobile_sensor//node_modules/@jridgewell/trace-mapping/types/sourcemap-segment.d.cts.map\n'}
[1.235163] (mobile_sensor) StdoutLine: {'line': b'-- Installing: /home/ogan/ME461F25_LittleDaisies/project/ros_ws/install/mobile_sensor/share/mobile_sensor//node_modules/@jridgewell/trace-mapping/types/by-source.d.cts.map\n'}
[1.235266] (mobile_sensor) StdoutLine: {'line': b'-- Installing: /home/ogan/ME461F25_LittleDaisies/project/ros_ws/install/mobile_sensor/share/mobile_sensor//node_modules/@jridgewell/trace-mapping/types/trace-mapping.d.mts\n'}
[1.235370] (mobile_sensor) StdoutLine: {'line': b'-- Installing: /home/ogan/ME461F25_LittleDaisies/project/ros_ws/install/mobile_sensor/share/mobile_sensor//node_modules/@jridgewell/trace-mapping/types/types.d.mts.map\n'}
[1.235472] (mobile_sensor) StdoutLine: {'line': b'-- Installing: /home/ogan/ME461F25_LittleDaisies/project/ros_ws/install/mobile_sensor/share/mobile_sensor//node_modules/@jridgewell/trace-mapping/types/flatten-map.d.cts.map\n'}
[1.235576] (mobile_sensor) StdoutLine: {'line': b'-- Installing: /home/ogan/ME461F25_LittleDaisies/project/ros_ws/install/mobile_sensor/share/mobile_sensor//node_modules/@jridgewell/trace-mapping/types/binary-search.d.cts.map\n'}
[1.235675] (mobile_sensor) StdoutLine: {'line': b'-- Installing: /home/ogan/ME461F25_LittleDaisies/project/ros_ws/install/mobile_sensor/share/mobile_sensor//node_modules/@jridgewell/trace-mapping/types/flatten-map.d.mts\n'}
[1.235775] (mobile_sensor) StdoutLine: {'line': b'-- Installing: /home/ogan/ME461F25_LittleDaisies/project/ros_ws/install/mobile_sensor/share/mobile_sensor//node_modules/@jridgewell/trace-mapping/types/types.d.cts\n'}
[1.235885] (mobile_sensor) StdoutLine: {'line': b'-- Installing: /home/ogan/ME461F25_LittleDaisies/project/ros_ws/install/mobile_sensor/share/mobile_sensor//node_modules/@jridgewell/trace-mapping/types/sourcemap-segment.d.mts\n'}
[1.235977] (mobile_sensor) StdoutLine: {'line': b'-- Installing: /home/ogan/ME461F25_LittleDaisies/project/ros_ws/install/mobile_sensor/share/mobile_sensor//node_modules/@jridgewell/trace-mapping/types/flatten-map.d.mts.map\n'}
[1.236076] (mobile_sensor) StdoutLine: {'line': b'-- Installing: /home/ogan/ME461F25_LittleDaisies/project/ros_ws/install/mobile_sensor/share/mobile_sensor//node_modules/@jridgewell/trace-mapping/types/trace-mapping.d.mts.map\n'}
[1.236185] (mobile_sensor) StdoutLine: {'line': b'-- Installing: /home/ogan/ME461F25_LittleDaisies/project/ros_ws/install/mobile_sensor/share/mobile_sensor//node_modules/@jridgewell/trace-mapping/types/resolve.d.mts.map\n'}
[1.236290] (mobile_sensor) StdoutLine: {'line': b'-- Installing: /home/ogan/ME461F25_LittleDaisies/project/ros_ws/install/mobile_sensor/share/mobile_sensor//node_modules/@jridgewell/trace-mapping/types/strip-filename.d.cts\n'}
[1.236390] (mobile_sensor) StdoutLine: {'line': b'-- Installing: /home/ogan/ME461F25_LittleDaisies/project/ros_ws/install/mobile_sensor/share/mobile_sensor//node_modules/@jridgewell/trace-mapping/types/resolve.d.mts\n'}
[1.236496] (mobile_sensor) StdoutLine: {'line': b'-- Installing: /home/ogan/ME461F25_LittleDaisies/project/ros_ws/install/mobile_sensor/share/mobile_sensor//node_modules/@jridgewell/trace-mapping/types/by-source.d.cts\n'}
[1.236597] (mobile_sensor) StdoutLine: {'line': b'-- Installing: /home/ogan/ME461F25_LittleDaisies/project/ros_ws/install/mobile_sensor/share/mobile_sensor//node_modules/@jridgewell/trace-mapping/types/trace-mapping.d.cts.map\n'}
[1.236721] (mobile_sensor) StdoutLine: {'line': b'-- Installing: /home/ogan/ME461F25_LittleDaisies/project/ros_ws/install/mobile_sensor/share/mobile_sensor//node_modules/@jridgewell/trace-mapping/types/sourcemap-segment.d.mts.map\n'}
[1.236833] (mobile_sensor) StdoutLine: {'line': b'-- Installing: /home/ogan/ME461F25_LittleDaisies/project/ros_ws/install/mobile_sensor/share/mobile_sensor//node_modules/@jridgewell/trace-mapping/types/by-source.d.mts.map\n'}
[1.236937] (mobile_sensor) StdoutLine: {'line': b'-- Installing: /home/ogan/ME461F25_LittleDaisies/project/ros_ws/install/mobile_sensor/share/mobile_sensor//node_modules/@jridgewell/trace-mapping/types/binary-search.d.mts.map\n'}
[1.237036] (mobile_sensor) StdoutLine: {'line': b'-- Installing: /home/ogan/ME461F25_LittleDaisies/project/ros_ws/install/mobile_sensor/share/mobile_sensor//node_modules/@jridgewell/trace-mapping/types/strip-filename.d.mts.map\n'}
[1.237148] (mobile_sensor) StdoutLine: {'line': b'-- Installing: /home/ogan/ME461F25_LittleDaisies/project/ros_ws/install/mobile_sensor/share/mobile_sensor//node_modules/@jridgewell/trace-mapping/types/resolve.d.cts.map\n'}
[1.237254] (mobile_sensor) StdoutLine: {'line': b'-- Installing: /home/ogan/ME461F25_LittleDaisies/project/ros_ws/install/mobile_sensor/share/mobile_sensor//node_modules/@jridgewell/trace-mapping/types/by-source.d.mts\n'}
[1.237360] (mobile_sensor) StdoutLine: {'line': b'-- Installing: /home/ogan/ME461F25_LittleDaisies/project/ros_ws/install/mobile_sensor/share/mobile_sensor//node_modules/@jridgewell/trace-mapping/types/sort.d.mts.map\n'}
[1.237464] (mobile_sensor) StdoutLine: {'line': b'-- Installing: /home/ogan/ME461F25_LittleDaisies/project/ros_ws/install/mobile_sensor/share/mobile_sensor//node_modules/@jridgewell/trace-mapping/types/types.d.mts\n'}
[1.237568] (mobile_sensor) StdoutLine: {'line': b'-- Installing: /home/ogan/ME461F25_LittleDaisies/project/ros_ws/install/mobile_sensor/share/mobile_sensor//node_modules/@jridgewell/trace-mapping/types/flatten-map.d.cts\n'}
[1.237670] (mobile_sensor) StdoutLine: {'line': b'-- Installing: /home/ogan/ME461F25_LittleDaisies/project/ros_ws/install/mobile_sensor/share/mobile_sensor//node_modules/@jridgewell/trace-mapping/types/binary-search.d.cts\n'}
[1.237772] (mobile_sensor) StdoutLine: {'line': b'-- Installing: /home/ogan/ME461F25_LittleDaisies/project/ros_ws/install/mobile_sensor/share/mobile_sensor//node_modules/@jridgewell/trace-mapping/types/sort.d.cts\n'}
[1.237874] (mobile_sensor) StdoutLine: {'line': b'-- Installing: /home/ogan/ME461F25_LittleDaisies/project/ros_ws/install/mobile_sensor/share/mobile_sensor//node_modules/@jridgewell/trace-mapping/types/trace-mapping.d.cts\n'}
[1.238000] (mobile_sensor) StdoutLine: {'line': b'-- Installing: /home/ogan/ME461F25_LittleDaisies/project/ros_ws/install/mobile_sensor/share/mobile_sensor//node_modules/@jridgewell/trace-mapping/types/resolve.d.cts\n'}
[1.238113] (mobile_sensor) StdoutLine: {'line': b'-- Installing: /home/ogan/ME461F25_LittleDaisies/project/ros_ws/install/mobile_sensor/share/mobile_sensor//node_modules/@jridgewell/trace-mapping/types/sourcemap-segment.d.cts\n'}
[1.238236] (mobile_sensor) StdoutLine: {'line': b'-- Installing: /home/ogan/ME461F25_LittleDaisies/project/ros_ws/install/mobile_sensor/share/mobile_sensor//node_modules/@jridgewell/trace-mapping/types/sort.d.mts\n'}
[1.238340] (mobile_sensor) StdoutLine: {'line': b'-- Installing: /home/ogan/ME461F25_LittleDaisies/project/ros_ws/install/mobile_sensor/share/mobile_sensor//node_modules/@jridgewell/trace-mapping/types/types.d.cts.map\n'}
[1.238450] (mobile_sensor) StdoutLine: {'line': b'-- Installing: /home/ogan/ME461F25_LittleDaisies/project/ros_ws/install/mobile_sensor/share/mobile_sensor//node_modules/@jridgewell/trace-mapping/types/binary-search.d.mts\n'}
[1.238556] (mobile_sensor) StdoutLine: {'line': b'-- Installing: /home/ogan/ME461F25_LittleDaisies/project/ros_ws/install/mobile_sensor/share/mobile_sensor//node_modules/@jridgewell/trace-mapping/types/strip-filename.d.cts.map\n'}
[1.238659] (mobile_sensor) StdoutLine: {'line': b'-- Installing: /home/ogan/ME461F25_LittleDaisies/project/ros_ws/install/mobile_sensor/share/mobile_sensor//node_modules/@jridgewell/trace-mapping/types/sort.d.cts.map\n'}
[1.238761] (mobile_sensor) StdoutLine: {'line': b'-- Installing: /home/ogan/ME461F25_LittleDaisies/project/ros_ws/install/mobile_sensor/share/mobile_sensor//node_modules/@jridgewell/trace-mapping/types/strip-filename.d.mts\n'}
[1.238868] (mobile_sensor) StdoutLine: {'line': b'-- Installing: /home/ogan/ME461F25_LittleDaisies/project/ros_ws/install/mobile_sensor/share/mobile_sensor//node_modules/@jridgewell/trace-mapping/README.md\n'}
[1.238975] (mobile_sensor) StdoutLine: {'line': b'-- Installing: /home/ogan/ME461F25_LittleDaisies/project/ros_ws/install/mobile_sensor/share/mobile_sensor//node_modules/@jridgewell/source-map\n'}
[1.239043] (mobile_sensor) StdoutLine: {'line': b'-- Installing: /home/ogan/ME461F25_LittleDaisies/project/ros_ws/install/mobile_sensor/share/mobile_sensor//node_modules/@jridgewell/source-map/dist\n'}
[1.239113] (mobile_sensor) StdoutLine: {'line': b'-- Installing: /home/ogan/ME461F25_LittleDaisies/project/ros_ws/install/mobile_sensor/share/mobile_sensor//node_modules/@jridgewell/source-map/dist/source-map.umd.js\n'}
[1.239264] (mobile_sensor) StdoutLine: {'line': b'-- Installing: /home/ogan/ME461F25_LittleDaisies/project/ros_ws/install/mobile_sensor/share/mobile_sensor//node_modules/@jridgewell/source-map/dist/source-map.mjs\n'}
[1.239359] (mobile_sensor) StdoutLine: {'line': b'-- Installing: /home/ogan/ME461F25_LittleDaisies/project/ros_ws/install/mobile_sensor/share/mobile_sensor//node_modules/@jridgewell/source-map/dist/source-map.mjs.map\n'}
[1.239459] (mobile_sensor) StdoutLine: {'line': b'-- Installing: /home/ogan/ME461F25_LittleDaisies/project/ros_ws/install/mobile_sensor/share/mobile_sensor//node_modules/@jridgewell/source-map/dist/source-map.umd.js.map\n'}
[1.239599] (mobile_sensor) StdoutLine: {'line': b'-- Installing: /home/ogan/ME461F25_LittleDaisies/project/ros_ws/install/mobile_sensor/share/mobile_sensor//node_modules/@jridgewell/source-map/package.json\n'}
[1.239700] (mobile_sensor) StdoutLine: {'line': b'-- Installing: /home/ogan/ME461F25_LittleDaisies/project/ros_ws/install/mobile_sensor/share/mobile_sensor//node_modules/@jridgewell/source-map/src\n'}
[1.239770] (mobile_sensor) StdoutLine: {'line': b'-- Installing: /home/ogan/ME461F25_LittleDaisies/project/ros_ws/install/mobile_sensor/share/mobile_sensor//node_modules/@jridgewell/source-map/src/source-map.ts\n'}
[1.239893] (mobile_sensor) StdoutLine: {'line': b'-- Installing: /home/ogan/ME461F25_LittleDaisies/project/ros_ws/install/mobile_sensor/share/mobile_sensor//node_modules/@jridgewell/source-map/LICENSE\n'}
[1.239980] (mobile_sensor) StdoutLine: {'line': b'-- Installing: /home/ogan/ME461F25_LittleDaisies/project/ros_ws/install/mobile_sensor/share/mobile_sensor//node_modules/@jridgewell/source-map/types\n'}
[1.240052] (mobile_sensor) StdoutLine: {'line': b'-- Installing: /home/ogan/ME461F25_LittleDaisies/project/ros_ws/install/mobile_sensor/share/mobile_sensor//node_modules/@jridgewell/source-map/types/source-map.d.cts.map\n'}
[1.240179] (mobile_sensor) StdoutLine: {'line': b'-- Installing: /home/ogan/ME461F25_LittleDaisies/project/ros_ws/install/mobile_sensor/share/mobile_sensor//node_modules/@jridgewell/source-map/types/source-map.d.cts\n'}
[1.240283] (mobile_sensor) StdoutLine: {'line': b'-- Installing: /home/ogan/ME461F25_LittleDaisies/project/ros_ws/install/mobile_sensor/share/mobile_sensor//node_modules/@jridgewell/source-map/types/source-map.d.mts.map\n'}
[1.240391] (mobile_sensor) StdoutLine: {'line': b'-- Installing: /home/ogan/ME461F25_LittleDaisies/project/ros_ws/install/mobile_sensor/share/mobile_sensor//node_modules/@jridgewell/source-map/types/source-map.d.mts\n'}
[1.240498] (mobile_sensor) StdoutLine: {'line': b'-- Installing: /home/ogan/ME461F25_LittleDaisies/project/ros_ws/install/mobile_sensor/share/mobile_sensor//node_modules/@jridgewell/source-map/README.md\n'}
[1.240600] (mobile_sensor) StdoutLine: {'line': b'-- Installing: /home/ogan/ME461F25_LittleDaisies/project/ros_ws/install/mobile_sensor/share/mobile_sensor//node_modules/@jridgewell/gen-mapping\n'}
[1.240666] (mobile_sensor) StdoutLine: {'line': b'-- Installing: /home/ogan/ME461F25_LittleDaisies/project/ros_ws/install/mobile_sensor/share/mobile_sensor//node_modules/@jridgewell/gen-mapping/dist\n'}
[1.240733] (mobile_sensor) StdoutLine: {'line': b'-- Installing: /home/ogan/ME461F25_LittleDaisies/project/ros_ws/install/mobile_sensor/share/mobile_sensor//node_modules/@jridgewell/gen-mapping/dist/gen-mapping.mjs\n'}
[1.240835] (mobile_sensor) StdoutLine: {'line': b'-- Installing: /home/ogan/ME461F25_LittleDaisies/project/ros_ws/install/mobile_sensor/share/mobile_sensor//node_modules/@jridgewell/gen-mapping/dist/types\n'}
[1.240907] (mobile_sensor) StdoutLine: {'line': b'-- Installing: /home/ogan/ME461F25_LittleDaisies/project/ros_ws/install/mobile_sensor/share/mobile_sensor//node_modules/@jridgewell/gen-mapping/dist/types/sourcemap-segment.d.ts\n'}
[1.241018] (mobile_sensor) StdoutLine: {'line': b'-- Installing: /home/ogan/ME461F25_LittleDaisies/project/ros_ws/install/mobile_sensor/share/mobile_sensor//node_modules/@jridgewell/gen-mapping/dist/types/gen-mapping.d.ts\n'}
[1.241140] (mobile_sensor) StdoutLine: {'line': b'-- Installing: /home/ogan/ME461F25_LittleDaisies/project/ros_ws/install/mobile_sensor/share/mobile_sensor//node_modules/@jridgewell/gen-mapping/dist/types/set-array.d.ts\n'}
[1.241242] (mobile_sensor) StdoutLine: {'line': b'-- Installing: /home/ogan/ME461F25_LittleDaisies/project/ros_ws/install/mobile_sensor/share/mobile_sensor//node_modules/@jridgewell/gen-mapping/dist/types/types.d.ts\n'}
[1.241348] (mobile_sensor) StdoutLine: {'line': b'-- Installing: /home/ogan/ME461F25_LittleDaisies/project/ros_ws/install/mobile_sensor/share/mobile_sensor//node_modules/@jridgewell/gen-mapping/dist/gen-mapping.umd.js.map\n'}
[1.241457] (mobile_sensor) StdoutLine: {'line': b'-- Installing: /home/ogan/ME461F25_LittleDaisies/project/ros_ws/install/mobile_sensor/share/mobile_sensor//node_modules/@jridgewell/gen-mapping/dist/gen-mapping.mjs.map\n'}
[1.241565] (mobile_sensor) StdoutLine: {'line': b'-- Installing: /home/ogan/ME461F25_LittleDaisies/project/ros_ws/install/mobile_sensor/share/mobile_sensor//node_modules/@jridgewell/gen-mapping/dist/gen-mapping.umd.js\n'}
[1.241673] (mobile_sensor) StdoutLine: {'line': b'-- Installing: /home/ogan/ME461F25_LittleDaisies/project/ros_ws/install/mobile_sensor/share/mobile_sensor//node_modules/@jridgewell/gen-mapping/package.json\n'}
[1.241768] (mobile_sensor) StdoutLine: {'line': b'-- Installing: /home/ogan/ME461F25_LittleDaisies/project/ros_ws/install/mobile_sensor/share/mobile_sensor//node_modules/@jridgewell/gen-mapping/src\n'}
[1.241841] (mobile_sensor) StdoutLine: {'line': b'-- Installing: /home/ogan/ME461F25_LittleDaisies/project/ros_ws/install/mobile_sensor/share/mobile_sensor//node_modules/@jridgewell/gen-mapping/src/sourcemap-segment.ts\n'}
[1.241946] (mobile_sensor) StdoutLine: {'line': b'-- Installing: /home/ogan/ME461F25_LittleDaisies/project/ros_ws/install/mobile_sensor/share/mobile_sensor//node_modules/@jridgewell/gen-mapping/src/types.ts\n'}
[1.242048] (mobile_sensor) StdoutLine: {'line': b'-- Installing: /home/ogan/ME461F25_LittleDaisies/project/ros_ws/install/mobile_sensor/share/mobile_sensor//node_modules/@jridgewell/gen-mapping/src/gen-mapping.ts\n'}
[1.242172] (mobile_sensor) StdoutLine: {'line': b'-- Installing: /home/ogan/ME461F25_LittleDaisies/project/ros_ws/install/mobile_sensor/share/mobile_sensor//node_modules/@jridgewell/gen-mapping/src/set-array.ts\n'}
[1.242275] (mobile_sensor) StdoutLine: {'line': b'-- Installing: /home/ogan/ME461F25_LittleDaisies/project/ros_ws/install/mobile_sensor/share/mobile_sensor//node_modules/@jridgewell/gen-mapping/LICENSE\n'}
[1.242381] (mobile_sensor) StdoutLine: {'line': b'-- Installing: /home/ogan/ME461F25_LittleDaisies/project/ros_ws/install/mobile_sensor/share/mobile_sensor//node_modules/@jridgewell/gen-mapping/types\n'}
[1.242455] (mobile_sensor) StdoutLine: {'line': b'-- Installing: /home/ogan/ME461F25_LittleDaisies/project/ros_ws/install/mobile_sensor/share/mobile_sensor//node_modules/@jridgewell/gen-mapping/types/set-array.d.cts.map\n'}
[1.242566] (mobile_sensor) StdoutLine: {'line': b'-- Installing: /home/ogan/ME461F25_LittleDaisies/project/ros_ws/install/mobile_sensor/share/mobile_sensor//node_modules/@jridgewell/gen-mapping/types/sourcemap-segment.d.cts.map\n'}
[1.242736] (mobile_sensor) StdoutLine: {'line': b'-- Installing: /home/ogan/ME461F25_LittleDaisies/project/ros_ws/install/mobile_sensor/share/mobile_sensor//node_modules/@jridgewell/gen-mapping/types/gen-mapping.d.cts.map\n'}
[1.242855] (mobile_sensor) StdoutLine: {'line': b'-- Installing: /home/ogan/ME461F25_LittleDaisies/project/ros_ws/install/mobile_sensor/share/mobile_sensor//node_modules/@jridgewell/gen-mapping/types/types.d.mts.map\n'}
[1.242925] (mobile_sensor) StdoutLine: {'line': b'-- Installing: /home/ogan/ME461F25_LittleDaisies/project/ros_ws/install/mobile_sensor/share/mobile_sensor//node_modules/@jridgewell/gen-mapping/types/set-array.d.mts\n'}
[1.243021] (mobile_sensor) StdoutLine: {'line': b'-- Installing: /home/ogan/ME461F25_LittleDaisies/project/ros_ws/install/mobile_sensor/share/mobile_sensor//node_modules/@jridgewell/gen-mapping/types/gen-mapping.d.mts.map\n'}
[1.243125] (mobile_sensor) StdoutLine: {'line': b'-- Installing: /home/ogan/ME461F25_LittleDaisies/project/ros_ws/install/mobile_sensor/share/mobile_sensor//node_modules/@jridgewell/gen-mapping/types/types.d.cts\n'}
[1.243249] (mobile_sensor) StdoutLine: {'line': b'-- Installing: /home/ogan/ME461F25_LittleDaisies/project/ros_ws/install/mobile_sensor/share/mobile_sensor//node_modules/@jridgewell/gen-mapping/types/sourcemap-segment.d.mts\n'}
[1.243346] (mobile_sensor) StdoutLine: {'line': b'-- Installing: /home/ogan/ME461F25_LittleDaisies/project/ros_ws/install/mobile_sensor/share/mobile_sensor//node_modules/@jridgewell/gen-mapping/types/gen-mapping.d.cts\n'}
[1.243449] (mobile_sensor) StdoutLine: {'line': b'-- Installing: /home/ogan/ME461F25_LittleDaisies/project/ros_ws/install/mobile_sensor/share/mobile_sensor//node_modules/@jridgewell/gen-mapping/types/set-array.d.cts\n'}
[1.243555] (mobile_sensor) StdoutLine: {'line': b'-- Installing: /home/ogan/ME461F25_LittleDaisies/project/ros_ws/install/mobile_sensor/share/mobile_sensor//node_modules/@jridgewell/gen-mapping/types/sourcemap-segment.d.mts.map\n'}
[1.243663] (mobile_sensor) StdoutLine: {'line': b'-- Installing: /home/ogan/ME461F25_LittleDaisies/project/ros_ws/install/mobile_sensor/share/mobile_sensor//node_modules/@jridgewell/gen-mapping/types/gen-mapping.d.mts\n'}
[1.243764] (mobile_sensor) StdoutLine: {'line': b'-- Installing: /home/ogan/ME461F25_LittleDaisies/project/ros_ws/install/mobile_sensor/share/mobile_sensor//node_modules/@jridgewell/gen-mapping/types/types.d.mts\n'}
[1.243863] (mobile_sensor) StdoutLine: {'line': b'-- Installing: /home/ogan/ME461F25_LittleDaisies/project/ros_ws/install/mobile_sensor/share/mobile_sensor//node_modules/@jridgewell/gen-mapping/types/sourcemap-segment.d.cts\n'}
[1.243965] (mobile_sensor) StdoutLine: {'line': b'-- Installing: /home/ogan/ME461F25_LittleDaisies/project/ros_ws/install/mobile_sensor/share/mobile_sensor//node_modules/@jridgewell/gen-mapping/types/types.d.cts.map\n'}
[1.244078] (mobile_sensor) StdoutLine: {'line': b'-- Installing: /home/ogan/ME461F25_LittleDaisies/project/ros_ws/install/mobile_sensor/share/mobile_sensor//node_modules/@jridgewell/gen-mapping/types/set-array.d.mts.map\n'}
[1.244189] (mobile_sensor) StdoutLine: {'line': b'-- Installing: /home/ogan/ME461F25_LittleDaisies/project/ros_ws/install/mobile_sensor/share/mobile_sensor//node_modules/@jridgewell/gen-mapping/README.md\n'}
[1.244293] (mobile_sensor) StdoutLine: {'line': b'-- Installing: /home/ogan/ME461F25_LittleDaisies/project/ros_ws/install/mobile_sensor/share/mobile_sensor//node_modules/es6-symbol\n'}
[1.244368] (mobile_sensor) StdoutLine: {'line': b'-- Installing: /home/ogan/ME461F25_LittleDaisies/project/ros_ws/install/mobile_sensor/share/mobile_sensor//node_modules/es6-symbol/polyfill.js\n'}
[1.244468] (mobile_sensor) StdoutLine: {'line': b'-- Installing: /home/ogan/ME461F25_LittleDaisies/project/ros_ws/install/mobile_sensor/share/mobile_sensor//node_modules/es6-symbol/package.json\n'}
[1.244564] (mobile_sensor) StdoutLine: {'line': b'-- Installing: /home/ogan/ME461F25_LittleDaisies/project/ros_ws/install/mobile_sensor/share/mobile_sensor//node_modules/es6-symbol/is-native-implemented.js\n'}
[1.244659] (mobile_sensor) StdoutLine: {'line': b'-- Installing: /home/ogan/ME461F25_LittleDaisies/project/ros_ws/install/mobile_sensor/share/mobile_sensor//node_modules/es6-symbol/is-implemented.js\n'}
[1.244755] (mobile_sensor) StdoutLine: {'line': b'-- Installing: /home/ogan/ME461F25_LittleDaisies/project/ros_ws/install/mobile_sensor/share/mobile_sensor//node_modules/es6-symbol/is-symbol.js\n'}
[1.244851] (mobile_sensor) StdoutLine: {'line': b'-- Installing: /home/ogan/ME461F25_LittleDaisies/project/ros_ws/install/mobile_sensor/share/mobile_sensor//node_modules/es6-symbol/LICENSE\n'}
[1.244952] (mobile_sensor) StdoutLine: {'line': b'-- Installing: /home/ogan/ME461F25_LittleDaisies/project/ros_ws/install/mobile_sensor/share/mobile_sensor//node_modules/es6-symbol/index.js\n'}
[1.245051] (mobile_sensor) StdoutLine: {'line': b'-- Installing: /home/ogan/ME461F25_LittleDaisies/project/ros_ws/install/mobile_sensor/share/mobile_sensor//node_modules/es6-symbol/lib\n'}
[1.245114] (mobile_sensor) StdoutLine: {'line': b'-- Installing: /home/ogan/ME461F25_LittleDaisies/project/ros_ws/install/mobile_sensor/share/mobile_sensor//node_modules/es6-symbol/lib/private\n'}
[1.245184] (mobile_sensor) StdoutLine: {'line': b'-- Installing: /home/ogan/ME461F25_LittleDaisies/project/ros_ws/install/mobile_sensor/share/mobile_sensor//node_modules/es6-symbol/lib/private/setup\n'}
[1.245252] (mobile_sensor) StdoutLine: {'line': b'-- Installing: /home/ogan/ME461F25_LittleDaisies/project/ros_ws/install/mobile_sensor/share/mobile_sensor//node_modules/es6-symbol/lib/private/setup/standard-symbols.js\n'}
[1.245365] (mobile_sensor) StdoutLine: {'line': b'-- Installing: /home/ogan/ME461F25_LittleDaisies/project/ros_ws/install/mobile_sensor/share/mobile_sensor//node_modules/es6-symbol/lib/private/setup/symbol-registry.js\n'}
[1.245467] (mobile_sensor) StdoutLine: {'line': b'-- Installing: /home/ogan/ME461F25_LittleDaisies/project/ros_ws/install/mobile_sensor/share/mobile_sensor//node_modules/es6-symbol/lib/private/generate-name.js\n'}
[1.245568] (mobile_sensor) StdoutLine: {'line': b'-- Installing: /home/ogan/ME461F25_LittleDaisies/project/ros_ws/install/mobile_sensor/share/mobile_sensor//node_modules/es6-symbol/validate-symbol.js\n'}
[1.245672] (mobile_sensor) StdoutLine: {'line': b'-- Installing: /home/ogan/ME461F25_LittleDaisies/project/ros_ws/install/mobile_sensor/share/mobile_sensor//node_modules/es6-symbol/CHANGELOG.md\n'}
[1.245772] (mobile_sensor) StdoutLine: {'line': b'-- Installing: /home/ogan/ME461F25_LittleDaisies/project/ros_ws/install/mobile_sensor/share/mobile_sensor//node_modules/es6-symbol/implement.js\n'}
[1.245869] (mobile_sensor) StdoutLine: {'line': b'-- Installing: /home/ogan/ME461F25_LittleDaisies/project/ros_ws/install/mobile_sensor/share/mobile_sensor//node_modules/es6-symbol/README.md\n'}
[1.245966] (mobile_sensor) StdoutLine: {'line': b'-- Installing: /home/ogan/ME461F25_LittleDaisies/project/ros_ws/install/mobile_sensor/share/mobile_sensor//node_modules/es6-symbol/.testignore\n'}
[1.246070] (mobile_sensor) StdoutLine: {'line': b'-- Installing: /home/ogan/ME461F25_LittleDaisies/project/ros_ws/install/mobile_sensor/share/mobile_sensor//node_modules/es6-symbol/CHANGES\n'}
[1.246178] (mobile_sensor) StdoutLine: {'line': b'-- Installing: /home/ogan/ME461F25_LittleDaisies/project/ros_ws/install/mobile_sensor/share/mobile_sensor//node_modules/object-inspect\n'}
[1.246246] (mobile_sensor) StdoutLine: {'line': b'-- Installing: /home/ogan/ME461F25_LittleDaisies/project/ros_ws/install/mobile_sensor/share/mobile_sensor//node_modules/object-inspect/example\n'}
[1.246309] (mobile_sensor) StdoutLine: {'line': b'-- Installing: /home/ogan/ME461F25_LittleDaisies/project/ros_ws/install/mobile_sensor/share/mobile_sensor//node_modules/object-inspect/example/fn.js\n'}
[1.246410] (mobile_sensor) StdoutLine: {'line': b'-- Installing: /home/ogan/ME461F25_LittleDaisies/project/ros_ws/install/mobile_sensor/share/mobile_sensor//node_modules/object-inspect/example/inspect.js\n'}
[1.246510] (mobile_sensor) StdoutLine: {'line': b'-- Installing: /home/ogan/ME461F25_LittleDaisies/project/ros_ws/install/mobile_sensor/share/mobile_sensor//node_modules/object-inspect/example/circular.js\n'}
[1.246608] (mobile_sensor) StdoutLine: {'line': b'-- Installing: /home/ogan/ME461F25_LittleDaisies/project/ros_ws/install/mobile_sensor/share/mobile_sensor//node_modules/object-inspect/example/all.js\n'}
[1.246711] (mobile_sensor) StdoutLine: {'line': b'-- Installing: /home/ogan/ME461F25_LittleDaisies/project/ros_ws/install/mobile_sensor/share/mobile_sensor//node_modules/object-inspect/.eslintrc\n'}
[1.246809] (mobile_sensor) StdoutLine: {'line': b'-- Installing: /home/ogan/ME461F25_LittleDaisies/project/ros_ws/install/mobile_sensor/share/mobile_sensor//node_modules/object-inspect/package.json\n'}
[1.246910] (mobile_sensor) StdoutLine: {'line': b'-- Installing: /home/ogan/ME461F25_LittleDaisies/project/ros_ws/install/mobile_sensor/share/mobile_sensor//node_modules/object-inspect/LICENSE\n'}
[1.247007] (mobile_sensor) StdoutLine: {'line': b'-- Installing: /home/ogan/ME461F25_LittleDaisies/project/ros_ws/install/mobile_sensor/share/mobile_sensor//node_modules/object-inspect/test-core-js.js\n'}
[1.247104] (mobile_sensor) StdoutLine: {'line': b'-- Installing: /home/ogan/ME461F25_LittleDaisies/project/ros_ws/install/mobile_sensor/share/mobile_sensor//node_modules/object-inspect/index.js\n'}
[1.247226] (mobile_sensor) StdoutLine: {'line': b'-- Installing: /home/ogan/ME461F25_LittleDaisies/project/ros_ws/install/mobile_sensor/share/mobile_sensor//node_modules/object-inspect/util.inspect.js\n'}
[1.247322] (mobile_sensor) StdoutLine: {'line': b'-- Installing: /home/ogan/ME461F25_LittleDaisies/project/ros_ws/install/mobile_sensor/share/mobile_sensor//node_modules/object-inspect/CHANGELOG.md\n'}
[1.247457] (mobile_sensor) StdoutLine: {'line': b'-- Installing: /home/ogan/ME461F25_LittleDaisies/project/ros_ws/install/mobile_sensor/share/mobile_sensor//node_modules/object-inspect/package-support.json\n'}
[1.247551] (mobile_sensor) StdoutLine: {'line': b'-- Installing: /home/ogan/ME461F25_LittleDaisies/project/ros_ws/install/mobile_sensor/share/mobile_sensor//node_modules/object-inspect/test\n'}
[1.247624] (mobile_sensor) StdoutLine: {'line': b'-- Installing: /home/ogan/ME461F25_LittleDaisies/project/ros_ws/install/mobile_sensor/share/mobile_sensor//node_modules/object-inspect/test/undef.js\n'}
[1.247724] (mobile_sensor) StdoutLine: {'line': b'-- Installing: /home/ogan/ME461F25_LittleDaisies/project/ros_ws/install/mobile_sensor/share/mobile_sensor//node_modules/object-inspect/test/has.js\n'}
[1.247822] (mobile_sensor) StdoutLine: {'line': b'-- Installing: /home/ogan/ME461F25_LittleDaisies/project/ros_ws/install/mobile_sensor/share/mobile_sensor//node_modules/object-inspect/test/holes.js\n'}
[1.247922] (mobile_sensor) StdoutLine: {'line': b'-- Installing: /home/ogan/ME461F25_LittleDaisies/project/ros_ws/install/mobile_sensor/share/mobile_sensor//node_modules/object-inspect/test/number.js\n'}
[1.248034] (mobile_sensor) StdoutLine: {'line': b'-- Installing: /home/ogan/ME461F25_LittleDaisies/project/ros_ws/install/mobile_sensor/share/mobile_sensor//node_modules/object-inspect/test/fakes.js\n'}
[1.248139] (mobile_sensor) StdoutLine: {'line': b'-- Installing: /home/ogan/ME461F25_LittleDaisies/project/ros_ws/install/mobile_sensor/share/mobile_sensor//node_modules/object-inspect/test/err.js\n'}
[1.248239] (mobile_sensor) StdoutLine: {'line': b'-- Installing: /home/ogan/ME461F25_LittleDaisies/project/ros_ws/install/mobile_sensor/share/mobile_sensor//node_modules/object-inspect/test/fn.js\n'}
[1.248338] (mobile_sensor) StdoutLine: {'line': b'-- Installing: /home/ogan/ME461F25_LittleDaisies/project/ros_ws/install/mobile_sensor/share/mobile_sensor//node_modules/object-inspect/test/values.js\n'}
[1.248452] (mobile_sensor) StdoutLine: {'line': b'-- Installing: /home/ogan/ME461F25_LittleDaisies/project/ros_ws/install/mobile_sensor/share/mobile_sensor//node_modules/object-inspect/test/bigint.js\n'}
[1.248554] (mobile_sensor) StdoutLine: {'line': b'-- Installing: /home/ogan/ME461F25_LittleDaisies/project/ros_ws/install/mobile_sensor/share/mobile_sensor//node_modules/object-inspect/test/deep.js\n'}
[1.248653] (mobile_sensor) StdoutLine: {'line': b'-- Installing: /home/ogan/ME461F25_LittleDaisies/project/ros_ws/install/mobile_sensor/share/mobile_sensor//node_modules/object-inspect/test/quoteStyle.js\n'}
[1.248753] (mobile_sensor) StdoutLine: {'line': b'-- Installing: /home/ogan/ME461F25_LittleDaisies/project/ros_ws/install/mobile_sensor/share/mobile_sensor//node_modules/object-inspect/test/element.js\n'}
[1.248874] (mobile_sensor) StdoutLine: {'line': b'-- Installing: /home/ogan/ME461F25_LittleDaisies/project/ros_ws/install/mobile_sensor/share/mobile_sensor//node_modules/object-inspect/test/global.js\n'}
[1.248971] (mobile_sensor) StdoutLine: {'line': b'-- Installing: /home/ogan/ME461F25_LittleDaisies/project/ros_ws/install/mobile_sensor/share/mobile_sensor//node_modules/object-inspect/test/browser\n'}
[1.249041] (mobile_sensor) StdoutLine: {'line': b'-- Installing: /home/ogan/ME461F25_LittleDaisies/project/ros_ws/install/mobile_sensor/share/mobile_sensor//node_modules/object-inspect/test/browser/dom.js\n'}
[1.249148] (mobile_sensor) StdoutLine: {'line': b'-- Installing: /home/ogan/ME461F25_LittleDaisies/project/ros_ws/install/mobile_sensor/share/mobile_sensor//node_modules/object-inspect/test/toStringTag.js\n'}
[1.249252] (mobile_sensor) StdoutLine: {'line': b'-- Installing: /home/ogan/ME461F25_LittleDaisies/project/ros_ws/install/mobile_sensor/share/mobile_sensor//node_modules/object-inspect/test/indent-option.js\n'}
[1.249355] (mobile_sensor) StdoutLine: {'line': b'-- Installing: /home/ogan/ME461F25_LittleDaisies/project/ros_ws/install/mobile_sensor/share/mobile_sensor//node_modules/object-inspect/test/inspect.js\n'}
[1.249459] (mobile_sensor) StdoutLine: {'line': b'-- Installing: /home/ogan/ME461F25_LittleDaisies/project/ros_ws/install/mobile_sensor/share/mobile_sensor//node_modules/object-inspect/test/circular.js\n'}
[1.249558] (mobile_sensor) StdoutLine: {'line': b'-- Installing: /home/ogan/ME461F25_LittleDaisies/project/ros_ws/install/mobile_sensor/share/mobile_sensor//node_modules/object-inspect/test/lowbyte.js\n'}
[1.249654] (mobile_sensor) StdoutLine: {'line': b'-- Installing: /home/ogan/ME461F25_LittleDaisies/project/ros_ws/install/mobile_sensor/share/mobile_sensor//node_modules/object-inspect/.github\n'}
[1.249725] (mobile_sensor) StdoutLine: {'line': b'-- Installing: /home/ogan/ME461F25_LittleDaisies/project/ros_ws/install/mobile_sensor/share/mobile_sensor//node_modules/object-inspect/.github/FUNDING.yml\n'}
[1.249826] (mobile_sensor) StdoutLine: {'line': b'-- Installing: /home/ogan/ME461F25_LittleDaisies/project/ros_ws/install/mobile_sensor/share/mobile_sensor//node_modules/object-inspect/readme.markdown\n'}
[1.249924] (mobile_sensor) StdoutLine: {'line': b'-- Installing: /home/ogan/ME461F25_LittleDaisies/project/ros_ws/install/mobile_sensor/share/mobile_sensor//node_modules/object-inspect/.nycrc\n'}
[1.250021] (mobile_sensor) StdoutLine: {'line': b'-- Installing: /home/ogan/ME461F25_LittleDaisies/project/ros_ws/install/mobile_sensor/share/mobile_sensor//node_modules/array-index\n'}
[1.250104] (mobile_sensor) StdoutLine: {'line': b'-- Installing: /home/ogan/ME461F25_LittleDaisies/project/ros_ws/install/mobile_sensor/share/mobile_sensor//node_modules/array-index/.npmignore\n'}
[1.250224] (mobile_sensor) StdoutLine: {'line': b'-- Installing: /home/ogan/ME461F25_LittleDaisies/project/ros_ws/install/mobile_sensor/share/mobile_sensor//node_modules/array-index/package.json\n'}
[1.250328] (mobile_sensor) StdoutLine: {'line': b'-- Installing: /home/ogan/ME461F25_LittleDaisies/project/ros_ws/install/mobile_sensor/share/mobile_sensor//node_modules/array-index/LICENSE\n'}
[1.250428] (mobile_sensor) StdoutLine: {'line': b'-- Installing: /home/ogan/ME461F25_LittleDaisies/project/ros_ws/install/mobile_sensor/share/mobile_sensor//node_modules/array-index/index.js\n'}
[1.250523] (mobile_sensor) StdoutLine: {'line': b'-- Installing: /home/ogan/ME461F25_LittleDaisies/project/ros_ws/install/mobile_sensor/share/mobile_sensor//node_modules/array-index/test.js\n'}
[1.250621] (mobile_sensor) StdoutLine: {'line': b'-- Installing: /home/ogan/ME461F25_LittleDaisies/project/ros_ws/install/mobile_sensor/share/mobile_sensor//node_modules/array-index/Makefile\n'}
[1.250718] (mobile_sensor) StdoutLine: {'line': b'-- Installing: /home/ogan/ME461F25_LittleDaisies/project/ros_ws/install/mobile_sensor/share/mobile_sensor//node_modules/array-index/History.md\n'}
[1.250815] (mobile_sensor) StdoutLine: {'line': b'-- Installing: /home/ogan/ME461F25_LittleDaisies/project/ros_ws/install/mobile_sensor/share/mobile_sensor//node_modules/array-index/component.json\n'}
[1.250917] (mobile_sensor) StdoutLine: {'line': b'-- Installing: /home/ogan/ME461F25_LittleDaisies/project/ros_ws/install/mobile_sensor/share/mobile_sensor//node_modules/array-index/README.md\n'}
[1.251048] (mobile_sensor) StdoutLine: {'line': b'-- Installing: /home/ogan/ME461F25_LittleDaisies/project/ros_ws/install/mobile_sensor/share/mobile_sensor//node_modules/array-index/.travis.yml\n'}
[1.251148] (mobile_sensor) StdoutLine: {'line': b'-- Installing: /home/ogan/ME461F25_LittleDaisies/project/ros_ws/install/mobile_sensor/share/mobile_sensor//node_modules/array-index/.jshintrc\n'}
[1.251277] (mobile_sensor) StdoutLine: {'line': b'-- Installing: /home/ogan/ME461F25_LittleDaisies/project/ros_ws/install/mobile_sensor/share/mobile_sensor//node_modules/file-uri-to-path\n'}
[1.251327] (mobile_sensor) StdoutLine: {'line': b'-- Installing: /home/ogan/ME461F25_LittleDaisies/project/ros_ws/install/mobile_sensor/share/mobile_sensor//node_modules/file-uri-to-path/.npmignore\n'}
[1.251426] (mobile_sensor) StdoutLine: {'line': b'-- Installing: /home/ogan/ME461F25_LittleDaisies/project/ros_ws/install/mobile_sensor/share/mobile_sensor//node_modules/file-uri-to-path/package.json\n'}
[1.251523] (mobile_sensor) StdoutLine: {'line': b'-- Installing: /home/ogan/ME461F25_LittleDaisies/project/ros_ws/install/mobile_sensor/share/mobile_sensor//node_modules/file-uri-to-path/LICENSE\n'}
[1.251620] (mobile_sensor) StdoutLine: {'line': b'-- Installing: /home/ogan/ME461F25_LittleDaisies/project/ros_ws/install/mobile_sensor/share/mobile_sensor//node_modules/file-uri-to-path/index.js\n'}
[1.251716] (mobile_sensor) StdoutLine: {'line': b'-- Installing: /home/ogan/ME461F25_LittleDaisies/project/ros_ws/install/mobile_sensor/share/mobile_sensor//node_modules/file-uri-to-path/index.d.ts\n'}
[1.251812] (mobile_sensor) StdoutLine: {'line': b'-- Installing: /home/ogan/ME461F25_LittleDaisies/project/ros_ws/install/mobile_sensor/share/mobile_sensor//node_modules/file-uri-to-path/History.md\n'}
[1.251907] (mobile_sensor) StdoutLine: {'line': b'-- Installing: /home/ogan/ME461F25_LittleDaisies/project/ros_ws/install/mobile_sensor/share/mobile_sensor//node_modules/file-uri-to-path/test\n'}
[1.251981] (mobile_sensor) StdoutLine: {'line': b'-- Installing: /home/ogan/ME461F25_LittleDaisies/project/ros_ws/install/mobile_sensor/share/mobile_sensor//node_modules/file-uri-to-path/test/test.js\n'}
[1.252089] (mobile_sensor) StdoutLine: {'line': b'-- Installing: /home/ogan/ME461F25_LittleDaisies/project/ros_ws/install/mobile_sensor/share/mobile_sensor//node_modules/file-uri-to-path/test/tests.json\n'}
[1.252194] (mobile_sensor) StdoutLine: {'line': b'-- Installing: /home/ogan/ME461F25_LittleDaisies/project/ros_ws/install/mobile_sensor/share/mobile_sensor//node_modules/file-uri-to-path/README.md\n'}
[1.252292] (mobile_sensor) StdoutLine: {'line': b'-- Installing: /home/ogan/ME461F25_LittleDaisies/project/ros_ws/install/mobile_sensor/share/mobile_sensor//node_modules/file-uri-to-path/.travis.yml\n'}
[1.252389] (mobile_sensor) StdoutLine: {'line': b'-- Installing: /home/ogan/ME461F25_LittleDaisies/project/ros_ws/install/mobile_sensor/share/mobile_sensor//node_modules/fs\n'}
[1.252459] (mobile_sensor) StdoutLine: {'line': b'-- Installing: /home/ogan/ME461F25_LittleDaisies/project/ros_ws/install/mobile_sensor/share/mobile_sensor//node_modules/fs/package.json\n'}
[1.252559] (mobile_sensor) StdoutLine: {'line': b'-- Installing: /home/ogan/ME461F25_LittleDaisies/project/ros_ws/install/mobile_sensor/share/mobile_sensor//node_modules/fs/README.md\n'}
[1.252654] (mobile_sensor) StdoutLine: {'line': b'-- Installing: /home/ogan/ME461F25_LittleDaisies/project/ros_ws/install/mobile_sensor/share/mobile_sensor//node_modules/utils-merge\n'}
[1.252727] (mobile_sensor) StdoutLine: {'line': b'-- Installing: /home/ogan/ME461F25_LittleDaisies/project/ros_ws/install/mobile_sensor/share/mobile_sensor//node_modules/utils-merge/.npmignore\n'}
[1.252823] (mobile_sensor) StdoutLine: {'line': b'-- Installing: /home/ogan/ME461F25_LittleDaisies/project/ros_ws/install/mobile_sensor/share/mobile_sensor//node_modules/utils-merge/package.json\n'}
[1.252924] (mobile_sensor) StdoutLine: {'line': b'-- Installing: /home/ogan/ME461F25_LittleDaisies/project/ros_ws/install/mobile_sensor/share/mobile_sensor//node_modules/utils-merge/LICENSE\n'}
[1.253024] (mobile_sensor) StdoutLine: {'line': b'-- Installing: /home/ogan/ME461F25_LittleDaisies/project/ros_ws/install/mobile_sensor/share/mobile_sensor//node_modules/utils-merge/index.js\n'}
[1.253124] (mobile_sensor) StdoutLine: {'line': b'-- Installing: /home/ogan/ME461F25_LittleDaisies/project/ros_ws/install/mobile_sensor/share/mobile_sensor//node_modules/utils-merge/README.md\n'}
[1.253223] (mobile_sensor) StdoutLine: {'line': b'-- Installing: /home/ogan/ME461F25_LittleDaisies/project/ros_ws/install/mobile_sensor/share/mobile_sensor//node_modules/source-map\n'}
[1.253286] (mobile_sensor) StdoutLine: {'line': b'-- Installing: /home/ogan/ME461F25_LittleDaisies/project/ros_ws/install/mobile_sensor/share/mobile_sensor//node_modules/source-map/dist\n'}
[1.253350] (mobile_sensor) StdoutLine: {'line': b'-- Installing: /home/ogan/ME461F25_LittleDaisies/project/ros_ws/install/mobile_sensor/share/mobile_sensor//node_modules/source-map/dist/source-map.min.js\n'}
[1.253479] (mobile_sensor) StdoutLine: {'line': b'-- Installing: /home/ogan/ME461F25_LittleDaisies/project/ros_ws/install/mobile_sensor/share/mobile_sensor//node_modules/source-map/dist/source-map.js\n'}
[1.253673] (mobile_sensor) StdoutLine: {'line': b'-- Installing: /home/ogan/ME461F25_LittleDaisies/project/ros_ws/install/mobile_sensor/share/mobile_sensor//node_modules/source-map/dist/source-map.debug.js\n'}
[1.254011] (mobile_sensor) StdoutLine: {'line': b'-- Installing: /home/ogan/ME461F25_LittleDaisies/project/ros_ws/install/mobile_sensor/share/mobile_sensor//node_modules/source-map/dist/source-map.min.js.map\n'}
[1.254337] (mobile_sensor) StdoutLine: {'line': b'-- Installing: /home/ogan/ME461F25_LittleDaisies/project/ros_ws/install/mobile_sensor/share/mobile_sensor//node_modules/source-map/package.json\n'}
[1.254434] (mobile_sensor) StdoutLine: {'line': b'-- Installing: /home/ogan/ME461F25_LittleDaisies/project/ros_ws/install/mobile_sensor/share/mobile_sensor//node_modules/source-map/source-map.js\n'}
[1.254532] (mobile_sensor) StdoutLine: {'line': b'-- Installing: /home/ogan/ME461F25_LittleDaisies/project/ros_ws/install/mobile_sensor/share/mobile_sensor//node_modules/source-map/LICENSE\n'}
[1.254625] (mobile_sensor) StdoutLine: {'line': b'-- Installing: /home/ogan/ME461F25_LittleDaisies/project/ros_ws/install/mobile_sensor/share/mobile_sensor//node_modules/source-map/lib\n'}
[1.254696] (mobile_sensor) StdoutLine: {'line': b'-- Installing: /home/ogan/ME461F25_LittleDaisies/project/ros_ws/install/mobile_sensor/share/mobile_sensor//node_modules/source-map/lib/mapping-list.js\n'}
[1.254798] (mobile_sensor) StdoutLine: {'line': b'-- Installing: /home/ogan/ME461F25_LittleDaisies/project/ros_ws/install/mobile_sensor/share/mobile_sensor//node_modules/source-map/lib/binary-search.js\n'}
[1.254953] (mobile_sensor) StdoutLine: {'line': b'-- Installing: /home/ogan/ME461F25_LittleDaisies/project/ros_ws/install/mobile_sensor/share/mobile_sensor//node_modules/source-map/lib/quick-sort.js\n'}
[1.255050] (mobile_sensor) StdoutLine: {'line': b'-- Installing: /home/ogan/ME461F25_LittleDaisies/project/ros_ws/install/mobile_sensor/share/mobile_sensor//node_modules/source-map/lib/base64.js\n'}
[1.255154] (mobile_sensor) StdoutLine: {'line': b'-- Installing: /home/ogan/ME461F25_LittleDaisies/project/ros_ws/install/mobile_sensor/share/mobile_sensor//node_modules/source-map/lib/source-node.js\n'}
[1.255265] (mobile_sensor) StdoutLine: {'line': b'-- Installing: /home/ogan/ME461F25_LittleDaisies/project/ros_ws/install/mobile_sensor/share/mobile_sensor//node_modules/source-map/lib/source-map-generator.js\n'}
[1.255377] (mobile_sensor) StdoutLine: {'line': b'-- Installing: /home/ogan/ME461F25_LittleDaisies/project/ros_ws/install/mobile_sensor/share/mobile_sensor//node_modules/source-map/lib/source-map-consumer.js\n'}
[1.255511] (mobile_sensor) StdoutLine: {'line': b'-- Installing: /home/ogan/ME461F25_LittleDaisies/project/ros_ws/install/mobile_sensor/share/mobile_sensor//node_modules/source-map/lib/base64-vlq.js\n'}
[1.255657] (mobile_sensor) StdoutLine: {'line': b'-- Installing: /home/ogan/ME461F25_LittleDaisies/project/ros_ws/install/mobile_sensor/share/mobile_sensor//node_modules/source-map/lib/util.js\n'}
[1.255780] (mobile_sensor) StdoutLine: {'line': b'-- Installing: /home/ogan/ME461F25_LittleDaisies/project/ros_ws/install/mobile_sensor/share/mobile_sensor//node_modules/source-map/lib/array-set.js\n'}
[1.255891] (mobile_sensor) StdoutLine: {'line': b'-- Installing: /home/ogan/ME461F25_LittleDaisies/project/ros_ws/install/mobile_sensor/share/mobile_sensor//node_modules/source-map/CHANGELOG.md\n'}
[1.256000] (mobile_sensor) StdoutLine: {'line': b'-- Installing: /home/ogan/ME461F25_LittleDaisies/project/ros_ws/install/mobile_sensor/share/mobile_sensor//node_modules/source-map/source-map.d.ts\n'}
[1.256068] (mobile_sensor) StdoutLine: {'line': b'-- Installing: /home/ogan/ME461F25_LittleDaisies/project/ros_ws/install/mobile_sensor/share/mobile_sensor//node_modules/source-map/README.md\n'}
[1.256186] (mobile_sensor) StdoutLine: {'line': b'-- Installing: /home/ogan/ME461F25_LittleDaisies/project/ros_ws/install/mobile_sensor/share/mobile_sensor//node_modules/es-object-atoms\n'}
[1.256258] (mobile_sensor) StdoutLine: {'line': b'-- Installing: /home/ogan/ME461F25_LittleDaisies/project/ros_ws/install/mobile_sensor/share/mobile_sensor//node_modules/es-object-atoms/RequireObjectCoercible.js\n'}
[1.256362] (mobile_sensor) StdoutLine: {'line': b'-- Installing: /home/ogan/ME461F25_LittleDaisies/project/ros_ws/install/mobile_sensor/share/mobile_sensor//node_modules/es-object-atoms/.eslintrc\n'}
[1.256464] (mobile_sensor) StdoutLine: {'line': b'-- Installing: /home/ogan/ME461F25_LittleDaisies/project/ros_ws/install/mobile_sensor/share/mobile_sensor//node_modules/es-object-atoms/package.json\n'}
[1.256562] (mobile_sensor) StdoutLine: {'line': b'-- Installing: /home/ogan/ME461F25_LittleDaisies/project/ros_ws/install/mobile_sensor/share/mobile_sensor//node_modules/es-object-atoms/LICENSE\n'}
[1.256659] (mobile_sensor) StdoutLine: {'line': b'-- Installing: /home/ogan/ME461F25_LittleDaisies/project/ros_ws/install/mobile_sensor/share/mobile_sensor//node_modules/es-object-atoms/ToObject.js\n'}
[1.256759] (mobile_sensor) StdoutLine: {'line': b'-- Installing: /home/ogan/ME461F25_LittleDaisies/project/ros_ws/install/mobile_sensor/share/mobile_sensor//node_modules/es-object-atoms/index.js\n'}
[1.256855] (mobile_sensor) StdoutLine: {'line': b'-- Installing: /home/ogan/ME461F25_LittleDaisies/project/ros_ws/install/mobile_sensor/share/mobile_sensor//node_modules/es-object-atoms/ToObject.d.ts\n'}
[1.256953] (mobile_sensor) StdoutLine: {'line': b'-- Installing: /home/ogan/ME461F25_LittleDaisies/project/ros_ws/install/mobile_sensor/share/mobile_sensor//node_modules/es-object-atoms/index.d.ts\n'}
[1.257223] (mobile_sensor) StdoutLine: {'line': b'-- Installing: /home/ogan/ME461F25_LittleDaisies/project/ros_ws/install/mobile_sensor/share/mobile_sensor//node_modules/es-object-atoms/CHANGELOG.md\n'}
[1.257321] (mobile_sensor) StdoutLine: {'line': b'-- Installing: /home/ogan/ME461F25_LittleDaisies/project/ros_ws/install/mobile_sensor/share/mobile_sensor//node_modules/es-object-atoms/RequireObjectCoercible.d.ts\n'}
[1.257424] (mobile_sensor) StdoutLine: {'line': b'-- Installing: /home/ogan/ME461F25_LittleDaisies/project/ros_ws/install/mobile_sensor/share/mobile_sensor//node_modules/es-object-atoms/tsconfig.json\n'}
[1.257514] (mobile_sensor) StdoutLine: {'line': b'-- Installing: /home/ogan/ME461F25_LittleDaisies/project/ros_ws/install/mobile_sensor/share/mobile_sensor//node_modules/es-object-atoms/test\n'}
[1.257591] (mobile_sensor) StdoutLine: {'line': b'-- Installing: /home/ogan/ME461F25_LittleDaisies/project/ros_ws/install/mobile_sensor/share/mobile_sensor//node_modules/es-object-atoms/test/index.js\n'}
[1.257692] (mobile_sensor) StdoutLine: {'line': b'-- Installing: /home/ogan/ME461F25_LittleDaisies/project/ros_ws/install/mobile_sensor/share/mobile_sensor//node_modules/es-object-atoms/isObject.d.ts\n'}
[1.257792] (mobile_sensor) StdoutLine: {'line': b'-- Installing: /home/ogan/ME461F25_LittleDaisies/project/ros_ws/install/mobile_sensor/share/mobile_sensor//node_modules/es-object-atoms/README.md\n'}
[1.257896] (mobile_sensor) StdoutLine: {'line': b'-- Installing: /home/ogan/ME461F25_LittleDaisies/project/ros_ws/install/mobile_sensor/share/mobile_sensor//node_modules/es-object-atoms/.github\n'}
[1.257952] (mobile_sensor) StdoutLine: {'line': b'-- Installing: /home/ogan/ME461F25_LittleDaisies/project/ros_ws/install/mobile_sensor/share/mobile_sensor//node_modules/es-object-atoms/.github/FUNDING.yml\n'}
[1.258059] (mobile_sensor) StdoutLine: {'line': b'-- Installing: /home/ogan/ME461F25_LittleDaisies/project/ros_ws/install/mobile_sensor/share/mobile_sensor//node_modules/es-object-atoms/isObject.js\n'}
[1.258174] (mobile_sensor) StdoutLine: {'line': b'-- Installing: /home/ogan/ME461F25_LittleDaisies/project/ros_ws/install/mobile_sensor/share/mobile_sensor//node_modules/cookie-signature\n'}
[1.258242] (mobile_sensor) StdoutLine: {'line': b'-- Installing: /home/ogan/ME461F25_LittleDaisies/project/ros_ws/install/mobile_sensor/share/mobile_sensor//node_modules/cookie-signature/package.json\n'}
[1.258341] (mobile_sensor) StdoutLine: {'line': b'-- Installing: /home/ogan/ME461F25_LittleDaisies/project/ros_ws/install/mobile_sensor/share/mobile_sensor//node_modules/cookie-signature/index.js\n'}
[1.258436] (mobile_sensor) StdoutLine: {'line': b'-- Installing: /home/ogan/ME461F25_LittleDaisies/project/ros_ws/install/mobile_sensor/share/mobile_sensor//node_modules/cookie-signature/Readme.md\n'}
[1.258532] (mobile_sensor) StdoutLine: {'line': b'-- Installing: /home/ogan/ME461F25_LittleDaisies/project/ros_ws/install/mobile_sensor/share/mobile_sensor//node_modules/cookie-signature/History.md\n'}
[1.258628] (mobile_sensor) StdoutLine: {'line': b'-- Installing: /home/ogan/ME461F25_LittleDaisies/project/ros_ws/install/mobile_sensor/share/mobile_sensor//node_modules/https\n'}
[1.258694] (mobile_sensor) StdoutLine: {'line': b'-- Installing: /home/ogan/ME461F25_LittleDaisies/project/ros_ws/install/mobile_sensor/share/mobile_sensor//node_modules/https/package.json\n'}
[1.258789] (mobile_sensor) StdoutLine: {'line': b'-- Installing: /home/ogan/ME461F25_LittleDaisies/project/ros_ws/install/mobile_sensor/share/mobile_sensor//node_modules/.bin\n'}
[1.258858] (mobile_sensor) StdoutLine: {'line': b'-- Installing: /home/ogan/ME461F25_LittleDaisies/project/ros_ws/install/mobile_sensor/share/mobile_sensor//node_modules/.bin/acorn\n'}
[1.258928] (mobile_sensor) StdoutLine: {'line': b'-- Installing: /home/ogan/ME461F25_LittleDaisies/project/ros_ws/install/mobile_sensor/share/mobile_sensor//node_modules/.bin/node-gyp-build\n'}
[1.258990] (mobile_sensor) StdoutLine: {'line': b'-- Installing: /home/ogan/ME461F25_LittleDaisies/project/ros_ws/install/mobile_sensor/share/mobile_sensor//node_modules/.bin/node-gyp-build-optional\n'}
[1.259046] (mobile_sensor) StdoutLine: {'line': b'-- Installing: /home/ogan/ME461F25_LittleDaisies/project/ros_ws/install/mobile_sensor/share/mobile_sensor//node_modules/.bin/terser\n'}
[1.259098] (mobile_sensor) StdoutLine: {'line': b'-- Installing: /home/ogan/ME461F25_LittleDaisies/project/ros_ws/install/mobile_sensor/share/mobile_sensor//node_modules/.bin/generate-ros-messages\n'}
[1.259151] (mobile_sensor) StdoutLine: {'line': b'-- Installing: /home/ogan/ME461F25_LittleDaisies/project/ros_ws/install/mobile_sensor/share/mobile_sensor//node_modules/.bin/dottojs\n'}
[1.259200] (mobile_sensor) StdoutLine: {'line': b'-- Installing: /home/ogan/ME461F25_LittleDaisies/project/ros_ws/install/mobile_sensor/share/mobile_sensor//node_modules/.bin/js-yaml\n'}
[1.259234] (mobile_sensor) StdoutLine: {'line': b'-- Installing: /home/ogan/ME461F25_LittleDaisies/project/ros_ws/install/mobile_sensor/share/mobile_sensor//node_modules/.bin/node-gyp-build-test\n'}
[1.259279] (mobile_sensor) StdoutLine: {'line': b'-- Installing: /home/ogan/ME461F25_LittleDaisies/project/ros_ws/install/mobile_sensor/share/mobile_sensor//node_modules/.bin/mime\n'}
[1.259314] (mobile_sensor) StdoutLine: {'line': b'-- Installing: /home/ogan/ME461F25_LittleDaisies/project/ros_ws/install/mobile_sensor/share/mobile_sensor//node_modules/js-yaml\n'}
[1.259347] (mobile_sensor) StdoutLine: {'line': b'-- Installing: /home/ogan/ME461F25_LittleDaisies/project/ros_ws/install/mobile_sensor/share/mobile_sensor//node_modules/js-yaml/dist\n'}
[1.259381] (mobile_sensor) StdoutLine: {'line': b'-- Installing: /home/ogan/ME461F25_LittleDaisies/project/ros_ws/install/mobile_sensor/share/mobile_sensor//node_modules/js-yaml/dist/js-yaml.min.js\n'}
[1.259431] (mobile_sensor) StdoutLine: {'line': b'-- Installing: /home/ogan/ME461F25_LittleDaisies/project/ros_ws/install/mobile_sensor/share/mobile_sensor//node_modules/js-yaml/dist/js-yaml.js\n'}
[1.259590] (mobile_sensor) StdoutLine: {'line': b'-- Installing: /home/ogan/ME461F25_LittleDaisies/project/ros_ws/install/mobile_sensor/share/mobile_sensor//node_modules/js-yaml/dist/js-yaml.mjs\n'}
[1.259785] (mobile_sensor) StdoutLine: {'line': b'-- Installing: /home/ogan/ME461F25_LittleDaisies/project/ros_ws/install/mobile_sensor/share/mobile_sensor//node_modules/js-yaml/package.json\n'}
[1.259891] (mobile_sensor) StdoutLine: {'line': b'-- Installing: /home/ogan/ME461F25_LittleDaisies/project/ros_ws/install/mobile_sensor/share/mobile_sensor//node_modules/js-yaml/LICENSE\n'}
[1.259980] (mobile_sensor) StdoutLine: {'line': b'-- Installing: /home/ogan/ME461F25_LittleDaisies/project/ros_ws/install/mobile_sensor/share/mobile_sensor//node_modules/js-yaml/index.js\n'}
[1.260071] (mobile_sensor) StdoutLine: {'line': b'-- Installing: /home/ogan/ME461F25_LittleDaisies/project/ros_ws/install/mobile_sensor/share/mobile_sensor//node_modules/js-yaml/lib\n'}
[1.260143] (mobile_sensor) StdoutLine: {'line': b'-- Installing: /home/ogan/ME461F25_LittleDaisies/project/ros_ws/install/mobile_sensor/share/mobile_sensor//node_modules/js-yaml/lib/common.js\n'}
[1.260251] (mobile_sensor) StdoutLine: {'line': b'-- Installing: /home/ogan/ME461F25_LittleDaisies/project/ros_ws/install/mobile_sensor/share/mobile_sensor//node_modules/js-yaml/lib/exception.js\n'}
[1.260349] (mobile_sensor) StdoutLine: {'line': b'-- Installing: /home/ogan/ME461F25_LittleDaisies/project/ros_ws/install/mobile_sensor/share/mobile_sensor//node_modules/js-yaml/lib/snippet.js\n'}
[1.260450] (mobile_sensor) StdoutLine: {'line': b'-- Installing: /home/ogan/ME461F25_LittleDaisies/project/ros_ws/install/mobile_sensor/share/mobile_sensor//node_modules/js-yaml/lib/schema\n'}
[1.260519] (mobile_sensor) StdoutLine: {'line': b'-- Installing: /home/ogan/ME461F25_LittleDaisies/project/ros_ws/install/mobile_sensor/share/mobile_sensor//node_modules/js-yaml/lib/schema/core.js\n'}
[1.260621] (mobile_sensor) StdoutLine: {'line': b'-- Installing: /home/ogan/ME461F25_LittleDaisies/project/ros_ws/install/mobile_sensor/share/mobile_sensor//node_modules/js-yaml/lib/schema/default.js\n'}
[1.260720] (mobile_sensor) StdoutLine: {'line': b'-- Installing: /home/ogan/ME461F25_LittleDaisies/project/ros_ws/install/mobile_sensor/share/mobile_sensor//node_modules/js-yaml/lib/schema/failsafe.js\n'}
[1.260820] (mobile_sensor) StdoutLine: {'line': b'-- Installing: /home/ogan/ME461F25_LittleDaisies/project/ros_ws/install/mobile_sensor/share/mobile_sensor//node_modules/js-yaml/lib/schema/json.js\n'}
[1.260935] (mobile_sensor) StdoutLine: {'line': b'-- Installing: /home/ogan/ME461F25_LittleDaisies/project/ros_ws/install/mobile_sensor/share/mobile_sensor//node_modules/js-yaml/lib/dumper.js\n'}
[1.261066] (mobile_sensor) StdoutLine: {'line': b'-- Installing: /home/ogan/ME461F25_LittleDaisies/project/ros_ws/install/mobile_sensor/share/mobile_sensor//node_modules/js-yaml/lib/loader.js\n'}
[1.261244] (mobile_sensor) StdoutLine: {'line': b'-- Installing: /home/ogan/ME461F25_LittleDaisies/project/ros_ws/install/mobile_sensor/share/mobile_sensor//node_modules/js-yaml/lib/type.js\n'}
[1.261354] (mobile_sensor) StdoutLine: {'line': b'-- Installing: /home/ogan/ME461F25_LittleDaisies/project/ros_ws/install/mobile_sensor/share/mobile_sensor//node_modules/js-yaml/lib/type\n'}
[1.261429] (mobile_sensor) StdoutLine: {'line': b'-- Installing: /home/ogan/ME461F25_LittleDaisies/project/ros_ws/install/mobile_sensor/share/mobile_sensor//node_modules/js-yaml/lib/type/null.js\n'}
[1.261533] (mobile_sensor) StdoutLine: {'line': b'-- Installing: /home/ogan/ME461F25_LittleDaisies/project/ros_ws/install/mobile_sensor/share/mobile_sensor//node_modules/js-yaml/lib/type/set.js\n'}
[1.261632] (mobile_sensor) StdoutLine: {'line': b'-- Installing: /home/ogan/ME461F25_LittleDaisies/project/ros_ws/install/mobile_sensor/share/mobile_sensor//node_modules/js-yaml/lib/type/timestamp.js\n'}
[1.261733] (mobile_sensor) StdoutLine: {'line': b'-- Installing: /home/ogan/ME461F25_LittleDaisies/project/ros_ws/install/mobile_sensor/share/mobile_sensor//node_modules/js-yaml/lib/type/omap.js\n'}
[1.261834] (mobile_sensor) StdoutLine: {'line': b'-- Installing: /home/ogan/ME461F25_LittleDaisies/project/ros_ws/install/mobile_sensor/share/mobile_sensor//node_modules/js-yaml/lib/type/int.js\n'}
[1.261940] (mobile_sensor) StdoutLine: {'line': b'-- Installing: /home/ogan/ME461F25_LittleDaisies/project/ros_ws/install/mobile_sensor/share/mobile_sensor//node_modules/js-yaml/lib/type/merge.js\n'}
[1.262041] (mobile_sensor) StdoutLine: {'line': b'-- Installing: /home/ogan/ME461F25_LittleDaisies/project/ros_ws/install/mobile_sensor/share/mobile_sensor//node_modules/js-yaml/lib/type/binary.js\n'}
[1.262145] (mobile_sensor) StdoutLine: {'line': b'-- Installing: /home/ogan/ME461F25_LittleDaisies/project/ros_ws/install/mobile_sensor/share/mobile_sensor//node_modules/js-yaml/lib/type/seq.js\n'}
[1.262248] (mobile_sensor) StdoutLine: {'line': b'-- Installing: /home/ogan/ME461F25_LittleDaisies/project/ros_ws/install/mobile_sensor/share/mobile_sensor//node_modules/js-yaml/lib/type/map.js\n'}
[1.262351] (mobile_sensor) StdoutLine: {'line': b'-- Installing: /home/ogan/ME461F25_LittleDaisies/project/ros_ws/install/mobile_sensor/share/mobile_sensor//node_modules/js-yaml/lib/type/pairs.js\n'}
[1.262453] (mobile_sensor) StdoutLine: {'line': b'-- Installing: /home/ogan/ME461F25_LittleDaisies/project/ros_ws/install/mobile_sensor/share/mobile_sensor//node_modules/js-yaml/lib/type/bool.js\n'}
[1.262553] (mobile_sensor) StdoutLine: {'line': b'-- Installing: /home/ogan/ME461F25_LittleDaisies/project/ros_ws/install/mobile_sensor/share/mobile_sensor//node_modules/js-yaml/lib/type/float.js\n'}
[1.262659] (mobile_sensor) StdoutLine: {'line': b'-- Installing: /home/ogan/ME461F25_LittleDaisies/project/ros_ws/install/mobile_sensor/share/mobile_sensor//node_modules/js-yaml/lib/type/str.js\n'}
[1.262756] (mobile_sensor) StdoutLine: {'line': b'-- Installing: /home/ogan/ME461F25_LittleDaisies/project/ros_ws/install/mobile_sensor/share/mobile_sensor//node_modules/js-yaml/lib/schema.js\n'}
[1.262852] (mobile_sensor) StdoutLine: {'line': b'-- Installing: /home/ogan/ME461F25_LittleDaisies/project/ros_ws/install/mobile_sensor/share/mobile_sensor//node_modules/js-yaml/bin\n'}
[1.262919] (mobile_sensor) StdoutLine: {'line': b'-- Installing: /home/ogan/ME461F25_LittleDaisies/project/ros_ws/install/mobile_sensor/share/mobile_sensor//node_modules/js-yaml/bin/js-yaml.js\n'}
[1.263019] (mobile_sensor) StdoutLine: {'line': b'-- Installing: /home/ogan/ME461F25_LittleDaisies/project/ros_ws/install/mobile_sensor/share/mobile_sensor//node_modules/js-yaml/README.md\n'}
[1.263128] (mobile_sensor) StdoutLine: {'line': b'-- Installing: /home/ogan/ME461F25_LittleDaisies/project/ros_ws/install/mobile_sensor/share/mobile_sensor//node_modules/statuses\n'}
[1.263201] (mobile_sensor) StdoutLine: {'line': b'-- Installing: /home/ogan/ME461F25_LittleDaisies/project/ros_ws/install/mobile_sensor/share/mobile_sensor//node_modules/statuses/codes.json\n'}
[1.263301] (mobile_sensor) StdoutLine: {'line': b'-- Installing: /home/ogan/ME461F25_LittleDaisies/project/ros_ws/install/mobile_sensor/share/mobile_sensor//node_modules/statuses/package.json\n'}
[1.263407] (mobile_sensor) StdoutLine: {'line': b'-- Installing: /home/ogan/ME461F25_LittleDaisies/project/ros_ws/install/mobile_sensor/share/mobile_sensor//node_modules/statuses/LICENSE\n'}
[1.263505] (mobile_sensor) StdoutLine: {'line': b'-- Installing: /home/ogan/ME461F25_LittleDaisies/project/ros_ws/install/mobile_sensor/share/mobile_sensor//node_modules/statuses/index.js\n'}
[1.263605] (mobile_sensor) StdoutLine: {'line': b'-- Installing: /home/ogan/ME461F25_LittleDaisies/project/ros_ws/install/mobile_sensor/share/mobile_sensor//node_modules/statuses/HISTORY.md\n'}
[1.263704] (mobile_sensor) StdoutLine: {'line': b'-- Installing: /home/ogan/ME461F25_LittleDaisies/project/ros_ws/install/mobile_sensor/share/mobile_sensor//node_modules/statuses/README.md\n'}
[1.263799] (mobile_sensor) StdoutLine: {'line': b'-- Installing: /home/ogan/ME461F25_LittleDaisies/project/ros_ws/install/mobile_sensor/share/mobile_sensor//node_modules/parseurl\n'}
[1.263867] (mobile_sensor) StdoutLine: {'line': b'-- Installing: /home/ogan/ME461F25_LittleDaisies/project/ros_ws/install/mobile_sensor/share/mobile_sensor//node_modules/parseurl/package.json\n'}
[1.263965] (mobile_sensor) StdoutLine: {'line': b'-- Installing: /home/ogan/ME461F25_LittleDaisies/project/ros_ws/install/mobile_sensor/share/mobile_sensor//node_modules/parseurl/LICENSE\n'}
[1.264061] (mobile_sensor) StdoutLine: {'line': b'-- Installing: /home/ogan/ME461F25_LittleDaisies/project/ros_ws/install/mobile_sensor/share/mobile_sensor//node_modules/parseurl/index.js\n'}
[1.264164] (mobile_sensor) StdoutLine: {'line': b'-- Installing: /home/ogan/ME461F25_LittleDaisies/project/ros_ws/install/mobile_sensor/share/mobile_sensor//node_modules/parseurl/HISTORY.md\n'}
[1.264261] (mobile_sensor) StdoutLine: {'line': b'-- Installing: /home/ogan/ME461F25_LittleDaisies/project/ros_ws/install/mobile_sensor/share/mobile_sensor//node_modules/parseurl/README.md\n'}
[1.264358] (mobile_sensor) StdoutLine: {'line': b'-- Installing: /home/ogan/ME461F25_LittleDaisies/project/ros_ws/install/mobile_sensor/share/mobile_sensor//node_modules/type\n'}
[1.264432] (mobile_sensor) StdoutLine: {'line': b'-- Installing: /home/ogan/ME461F25_LittleDaisies/project/ros_ws/install/mobile_sensor/share/mobile_sensor//node_modules/type/big-int\n'}
[1.264496] (mobile_sensor) StdoutLine: {'line': b'-- Installing: /home/ogan/ME461F25_LittleDaisies/project/ros_ws/install/mobile_sensor/share/mobile_sensor//node_modules/type/big-int/coerce.js\n'}
[1.264596] (mobile_sensor) StdoutLine: {'line': b'-- Installing: /home/ogan/ME461F25_LittleDaisies/project/ros_ws/install/mobile_sensor/share/mobile_sensor//node_modules/type/big-int/ensure.js\n'}
[1.264691] (mobile_sensor) StdoutLine: {'line': b'-- Installing: /home/ogan/ME461F25_LittleDaisies/project/ros_ws/install/mobile_sensor/share/mobile_sensor//node_modules/type/plain-function\n'}
[1.264763] (mobile_sensor) StdoutLine: {'line': b'-- Installing: /home/ogan/ME461F25_LittleDaisies/project/ros_ws/install/mobile_sensor/share/mobile_sensor//node_modules/type/plain-function/ensure.js\n'}
[1.264862] (mobile_sensor) StdoutLine: {'line': b'-- Installing: /home/ogan/ME461F25_LittleDaisies/project/ros_ws/install/mobile_sensor/share/mobile_sensor//node_modules/type/plain-function/is.js\n'}
[1.264956] (mobile_sensor) StdoutLine: {'line': b'-- Installing: /home/ogan/ME461F25_LittleDaisies/project/ros_ws/install/mobile_sensor/share/mobile_sensor//node_modules/type/set\n'}
[1.265021] (mobile_sensor) StdoutLine: {'line': b'-- Installing: /home/ogan/ME461F25_LittleDaisies/project/ros_ws/install/mobile_sensor/share/mobile_sensor//node_modules/type/set/ensure.js\n'}
[1.265124] (mobile_sensor) StdoutLine: {'line': b'-- Installing: /home/ogan/ME461F25_LittleDaisies/project/ros_ws/install/mobile_sensor/share/mobile_sensor//node_modules/type/set/is.js\n'}
[1.265224] (mobile_sensor) StdoutLine: {'line': b'-- Installing: /home/ogan/ME461F25_LittleDaisies/project/ros_ws/install/mobile_sensor/share/mobile_sensor//node_modules/type/integer\n'}
[1.265290] (mobile_sensor) StdoutLine: {'line': b'-- Installing: /home/ogan/ME461F25_LittleDaisies/project/ros_ws/install/mobile_sensor/share/mobile_sensor//node_modules/type/integer/coerce.js\n'}
[1.265388] (mobile_sensor) StdoutLine: {'line': b'-- Installing: /home/ogan/ME461F25_LittleDaisies/project/ros_ws/install/mobile_sensor/share/mobile_sensor//node_modules/type/integer/ensure.js\n'}
[1.265483] (mobile_sensor) StdoutLine: {'line': b'-- Installing: /home/ogan/ME461F25_LittleDaisies/project/ros_ws/install/mobile_sensor/share/mobile_sensor//node_modules/type/finite\n'}
[1.265549] (mobile_sensor) StdoutLine: {'line': b'-- Installing: /home/ogan/ME461F25_LittleDaisies/project/ros_ws/install/mobile_sensor/share/mobile_sensor//node_modules/type/finite/coerce.js\n'}
[1.265650] (mobile_sensor) StdoutLine: {'line': b'-- Installing: /home/ogan/ME461F25_LittleDaisies/project/ros_ws/install/mobile_sensor/share/mobile_sensor//node_modules/type/finite/ensure.js\n'}
[1.265744] (mobile_sensor) StdoutLine: {'line': b'-- Installing: /home/ogan/ME461F25_LittleDaisies/project/ros_ws/install/mobile_sensor/share/mobile_sensor//node_modules/type/ts-types\n'}
[1.265814] (mobile_sensor) StdoutLine: {'line': b'-- Installing: /home/ogan/ME461F25_LittleDaisies/project/ros_ws/install/mobile_sensor/share/mobile_sensor//node_modules/type/ts-types/big-int\n'}
[1.265881] (mobile_sensor) StdoutLine: {'line': b'-- Installing: /home/ogan/ME461F25_LittleDaisies/project/ros_ws/install/mobile_sensor/share/mobile_sensor//node_modules/type/ts-types/big-int/ensure.d.ts\n'}
[1.265983] (mobile_sensor) StdoutLine: {'line': b'-- Installing: /home/ogan/ME461F25_LittleDaisies/project/ros_ws/install/mobile_sensor/share/mobile_sensor//node_modules/type/ts-types/big-int/coerce.d.ts\n'}
[1.266076] (mobile_sensor) StdoutLine: {'line': b'-- Installing: /home/ogan/ME461F25_LittleDaisies/project/ros_ws/install/mobile_sensor/share/mobile_sensor//node_modules/type/ts-types/plain-function\n'}
[1.266151] (mobile_sensor) StdoutLine: {'line': b'-- Installing: /home/ogan/ME461F25_LittleDaisies/project/ros_ws/install/mobile_sensor/share/mobile_sensor//node_modules/type/ts-types/plain-function/ensure.d.ts\n'}
[1.266259] (mobile_sensor) StdoutLine: {'line': b'-- Installing: /home/ogan/ME461F25_LittleDaisies/project/ros_ws/install/mobile_sensor/share/mobile_sensor//node_modules/type/ts-types/plain-function/is.d.ts\n'}
[1.266354] (mobile_sensor) StdoutLine: {'line': b'-- Installing: /home/ogan/ME461F25_LittleDaisies/project/ros_ws/install/mobile_sensor/share/mobile_sensor//node_modules/type/ts-types/set\n'}
[1.266422] (mobile_sensor) StdoutLine: {'line': b'-- Installing: /home/ogan/ME461F25_LittleDaisies/project/ros_ws/install/mobile_sensor/share/mobile_sensor//node_modules/type/ts-types/set/ensure.d.ts\n'}
[1.266525] (mobile_sensor) StdoutLine: {'line': b'-- Installing: /home/ogan/ME461F25_LittleDaisies/project/ros_ws/install/mobile_sensor/share/mobile_sensor//node_modules/type/ts-types/set/is.d.ts\n'}
[1.266621] (mobile_sensor) StdoutLine: {'line': b'-- Installing: /home/ogan/ME461F25_LittleDaisies/project/ros_ws/install/mobile_sensor/share/mobile_sensor//node_modules/type/ts-types/integer\n'}
[1.266688] (mobile_sensor) StdoutLine: {'line': b'-- Installing: /home/ogan/ME461F25_LittleDaisies/project/ros_ws/install/mobile_sensor/share/mobile_sensor//node_modules/type/ts-types/integer/ensure.d.ts\n'}
[1.266789] (mobile_sensor) StdoutLine: {'line': b'-- Installing: /home/ogan/ME461F25_LittleDaisies/project/ros_ws/install/mobile_sensor/share/mobile_sensor//node_modules/type/ts-types/integer/coerce.d.ts\n'}
[1.266893] (mobile_sensor) StdoutLine: {'line': b'-- Installing: /home/ogan/ME461F25_LittleDaisies/project/ros_ws/install/mobile_sensor/share/mobile_sensor//node_modules/type/ts-types/finite\n'}
[1.266956] (mobile_sensor) StdoutLine: {'line': b'-- Installing: /home/ogan/ME461F25_LittleDaisies/project/ros_ws/install/mobile_sensor/share/mobile_sensor//node_modules/type/ts-types/finite/ensure.d.ts\n'}
[1.267060] (mobile_sensor) StdoutLine: {'line': b'-- Installing: /home/ogan/ME461F25_LittleDaisies/project/ros_ws/install/mobile_sensor/share/mobile_sensor//node_modules/type/ts-types/finite/coerce.d.ts\n'}
[1.267234] (mobile_sensor) StdoutLine: {'line': b'-- Installing: /home/ogan/ME461F25_LittleDaisies/project/ros_ws/install/mobile_sensor/share/mobile_sensor//node_modules/type/ts-types/thenable\n'}
[1.267299] (mobile_sensor) StdoutLine: {'line': b'-- Installing: /home/ogan/ME461F25_LittleDaisies/project/ros_ws/install/mobile_sensor/share/mobile_sensor//node_modules/type/ts-types/thenable/ensure.d.ts\n'}
[1.267396] (mobile_sensor) StdoutLine: {'line': b'-- Installing: /home/ogan/ME461F25_LittleDaisies/project/ros_ws/install/mobile_sensor/share/mobile_sensor//node_modules/type/ts-types/thenable/is.d.ts\n'}
[1.267494] (mobile_sensor) StdoutLine: {'line': b'-- Installing: /home/ogan/ME461F25_LittleDaisies/project/ros_ws/install/mobile_sensor/share/mobile_sensor//node_modules/type/ts-types/map\n'}
[1.267560] (mobile_sensor) StdoutLine: {'line': b'-- Installing: /home/ogan/ME461F25_LittleDaisies/project/ros_ws/install/mobile_sensor/share/mobile_sensor//node_modules/type/ts-types/map/ensure.d.ts\n'}
[1.267662] (mobile_sensor) StdoutLine: {'line': b'-- Installing: /home/ogan/ME461F25_LittleDaisies/project/ros_ws/install/mobile_sensor/share/mobile_sensor//node_modules/type/ts-types/map/is.d.ts\n'}
[1.267759] (mobile_sensor) StdoutLine: {'line': b'-- Installing: /home/ogan/ME461F25_LittleDaisies/project/ros_ws/install/mobile_sensor/share/mobile_sensor//node_modules/type/ts-types/string\n'}
[1.267829] (mobile_sensor) StdoutLine: {'line': b'-- Installing: /home/ogan/ME461F25_LittleDaisies/project/ros_ws/install/mobile_sensor/share/mobile_sensor//node_modules/type/ts-types/string/ensure.d.ts\n'}
[1.267932] (mobile_sensor) StdoutLine: {'line': b'-- Installing: /home/ogan/ME461F25_LittleDaisies/project/ros_ws/install/mobile_sensor/share/mobile_sensor//node_modules/type/ts-types/string/coerce.d.ts\n'}
[1.268028] (mobile_sensor) StdoutLine: {'line': b'-- Installing: /home/ogan/ME461F25_LittleDaisies/project/ros_ws/install/mobile_sensor/share/mobile_sensor//node_modules/type/ts-types/date\n'}
[1.268096] (mobile_sensor) StdoutLine: {'line': b'-- Installing: /home/ogan/ME461F25_LittleDaisies/project/ros_ws/install/mobile_sensor/share/mobile_sensor//node_modules/type/ts-types/date/ensure.d.ts\n'}
[1.268204] (mobile_sensor) StdoutLine: {'line': b'-- Installing: /home/ogan/ME461F25_LittleDaisies/project/ros_ws/install/mobile_sensor/share/mobile_sensor//node_modules/type/ts-types/date/is.d.ts\n'}
[1.268303] (mobile_sensor) StdoutLine: {'line': b'-- Installing: /home/ogan/ME461F25_LittleDaisies/project/ros_ws/install/mobile_sensor/share/mobile_sensor//node_modules/type/ts-types/reg-exp\n'}
[1.268369] (mobile_sensor) StdoutLine: {'line': b'-- Installing: /home/ogan/ME461F25_LittleDaisies/project/ros_ws/install/mobile_sensor/share/mobile_sensor//node_modules/type/ts-types/reg-exp/ensure.d.ts\n'}
[1.268469] (mobile_sensor) StdoutLine: {'line': b'-- Installing: /home/ogan/ME461F25_LittleDaisies/project/ros_ws/install/mobile_sensor/share/mobile_sensor//node_modules/type/ts-types/reg-exp/is.d.ts\n'}
[1.268565] (mobile_sensor) StdoutLine: {'line': b'-- Installing: /home/ogan/ME461F25_LittleDaisies/project/ros_ws/install/mobile_sensor/share/mobile_sensor//node_modules/type/ts-types/iterable\n'}
[1.268634] (mobile_sensor) StdoutLine: {'line': b'-- Installing: /home/ogan/ME461F25_LittleDaisies/project/ros_ws/install/mobile_sensor/share/mobile_sensor//node_modules/type/ts-types/iterable/ensure.d.ts\n'}
[1.268735] (mobile_sensor) StdoutLine: {'line': b'-- Installing: /home/ogan/ME461F25_LittleDaisies/project/ros_ws/install/mobile_sensor/share/mobile_sensor//node_modules/type/ts-types/iterable/is.d.ts\n'}
[1.268833] (mobile_sensor) StdoutLine: {'line': b'-- Installing: /home/ogan/ME461F25_LittleDaisies/project/ros_ws/install/mobile_sensor/share/mobile_sensor//node_modules/type/ts-types/constructor\n'}
[1.268901] (mobile_sensor) StdoutLine: {'line': b'-- Installing: /home/ogan/ME461F25_LittleDaisies/project/ros_ws/install/mobile_sensor/share/mobile_sensor//node_modules/type/ts-types/constructor/ensure.d.ts\n'}
[1.269002] (mobile_sensor) StdoutLine: {'line': b'-- Installing: /home/ogan/ME461F25_LittleDaisies/project/ros_ws/install/mobile_sensor/share/mobile_sensor//node_modules/type/ts-types/constructor/is.d.ts\n'}
[1.269103] (mobile_sensor) StdoutLine: {'line': b'-- Installing: /home/ogan/ME461F25_LittleDaisies/project/ros_ws/install/mobile_sensor/share/mobile_sensor//node_modules/type/ts-types/ensure.d.ts\n'}
[1.269213] (mobile_sensor) StdoutLine: {'line': b'-- Installing: /home/ogan/ME461F25_LittleDaisies/project/ros_ws/install/mobile_sensor/share/mobile_sensor//node_modules/type/ts-types/number\n'}
[1.269301] (mobile_sensor) StdoutLine: {'line': b'-- Installing: /home/ogan/ME461F25_LittleDaisies/project/ros_ws/install/mobile_sensor/share/mobile_sensor//node_modules/type/ts-types/number/ensure.d.ts\n'}
[1.269386] (mobile_sensor) StdoutLine: {'line': b'-- Installing: /home/ogan/ME461F25_LittleDaisies/project/ros_ws/install/mobile_sensor/share/mobile_sensor//node_modules/type/ts-types/number/coerce.d.ts\n'}
[1.269477] (mobile_sensor) StdoutLine: {'line': b'-- Installing: /home/ogan/ME461F25_LittleDaisies/project/ros_ws/install/mobile_sensor/share/mobile_sensor//node_modules/type/ts-types/array-like\n'}
[1.269546] (mobile_sensor) StdoutLine: {'line': b'-- Installing: /home/ogan/ME461F25_LittleDaisies/project/ros_ws/install/mobile_sensor/share/mobile_sensor//node_modules/type/ts-types/array-like/ensure.d.ts\n'}
[1.269650] (mobile_sensor) StdoutLine: {'line': b'-- Installing: /home/ogan/ME461F25_LittleDaisies/project/ros_ws/install/mobile_sensor/share/mobile_sensor//node_modules/type/ts-types/array-like/is.d.ts\n'}
[1.269746] (mobile_sensor) StdoutLine: {'line': b'-- Installing: /home/ogan/ME461F25_LittleDaisies/project/ros_ws/install/mobile_sensor/share/mobile_sensor//node_modules/type/ts-types/error\n'}
[1.269814] (mobile_sensor) StdoutLine: {'line': b'-- Installing: /home/ogan/ME461F25_LittleDaisies/project/ros_ws/install/mobile_sensor/share/mobile_sensor//node_modules/type/ts-types/error/ensure.d.ts\n'}
[1.269914] (mobile_sensor) StdoutLine: {'line': b'-- Installing: /home/ogan/ME461F25_LittleDaisies/project/ros_ws/install/mobile_sensor/share/mobile_sensor//node_modules/type/ts-types/error/is.d.ts\n'}
[1.270010] (mobile_sensor) StdoutLine: {'line': b'-- Installing: /home/ogan/ME461F25_LittleDaisies/project/ros_ws/install/mobile_sensor/share/mobile_sensor//node_modules/type/ts-types/safe-integer\n'}
[1.270078] (mobile_sensor) StdoutLine: {'line': b'-- Installing: /home/ogan/ME461F25_LittleDaisies/project/ros_ws/install/mobile_sensor/share/mobile_sensor//node_modules/type/ts-types/safe-integer/ensure.d.ts\n'}
[1.270191] (mobile_sensor) StdoutLine: {'line': b'-- Installing: /home/ogan/ME461F25_LittleDaisies/project/ros_ws/install/mobile_sensor/share/mobile_sensor//node_modules/type/ts-types/safe-integer/coerce.d.ts\n'}
[1.270293] (mobile_sensor) StdoutLine: {'line': b'-- Installing: /home/ogan/ME461F25_LittleDaisies/project/ros_ws/install/mobile_sensor/share/mobile_sensor//node_modules/type/ts-types/plain-object\n'}
[1.270370] (mobile_sensor) StdoutLine: {'line': b'-- Installing: /home/ogan/ME461F25_LittleDaisies/project/ros_ws/install/mobile_sensor/share/mobile_sensor//node_modules/type/ts-types/plain-object/ensure.d.ts\n'}
[1.270478] (mobile_sensor) StdoutLine: {'line': b'-- Installing: /home/ogan/ME461F25_LittleDaisies/project/ros_ws/install/mobile_sensor/share/mobile_sensor//node_modules/type/ts-types/plain-object/is.d.ts\n'}
[1.270574] (mobile_sensor) StdoutLine: {'line': b'-- Installing: /home/ogan/ME461F25_LittleDaisies/project/ros_ws/install/mobile_sensor/share/mobile_sensor//node_modules/type/ts-types/time-value\n'}
[1.270645] (mobile_sensor) StdoutLine: {'line': b'-- Installing: /home/ogan/ME461F25_LittleDaisies/project/ros_ws/install/mobile_sensor/share/mobile_sensor//node_modules/type/ts-types/time-value/ensure.d.ts\n'}
[1.270752] (mobile_sensor) StdoutLine: {'line': b'-- Installing: /home/ogan/ME461F25_LittleDaisies/project/ros_ws/install/mobile_sensor/share/mobile_sensor//node_modules/type/ts-types/time-value/coerce.d.ts\n'}
[1.270849] (mobile_sensor) StdoutLine: {'line': b'-- Installing: /home/ogan/ME461F25_LittleDaisies/project/ros_ws/install/mobile_sensor/share/mobile_sensor//node_modules/type/ts-types/function\n'}
[1.270917] (mobile_sensor) StdoutLine: {'line': b'-- Installing: /home/ogan/ME461F25_LittleDaisies/project/ros_ws/install/mobile_sensor/share/mobile_sensor//node_modules/type/ts-types/function/ensure.d.ts\n'}
[1.271014] (mobile_sensor) StdoutLine: {'line': b'-- Installing: /home/ogan/ME461F25_LittleDaisies/project/ros_ws/install/mobile_sensor/share/mobile_sensor//node_modules/type/ts-types/function/is.d.ts\n'}
[1.271112] (mobile_sensor) StdoutLine: {'line': b'-- Installing: /home/ogan/ME461F25_LittleDaisies/project/ros_ws/install/mobile_sensor/share/mobile_sensor//node_modules/type/ts-types/natural-number\n'}
[1.271193] (mobile_sensor) StdoutLine: {'line': b'-- Installing: /home/ogan/ME461F25_LittleDaisies/project/ros_ws/install/mobile_sensor/share/mobile_sensor//node_modules/type/ts-types/natural-number/ensure.d.ts\n'}
[1.271295] (mobile_sensor) StdoutLine: {'line': b'-- Installing: /home/ogan/ME461F25_LittleDaisies/project/ros_ws/install/mobile_sensor/share/mobile_sensor//node_modules/type/ts-types/natural-number/coerce.d.ts\n'}
[1.271389] (mobile_sensor) StdoutLine: {'line': b'-- Installing: /home/ogan/ME461F25_LittleDaisies/project/ros_ws/install/mobile_sensor/share/mobile_sensor//node_modules/type/ts-types/promise\n'}
[1.271458] (mobile_sensor) StdoutLine: {'line': b'-- Installing: /home/ogan/ME461F25_LittleDaisies/project/ros_ws/install/mobile_sensor/share/mobile_sensor//node_modules/type/ts-types/promise/ensure.d.ts\n'}
[1.271564] (mobile_sensor) StdoutLine: {'line': b'-- Installing: /home/ogan/ME461F25_LittleDaisies/project/ros_ws/install/mobile_sensor/share/mobile_sensor//node_modules/type/ts-types/promise/is.d.ts\n'}
[1.271659] (mobile_sensor) StdoutLine: {'line': b'-- Installing: /home/ogan/ME461F25_LittleDaisies/project/ros_ws/install/mobile_sensor/share/mobile_sensor//node_modules/type/ts-types/array-length\n'}
[1.271731] (mobile_sensor) StdoutLine: {'line': b'-- Installing: /home/ogan/ME461F25_LittleDaisies/project/ros_ws/install/mobile_sensor/share/mobile_sensor//node_modules/type/ts-types/array-length/ensure.d.ts\n'}
[1.271830] (mobile_sensor) StdoutLine: {'line': b'-- Installing: /home/ogan/ME461F25_LittleDaisies/project/ros_ws/install/mobile_sensor/share/mobile_sensor//node_modules/type/ts-types/array-length/coerce.d.ts\n'}
[1.271946] (mobile_sensor) StdoutLine: {'line': b'-- Installing: /home/ogan/ME461F25_LittleDaisies/project/ros_ws/install/mobile_sensor/share/mobile_sensor//node_modules/type/ts-types/object\n'}
[1.272012] (mobile_sensor) StdoutLine: {'line': b'-- Installing: /home/ogan/ME461F25_LittleDaisies/project/ros_ws/install/mobile_sensor/share/mobile_sensor//node_modules/type/ts-types/object/ensure.d.ts\n'}
[1.272128] (mobile_sensor) StdoutLine: {'line': b'-- Installing: /home/ogan/ME461F25_LittleDaisies/project/ros_ws/install/mobile_sensor/share/mobile_sensor//node_modules/type/ts-types/object/is.d.ts\n'}
[1.272266] (mobile_sensor) StdoutLine: {'line': b'-- Installing: /home/ogan/ME461F25_LittleDaisies/project/ros_ws/install/mobile_sensor/share/mobile_sensor//node_modules/type/ts-types/array\n'}
[1.272330] (mobile_sensor) StdoutLine: {'line': b'-- Installing: /home/ogan/ME461F25_LittleDaisies/project/ros_ws/install/mobile_sensor/share/mobile_sensor//node_modules/type/ts-types/array/ensure.d.ts\n'}
[1.272439] (mobile_sensor) StdoutLine: {'line': b'-- Installing: /home/ogan/ME461F25_LittleDaisies/project/ros_ws/install/mobile_sensor/share/mobile_sensor//node_modules/type/ts-types/array/is.d.ts\n'}
[1.272537] (mobile_sensor) StdoutLine: {'line': b'-- Installing: /home/ogan/ME461F25_LittleDaisies/project/ros_ws/install/mobile_sensor/share/mobile_sensor//node_modules/type/ts-types/prototype\n'}
[1.272608] (mobile_sensor) StdoutLine: {'line': b'-- Installing: /home/ogan/ME461F25_LittleDaisies/project/ros_ws/install/mobile_sensor/share/mobile_sensor//node_modules/type/ts-types/prototype/is.d.ts\n'}
[1.272711] (mobile_sensor) StdoutLine: {'line': b'-- Installing: /home/ogan/ME461F25_LittleDaisies/project/ros_ws/install/mobile_sensor/share/mobile_sensor//node_modules/type/ts-types/value\n'}
[1.272792] (mobile_sensor) StdoutLine: {'line': b'-- Installing: /home/ogan/ME461F25_LittleDaisies/project/ros_ws/install/mobile_sensor/share/mobile_sensor//node_modules/type/ts-types/value/ensure.d.ts\n'}
[1.272896] (mobile_sensor) StdoutLine: {'line': b'-- Installing: /home/ogan/ME461F25_LittleDaisies/project/ros_ws/install/mobile_sensor/share/mobile_sensor//node_modules/type/ts-types/value/is.d.ts\n'}
[1.273038] (mobile_sensor) StdoutLine: {'line': b'-- Installing: /home/ogan/ME461F25_LittleDaisies/project/ros_ws/install/mobile_sensor/share/mobile_sensor//node_modules/type/package.json\n'}
[1.273152] (mobile_sensor) StdoutLine: {'line': b'-- Installing: /home/ogan/ME461F25_LittleDaisies/project/ros_ws/install/mobile_sensor/share/mobile_sensor//node_modules/type/thenable\n'}
[1.273214] (mobile_sensor) StdoutLine: {'line': b'-- Installing: /home/ogan/ME461F25_LittleDaisies/project/ros_ws/install/mobile_sensor/share/mobile_sensor//node_modules/type/thenable/ensure.js\n'}
[1.273321] (mobile_sensor) StdoutLine: {'line': b'-- Installing: /home/ogan/ME461F25_LittleDaisies/project/ros_ws/install/mobile_sensor/share/mobile_sensor//node_modules/type/thenable/is.js\n'}
[1.273439] (mobile_sensor) StdoutLine: {'line': b'-- Installing: /home/ogan/ME461F25_LittleDaisies/project/ros_ws/install/mobile_sensor/share/mobile_sensor//node_modules/type/map\n'}
[1.273506] (mobile_sensor) StdoutLine: {'line': b'-- Installing: /home/ogan/ME461F25_LittleDaisies/project/ros_ws/install/mobile_sensor/share/mobile_sensor//node_modules/type/map/ensure.js\n'}
[1.273609] (mobile_sensor) StdoutLine: {'line': b'-- Installing: /home/ogan/ME461F25_LittleDaisies/project/ros_ws/install/mobile_sensor/share/mobile_sensor//node_modules/type/map/is.js\n'}
[1.273709] (mobile_sensor) StdoutLine: {'line': b'-- Installing: /home/ogan/ME461F25_LittleDaisies/project/ros_ws/install/mobile_sensor/share/mobile_sensor//node_modules/type/ensure.js\n'}
[1.273805] (mobile_sensor) StdoutLine: {'line': b'-- Installing: /home/ogan/ME461F25_LittleDaisies/project/ros_ws/install/mobile_sensor/share/mobile_sensor//node_modules/type/string\n'}
[1.273871] (mobile_sensor) StdoutLine: {'line': b'-- Installing: /home/ogan/ME461F25_LittleDaisies/project/ros_ws/install/mobile_sensor/share/mobile_sensor//node_modules/type/string/coerce.js\n'}
[1.273971] (mobile_sensor) StdoutLine: {'line': b'-- Installing: /home/ogan/ME461F25_LittleDaisies/project/ros_ws/install/mobile_sensor/share/mobile_sensor//node_modules/type/string/ensure.js\n'}
[1.274071] (mobile_sensor) StdoutLine: {'line': b'-- Installing: /home/ogan/ME461F25_LittleDaisies/project/ros_ws/install/mobile_sensor/share/mobile_sensor//node_modules/type/LICENSE\n'}
[1.274173] (mobile_sensor) StdoutLine: {'line': b'-- Installing: /home/ogan/ME461F25_LittleDaisies/project/ros_ws/install/mobile_sensor/share/mobile_sensor//node_modules/type/lib\n'}
[1.274248] (mobile_sensor) StdoutLine: {'line': b'-- Installing: /home/ogan/ME461F25_LittleDaisies/project/ros_ws/install/mobile_sensor/share/mobile_sensor//node_modules/type/lib/ensure\n'}
[1.274318] (mobile_sensor) StdoutLine: {'line': b'-- Installing: /home/ogan/ME461F25_LittleDaisies/project/ros_ws/install/mobile_sensor/share/mobile_sensor//node_modules/type/lib/ensure/min.js\n'}
[1.274423] (mobile_sensor) StdoutLine: {'line': b'-- Installing: /home/ogan/ME461F25_LittleDaisies/project/ros_ws/install/mobile_sensor/share/mobile_sensor//node_modules/type/lib/resolve-error-message.js\n'}
[1.274525] (mobile_sensor) StdoutLine: {'line': b'-- Installing: /home/ogan/ME461F25_LittleDaisies/project/ros_ws/install/mobile_sensor/share/mobile_sensor//node_modules/type/lib/to-short-string.js\n'}
[1.274622] (mobile_sensor) StdoutLine: {'line': b'-- Installing: /home/ogan/ME461F25_LittleDaisies/project/ros_ws/install/mobile_sensor/share/mobile_sensor//node_modules/type/lib/safe-to-string.js\n'}
[1.274725] (mobile_sensor) StdoutLine: {'line': b'-- Installing: /home/ogan/ME461F25_LittleDaisies/project/ros_ws/install/mobile_sensor/share/mobile_sensor//node_modules/type/lib/is-to-string-tag-supported.js\n'}
[1.274828] (mobile_sensor) StdoutLine: {'line': b'-- Installing: /home/ogan/ME461F25_LittleDaisies/project/ros_ws/install/mobile_sensor/share/mobile_sensor//node_modules/type/lib/resolve-exception.js\n'}
[1.274936] (mobile_sensor) StdoutLine: {'line': b'-- Installing: /home/ogan/ME461F25_LittleDaisies/project/ros_ws/install/mobile_sensor/share/mobile_sensor//node_modules/type/date\n'}
[1.274995] (mobile_sensor) StdoutLine: {'line': b'-- Installing: /home/ogan/ME461F25_LittleDaisies/project/ros_ws/install/mobile_sensor/share/mobile_sensor//node_modules/type/date/ensure.js\n'}
[1.275101] (mobile_sensor) StdoutLine: {'line': b'-- Installing: /home/ogan/ME461F25_LittleDaisies/project/ros_ws/install/mobile_sensor/share/mobile_sensor//node_modules/type/date/is.js\n'}
[1.275204] (mobile_sensor) StdoutLine: {'line': b'-- Installing: /home/ogan/ME461F25_LittleDaisies/project/ros_ws/install/mobile_sensor/share/mobile_sensor//node_modules/type/reg-exp\n'}
[1.275271] (mobile_sensor) StdoutLine: {'line': b'-- Installing: /home/ogan/ME461F25_LittleDaisies/project/ros_ws/install/mobile_sensor/share/mobile_sensor//node_modules/type/reg-exp/ensure.js\n'}
[1.275381] (mobile_sensor) StdoutLine: {'line': b'-- Installing: /home/ogan/ME461F25_LittleDaisies/project/ros_ws/install/mobile_sensor/share/mobile_sensor//node_modules/type/reg-exp/is.js\n'}
[1.275481] (mobile_sensor) StdoutLine: {'line': b'-- Installing: /home/ogan/ME461F25_LittleDaisies/project/ros_ws/install/mobile_sensor/share/mobile_sensor//node_modules/type/iterable\n'}
[1.275550] (mobile_sensor) StdoutLine: {'line': b'-- Installing: /home/ogan/ME461F25_LittleDaisies/project/ros_ws/install/mobile_sensor/share/mobile_sensor//node_modules/type/iterable/ensure.js\n'}
[1.275652] (mobile_sensor) StdoutLine: {'line': b'-- Installing: /home/ogan/ME461F25_LittleDaisies/project/ros_ws/install/mobile_sensor/share/mobile_sensor//node_modules/type/iterable/is.js\n'}
[1.275745] (mobile_sensor) StdoutLine: {'line': b'-- Installing: /home/ogan/ME461F25_LittleDaisies/project/ros_ws/install/mobile_sensor/share/mobile_sensor//node_modules/type/docs\n'}
[1.275821] (mobile_sensor) StdoutLine: {'line': b'-- Installing: /home/ogan/ME461F25_LittleDaisies/project/ros_ws/install/mobile_sensor/share/mobile_sensor//node_modules/type/docs/array-like.md\n'}
[1.275922] (mobile_sensor) StdoutLine: {'line': b'-- Installing: /home/ogan/ME461F25_LittleDaisies/project/ros_ws/install/mobile_sensor/share/mobile_sensor//node_modules/type/docs/plain-object.md\n'}
[1.276018] (mobile_sensor) StdoutLine: {'line': b'-- Installing: /home/ogan/ME461F25_LittleDaisies/project/ros_ws/install/mobile_sensor/share/mobile_sensor//node_modules/type/docs/iterable.md\n'}
[1.276149] (mobile_sensor) StdoutLine: {'line': b'-- Installing: /home/ogan/ME461F25_LittleDaisies/project/ros_ws/install/mobile_sensor/share/mobile_sensor//node_modules/type/docs/string.md\n'}
[1.276239] (mobile_sensor) StdoutLine: {'line': b'-- Installing: /home/ogan/ME461F25_LittleDaisies/project/ros_ws/install/mobile_sensor/share/mobile_sensor//node_modules/type/docs/error.md\n'}
[1.276333] (mobile_sensor) StdoutLine: {'line': b'-- Installing: /home/ogan/ME461F25_LittleDaisies/project/ros_ws/install/mobile_sensor/share/mobile_sensor//node_modules/type/docs/map.md\n'}
[1.276430] (mobile_sensor) StdoutLine: {'line': b'-- Installing: /home/ogan/ME461F25_LittleDaisies/project/ros_ws/install/mobile_sensor/share/mobile_sensor//node_modules/type/docs/object.md\n'}
[1.276527] (mobile_sensor) StdoutLine: {'line': b'-- Installing: /home/ogan/ME461F25_LittleDaisies/project/ros_ws/install/mobile_sensor/share/mobile_sensor//node_modules/type/docs/plain-function.md\n'}
[1.276628] (mobile_sensor) StdoutLine: {'line': b'-- Installing: /home/ogan/ME461F25_LittleDaisies/project/ros_ws/install/mobile_sensor/share/mobile_sensor//node_modules/type/docs/set.md\n'}
[1.276731] (mobile_sensor) StdoutLine: {'line': b'-- Installing: /home/ogan/ME461F25_LittleDaisies/project/ros_ws/install/mobile_sensor/share/mobile_sensor//node_modules/type/docs/big-int.md\n'}
[1.276829] (mobile_sensor) StdoutLine: {'line': b'-- Installing: /home/ogan/ME461F25_LittleDaisies/project/ros_ws/install/mobile_sensor/share/mobile_sensor//node_modules/type/docs/promise.md\n'}
[1.276937] (mobile_sensor) StdoutLine: {'line': b'-- Installing: /home/ogan/ME461F25_LittleDaisies/project/ros_ws/install/mobile_sensor/share/mobile_sensor//node_modules/type/docs/time-value.md\n'}
[1.277030] (mobile_sensor) StdoutLine: {'line': b'-- Installing: /home/ogan/ME461F25_LittleDaisies/project/ros_ws/install/mobile_sensor/share/mobile_sensor//node_modules/type/docs/finite.md\n'}
[1.277131] (mobile_sensor) StdoutLine: {'line': b'-- Installing: /home/ogan/ME461F25_LittleDaisies/project/ros_ws/install/mobile_sensor/share/mobile_sensor//node_modules/type/docs/natural-number.md\n'}
[1.277233] (mobile_sensor) StdoutLine: {'line': b'-- Installing: /home/ogan/ME461F25_LittleDaisies/project/ros_ws/install/mobile_sensor/share/mobile_sensor//node_modules/type/docs/value.md\n'}
[1.277331] (mobile_sensor) StdoutLine: {'line': b'-- Installing: /home/ogan/ME461F25_LittleDaisies/project/ros_ws/install/mobile_sensor/share/mobile_sensor//node_modules/type/docs/function.md\n'}
[1.277429] (mobile_sensor) StdoutLine: {'line': b'-- Installing: /home/ogan/ME461F25_LittleDaisies/project/ros_ws/install/mobile_sensor/share/mobile_sensor//node_modules/type/docs/array-length.md\n'}
[1.277531] (mobile_sensor) StdoutLine: {'line': b'-- Installing: /home/ogan/ME461F25_LittleDaisies/project/ros_ws/install/mobile_sensor/share/mobile_sensor//node_modules/type/docs/constructor.md\n'}
[1.277633] (mobile_sensor) StdoutLine: {'line': b'-- Installing: /home/ogan/ME461F25_LittleDaisies/project/ros_ws/install/mobile_sensor/share/mobile_sensor//node_modules/type/docs/number.md\n'}
[1.277731] (mobile_sensor) StdoutLine: {'line': b'-- Installing: /home/ogan/ME461F25_LittleDaisies/project/ros_ws/install/mobile_sensor/share/mobile_sensor//node_modules/type/docs/ensure.md\n'}
[1.277830] (mobile_sensor) StdoutLine: {'line': b'-- Installing: /home/ogan/ME461F25_LittleDaisies/project/ros_ws/install/mobile_sensor/share/mobile_sensor//node_modules/type/docs/integer.md\n'}
[1.277929] (mobile_sensor) StdoutLine: {'line': b'-- Installing: /home/ogan/ME461F25_LittleDaisies/project/ros_ws/install/mobile_sensor/share/mobile_sensor//node_modules/type/docs/array.md\n'}
[1.278029] (mobile_sensor) StdoutLine: {'line': b'-- Installing: /home/ogan/ME461F25_LittleDaisies/project/ros_ws/install/mobile_sensor/share/mobile_sensor//node_modules/type/docs/date.md\n'}
[1.278134] (mobile_sensor) StdoutLine: {'line': b'-- Installing: /home/ogan/ME461F25_LittleDaisies/project/ros_ws/install/mobile_sensor/share/mobile_sensor//node_modules/type/docs/reg-exp.md\n'}
[1.278277] (mobile_sensor) StdoutLine: {'line': b'-- Installing: /home/ogan/ME461F25_LittleDaisies/project/ros_ws/install/mobile_sensor/share/mobile_sensor//node_modules/type/docs/prototype.md\n'}
[1.278375] (mobile_sensor) StdoutLine: {'line': b'-- Installing: /home/ogan/ME461F25_LittleDaisies/project/ros_ws/install/mobile_sensor/share/mobile_sensor//node_modules/type/docs/thenable.md\n'}
[1.278476] (mobile_sensor) StdoutLine: {'line': b'-- Installing: /home/ogan/ME461F25_LittleDaisies/project/ros_ws/install/mobile_sensor/share/mobile_sensor//node_modules/type/docs/safe-integer.md\n'}
[1.278574] (mobile_sensor) StdoutLine: {'line': b'-- Installing: /home/ogan/ME461F25_LittleDaisies/project/ros_ws/install/mobile_sensor/share/mobile_sensor//node_modules/type/constructor\n'}
[1.278645] (mobile_sensor) StdoutLine: {'line': b'-- Installing: /home/ogan/ME461F25_LittleDaisies/project/ros_ws/install/mobile_sensor/share/mobile_sensor//node_modules/type/constructor/ensure.js\n'}
[1.278744] (mobile_sensor) StdoutLine: {'line': b'-- Installing: /home/ogan/ME461F25_LittleDaisies/project/ros_ws/install/mobile_sensor/share/mobile_sensor//node_modules/type/constructor/is.js\n'}
[1.278843] (mobile_sensor) StdoutLine: {'line': b'-- Installing: /home/ogan/ME461F25_LittleDaisies/project/ros_ws/install/mobile_sensor/share/mobile_sensor//node_modules/type/CHANGELOG.md\n'}
[1.278947] (mobile_sensor) StdoutLine: {'line': b'-- Installing: /home/ogan/ME461F25_LittleDaisies/project/ros_ws/install/mobile_sensor/share/mobile_sensor//node_modules/type/number\n'}
[1.279013] (mobile_sensor) StdoutLine: {'line': b'-- Installing: /home/ogan/ME461F25_LittleDaisies/project/ros_ws/install/mobile_sensor/share/mobile_sensor//node_modules/type/number/coerce.js\n'}
[1.279133] (mobile_sensor) StdoutLine: {'line': b'-- Installing: /home/ogan/ME461F25_LittleDaisies/project/ros_ws/install/mobile_sensor/share/mobile_sensor//node_modules/type/number/ensure.js\n'}
[1.279233] (mobile_sensor) StdoutLine: {'line': b'-- Installing: /home/ogan/ME461F25_LittleDaisies/project/ros_ws/install/mobile_sensor/share/mobile_sensor//node_modules/type/array-like\n'}
[1.279301] (mobile_sensor) StdoutLine: {'line': b'-- Installing: /home/ogan/ME461F25_LittleDaisies/project/ros_ws/install/mobile_sensor/share/mobile_sensor//node_modules/type/array-like/ensure.js\n'}
[1.279400] (mobile_sensor) StdoutLine: {'line': b'-- Installing: /home/ogan/ME461F25_LittleDaisies/project/ros_ws/install/mobile_sensor/share/mobile_sensor//node_modules/type/array-like/is.js\n'}
[1.279495] (mobile_sensor) StdoutLine: {'line': b'-- Installing: /home/ogan/ME461F25_LittleDaisies/project/ros_ws/install/mobile_sensor/share/mobile_sensor//node_modules/type/error\n'}
[1.279563] (mobile_sensor) StdoutLine: {'line': b'-- Installing: /home/ogan/ME461F25_LittleDaisies/project/ros_ws/install/mobile_sensor/share/mobile_sensor//node_modules/type/error/ensure.js\n'}
[1.279660] (mobile_sensor) StdoutLine: {'line': b'-- Installing: /home/ogan/ME461F25_LittleDaisies/project/ros_ws/install/mobile_sensor/share/mobile_sensor//node_modules/type/error/is.js\n'}
[1.279754] (mobile_sensor) StdoutLine: {'line': b'-- Installing: /home/ogan/ME461F25_LittleDaisies/project/ros_ws/install/mobile_sensor/share/mobile_sensor//node_modules/type/safe-integer\n'}
[1.279820] (mobile_sensor) StdoutLine: {'line': b'-- Installing: /home/ogan/ME461F25_LittleDaisies/project/ros_ws/install/mobile_sensor/share/mobile_sensor//node_modules/type/safe-integer/coerce.js\n'}
[1.279920] (mobile_sensor) StdoutLine: {'line': b'-- Installing: /home/ogan/ME461F25_LittleDaisies/project/ros_ws/install/mobile_sensor/share/mobile_sensor//node_modules/type/safe-integer/ensure.js\n'}
[1.280016] (mobile_sensor) StdoutLine: {'line': b'-- Installing: /home/ogan/ME461F25_LittleDaisies/project/ros_ws/install/mobile_sensor/share/mobile_sensor//node_modules/type/plain-object\n'}
[1.280084] (mobile_sensor) StdoutLine: {'line': b'-- Installing: /home/ogan/ME461F25_LittleDaisies/project/ros_ws/install/mobile_sensor/share/mobile_sensor//node_modules/type/plain-object/ensure.js\n'}
[1.280189] (mobile_sensor) StdoutLine: {'line': b'-- Installing: /home/ogan/ME461F25_LittleDaisies/project/ros_ws/install/mobile_sensor/share/mobile_sensor//node_modules/type/plain-object/is.js\n'}
[1.280285] (mobile_sensor) StdoutLine: {'line': b'-- Installing: /home/ogan/ME461F25_LittleDaisies/project/ros_ws/install/mobile_sensor/share/mobile_sensor//node_modules/type/time-value\n'}
[1.280350] (mobile_sensor) StdoutLine: {'line': b'-- Installing: /home/ogan/ME461F25_LittleDaisies/project/ros_ws/install/mobile_sensor/share/mobile_sensor//node_modules/type/time-value/coerce.js\n'}
[1.280450] (mobile_sensor) StdoutLine: {'line': b'-- Installing: /home/ogan/ME461F25_LittleDaisies/project/ros_ws/install/mobile_sensor/share/mobile_sensor//node_modules/type/time-value/ensure.js\n'}
[1.280546] (mobile_sensor) StdoutLine: {'line': b'-- Installing: /home/ogan/ME461F25_LittleDaisies/project/ros_ws/install/mobile_sensor/share/mobile_sensor//node_modules/type/function\n'}
[1.280610] (mobile_sensor) StdoutLine: {'line': b'-- Installing: /home/ogan/ME461F25_LittleDaisies/project/ros_ws/install/mobile_sensor/share/mobile_sensor//node_modules/type/function/ensure.js\n'}
[1.280712] (mobile_sensor) StdoutLine: {'line': b'-- Installing: /home/ogan/ME461F25_LittleDaisies/project/ros_ws/install/mobile_sensor/share/mobile_sensor//node_modules/type/function/is.js\n'}
[1.280809] (mobile_sensor) StdoutLine: {'line': b'-- Installing: /home/ogan/ME461F25_LittleDaisies/project/ros_ws/install/mobile_sensor/share/mobile_sensor//node_modules/type/natural-number\n'}
[1.280875] (mobile_sensor) StdoutLine: {'line': b'-- Installing: /home/ogan/ME461F25_LittleDaisies/project/ros_ws/install/mobile_sensor/share/mobile_sensor//node_modules/type/natural-number/coerce.js\n'}
[1.280974] (mobile_sensor) StdoutLine: {'line': b'-- Installing: /home/ogan/ME461F25_LittleDaisies/project/ros_ws/install/mobile_sensor/share/mobile_sensor//node_modules/type/natural-number/ensure.js\n'}
[1.281075] (mobile_sensor) StdoutLine: {'line': b'-- Installing: /home/ogan/ME461F25_LittleDaisies/project/ros_ws/install/mobile_sensor/share/mobile_sensor//node_modules/type/promise\n'}
[1.281147] (mobile_sensor) StdoutLine: {'line': b'-- Installing: /home/ogan/ME461F25_LittleDaisies/project/ros_ws/install/mobile_sensor/share/mobile_sensor//node_modules/type/promise/ensure.js\n'}
[1.281260] (mobile_sensor) StdoutLine: {'line': b'-- Installing: /home/ogan/ME461F25_LittleDaisies/project/ros_ws/install/mobile_sensor/share/mobile_sensor//node_modules/type/promise/is.js\n'}
[1.281354] (mobile_sensor) StdoutLine: {'line': b'-- Installing: /home/ogan/ME461F25_LittleDaisies/project/ros_ws/install/mobile_sensor/share/mobile_sensor//node_modules/type/array-length\n'}
[1.281420] (mobile_sensor) StdoutLine: {'line': b'-- Installing: /home/ogan/ME461F25_LittleDaisies/project/ros_ws/install/mobile_sensor/share/mobile_sensor//node_modules/type/array-length/coerce.js\n'}
[1.281518] (mobile_sensor) StdoutLine: {'line': b'-- Installing: /home/ogan/ME461F25_LittleDaisies/project/ros_ws/install/mobile_sensor/share/mobile_sensor//node_modules/type/array-length/ensure.js\n'}
[1.281612] (mobile_sensor) StdoutLine: {'line': b'-- Installing: /home/ogan/ME461F25_LittleDaisies/project/ros_ws/install/mobile_sensor/share/mobile_sensor//node_modules/type/object\n'}
[1.281678] (mobile_sensor) StdoutLine: {'line': b'-- Installing: /home/ogan/ME461F25_LittleDaisies/project/ros_ws/install/mobile_sensor/share/mobile_sensor//node_modules/type/object/ensure.js\n'}
[1.281776] (mobile_sensor) StdoutLine: {'line': b'-- Installing: /home/ogan/ME461F25_LittleDaisies/project/ros_ws/install/mobile_sensor/share/mobile_sensor//node_modules/type/object/is.js\n'}
[1.281876] (mobile_sensor) StdoutLine: {'line': b'-- Installing: /home/ogan/ME461F25_LittleDaisies/project/ros_ws/install/mobile_sensor/share/mobile_sensor//node_modules/type/README.md\n'}
[1.281987] (mobile_sensor) StdoutLine: {'line': b'-- Installing: /home/ogan/ME461F25_LittleDaisies/project/ros_ws/install/mobile_sensor/share/mobile_sensor//node_modules/type/array\n'}
[1.282054] (mobile_sensor) StdoutLine: {'line': b'-- Installing: /home/ogan/ME461F25_LittleDaisies/project/ros_ws/install/mobile_sensor/share/mobile_sensor//node_modules/type/array/ensure.js\n'}
[1.282162] (mobile_sensor) StdoutLine: {'line': b'-- Installing: /home/ogan/ME461F25_LittleDaisies/project/ros_ws/install/mobile_sensor/share/mobile_sensor//node_modules/type/array/is.js\n'}
[1.282256] (mobile_sensor) StdoutLine: {'line': b'-- Installing: /home/ogan/ME461F25_LittleDaisies/project/ros_ws/install/mobile_sensor/share/mobile_sensor//node_modules/type/prototype\n'}
[1.282322] (mobile_sensor) StdoutLine: {'line': b'-- Installing: /home/ogan/ME461F25_LittleDaisies/project/ros_ws/install/mobile_sensor/share/mobile_sensor//node_modules/type/prototype/is.js\n'}
[1.282418] (mobile_sensor) StdoutLine: {'line': b'-- Installing: /home/ogan/ME461F25_LittleDaisies/project/ros_ws/install/mobile_sensor/share/mobile_sensor//node_modules/type/value\n'}
[1.282484] (mobile_sensor) StdoutLine: {'line': b'-- Installing: /home/ogan/ME461F25_LittleDaisies/project/ros_ws/install/mobile_sensor/share/mobile_sensor//node_modules/type/value/ensure.js\n'}
[1.282584] (mobile_sensor) StdoutLine: {'line': b'-- Installing: /home/ogan/ME461F25_LittleDaisies/project/ros_ws/install/mobile_sensor/share/mobile_sensor//node_modules/type/value/is.js\n'}
[1.282681] (mobile_sensor) StdoutLine: {'line': b'-- Installing: /home/ogan/ME461F25_LittleDaisies/project/ros_ws/install/mobile_sensor/share/mobile_sensor//node_modules/path-to-regexp\n'}
[1.282749] (mobile_sensor) StdoutLine: {'line': b'-- Installing: /home/ogan/ME461F25_LittleDaisies/project/ros_ws/install/mobile_sensor/share/mobile_sensor//node_modules/path-to-regexp/package.json\n'}
[1.282845] (mobile_sensor) StdoutLine: {'line': b'-- Installing: /home/ogan/ME461F25_LittleDaisies/project/ros_ws/install/mobile_sensor/share/mobile_sensor//node_modules/path-to-regexp/LICENSE\n'}
[1.282942] (mobile_sensor) StdoutLine: {'line': b'-- Installing: /home/ogan/ME461F25_LittleDaisies/project/ros_ws/install/mobile_sensor/share/mobile_sensor//node_modules/path-to-regexp/index.js\n'}
[1.283039] (mobile_sensor) StdoutLine: {'line': b'-- Installing: /home/ogan/ME461F25_LittleDaisies/project/ros_ws/install/mobile_sensor/share/mobile_sensor//node_modules/path-to-regexp/Readme.md\n'}
[1.283136] (mobile_sensor) StdoutLine: {'line': b'-- Installing: /home/ogan/ME461F25_LittleDaisies/project/ros_ws/install/mobile_sensor/share/mobile_sensor//node_modules/walk\n'}
[1.283208] (mobile_sensor) StdoutLine: {'line': b'-- Installing: /home/ogan/ME461F25_LittleDaisies/project/ros_ws/install/mobile_sensor/share/mobile_sensor//node_modules/walk/package.json\n'}
[1.283305] (mobile_sensor) StdoutLine: {'line': b'-- Installing: /home/ogan/ME461F25_LittleDaisies/project/ros_ws/install/mobile_sensor/share/mobile_sensor//node_modules/walk/LICENSE\n'}
[1.283408] (mobile_sensor) StdoutLine: {'line': b'-- Installing: /home/ogan/ME461F25_LittleDaisies/project/ros_ws/install/mobile_sensor/share/mobile_sensor//node_modules/walk/lib\n'}
[1.283474] (mobile_sensor) StdoutLine: {'line': b'-- Installing: /home/ogan/ME461F25_LittleDaisies/project/ros_ws/install/mobile_sensor/share/mobile_sensor//node_modules/walk/lib/node-type-emitter.js\n'}
[1.283572] (mobile_sensor) StdoutLine: {'line': b'-- Installing: /home/ogan/ME461F25_LittleDaisies/project/ros_ws/install/mobile_sensor/share/mobile_sensor//node_modules/walk/lib/walk-async-only.js\n'}
[1.283670] (mobile_sensor) StdoutLine: {'line': b'-- Installing: /home/ogan/ME461F25_LittleDaisies/project/ros_ws/install/mobile_sensor/share/mobile_sensor//node_modules/walk/lib/walk.js\n'}
[1.283769] (mobile_sensor) StdoutLine: {'line': b'-- Installing: /home/ogan/ME461F25_LittleDaisies/project/ros_ws/install/mobile_sensor/share/mobile_sensor//node_modules/walk/README.md\n'}
[1.283867] (mobile_sensor) StdoutLine: {'line': b'-- Installing: /home/ogan/ME461F25_LittleDaisies/project/ros_ws/install/mobile_sensor/share/mobile_sensor//node_modules/ws\n'}
[1.283937] (mobile_sensor) StdoutLine: {'line': b'-- Installing: /home/ogan/ME461F25_LittleDaisies/project/ros_ws/install/mobile_sensor/share/mobile_sensor//node_modules/ws/package.json\n'}
[1.284034] (mobile_sensor) StdoutLine: {'line': b'-- Installing: /home/ogan/ME461F25_LittleDaisies/project/ros_ws/install/mobile_sensor/share/mobile_sensor//node_modules/ws/LICENSE\n'}
[1.284134] (mobile_sensor) StdoutLine: {'line': b'-- Installing: /home/ogan/ME461F25_LittleDaisies/project/ros_ws/install/mobile_sensor/share/mobile_sensor//node_modules/ws/index.js\n'}
[1.284230] (mobile_sensor) StdoutLine: {'line': b'-- Installing: /home/ogan/ME461F25_LittleDaisies/project/ros_ws/install/mobile_sensor/share/mobile_sensor//node_modules/ws/lib\n'}
[1.284302] (mobile_sensor) StdoutLine: {'line': b'-- Installing: /home/ogan/ME461F25_LittleDaisies/project/ros_ws/install/mobile_sensor/share/mobile_sensor//node_modules/ws/lib/event-target.js\n'}
[1.284408] (mobile_sensor) StdoutLine: {'line': b'-- Installing: /home/ogan/ME461F25_LittleDaisies/project/ros_ws/install/mobile_sensor/share/mobile_sensor//node_modules/ws/lib/limiter.js\n'}
[1.284532] (mobile_sensor) StdoutLine: {'line': b'-- Installing: /home/ogan/ME461F25_LittleDaisies/project/ros_ws/install/mobile_sensor/share/mobile_sensor//node_modules/ws/lib/receiver.js\n'}
[1.284651] (mobile_sensor) StdoutLine: {'line': b'-- Installing: /home/ogan/ME461F25_LittleDaisies/project/ros_ws/install/mobile_sensor/share/mobile_sensor//node_modules/ws/lib/constants.js\n'}
[1.284752] (mobile_sensor) StdoutLine: {'line': b'-- Installing: /home/ogan/ME461F25_LittleDaisies/project/ros_ws/install/mobile_sensor/share/mobile_sensor//node_modules/ws/lib/permessage-deflate.js\n'}
[1.284869] (mobile_sensor) StdoutLine: {'line': b'-- Installing: /home/ogan/ME461F25_LittleDaisies/project/ros_ws/install/mobile_sensor/share/mobile_sensor//node_modules/ws/lib/sender.js\n'}
[1.284985] (mobile_sensor) StdoutLine: {'line': b'-- Installing: /home/ogan/ME461F25_LittleDaisies/project/ros_ws/install/mobile_sensor/share/mobile_sensor//node_modules/ws/lib/validation.js\n'}
[1.285082] (mobile_sensor) StdoutLine: {'line': b'-- Installing: /home/ogan/ME461F25_LittleDaisies/project/ros_ws/install/mobile_sensor/share/mobile_sensor//node_modules/ws/lib/extension.js\n'}
[1.285259] (mobile_sensor) StdoutLine: {'line': b'-- Installing: /home/ogan/ME461F25_LittleDaisies/project/ros_ws/install/mobile_sensor/share/mobile_sensor//node_modules/ws/lib/stream.js\n'}
[1.285362] (mobile_sensor) StdoutLine: {'line': b'-- Installing: /home/ogan/ME461F25_LittleDaisies/project/ros_ws/install/mobile_sensor/share/mobile_sensor//node_modules/ws/lib/buffer-util.js\n'}
[1.285461] (mobile_sensor) StdoutLine: {'line': b'-- Installing: /home/ogan/ME461F25_LittleDaisies/project/ros_ws/install/mobile_sensor/share/mobile_sensor//node_modules/ws/lib/subprotocol.js\n'}
[1.285559] (mobile_sensor) StdoutLine: {'line': b'-- Installing: /home/ogan/ME461F25_LittleDaisies/project/ros_ws/install/mobile_sensor/share/mobile_sensor//node_modules/ws/lib/websocket-server.js\n'}
[1.285673] (mobile_sensor) StdoutLine: {'line': b'-- Installing: /home/ogan/ME461F25_LittleDaisies/project/ros_ws/install/mobile_sensor/share/mobile_sensor//node_modules/ws/lib/websocket.js\n'}
[1.285804] (mobile_sensor) StdoutLine: {'line': b'-- Installing: /home/ogan/ME461F25_LittleDaisies/project/ros_ws/install/mobile_sensor/share/mobile_sensor//node_modules/ws/browser.js\n'}
[1.285900] (mobile_sensor) StdoutLine: {'line': b'-- Installing: /home/ogan/ME461F25_LittleDaisies/project/ros_ws/install/mobile_sensor/share/mobile_sensor//node_modules/ws/wrapper.mjs\n'}
[1.285996] (mobile_sensor) StdoutLine: {'line': b'-- Installing: /home/ogan/ME461F25_LittleDaisies/project/ros_ws/install/mobile_sensor/share/mobile_sensor//node_modules/ws/README.md\n'}
[1.286101] (mobile_sensor) StdoutLine: {'line': b'-- Installing: /home/ogan/ME461F25_LittleDaisies/project/ros_ws/install/mobile_sensor/share/mobile_sensor//node_modules/on-finished\n'}
[1.286180] (mobile_sensor) StdoutLine: {'line': b'-- Installing: /home/ogan/ME461F25_LittleDaisies/project/ros_ws/install/mobile_sensor/share/mobile_sensor//node_modules/on-finished/package.json\n'}
[1.286280] (mobile_sensor) StdoutLine: {'line': b'-- Installing: /home/ogan/ME461F25_LittleDaisies/project/ros_ws/install/mobile_sensor/share/mobile_sensor//node_modules/on-finished/LICENSE\n'}
[1.286376] (mobile_sensor) StdoutLine: {'line': b'-- Installing: /home/ogan/ME461F25_LittleDaisies/project/ros_ws/install/mobile_sensor/share/mobile_sensor//node_modules/on-finished/index.js\n'}
[1.286477] (mobile_sensor) StdoutLine: {'line': b'-- Installing: /home/ogan/ME461F25_LittleDaisies/project/ros_ws/install/mobile_sensor/share/mobile_sensor//node_modules/on-finished/HISTORY.md\n'}
[1.286576] (mobile_sensor) StdoutLine: {'line': b'-- Installing: /home/ogan/ME461F25_LittleDaisies/project/ros_ws/install/mobile_sensor/share/mobile_sensor//node_modules/on-finished/README.md\n'}
[1.286677] (mobile_sensor) StdoutLine: {'line': b'-- Installing: /home/ogan/ME461F25_LittleDaisies/project/ros_ws/install/mobile_sensor/share/mobile_sensor//node_modules/merge-descriptors\n'}
[1.286745] (mobile_sensor) StdoutLine: {'line': b'-- Installing: /home/ogan/ME461F25_LittleDaisies/project/ros_ws/install/mobile_sensor/share/mobile_sensor//node_modules/merge-descriptors/package.json\n'}
[1.286844] (mobile_sensor) StdoutLine: {'line': b'-- Installing: /home/ogan/ME461F25_LittleDaisies/project/ros_ws/install/mobile_sensor/share/mobile_sensor//node_modules/merge-descriptors/LICENSE\n'}
[1.286939] (mobile_sensor) StdoutLine: {'line': b'-- Installing: /home/ogan/ME461F25_LittleDaisies/project/ros_ws/install/mobile_sensor/share/mobile_sensor//node_modules/merge-descriptors/index.js\n'}
[1.287037] (mobile_sensor) StdoutLine: {'line': b'-- Installing: /home/ogan/ME461F25_LittleDaisies/project/ros_ws/install/mobile_sensor/share/mobile_sensor//node_modules/merge-descriptors/HISTORY.md\n'}
[1.287151] (mobile_sensor) StdoutLine: {'line': b'-- Installing: /home/ogan/ME461F25_LittleDaisies/project/ros_ws/install/mobile_sensor/share/mobile_sensor//node_modules/merge-descriptors/README.md\n'}
[1.287252] (mobile_sensor) StdoutLine: {'line': b'-- Installing: /home/ogan/ME461F25_LittleDaisies/project/ros_ws/install/mobile_sensor/share/mobile_sensor//node_modules/bindings\n'}
[1.287320] (mobile_sensor) StdoutLine: {'line': b'-- Installing: /home/ogan/ME461F25_LittleDaisies/project/ros_ws/install/mobile_sensor/share/mobile_sensor//node_modules/bindings/package.json\n'}
[1.287417] (mobile_sensor) StdoutLine: {'line': b'-- Installing: /home/ogan/ME461F25_LittleDaisies/project/ros_ws/install/mobile_sensor/share/mobile_sensor//node_modules/bindings/bindings.js\n'}
[1.287517] (mobile_sensor) StdoutLine: {'line': b'-- Installing: /home/ogan/ME461F25_LittleDaisies/project/ros_ws/install/mobile_sensor/share/mobile_sensor//node_modules/bindings/LICENSE.md\n'}
[1.287612] (mobile_sensor) StdoutLine: {'line': b'-- Installing: /home/ogan/ME461F25_LittleDaisies/project/ros_ws/install/mobile_sensor/share/mobile_sensor//node_modules/bindings/README.md\n'}
[1.287709] (mobile_sensor) StdoutLine: {'line': b'-- Installing: /home/ogan/ME461F25_LittleDaisies/project/ros_ws/install/mobile_sensor/share/mobile_sensor//node_modules/process\n'}
[1.287779] (mobile_sensor) StdoutLine: {'line': b'-- Installing: /home/ogan/ME461F25_LittleDaisies/project/ros_ws/install/mobile_sensor/share/mobile_sensor//node_modules/process/.eslintrc\n'}
[1.287876] (mobile_sensor) StdoutLine: {'line': b'-- Installing: /home/ogan/ME461F25_LittleDaisies/project/ros_ws/install/mobile_sensor/share/mobile_sensor//node_modules/process/package.json\n'}
[1.287972] (mobile_sensor) StdoutLine: {'line': b'-- Installing: /home/ogan/ME461F25_LittleDaisies/project/ros_ws/install/mobile_sensor/share/mobile_sensor//node_modules/process/LICENSE\n'}
[1.288071] (mobile_sensor) StdoutLine: {'line': b'-- Installing: /home/ogan/ME461F25_LittleDaisies/project/ros_ws/install/mobile_sensor/share/mobile_sensor//node_modules/process/index.js\n'}
[1.288174] (mobile_sensor) StdoutLine: {'line': b'-- Installing: /home/ogan/ME461F25_LittleDaisies/project/ros_ws/install/mobile_sensor/share/mobile_sensor//node_modules/process/test.js\n'}
[1.288276] (mobile_sensor) StdoutLine: {'line': b'-- Installing: /home/ogan/ME461F25_LittleDaisies/project/ros_ws/install/mobile_sensor/share/mobile_sensor//node_modules/process/browser.js\n'}
[1.288376] (mobile_sensor) StdoutLine: {'line': b'-- Installing: /home/ogan/ME461F25_LittleDaisies/project/ros_ws/install/mobile_sensor/share/mobile_sensor//node_modules/process/README.md\n'}
[1.288472] (mobile_sensor) StdoutLine: {'line': b'-- Installing: /home/ogan/ME461F25_LittleDaisies/project/ros_ws/install/mobile_sensor/share/mobile_sensor//node_modules/http-errors\n'}
[1.288547] (mobile_sensor) StdoutLine: {'line': b'-- Installing: /home/ogan/ME461F25_LittleDaisies/project/ros_ws/install/mobile_sensor/share/mobile_sensor//node_modules/http-errors/package.json\n'}
[1.288644] (mobile_sensor) StdoutLine: {'line': b'-- Installing: /home/ogan/ME461F25_LittleDaisies/project/ros_ws/install/mobile_sensor/share/mobile_sensor//node_modules/http-errors/LICENSE\n'}
[1.288739] (mobile_sensor) StdoutLine: {'line': b'-- Installing: /home/ogan/ME461F25_LittleDaisies/project/ros_ws/install/mobile_sensor/share/mobile_sensor//node_modules/http-errors/index.js\n'}
[1.288839] (mobile_sensor) StdoutLine: {'line': b'-- Installing: /home/ogan/ME461F25_LittleDaisies/project/ros_ws/install/mobile_sensor/share/mobile_sensor//node_modules/http-errors/HISTORY.md\n'}
[1.288935] (mobile_sensor) StdoutLine: {'line': b'-- Installing: /home/ogan/ME461F25_LittleDaisies/project/ros_ws/install/mobile_sensor/share/mobile_sensor//node_modules/http-errors/README.md\n'}
[1.289031] (mobile_sensor) StdoutLine: {'line': b'-- Installing: /home/ogan/ME461F25_LittleDaisies/project/ros_ws/install/mobile_sensor/share/mobile_sensor//node_modules/inherits\n'}
[1.289111] (mobile_sensor) StdoutLine: {'line': b'-- Installing: /home/ogan/ME461F25_LittleDaisies/project/ros_ws/install/mobile_sensor/share/mobile_sensor//node_modules/inherits/inherits_browser.js\n'}
[1.289221] (mobile_sensor) StdoutLine: {'line': b'-- Installing: /home/ogan/ME461F25_LittleDaisies/project/ros_ws/install/mobile_sensor/share/mobile_sensor//node_modules/inherits/inherits.js\n'}
[1.289319] (mobile_sensor) StdoutLine: {'line': b'-- Installing: /home/ogan/ME461F25_LittleDaisies/project/ros_ws/install/mobile_sensor/share/mobile_sensor//node_modules/inherits/package.json\n'}
[1.289419] (mobile_sensor) StdoutLine: {'line': b'-- Installing: /home/ogan/ME461F25_LittleDaisies/project/ros_ws/install/mobile_sensor/share/mobile_sensor//node_modules/inherits/LICENSE\n'}
[1.289514] (mobile_sensor) StdoutLine: {'line': b'-- Installing: /home/ogan/ME461F25_LittleDaisies/project/ros_ws/install/mobile_sensor/share/mobile_sensor//node_modules/inherits/README.md\n'}
[1.289609] (mobile_sensor) StdoutLine: {'line': b'-- Installing: /home/ogan/ME461F25_LittleDaisies/project/ros_ws/install/mobile_sensor/share/mobile_sensor//node_modules/path\n'}
[1.289679] (mobile_sensor) StdoutLine: {'line': b'-- Installing: /home/ogan/ME461F25_LittleDaisies/project/ros_ws/install/mobile_sensor/share/mobile_sensor//node_modules/path/.npmignore\n'}
[1.289775] (mobile_sensor) StdoutLine: {'line': b'-- Installing: /home/ogan/ME461F25_LittleDaisies/project/ros_ws/install/mobile_sensor/share/mobile_sensor//node_modules/path/package.json\n'}
[1.289871] (mobile_sensor) StdoutLine: {'line': b'-- Installing: /home/ogan/ME461F25_LittleDaisies/project/ros_ws/install/mobile_sensor/share/mobile_sensor//node_modules/path/LICENSE\n'}
[1.289973] (mobile_sensor) StdoutLine: {'line': b'-- Installing: /home/ogan/ME461F25_LittleDaisies/project/ros_ws/install/mobile_sensor/share/mobile_sensor//node_modules/path/path.js\n'}
[1.290085] (mobile_sensor) StdoutLine: {'line': b'-- Installing: /home/ogan/ME461F25_LittleDaisies/project/ros_ws/install/mobile_sensor/share/mobile_sensor//node_modules/path/README.md\n'}
[1.290188] (mobile_sensor) StdoutLine: {'line': b'-- Installing: /home/ogan/ME461F25_LittleDaisies/project/ros_ws/install/mobile_sensor/share/mobile_sensor//node_modules/setprototypeof\n'}
[1.290256] (mobile_sensor) StdoutLine: {'line': b'-- Installing: /home/ogan/ME461F25_LittleDaisies/project/ros_ws/install/mobile_sensor/share/mobile_sensor//node_modules/setprototypeof/package.json\n'}
[1.290361] (mobile_sensor) StdoutLine: {'line': b'-- Installing: /home/ogan/ME461F25_LittleDaisies/project/ros_ws/install/mobile_sensor/share/mobile_sensor//node_modules/setprototypeof/LICENSE\n'}
[1.290456] (mobile_sensor) StdoutLine: {'line': b'-- Installing: /home/ogan/ME461F25_LittleDaisies/project/ros_ws/install/mobile_sensor/share/mobile_sensor//node_modules/setprototypeof/index.js\n'}
[1.290553] (mobile_sensor) StdoutLine: {'line': b'-- Installing: /home/ogan/ME461F25_LittleDaisies/project/ros_ws/install/mobile_sensor/share/mobile_sensor//node_modules/setprototypeof/index.d.ts\n'}
[1.290646] (mobile_sensor) StdoutLine: {'line': b'-- Installing: /home/ogan/ME461F25_LittleDaisies/project/ros_ws/install/mobile_sensor/share/mobile_sensor//node_modules/setprototypeof/test\n'}
[1.290712] (mobile_sensor) StdoutLine: {'line': b'-- Installing: /home/ogan/ME461F25_LittleDaisies/project/ros_ws/install/mobile_sensor/share/mobile_sensor//node_modules/setprototypeof/test/index.js\n'}
[1.290810] (mobile_sensor) StdoutLine: {'line': b'-- Installing: /home/ogan/ME461F25_LittleDaisies/project/ros_ws/install/mobile_sensor/share/mobile_sensor//node_modules/setprototypeof/README.md\n'}
[1.290913] (mobile_sensor) StdoutLine: {'line': b'-- Installing: /home/ogan/ME461F25_LittleDaisies/project/ros_ws/install/mobile_sensor/share/mobile_sensor//node_modules/gopd\n'}
[1.290989] (mobile_sensor) StdoutLine: {'line': b'-- Installing: /home/ogan/ME461F25_LittleDaisies/project/ros_ws/install/mobile_sensor/share/mobile_sensor//node_modules/gopd/.eslintrc\n'}
[1.291101] (mobile_sensor) StdoutLine: {'line': b'-- Installing: /home/ogan/ME461F25_LittleDaisies/project/ros_ws/install/mobile_sensor/share/mobile_sensor//node_modules/gopd/package.json\n'}
[1.291278] (mobile_sensor) StdoutLine: {'line': b'-- Installing: /home/ogan/ME461F25_LittleDaisies/project/ros_ws/install/mobile_sensor/share/mobile_sensor//node_modules/gopd/LICENSE\n'}
[1.291359] (mobile_sensor) StdoutLine: {'line': b'-- Installing: /home/ogan/ME461F25_LittleDaisies/project/ros_ws/install/mobile_sensor/share/mobile_sensor//node_modules/gopd/index.js\n'}
[1.291475] (mobile_sensor) StdoutLine: {'line': b'-- Installing: /home/ogan/ME461F25_LittleDaisies/project/ros_ws/install/mobile_sensor/share/mobile_sensor//node_modules/gopd/gOPD.js\n'}
[1.291573] (mobile_sensor) StdoutLine: {'line': b'-- Installing: /home/ogan/ME461F25_LittleDaisies/project/ros_ws/install/mobile_sensor/share/mobile_sensor//node_modules/gopd/index.d.ts\n'}
[1.291668] (mobile_sensor) StdoutLine: {'line': b'-- Installing: /home/ogan/ME461F25_LittleDaisies/project/ros_ws/install/mobile_sensor/share/mobile_sensor//node_modules/gopd/CHANGELOG.md\n'}
[1.291765] (mobile_sensor) StdoutLine: {'line': b'-- Installing: /home/ogan/ME461F25_LittleDaisies/project/ros_ws/install/mobile_sensor/share/mobile_sensor//node_modules/gopd/tsconfig.json\n'}
[1.291859] (mobile_sensor) StdoutLine: {'line': b'-- Installing: /home/ogan/ME461F25_LittleDaisies/project/ros_ws/install/mobile_sensor/share/mobile_sensor//node_modules/gopd/test\n'}
[1.291928] (mobile_sensor) StdoutLine: {'line': b'-- Installing: /home/ogan/ME461F25_LittleDaisies/project/ros_ws/install/mobile_sensor/share/mobile_sensor//node_modules/gopd/test/index.js\n'}
[1.292032] (mobile_sensor) StdoutLine: {'line': b'-- Installing: /home/ogan/ME461F25_LittleDaisies/project/ros_ws/install/mobile_sensor/share/mobile_sensor//node_modules/gopd/README.md\n'}
[1.292136] (mobile_sensor) StdoutLine: {'line': b'-- Installing: /home/ogan/ME461F25_LittleDaisies/project/ros_ws/install/mobile_sensor/share/mobile_sensor//node_modules/gopd/gOPD.d.ts\n'}
[1.292231] (mobile_sensor) StdoutLine: {'line': b'-- Installing: /home/ogan/ME461F25_LittleDaisies/project/ros_ws/install/mobile_sensor/share/mobile_sensor//node_modules/gopd/.github\n'}
[1.292296] (mobile_sensor) StdoutLine: {'line': b'-- Installing: /home/ogan/ME461F25_LittleDaisies/project/ros_ws/install/mobile_sensor/share/mobile_sensor//node_modules/gopd/.github/FUNDING.yml\n'}
[1.292393] (mobile_sensor) StdoutLine: {'line': b'-- Installing: /home/ogan/ME461F25_LittleDaisies/project/ros_ws/install/mobile_sensor/share/mobile_sensor//node_modules/ms\n'}
[1.292460] (mobile_sensor) StdoutLine: {'line': b'-- Installing: /home/ogan/ME461F25_LittleDaisies/project/ros_ws/install/mobile_sensor/share/mobile_sensor//node_modules/ms/package.json\n'}
[1.292557] (mobile_sensor) StdoutLine: {'line': b'-- Installing: /home/ogan/ME461F25_LittleDaisies/project/ros_ws/install/mobile_sensor/share/mobile_sensor//node_modules/ms/index.js\n'}
[1.292656] (mobile_sensor) StdoutLine: {'line': b'-- Installing: /home/ogan/ME461F25_LittleDaisies/project/ros_ws/install/mobile_sensor/share/mobile_sensor//node_modules/ms/license.md\n'}
[1.292753] (mobile_sensor) StdoutLine: {'line': b'-- Installing: /home/ogan/ME461F25_LittleDaisies/project/ros_ws/install/mobile_sensor/share/mobile_sensor//node_modules/ms/readme.md\n'}
[1.292864] (mobile_sensor) StdoutLine: {'line': b'-- Installing: /home/ogan/ME461F25_LittleDaisies/project/ros_ws/install/mobile_sensor/share/mobile_sensor//node_modules/d\n'}
[1.292937] (mobile_sensor) StdoutLine: {'line': b'-- Installing: /home/ogan/ME461F25_LittleDaisies/project/ros_ws/install/mobile_sensor/share/mobile_sensor//node_modules/d/package.json\n'}
[1.293036] (mobile_sensor) StdoutLine: {'line': b'-- Installing: /home/ogan/ME461F25_LittleDaisies/project/ros_ws/install/mobile_sensor/share/mobile_sensor//node_modules/d/LICENSE\n'}
[1.293136] (mobile_sensor) StdoutLine: {'line': b'-- Installing: /home/ogan/ME461F25_LittleDaisies/project/ros_ws/install/mobile_sensor/share/mobile_sensor//node_modules/d/index.js\n'}
[1.293254] (mobile_sensor) StdoutLine: {'line': b'-- Installing: /home/ogan/ME461F25_LittleDaisies/project/ros_ws/install/mobile_sensor/share/mobile_sensor//node_modules/d/auto-bind.js\n'}
[1.293348] (mobile_sensor) StdoutLine: {'line': b'-- Installing: /home/ogan/ME461F25_LittleDaisies/project/ros_ws/install/mobile_sensor/share/mobile_sensor//node_modules/d/CHANGELOG.md\n'}
[1.293444] (mobile_sensor) StdoutLine: {'line': b'-- Installing: /home/ogan/ME461F25_LittleDaisies/project/ros_ws/install/mobile_sensor/share/mobile_sensor//node_modules/d/README.md\n'}
[1.293544] (mobile_sensor) StdoutLine: {'line': b'-- Installing: /home/ogan/ME461F25_LittleDaisies/project/ros_ws/install/mobile_sensor/share/mobile_sensor//node_modules/d/lazy.js\n'}
[1.293639] (mobile_sensor) StdoutLine: {'line': b'-- Installing: /home/ogan/ME461F25_LittleDaisies/project/ros_ws/install/mobile_sensor/share/mobile_sensor//node_modules/d/CHANGES\n'}
[1.293734] (mobile_sensor) StdoutLine: {'line': b'-- Installing: /home/ogan/ME461F25_LittleDaisies/project/ros_ws/install/mobile_sensor/share/mobile_sensor//node_modules/iconv-lite\n'}
[1.293803] (mobile_sensor) StdoutLine: {'line': b'-- Installing: /home/ogan/ME461F25_LittleDaisies/project/ros_ws/install/mobile_sensor/share/mobile_sensor//node_modules/iconv-lite/package.json\n'}
[1.293896] (mobile_sensor) StdoutLine: {'line': b'-- Installing: /home/ogan/ME461F25_LittleDaisies/project/ros_ws/install/mobile_sensor/share/mobile_sensor//node_modules/iconv-lite/encodings\n'}
[1.293965] (mobile_sensor) StdoutLine: {'line': b'-- Installing: /home/ogan/ME461F25_LittleDaisies/project/ros_ws/install/mobile_sensor/share/mobile_sensor//node_modules/iconv-lite/encodings/dbcs-data.js\n'}
[1.294078] (mobile_sensor) StdoutLine: {'line': b'-- Installing: /home/ogan/ME461F25_LittleDaisies/project/ros_ws/install/mobile_sensor/share/mobile_sensor//node_modules/iconv-lite/encodings/tables\n'}
[1.294158] (mobile_sensor) StdoutLine: {'line': b'-- Installing: /home/ogan/ME461F25_LittleDaisies/project/ros_ws/install/mobile_sensor/share/mobile_sensor//node_modules/iconv-lite/encodings/tables/big5-added.json\n'}
[1.294276] (mobile_sensor) StdoutLine: {'line': b'-- Installing: /home/ogan/ME461F25_LittleDaisies/project/ros_ws/install/mobile_sensor/share/mobile_sensor//node_modules/iconv-lite/encodings/tables/cp936.json\n'}
[1.294418] (mobile_sensor) StdoutLine: {'line': b'-- Installing: /home/ogan/ME461F25_LittleDaisies/project/ros_ws/install/mobile_sensor/share/mobile_sensor//node_modules/iconv-lite/encodings/tables/gbk-added.json\n'}
[1.294525] (mobile_sensor) StdoutLine: {'line': b'-- Installing: /home/ogan/ME461F25_LittleDaisies/project/ros_ws/install/mobile_sensor/share/mobile_sensor//node_modules/iconv-lite/encodings/tables/shiftjis.json\n'}
[1.294646] (mobile_sensor) StdoutLine: {'line': b'-- Installing: /home/ogan/ME461F25_LittleDaisies/project/ros_ws/install/mobile_sensor/share/mobile_sensor//node_modules/iconv-lite/encodings/tables/cp949.json\n'}
[1.294779] (mobile_sensor) StdoutLine: {'line': b'-- Installing: /home/ogan/ME461F25_LittleDaisies/project/ros_ws/install/mobile_sensor/share/mobile_sensor//node_modules/iconv-lite/encodings/tables/eucjp.json\n'}
[1.294917] (mobile_sensor) StdoutLine: {'line': b'-- Installing: /home/ogan/ME461F25_LittleDaisies/project/ros_ws/install/mobile_sensor/share/mobile_sensor//node_modules/iconv-lite/encodings/tables/cp950.json\n'}
[1.295059] (mobile_sensor) StdoutLine: {'line': b'-- Installing: /home/ogan/ME461F25_LittleDaisies/project/ros_ws/install/mobile_sensor/share/mobile_sensor//node_modules/iconv-lite/encodings/tables/gb18030-ranges.json\n'}
[1.295171] (mobile_sensor) StdoutLine: {'line': b'-- Installing: /home/ogan/ME461F25_LittleDaisies/project/ros_ws/install/mobile_sensor/share/mobile_sensor//node_modules/iconv-lite/encodings/dbcs-codec.js\n'}
[1.295289] (mobile_sensor) StdoutLine: {'line': b'-- Installing: /home/ogan/ME461F25_LittleDaisies/project/ros_ws/install/mobile_sensor/share/mobile_sensor//node_modules/iconv-lite/encodings/index.js\n'}
[1.295388] (mobile_sensor) StdoutLine: {'line': b'-- Installing: /home/ogan/ME461F25_LittleDaisies/project/ros_ws/install/mobile_sensor/share/mobile_sensor//node_modules/iconv-lite/encodings/sbcs-codec.js\n'}
[1.295488] (mobile_sensor) StdoutLine: {'line': b'-- Installing: /home/ogan/ME461F25_LittleDaisies/project/ros_ws/install/mobile_sensor/share/mobile_sensor//node_modules/iconv-lite/encodings/utf7.js\n'}
[1.295596] (mobile_sensor) StdoutLine: {'line': b'-- Installing: /home/ogan/ME461F25_LittleDaisies/project/ros_ws/install/mobile_sensor/share/mobile_sensor//node_modules/iconv-lite/encodings/utf16.js\n'}
[1.295699] (mobile_sensor) StdoutLine: {'line': b'-- Installing: /home/ogan/ME461F25_LittleDaisies/project/ros_ws/install/mobile_sensor/share/mobile_sensor//node_modules/iconv-lite/encodings/sbcs-data-generated.js\n'}
[1.295824] (mobile_sensor) StdoutLine: {'line': b'-- Installing: /home/ogan/ME461F25_LittleDaisies/project/ros_ws/install/mobile_sensor/share/mobile_sensor//node_modules/iconv-lite/encodings/sbcs-data.js\n'}
[1.295932] (mobile_sensor) StdoutLine: {'line': b'-- Installing: /home/ogan/ME461F25_LittleDaisies/project/ros_ws/install/mobile_sensor/share/mobile_sensor//node_modules/iconv-lite/encodings/internal.js\n'}
[1.296037] (mobile_sensor) StdoutLine: {'line': b'-- Installing: /home/ogan/ME461F25_LittleDaisies/project/ros_ws/install/mobile_sensor/share/mobile_sensor//node_modules/iconv-lite/LICENSE\n'}
[1.296136] (mobile_sensor) StdoutLine: {'line': b'-- Installing: /home/ogan/ME461F25_LittleDaisies/project/ros_ws/install/mobile_sensor/share/mobile_sensor//node_modules/iconv-lite/lib\n'}
[1.296241] (mobile_sensor) StdoutLine: {'line': b'-- Installing: /home/ogan/ME461F25_LittleDaisies/project/ros_ws/install/mobile_sensor/share/mobile_sensor//node_modules/iconv-lite/lib/streams.js\n'}
[1.296341] (mobile_sensor) StdoutLine: {'line': b'-- Installing: /home/ogan/ME461F25_LittleDaisies/project/ros_ws/install/mobile_sensor/share/mobile_sensor//node_modules/iconv-lite/lib/index.js\n'}
[1.296443] (mobile_sensor) StdoutLine: {'line': b'-- Installing: /home/ogan/ME461F25_LittleDaisies/project/ros_ws/install/mobile_sensor/share/mobile_sensor//node_modules/iconv-lite/lib/bom-handling.js\n'}
[1.296542] (mobile_sensor) StdoutLine: {'line': b'-- Installing: /home/ogan/ME461F25_LittleDaisies/project/ros_ws/install/mobile_sensor/share/mobile_sensor//node_modules/iconv-lite/lib/extend-node.js\n'}
[1.296676] (mobile_sensor) StdoutLine: {'line': b'-- Installing: /home/ogan/ME461F25_LittleDaisies/project/ros_ws/install/mobile_sensor/share/mobile_sensor//node_modules/iconv-lite/lib/index.d.ts\n'}
[1.296775] (mobile_sensor) StdoutLine: {'line': b'-- Installing: /home/ogan/ME461F25_LittleDaisies/project/ros_ws/install/mobile_sensor/share/mobile_sensor//node_modules/iconv-lite/Changelog.md\n'}
[1.296878] (mobile_sensor) StdoutLine: {'line': b'-- Installing: /home/ogan/ME461F25_LittleDaisies/project/ros_ws/install/mobile_sensor/share/mobile_sensor//node_modules/iconv-lite/README.md\n'}
[1.296978] (mobile_sensor) StdoutLine: {'line': b'-- Installing: /home/ogan/ME461F25_LittleDaisies/project/ros_ws/install/mobile_sensor/share/mobile_sensor//node_modules/mime-types\n'}
[1.297047] (mobile_sensor) StdoutLine: {'line': b'-- Installing: /home/ogan/ME461F25_LittleDaisies/project/ros_ws/install/mobile_sensor/share/mobile_sensor//node_modules/mime-types/package.json\n'}
[1.297151] (mobile_sensor) StdoutLine: {'line': b'-- Installing: /home/ogan/ME461F25_LittleDaisies/project/ros_ws/install/mobile_sensor/share/mobile_sensor//node_modules/mime-types/LICENSE\n'}
[1.297255] (mobile_sensor) StdoutLine: {'line': b'-- Installing: /home/ogan/ME461F25_LittleDaisies/project/ros_ws/install/mobile_sensor/share/mobile_sensor//node_modules/mime-types/index.js\n'}
[1.297352] (mobile_sensor) StdoutLine: {'line': b'-- Installing: /home/ogan/ME461F25_LittleDaisies/project/ros_ws/install/mobile_sensor/share/mobile_sensor//node_modules/mime-types/HISTORY.md\n'}
[1.297499] (mobile_sensor) StdoutLine: {'line': b'-- Installing: /home/ogan/ME461F25_LittleDaisies/project/ros_ws/install/mobile_sensor/share/mobile_sensor//node_modules/mime-types/README.md\n'}
[1.297593] (mobile_sensor) StdoutLine: {'line': b'-- Installing: /home/ogan/ME461F25_LittleDaisies/project/ros_ws/install/mobile_sensor/share/mobile_sensor//node_modules/fs-extra\n'}
[1.297663] (mobile_sensor) StdoutLine: {'line': b'-- Installing: /home/ogan/ME461F25_LittleDaisies/project/ros_ws/install/mobile_sensor/share/mobile_sensor//node_modules/fs-extra/package.json\n'}
[1.297766] (mobile_sensor) StdoutLine: {'line': b'-- Installing: /home/ogan/ME461F25_LittleDaisies/project/ros_ws/install/mobile_sensor/share/mobile_sensor//node_modules/fs-extra/LICENSE\n'}
[1.297865] (mobile_sensor) StdoutLine: {'line': b'-- Installing: /home/ogan/ME461F25_LittleDaisies/project/ros_ws/install/mobile_sensor/share/mobile_sensor//node_modules/fs-extra/lib\n'}
[1.297927] (mobile_sensor) StdoutLine: {'line': b'-- Installing: /home/ogan/ME461F25_LittleDaisies/project/ros_ws/install/mobile_sensor/share/mobile_sensor//node_modules/fs-extra/lib/ensure\n'}
[1.297979] (mobile_sensor) StdoutLine: {'line': b'-- Installing: /home/ogan/ME461F25_LittleDaisies/project/ros_ws/install/mobile_sensor/share/mobile_sensor//node_modules/fs-extra/lib/ensure/link.js\n'}
[1.298062] (mobile_sensor) StdoutLine: {'line': b'-- Installing: /home/ogan/ME461F25_LittleDaisies/project/ros_ws/install/mobile_sensor/share/mobile_sensor//node_modules/fs-extra/lib/ensure/symlink.js\n'}
[1.298167] (mobile_sensor) StdoutLine: {'line': b'-- Installing: /home/ogan/ME461F25_LittleDaisies/project/ros_ws/install/mobile_sensor/share/mobile_sensor//node_modules/fs-extra/lib/ensure/file.js\n'}
[1.298265] (mobile_sensor) StdoutLine: {'line': b'-- Installing: /home/ogan/ME461F25_LittleDaisies/project/ros_ws/install/mobile_sensor/share/mobile_sensor//node_modules/fs-extra/lib/ensure/index.js\n'}
[1.298361] (mobile_sensor) StdoutLine: {'line': b'-- Installing: /home/ogan/ME461F25_LittleDaisies/project/ros_ws/install/mobile_sensor/share/mobile_sensor//node_modules/fs-extra/lib/ensure/symlink-paths.js\n'}
[1.298461] (mobile_sensor) StdoutLine: {'line': b'-- Installing: /home/ogan/ME461F25_LittleDaisies/project/ros_ws/install/mobile_sensor/share/mobile_sensor//node_modules/fs-extra/lib/ensure/symlink-type.js\n'}
[1.298554] (mobile_sensor) StdoutLine: {'line': b'-- Installing: /home/ogan/ME461F25_LittleDaisies/project/ros_ws/install/mobile_sensor/share/mobile_sensor//node_modules/fs-extra/lib/json\n'}
[1.298624] (mobile_sensor) StdoutLine: {'line': b'-- Installing: /home/ogan/ME461F25_LittleDaisies/project/ros_ws/install/mobile_sensor/share/mobile_sensor//node_modules/fs-extra/lib/json/index.js\n'}
[1.298731] (mobile_sensor) StdoutLine: {'line': b'-- Installing: /home/ogan/ME461F25_LittleDaisies/project/ros_ws/install/mobile_sensor/share/mobile_sensor//node_modules/fs-extra/lib/json/output-json-sync.js\n'}
[1.298830] (mobile_sensor) StdoutLine: {'line': b'-- Installing: /home/ogan/ME461F25_LittleDaisies/project/ros_ws/install/mobile_sensor/share/mobile_sensor//node_modules/fs-extra/lib/json/jsonfile.js\n'}
[1.298927] (mobile_sensor) StdoutLine: {'line': b'-- Installing: /home/ogan/ME461F25_LittleDaisies/project/ros_ws/install/mobile_sensor/share/mobile_sensor//node_modules/fs-extra/lib/json/output-json.js\n'}
[1.299020] (mobile_sensor) StdoutLine: {'line': b'-- Installing: /home/ogan/ME461F25_LittleDaisies/project/ros_ws/install/mobile_sensor/share/mobile_sensor//node_modules/fs-extra/lib/remove\n'}
[1.299088] (mobile_sensor) StdoutLine: {'line': b'-- Installing: /home/ogan/ME461F25_LittleDaisies/project/ros_ws/install/mobile_sensor/share/mobile_sensor//node_modules/fs-extra/lib/remove/index.js\n'}
[1.299191] (mobile_sensor) StdoutLine: {'line': b'-- Installing: /home/ogan/ME461F25_LittleDaisies/project/ros_ws/install/mobile_sensor/share/mobile_sensor//node_modules/fs-extra/lib/path-exists\n'}
[1.299257] (mobile_sensor) StdoutLine: {'line': b'-- Installing: /home/ogan/ME461F25_LittleDaisies/project/ros_ws/install/mobile_sensor/share/mobile_sensor//node_modules/fs-extra/lib/path-exists/index.js\n'}
[1.299353] (mobile_sensor) StdoutLine: {'line': b'-- Installing: /home/ogan/ME461F25_LittleDaisies/project/ros_ws/install/mobile_sensor/share/mobile_sensor//node_modules/fs-extra/lib/util\n'}
[1.299420] (mobile_sensor) StdoutLine: {'line': b'-- Installing: /home/ogan/ME461F25_LittleDaisies/project/ros_ws/install/mobile_sensor/share/mobile_sensor//node_modules/fs-extra/lib/util/async.js\n'}
[1.299520] (mobile_sensor) StdoutLine: {'line': b'-- Installing: /home/ogan/ME461F25_LittleDaisies/project/ros_ws/install/mobile_sensor/share/mobile_sensor//node_modules/fs-extra/lib/util/utimes.js\n'}
[1.299619] (mobile_sensor) StdoutLine: {'line': b'-- Installing: /home/ogan/ME461F25_LittleDaisies/project/ros_ws/install/mobile_sensor/share/mobile_sensor//node_modules/fs-extra/lib/util/stat.js\n'}
[1.299713] (mobile_sensor) StdoutLine: {'line': b'-- Installing: /home/ogan/ME461F25_LittleDaisies/project/ros_ws/install/mobile_sensor/share/mobile_sensor//node_modules/fs-extra/lib/copy\n'}
[1.299783] (mobile_sensor) StdoutLine: {'line': b'-- Installing: /home/ogan/ME461F25_LittleDaisies/project/ros_ws/install/mobile_sensor/share/mobile_sensor//node_modules/fs-extra/lib/copy/copy-sync.js\n'}
[1.299886] (mobile_sensor) StdoutLine: {'line': b'-- Installing: /home/ogan/ME461F25_LittleDaisies/project/ros_ws/install/mobile_sensor/share/mobile_sensor//node_modules/fs-extra/lib/copy/index.js\n'}
[1.299983] (mobile_sensor) StdoutLine: {'line': b'-- Installing: /home/ogan/ME461F25_LittleDaisies/project/ros_ws/install/mobile_sensor/share/mobile_sensor//node_modules/fs-extra/lib/copy/copy.js\n'}
[1.300087] (mobile_sensor) StdoutLine: {'line': b'-- Installing: /home/ogan/ME461F25_LittleDaisies/project/ros_ws/install/mobile_sensor/share/mobile_sensor//node_modules/fs-extra/lib/index.js\n'}
[1.300196] (mobile_sensor) StdoutLine: {'line': b'-- Installing: /home/ogan/ME461F25_LittleDaisies/project/ros_ws/install/mobile_sensor/share/mobile_sensor//node_modules/fs-extra/lib/esm.mjs\n'}
[1.300293] (mobile_sensor) StdoutLine: {'line': b'-- Installing: /home/ogan/ME461F25_LittleDaisies/project/ros_ws/install/mobile_sensor/share/mobile_sensor//node_modules/fs-extra/lib/fs\n'}
[1.300359] (mobile_sensor) StdoutLine: {'line': b'-- Installing: /home/ogan/ME461F25_LittleDaisies/project/ros_ws/install/mobile_sensor/share/mobile_sensor//node_modules/fs-extra/lib/fs/index.js\n'}
[1.300454] (mobile_sensor) StdoutLine: {'line': b'-- Installing: /home/ogan/ME461F25_LittleDaisies/project/ros_ws/install/mobile_sensor/share/mobile_sensor//node_modules/fs-extra/lib/move\n'}
[1.300521] (mobile_sensor) StdoutLine: {'line': b'-- Installing: /home/ogan/ME461F25_LittleDaisies/project/ros_ws/install/mobile_sensor/share/mobile_sensor//node_modules/fs-extra/lib/move/index.js\n'}
[1.300621] (mobile_sensor) StdoutLine: {'line': b'-- Installing: /home/ogan/ME461F25_LittleDaisies/project/ros_ws/install/mobile_sensor/share/mobile_sensor//node_modules/fs-extra/lib/move/move-sync.js\n'}
[1.300718] (mobile_sensor) StdoutLine: {'line': b'-- Installing: /home/ogan/ME461F25_LittleDaisies/project/ros_ws/install/mobile_sensor/share/mobile_sensor//node_modules/fs-extra/lib/move/move.js\n'}
[1.300813] (mobile_sensor) StdoutLine: {'line': b'-- Installing: /home/ogan/ME461F25_LittleDaisies/project/ros_ws/install/mobile_sensor/share/mobile_sensor//node_modules/fs-extra/lib/output-file\n'}
[1.300881] (mobile_sensor) StdoutLine: {'line': b'-- Installing: /home/ogan/ME461F25_LittleDaisies/project/ros_ws/install/mobile_sensor/share/mobile_sensor//node_modules/fs-extra/lib/output-file/index.js\n'}
[1.300978] (mobile_sensor) StdoutLine: {'line': b'-- Installing: /home/ogan/ME461F25_LittleDaisies/project/ros_ws/install/mobile_sensor/share/mobile_sensor//node_modules/fs-extra/lib/empty\n'}
[1.301012] (-) TimerEvent: {}
[1.301099] (mobile_sensor) StdoutLine: {'line': b'-- Installing: /home/ogan/ME461F25_LittleDaisies/project/ros_ws/install/mobile_sensor/share/mobile_sensor//node_modules/fs-extra/lib/empty/index.js\n'}
[1.301167] (mobile_sensor) StdoutLine: {'line': b'-- Installing: /home/ogan/ME461F25_LittleDaisies/project/ros_ws/install/mobile_sensor/share/mobile_sensor//node_modules/fs-extra/lib/mkdirs\n'}
[1.301219] (mobile_sensor) StdoutLine: {'line': b'-- Installing: /home/ogan/ME461F25_LittleDaisies/project/ros_ws/install/mobile_sensor/share/mobile_sensor//node_modules/fs-extra/lib/mkdirs/utils.js\n'}
[1.301320] (mobile_sensor) StdoutLine: {'line': b'-- Installing: /home/ogan/ME461F25_LittleDaisies/project/ros_ws/install/mobile_sensor/share/mobile_sensor//node_modules/fs-extra/lib/mkdirs/index.js\n'}
[1.301419] (mobile_sensor) StdoutLine: {'line': b'-- Installing: /home/ogan/ME461F25_LittleDaisies/project/ros_ws/install/mobile_sensor/share/mobile_sensor//node_modules/fs-extra/lib/mkdirs/make-dir.js\n'}
[1.301515] (mobile_sensor) StdoutLine: {'line': b'-- Installing: /home/ogan/ME461F25_LittleDaisies/project/ros_ws/install/mobile_sensor/share/mobile_sensor//node_modules/fs-extra/README.md\n'}
[1.301626] (mobile_sensor) StdoutLine: {'line': b'-- Installing: /home/ogan/ME461F25_LittleDaisies/project/ros_ws/install/mobile_sensor/share/mobile_sensor//node_modules/cookie\n'}
[1.301693] (mobile_sensor) StdoutLine: {'line': b'-- Installing: /home/ogan/ME461F25_LittleDaisies/project/ros_ws/install/mobile_sensor/share/mobile_sensor//node_modules/cookie/SECURITY.md\n'}
[1.301791] (mobile_sensor) StdoutLine: {'line': b'-- Installing: /home/ogan/ME461F25_LittleDaisies/project/ros_ws/install/mobile_sensor/share/mobile_sensor//node_modules/cookie/package.json\n'}
[1.301887] (mobile_sensor) StdoutLine: {'line': b'-- Installing: /home/ogan/ME461F25_LittleDaisies/project/ros_ws/install/mobile_sensor/share/mobile_sensor//node_modules/cookie/LICENSE\n'}
[1.301986] (mobile_sensor) StdoutLine: {'line': b'-- Installing: /home/ogan/ME461F25_LittleDaisies/project/ros_ws/install/mobile_sensor/share/mobile_sensor//node_modules/cookie/index.js\n'}
[1.302085] (mobile_sensor) StdoutLine: {'line': b'-- Installing: /home/ogan/ME461F25_LittleDaisies/project/ros_ws/install/mobile_sensor/share/mobile_sensor//node_modules/cookie/README.md\n'}
[1.302198] (mobile_sensor) StdoutLine: {'line': b'-- Installing: /home/ogan/ME461F25_LittleDaisies/project/ros_ws/install/mobile_sensor/share/mobile_sensor//node_modules/escape-html\n'}
[1.302264] (mobile_sensor) StdoutLine: {'line': b'-- Installing: /home/ogan/ME461F25_LittleDaisies/project/ros_ws/install/mobile_sensor/share/mobile_sensor//node_modules/escape-html/package.json\n'}
[1.302365] (mobile_sensor) StdoutLine: {'line': b'-- Installing: /home/ogan/ME461F25_LittleDaisies/project/ros_ws/install/mobile_sensor/share/mobile_sensor//node_modules/escape-html/LICENSE\n'}
[1.302459] (mobile_sensor) StdoutLine: {'line': b'-- Installing: /home/ogan/ME461F25_LittleDaisies/project/ros_ws/install/mobile_sensor/share/mobile_sensor//node_modules/escape-html/index.js\n'}
[1.302559] (mobile_sensor) StdoutLine: {'line': b'-- Installing: /home/ogan/ME461F25_LittleDaisies/project/ros_ws/install/mobile_sensor/share/mobile_sensor//node_modules/escape-html/Readme.md\n'}
[1.302651] (mobile_sensor) StdoutLine: {'line': b'-- Installing: /home/ogan/ME461F25_LittleDaisies/project/ros_ws/install/mobile_sensor/share/mobile_sensor//node_modules/mime\n'}
[1.302722] (mobile_sensor) StdoutLine: {'line': b'-- Installing: /home/ogan/ME461F25_LittleDaisies/project/ros_ws/install/mobile_sensor/share/mobile_sensor//node_modules/mime/cli.js\n'}
[1.302817] (mobile_sensor) StdoutLine: {'line': b'-- Installing: /home/ogan/ME461F25_LittleDaisies/project/ros_ws/install/mobile_sensor/share/mobile_sensor//node_modules/mime/.npmignore\n'}
[1.302906] (mobile_sensor) StdoutLine: {'line': b'-- Installing: /home/ogan/ME461F25_LittleDaisies/project/ros_ws/install/mobile_sensor/share/mobile_sensor//node_modules/mime/package.json\n'}
[1.303003] (mobile_sensor) StdoutLine: {'line': b'-- Installing: /home/ogan/ME461F25_LittleDaisies/project/ros_ws/install/mobile_sensor/share/mobile_sensor//node_modules/mime/src\n'}
[1.303067] (mobile_sensor) StdoutLine: {'line': b'-- Installing: /home/ogan/ME461F25_LittleDaisies/project/ros_ws/install/mobile_sensor/share/mobile_sensor//node_modules/mime/src/test.js\n'}
[1.303174] (mobile_sensor) StdoutLine: {'line': b'-- Installing: /home/ogan/ME461F25_LittleDaisies/project/ros_ws/install/mobile_sensor/share/mobile_sensor//node_modules/mime/src/build.js\n'}
[1.303272] (mobile_sensor) StdoutLine: {'line': b'-- Installing: /home/ogan/ME461F25_LittleDaisies/project/ros_ws/install/mobile_sensor/share/mobile_sensor//node_modules/mime/mime.js\n'}
[1.303391] (mobile_sensor) StdoutLine: {'line': b'-- Installing: /home/ogan/ME461F25_LittleDaisies/project/ros_ws/install/mobile_sensor/share/mobile_sensor//node_modules/mime/types.json\n'}
[1.303522] (mobile_sensor) StdoutLine: {'line': b'-- Installing: /home/ogan/ME461F25_LittleDaisies/project/ros_ws/install/mobile_sensor/share/mobile_sensor//node_modules/mime/LICENSE\n'}
[1.303620] (mobile_sensor) StdoutLine: {'line': b'-- Installing: /home/ogan/ME461F25_LittleDaisies/project/ros_ws/install/mobile_sensor/share/mobile_sensor//node_modules/mime/CHANGELOG.md\n'}
[1.303730] (mobile_sensor) StdoutLine: {'line': b'-- Installing: /home/ogan/ME461F25_LittleDaisies/project/ros_ws/install/mobile_sensor/share/mobile_sensor//node_modules/mime/README.md\n'}
[1.303830] (mobile_sensor) StdoutLine: {'line': b'-- Installing: /home/ogan/ME461F25_LittleDaisies/project/ros_ws/install/mobile_sensor/share/mobile_sensor//node_modules/side-channel-weakmap\n'}
[1.303907] (mobile_sensor) StdoutLine: {'line': b'-- Installing: /home/ogan/ME461F25_LittleDaisies/project/ros_ws/install/mobile_sensor/share/mobile_sensor//node_modules/side-channel-weakmap/.editorconfig\n'}
[1.304008] (mobile_sensor) StdoutLine: {'line': b'-- Installing: /home/ogan/ME461F25_LittleDaisies/project/ros_ws/install/mobile_sensor/share/mobile_sensor//node_modules/side-channel-weakmap/.eslintrc\n'}
[1.304103] (mobile_sensor) StdoutLine: {'line': b'-- Installing: /home/ogan/ME461F25_LittleDaisies/project/ros_ws/install/mobile_sensor/share/mobile_sensor//node_modules/side-channel-weakmap/package.json\n'}
[1.304260] (mobile_sensor) StdoutLine: {'line': b'-- Installing: /home/ogan/ME461F25_LittleDaisies/project/ros_ws/install/mobile_sensor/share/mobile_sensor//node_modules/side-channel-weakmap/LICENSE\n'}
[1.304357] (mobile_sensor) StdoutLine: {'line': b'-- Installing: /home/ogan/ME461F25_LittleDaisies/project/ros_ws/install/mobile_sensor/share/mobile_sensor//node_modules/side-channel-weakmap/index.js\n'}
[1.304452] (mobile_sensor) StdoutLine: {'line': b'-- Installing: /home/ogan/ME461F25_LittleDaisies/project/ros_ws/install/mobile_sensor/share/mobile_sensor//node_modules/side-channel-weakmap/index.d.ts\n'}
[1.304550] (mobile_sensor) StdoutLine: {'line': b'-- Installing: /home/ogan/ME461F25_LittleDaisies/project/ros_ws/install/mobile_sensor/share/mobile_sensor//node_modules/side-channel-weakmap/CHANGELOG.md\n'}
[1.304647] (mobile_sensor) StdoutLine: {'line': b'-- Installing: /home/ogan/ME461F25_LittleDaisies/project/ros_ws/install/mobile_sensor/share/mobile_sensor//node_modules/side-channel-weakmap/tsconfig.json\n'}
[1.304741] (mobile_sensor) StdoutLine: {'line': b'-- Installing: /home/ogan/ME461F25_LittleDaisies/project/ros_ws/install/mobile_sensor/share/mobile_sensor//node_modules/side-channel-weakmap/test\n'}
[1.304808] (mobile_sensor) StdoutLine: {'line': b'-- Installing: /home/ogan/ME461F25_LittleDaisies/project/ros_ws/install/mobile_sensor/share/mobile_sensor//node_modules/side-channel-weakmap/test/index.js\n'}
[1.304914] (mobile_sensor) StdoutLine: {'line': b'-- Installing: /home/ogan/ME461F25_LittleDaisies/project/ros_ws/install/mobile_sensor/share/mobile_sensor//node_modules/side-channel-weakmap/README.md\n'}
[1.305008] (mobile_sensor) StdoutLine: {'line': b'-- Installing: /home/ogan/ME461F25_LittleDaisies/project/ros_ws/install/mobile_sensor/share/mobile_sensor//node_modules/side-channel-weakmap/.github\n'}
[1.305073] (mobile_sensor) StdoutLine: {'line': b'-- Installing: /home/ogan/ME461F25_LittleDaisies/project/ros_ws/install/mobile_sensor/share/mobile_sensor//node_modules/side-channel-weakmap/.github/FUNDING.yml\n'}
[1.305182] (mobile_sensor) StdoutLine: {'line': b'-- Installing: /home/ogan/ME461F25_LittleDaisies/project/ros_ws/install/mobile_sensor/share/mobile_sensor//node_modules/side-channel-weakmap/.nycrc\n'}
[1.305288] (mobile_sensor) StdoutLine: {'line': b'-- Installing: /home/ogan/ME461F25_LittleDaisies/project/ros_ws/install/mobile_sensor/share/mobile_sensor//node_modules/raw-body\n'}
[1.305355] (mobile_sensor) StdoutLine: {'line': b'-- Installing: /home/ogan/ME461F25_LittleDaisies/project/ros_ws/install/mobile_sensor/share/mobile_sensor//node_modules/raw-body/package.json\n'}
[1.305476] (mobile_sensor) StdoutLine: {'line': b'-- Installing: /home/ogan/ME461F25_LittleDaisies/project/ros_ws/install/mobile_sensor/share/mobile_sensor//node_modules/raw-body/LICENSE\n'}
[1.305592] (mobile_sensor) StdoutLine: {'line': b'-- Installing: /home/ogan/ME461F25_LittleDaisies/project/ros_ws/install/mobile_sensor/share/mobile_sensor//node_modules/raw-body/index.js\n'}
[1.305704] (mobile_sensor) StdoutLine: {'line': b'-- Installing: /home/ogan/ME461F25_LittleDaisies/project/ros_ws/install/mobile_sensor/share/mobile_sensor//node_modules/raw-body/index.d.ts\n'}
[1.305804] (mobile_sensor) StdoutLine: {'line': b'-- Installing: /home/ogan/ME461F25_LittleDaisies/project/ros_ws/install/mobile_sensor/share/mobile_sensor//node_modules/raw-body/README.md\n'}
[1.305909] (mobile_sensor) StdoutLine: {'line': b'-- Installing: /home/ogan/ME461F25_LittleDaisies/project/ros_ws/install/mobile_sensor/share/mobile_sensor//node_modules/toidentifier\n'}
[1.305981] (mobile_sensor) StdoutLine: {'line': b'-- Installing: /home/ogan/ME461F25_LittleDaisies/project/ros_ws/install/mobile_sensor/share/mobile_sensor//node_modules/toidentifier/package.json\n'}
[1.306085] (mobile_sensor) StdoutLine: {'line': b'-- Installing: /home/ogan/ME461F25_LittleDaisies/project/ros_ws/install/mobile_sensor/share/mobile_sensor//node_modules/toidentifier/LICENSE\n'}
[1.306199] (mobile_sensor) StdoutLine: {'line': b'-- Installing: /home/ogan/ME461F25_LittleDaisies/project/ros_ws/install/mobile_sensor/share/mobile_sensor//node_modules/toidentifier/index.js\n'}
[1.306306] (mobile_sensor) StdoutLine: {'line': b'-- Installing: /home/ogan/ME461F25_LittleDaisies/project/ros_ws/install/mobile_sensor/share/mobile_sensor//node_modules/toidentifier/HISTORY.md\n'}
[1.306471] (mobile_sensor) StdoutLine: {'line': b'-- Installing: /home/ogan/ME461F25_LittleDaisies/project/ros_ws/install/mobile_sensor/share/mobile_sensor//node_modules/toidentifier/README.md\n'}
[1.306571] (mobile_sensor) StdoutLine: {'line': b'-- Installing: /home/ogan/ME461F25_LittleDaisies/project/ros_ws/install/mobile_sensor/share/mobile_sensor//node_modules/side-channel-list\n'}
[1.306644] (mobile_sensor) StdoutLine: {'line': b'-- Installing: /home/ogan/ME461F25_LittleDaisies/project/ros_ws/install/mobile_sensor/share/mobile_sensor//node_modules/side-channel-list/.editorconfig\n'}
[1.306741] (mobile_sensor) StdoutLine: {'line': b'-- Installing: /home/ogan/ME461F25_LittleDaisies/project/ros_ws/install/mobile_sensor/share/mobile_sensor//node_modules/side-channel-list/.eslintrc\n'}
[1.306838] (mobile_sensor) StdoutLine: {'line': b'-- Installing: /home/ogan/ME461F25_LittleDaisies/project/ros_ws/install/mobile_sensor/share/mobile_sensor//node_modules/side-channel-list/package.json\n'}
[1.306940] (mobile_sensor) StdoutLine: {'line': b'-- Installing: /home/ogan/ME461F25_LittleDaisies/project/ros_ws/install/mobile_sensor/share/mobile_sensor//node_modules/side-channel-list/LICENSE\n'}
[1.307039] (mobile_sensor) StdoutLine: {'line': b'-- Installing: /home/ogan/ME461F25_LittleDaisies/project/ros_ws/install/mobile_sensor/share/mobile_sensor//node_modules/side-channel-list/index.js\n'}
[1.307141] (mobile_sensor) StdoutLine: {'line': b'-- Installing: /home/ogan/ME461F25_LittleDaisies/project/ros_ws/install/mobile_sensor/share/mobile_sensor//node_modules/side-channel-list/index.d.ts\n'}
[1.307243] (mobile_sensor) StdoutLine: {'line': b'-- Installing: /home/ogan/ME461F25_LittleDaisies/project/ros_ws/install/mobile_sensor/share/mobile_sensor//node_modules/side-channel-list/CHANGELOG.md\n'}
[1.307343] (mobile_sensor) StdoutLine: {'line': b'-- Installing: /home/ogan/ME461F25_LittleDaisies/project/ros_ws/install/mobile_sensor/share/mobile_sensor//node_modules/side-channel-list/tsconfig.json\n'}
[1.307442] (mobile_sensor) StdoutLine: {'line': b'-- Installing: /home/ogan/ME461F25_LittleDaisies/project/ros_ws/install/mobile_sensor/share/mobile_sensor//node_modules/side-channel-list/test\n'}
[1.307510] (mobile_sensor) StdoutLine: {'line': b'-- Installing: /home/ogan/ME461F25_LittleDaisies/project/ros_ws/install/mobile_sensor/share/mobile_sensor//node_modules/side-channel-list/test/index.js\n'}
[1.307619] (mobile_sensor) StdoutLine: {'line': b'-- Installing: /home/ogan/ME461F25_LittleDaisies/project/ros_ws/install/mobile_sensor/share/mobile_sensor//node_modules/side-channel-list/README.md\n'}
[1.307736] (mobile_sensor) StdoutLine: {'line': b'-- Installing: /home/ogan/ME461F25_LittleDaisies/project/ros_ws/install/mobile_sensor/share/mobile_sensor//node_modules/side-channel-list/.github\n'}
[1.307804] (mobile_sensor) StdoutLine: {'line': b'-- Installing: /home/ogan/ME461F25_LittleDaisies/project/ros_ws/install/mobile_sensor/share/mobile_sensor//node_modules/side-channel-list/.github/FUNDING.yml\n'}
[1.307907] (mobile_sensor) StdoutLine: {'line': b'-- Installing: /home/ogan/ME461F25_LittleDaisies/project/ros_ws/install/mobile_sensor/share/mobile_sensor//node_modules/side-channel-list/.nycrc\n'}
[1.308008] (mobile_sensor) StdoutLine: {'line': b'-- Installing: /home/ogan/ME461F25_LittleDaisies/project/ros_ws/install/mobile_sensor/share/mobile_sensor//node_modules/side-channel-list/list.d.ts\n'}
[1.308113] (mobile_sensor) StdoutLine: {'line': b'-- Installing: /home/ogan/ME461F25_LittleDaisies/project/ros_ws/install/mobile_sensor/share/mobile_sensor//node_modules/function-bind\n'}
[1.308191] (mobile_sensor) StdoutLine: {'line': b'-- Installing: /home/ogan/ME461F25_LittleDaisies/project/ros_ws/install/mobile_sensor/share/mobile_sensor//node_modules/function-bind/.eslintrc\n'}
[1.308311] (mobile_sensor) StdoutLine: {'line': b'-- Installing: /home/ogan/ME461F25_LittleDaisies/project/ros_ws/install/mobile_sensor/share/mobile_sensor//node_modules/function-bind/package.json\n'}
[1.308417] (mobile_sensor) StdoutLine: {'line': b'-- Installing: /home/ogan/ME461F25_LittleDaisies/project/ros_ws/install/mobile_sensor/share/mobile_sensor//node_modules/function-bind/implementation.js\n'}
[1.308506] (mobile_sensor) StdoutLine: {'line': b'-- Installing: /home/ogan/ME461F25_LittleDaisies/project/ros_ws/install/mobile_sensor/share/mobile_sensor//node_modules/function-bind/LICENSE\n'}
[1.308605] (mobile_sensor) StdoutLine: {'line': b'-- Installing: /home/ogan/ME461F25_LittleDaisies/project/ros_ws/install/mobile_sensor/share/mobile_sensor//node_modules/function-bind/index.js\n'}
[1.308703] (mobile_sensor) StdoutLine: {'line': b'-- Installing: /home/ogan/ME461F25_LittleDaisies/project/ros_ws/install/mobile_sensor/share/mobile_sensor//node_modules/function-bind/CHANGELOG.md\n'}
[1.308807] (mobile_sensor) StdoutLine: {'line': b'-- Installing: /home/ogan/ME461F25_LittleDaisies/project/ros_ws/install/mobile_sensor/share/mobile_sensor//node_modules/function-bind/test\n'}
[1.308876] (mobile_sensor) StdoutLine: {'line': b'-- Installing: /home/ogan/ME461F25_LittleDaisies/project/ros_ws/install/mobile_sensor/share/mobile_sensor//node_modules/function-bind/test/.eslintrc\n'}
[1.308975] (mobile_sensor) StdoutLine: {'line': b'-- Installing: /home/ogan/ME461F25_LittleDaisies/project/ros_ws/install/mobile_sensor/share/mobile_sensor//node_modules/function-bind/test/index.js\n'}
[1.309081] (mobile_sensor) StdoutLine: {'line': b'-- Installing: /home/ogan/ME461F25_LittleDaisies/project/ros_ws/install/mobile_sensor/share/mobile_sensor//node_modules/function-bind/README.md\n'}
[1.309183] (mobile_sensor) StdoutLine: {'line': b'-- Installing: /home/ogan/ME461F25_LittleDaisies/project/ros_ws/install/mobile_sensor/share/mobile_sensor//node_modules/function-bind/.github\n'}
[1.309248] (mobile_sensor) StdoutLine: {'line': b'-- Installing: /home/ogan/ME461F25_LittleDaisies/project/ros_ws/install/mobile_sensor/share/mobile_sensor//node_modules/function-bind/.github/SECURITY.md\n'}
[1.309351] (mobile_sensor) StdoutLine: {'line': b'-- Installing: /home/ogan/ME461F25_LittleDaisies/project/ros_ws/install/mobile_sensor/share/mobile_sensor//node_modules/function-bind/.github/FUNDING.yml\n'}
[1.309464] (mobile_sensor) StdoutLine: {'line': b'-- Installing: /home/ogan/ME461F25_LittleDaisies/project/ros_ws/install/mobile_sensor/share/mobile_sensor//node_modules/function-bind/.nycrc\n'}
[1.309559] (mobile_sensor) StdoutLine: {'line': b'-- Installing: /home/ogan/ME461F25_LittleDaisies/project/ros_ws/install/mobile_sensor/share/mobile_sensor//node_modules/finalhandler\n'}
[1.309626] (mobile_sensor) StdoutLine: {'line': b'-- Installing: /home/ogan/ME461F25_LittleDaisies/project/ros_ws/install/mobile_sensor/share/mobile_sensor//node_modules/finalhandler/SECURITY.md\n'}
[1.309724] (mobile_sensor) StdoutLine: {'line': b'-- Installing: /home/ogan/ME461F25_LittleDaisies/project/ros_ws/install/mobile_sensor/share/mobile_sensor//node_modules/finalhandler/package.json\n'}
[1.309821] (mobile_sensor) StdoutLine: {'line': b'-- Installing: /home/ogan/ME461F25_LittleDaisies/project/ros_ws/install/mobile_sensor/share/mobile_sensor//node_modules/finalhandler/LICENSE\n'}
[1.309920] (mobile_sensor) StdoutLine: {'line': b'-- Installing: /home/ogan/ME461F25_LittleDaisies/project/ros_ws/install/mobile_sensor/share/mobile_sensor//node_modules/finalhandler/index.js\n'}
[1.310026] (mobile_sensor) StdoutLine: {'line': b'-- Installing: /home/ogan/ME461F25_LittleDaisies/project/ros_ws/install/mobile_sensor/share/mobile_sensor//node_modules/finalhandler/HISTORY.md\n'}
[1.310155] (mobile_sensor) StdoutLine: {'line': b'-- Installing: /home/ogan/ME461F25_LittleDaisies/project/ros_ws/install/mobile_sensor/share/mobile_sensor//node_modules/finalhandler/README.md\n'}
[1.310243] (mobile_sensor) StdoutLine: {'line': b'-- Installing: /home/ogan/ME461F25_LittleDaisies/project/ros_ws/install/mobile_sensor/share/mobile_sensor//node_modules/negotiator\n'}
[1.310307] (mobile_sensor) StdoutLine: {'line': b'-- Installing: /home/ogan/ME461F25_LittleDaisies/project/ros_ws/install/mobile_sensor/share/mobile_sensor//node_modules/negotiator/package.json\n'}
[1.310407] (mobile_sensor) StdoutLine: {'line': b'-- Installing: /home/ogan/ME461F25_LittleDaisies/project/ros_ws/install/mobile_sensor/share/mobile_sensor//node_modules/negotiator/LICENSE\n'}
[1.310503] (mobile_sensor) StdoutLine: {'line': b'-- Installing: /home/ogan/ME461F25_LittleDaisies/project/ros_ws/install/mobile_sensor/share/mobile_sensor//node_modules/negotiator/index.js\n'}
[1.310596] (mobile_sensor) StdoutLine: {'line': b'-- Installing: /home/ogan/ME461F25_LittleDaisies/project/ros_ws/install/mobile_sensor/share/mobile_sensor//node_modules/negotiator/lib\n'}
[1.310667] (mobile_sensor) StdoutLine: {'line': b'-- Installing: /home/ogan/ME461F25_LittleDaisies/project/ros_ws/install/mobile_sensor/share/mobile_sensor//node_modules/negotiator/lib/language.js\n'}
[1.310770] (mobile_sensor) StdoutLine: {'line': b'-- Installing: /home/ogan/ME461F25_LittleDaisies/project/ros_ws/install/mobile_sensor/share/mobile_sensor//node_modules/negotiator/lib/encoding.js\n'}
[1.310869] (mobile_sensor) StdoutLine: {'line': b'-- Installing: /home/ogan/ME461F25_LittleDaisies/project/ros_ws/install/mobile_sensor/share/mobile_sensor//node_modules/negotiator/lib/mediaType.js\n'}
[1.310972] (mobile_sensor) StdoutLine: {'line': b'-- Installing: /home/ogan/ME461F25_LittleDaisies/project/ros_ws/install/mobile_sensor/share/mobile_sensor//node_modules/negotiator/lib/charset.js\n'}
[1.311070] (mobile_sensor) StdoutLine: {'line': b'-- Installing: /home/ogan/ME461F25_LittleDaisies/project/ros_ws/install/mobile_sensor/share/mobile_sensor//node_modules/negotiator/HISTORY.md\n'}
[1.311176] (mobile_sensor) StdoutLine: {'line': b'-- Installing: /home/ogan/ME461F25_LittleDaisies/project/ros_ws/install/mobile_sensor/share/mobile_sensor//node_modules/negotiator/README.md\n'}
[1.314114] (mobile_sensor) CommandEnded: {'returncode': 0}
[1.342523] (mobile_sensor) JobEnded: {'identifier': 'mobile_sensor', 'rc': 0}
[1.342997] (-) EventReactorShutdown: {}
