t_s,raw_u16,voltage_V
42.379,3952,0.199002
42.431,3920,0.197391
42.483,3942,0.198499
42.535,3942,0.198499
42.587,3910,0.196887
42.639,3906,0.196686
42.691,3900,0.196384
42.743,3912,0.196988
42.795,3912,0.196988
42.847,3920,0.197391
42.899,3898,0.196283
42.951,3892,0.195981
43.003,3926,0.197693
43.055,3930,0.197894
43.107,3952,0.199002
43.159,3948,0.198801
43.211,3948,0.198801
43.263,3948,0.198801
43.315,3946,0.1987
43.367,3950,0.198901
43.419,3974,0.20011
43.471,3978,0.200311
43.523,3962,0.199506
43.575,3990,0.200916
43.627,3988,0.200815
43.679,3984,0.200613
43.731,3980,0.200412
43.783,3984,0.200613
43.835,3958,0.199304
43.887,3952,0.199002
43.939,3944,0.198599
43.991,3920,0.197391
44.043,3942,0.198499
44.095,3944,0.198599
44.147,3950,0.198901
44.199,3950,0.198901
44.251,3952,0.199002
44.303,3944,0.198599
44.355,3946,0.1987
44.407,3946,0.1987
44.459,3936,0.198196
44.511,3936,0.198196
44.563,3934,0.198096
44.615,3950,0.198901
44.667,3940,0.198398
44.719,3950,0.198901
44.771,3952,0.199002
44.823,3924,0.197592
44.875,3916,0.197189
44.927,3946,0.1987
44.979,3952,0.199002
45.031,3936,0.198196
45.083,3950,0.198901
45.135,3972,0.200009
45.187,3968,0.199808
45.239,3992,0.201016
45.291,3986,0.200714
45.343,3952,0.199002
45.395,3936,0.198196
45.447,3932,0.197995
45.499,3918,0.19729
45.551,3890,0.19588
45.603,3888,0.195779
45.655,3890,0.19588
45.707,3888,0.195779
45.759,3898,0.196283
45.811,3918,0.19729
45.863,3922,0.197491
45.915,3942,0.198499
45.967,3958,0.199304
46.019,3972,0.200009
46.071,3962,0.199506
46.123,3998,0.201318
46.175,4024,0.202628
46.227,4030,0.20293
46.279,4034,0.203131
46.331,4050,0.203937
46.383,4028,0.202829
46.435,4012,0.202023
46.487,3982,0.200513
46.539,3946,0.1987
46.591,3890,0.19588
46.643,3850,0.193866
46.695,3818,0.192255
46.747,3768,0.189737
46.799,3788,0.190744
46.851,3764,0.189535
46.903,3756,0.189133
46.955,3740,0.188327
47.007,3718,0.187219
47.059,3696,0.186111
47.111,3676,0.185104
47.163,3646,0.183593
47.215,3616,0.182083
47.267,3596,0.181076
47.319,3598,0.181176
47.371,3584,0.180472
47.423,3558,0.179162
47.475,3580,0.18027
47.527,3580,0.18027
47.579,3588,0.180673
47.631,3556,0.179062
47.683,3550,0.178759
47.735,3540,0.178256
47.787,3518,0.177148
47.839,3526,0.177551
47.891,3490,0.175738
47.943,3454,0.173925
47.995,3440,0.17322
48.047,3434,0.172918
48.099,3426,0.172515
48.151,3434,0.172918
48.203,3434,0.172918
48.255,3442,0.173321
48.307,3450,0.173724
48.359,3502,0.176342
48.411,3508,0.176645
48.463,3518,0.177148
48.515,3554,0.178961
48.567,3552,0.17886
48.619,3558,0.179162
48.671,3566,0.179565
48.723,3564,0.179464
48.775,3530,0.177752
48.827,3534,0.177954
48.879,3534,0.177954
48.931,3514,0.176947
48.983,3486,0.175537
49.035,3490,0.175738
49.087,3488,0.175637
49.139,3498,0.176141
49.191,3514,0.176947
49.243,3530,0.177752
49.295,3546,0.178558
49.347,3552,0.17886
49.399,3582,0.180371
49.451,3576,0.180069
49.503,3566,0.179565
49.555,3552,0.17886
49.607,3532,0.177853
49.659,3508,0.176645
49.711,3480,0.175235
49.763,3468,0.17463
49.815,3468,0.17463
49.867,3482,0.175335
49.919,3478,0.175134
49.971,3474,0.174932
50.023,3494,0.17594
50.075,3496,0.17604
50.127,3498,0.176141
50.179,3498,0.176141
50.231,3488,0.175637
50.283,3464,0.174429
50.335,3474,0.174932
50.387,3482,0.175335
50.439,3480,0.175235
50.491,3440,0.17322
50.543,3472,0.174832
50.595,3468,0.17463
50.647,3510,0.176745
50.699,3518,0.177148
50.751,3518,0.177148
50.803,3518,0.177148
50.855,3516,0.177047
50.907,3546,0.178558
50.959,3522,0.17735
51.011,3528,0.177652
51.063,3492,0.175839
51.115,3496,0.17604
51.167,3496,0.17604
51.219,3496,0.17604
51.271,3498,0.176141
51.323,3494,0.17594
51.375,3496,0.17604
51.427,3496,0.17604
51.479,3498,0.176141
51.531,3486,0.175537
51.583,3480,0.175235
51.635,3508,0.176645
51.687,3508,0.176645
51.739,3510,0.176745
51.791,3508,0.176645
51.843,3508,0.176645
51.895,3512,0.176846
51.947,3524,0.17745
51.999,3558,0.179162
52.051,3528,0.177652
52.103,3538,0.178155
52.155,3576,0.180069
52.207,3576,0.180069
52.259,3576,0.180069
52.311,3580,0.18027
52.363,3584,0.180472
52.415,3544,0.178457
52.467,3568,0.179666
52.519,3566,0.179565
52.571,3542,0.178357
52.623,3540,0.178256
52.675,3540,0.178256
52.727,3530,0.177752
52.779,3550,0.178759
52.831,3564,0.179464
52.883,3574,0.179968
52.935,3564,0.179464
52.987,3564,0.179464
53.039,3590,0.180774
53.091,3614,0.181982
53.143,3614,0.181982
53.195,3582,0.180371
53.247,3570,0.179767
53.299,3532,0.177853
53.351,3566,0.179565
53.403,3564,0.179464
53.455,3540,0.178256
53.507,3516,0.177047
53.559,3514,0.176947
53.611,3522,0.17735
53.663,3536,0.178054
53.715,3546,0.178558
53.767,3514,0.176947
53.819,3528,0.177652
53.871,3552,0.17886
53.923,3578,0.180169
53.975,3584,0.180472
54.027,3584,0.180472
54.079,3582,0.180371
54.131,3584,0.180472
54.183,3584,0.180472
54.235,3578,0.180169
54.287,3554,0.178961
54.339,3538,0.178155
54.391,3534,0.177954
54.443,3554,0.178961
54.495,3574,0.179968
54.547,3566,0.179565
54.599,3566,0.179565
54.651,3562,0.179364
54.703,3564,0.179464
54.755,3550,0.178759
54.807,3554,0.178961
54.859,3554,0.178961
54.911,3554,0.178961
54.963,3564,0.179464
55.015,3566,0.179565
55.067,3568,0.179666
55.119,3522,0.17735
55.171,3546,0.178558
55.223,3532,0.177853
55.275,3514,0.176947
55.327,3492,0.175839
55.379,3488,0.175637
55.431,3490,0.175738
55.483,3476,0.175033
55.535,3550,0.178759
55.587,3532,0.177853
55.639,3532,0.177853
55.691,3556,0.179062
55.743,3560,0.179263
55.795,3562,0.179364
55.847,3558,0.179162
55.899,3540,0.178256
55.951,3510,0.176745
56.003,3510,0.176745
56.055,3518,0.177148
56.107,3460,0.174228
56.159,3452,0.173825
56.211,3454,0.173925
56.263,3454,0.173925
56.315,3486,0.175537
56.367,3490,0.175738
56.419,3456,0.174026
56.471,3466,0.17453
56.523,3500,0.176242
56.575,3530,0.177752
56.627,3552,0.17886
56.679,3554,0.178961
56.731,3548,0.178659
56.783,3544,0.178457
56.835,3602,0.181378
56.887,3598,0.181176
56.939,3598,0.181176
56.991,3576,0.180069
57.043,3552,0.17886
57.095,3552,0.17886
57.147,3568,0.179666
57.199,3570,0.179767
57.251,3532,0.177853
57.303,3522,0.17735
57.355,3522,0.17735
57.407,3524,0.17745
57.459,3522,0.17735
57.511,3522,0.17735
57.563,3482,0.175335
57.615,3480,0.175235
57.667,3504,0.176443
57.719,3512,0.176846
57.771,3504,0.176443
57.823,3500,0.176242
57.875,3502,0.176342
57.927,3502,0.176342
57.979,3532,0.177853
58.031,3540,0.178256
58.083,3528,0.177652
58.135,3544,0.178457
58.187,3546,0.178558
58.239,3572,0.179867
58.291,3572,0.179867
58.343,3594,0.180975
58.395,3572,0.179867
58.447,3594,0.180975
58.499,3598,0.181176
58.551,3596,0.181076
58.603,3598,0.181176
58.655,3576,0.180069
58.707,3558,0.179162
58.759,3528,0.177652
58.811,3540,0.178256
58.863,3534,0.177954
58.915,3532,0.177853
58.967,3488,0.175637
59.019,3492,0.175839
59.071,3456,0.174026
59.123,3474,0.174932
59.175,3484,0.175436
59.227,3494,0.17594
59.279,3456,0.174026
59.331,3450,0.173724
59.383,3482,0.175335
59.435,3474,0.174932
59.487,3506,0.176544
59.539,3528,0.177652
59.591,3528,0.177652
59.643,3530,0.177752
59.695,3554,0.178961
59.747,3556,0.179062
59.799,3556,0.179062
59.851,3564,0.179464
59.903,3562,0.179364
59.955,3508,0.176645
60.007,3506,0.176544
60.059,3506,0.176544
60.111,3498,0.176141
60.163,3504,0.176443
60.215,3550,0.178759
60.267,3552,0.17886
60.319,3564,0.179464
60.371,3624,0.182486
60.423,3638,0.183191
60.475,3654,0.183996
60.527,3668,0.184701
60.579,3682,0.185406
60.631,3650,0.183795
60.683,3654,0.183996
60.735,3664,0.1845
60.787,3652,0.183896
60.839,3666,0.184601
60.891,3672,0.184903
60.943,3696,0.186111
60.995,3730,0.187823
61.047,3780,0.190341
61.099,3850,0.193866
61.151,3914,0.197089
61.203,3990,0.200916
61.255,4058,0.20434
61.307,4160,0.209476
61.359,4230,0.213001
61.411,4300,0.216526
61.463,4365,0.219799
61.515,4411,0.222115
61.567,4455,0.224331
61.619,4509,0.22705
61.671,4575,0.230373
61.723,4595,0.23138
61.775,4639,0.233596
61.827,4671,0.235207
61.879,4711,0.237221
61.931,4775,0.240444
61.983,4809,0.242156
62.035,4851,0.244271
62.087,4881,0.245782
62.139,4919,0.247695
62.191,4945,0.249004
62.243,4977,0.250616
62.295,4977,0.250616
62.347,4985,0.251019
62.399,5017,0.25263
62.451,4989,0.25122
62.503,4983,0.250918
62.555,4969,0.250213
62.607,4973,0.250414
62.659,4941,0.248803
62.711,4949,0.249206
62.763,4923,0.247897
62.815,4903,0.246889
62.867,4911,0.247292
62.919,4903,0.246889
62.971,4901,0.246789
63.023,4891,0.246285
63.075,4915,0.247494
63.127,4917,0.247594
63.179,4925,0.247997
63.231,4933,0.2484
63.283,4985,0.251019
63.335,4993,0.251421
63.387,5011,0.252328
63.439,5045,0.25404
63.491,5051,0.254342
63.543,5063,0.254946
63.595,5113,0.257464
63.647,5169,0.260284
63.699,5187,0.26119
63.751,5203,0.261996
63.803,5135,0.258572
63.855,5027,0.253133
63.907,4937,0.248602
63.959,4849,0.24417
64.011,4719,0.237624
64.063,4587,0.230977
64.115,4414,0.222266
64.167,4314,0.21723
64.219,4292,0.216123
64.271,4292,0.216123
64.323,4304,0.216727
64.375,4306,0.216828
64.427,4316,0.217331
64.479,4312,0.21713
64.531,4343,0.218691
64.583,4343,0.218691
64.635,4351,0.219094
64.687,4379,0.220504
64.739,4373,0.220201
64.791,4371,0.220101
64.843,4365,0.219799
64.895,4365,0.219799
64.947,4336,0.218338
64.999,4322,0.217633
65.051,4316,0.217331
65.103,4298,0.216425
65.155,4300,0.216526
65.207,4292,0.216123
65.259,4280,0.215518
65.311,4278,0.215418
65.363,4301,0.216576
65.415,4337,0.218389
65.467,4339,0.218489
65.519,4343,0.218691
65.571,4341,0.21859
65.623,4347,0.218892
65.675,4357,0.219396
65.727,4357,0.219396
65.779,4345,0.218791
65.831,4319,0.217482
65.883,4307,0.216878
65.935,4293,0.216173
65.987,4293,0.216173
66.039,4287,0.215871
66.091,4273,0.215166
66.143,4269,0.214965
66.195,4289,0.215972
66.247,4293,0.216173
66.299,4305,0.216777
66.351,4270,0.215015
66.403,4270,0.215015
66.455,4276,0.215317
66.507,4290,0.216022
66.559,4296,0.216324
66.611,4296,0.216324
66.663,4290,0.216022
66.715,4292,0.216123
66.767,4319,0.217482
66.819,4317,0.217382
66.871,4315,0.217281
66.923,4315,0.217281
66.975,4309,0.216979
67.027,4309,0.216979
67.079,4305,0.216777
67.131,4291,0.216072
67.183,4295,0.216274
67.235,4297,0.216374
67.287,4297,0.216374
67.339,4297,0.216374
67.391,4291,0.216072
67.443,4285,0.21577
67.495,4289,0.215972
67.547,4297,0.216374
67.599,4291,0.216072
67.651,4283,0.215669
67.703,4277,0.215367
67.755,4277,0.215367
67.807,4295,0.216274
67.859,4311,0.217079
67.911,4309,0.216979
67.963,4303,0.216677
68.015,4313,0.21718
68.067,4311,0.217079
68.119,4317,0.217382
68.171,4317,0.217382
68.223,4293,0.216173
68.275,4271,0.215065
68.327,4279,0.215468
68.379,4287,0.215871
68.431,4285,0.21577
68.483,4293,0.216173
68.535,4293,0.216173
68.587,4317,0.217382
68.639,4333,0.218187
68.691,4343,0.218691
68.743,4339,0.218489
68.795,4327,0.217885
68.847,4355,0.219295
68.899,4357,0.219396
68.951,4355,0.219295
69.003,4329,0.217986
69.055,4327,0.217885
69.107,4329,0.217986
69.159,4333,0.218187
69.211,4341,0.21859
69.263,4315,0.217281
69.315,4315,0.217281
69.367,4307,0.216878
69.419,4313,0.21718
69.471,4301,0.216576
69.523,4301,0.216576
69.575,4295,0.216274
69.627,4297,0.216374
69.679,4325,0.217784
69.731,4319,0.217482
69.783,4317,0.217382
69.835,4313,0.21718
69.887,4349,0.218993
69.939,4353,0.219194
69.991,4351,0.219094
70.043,4337,0.218389
70.095,4307,0.216878
70.147,4309,0.216979
70.199,4321,0.217583
70.251,4329,0.217986
70.303,4291,0.216072
70.355,4285,0.21577
70.407,4285,0.21577
70.459,4299,0.216475
70.511,4323,0.217684
70.563,4305,0.216777
70.615,4299,0.216475
70.667,4287,0.215871
70.719,4301,0.216576
70.771,4293,0.216173
70.823,4285,0.21577
70.875,4301,0.216576
70.927,4277,0.215367
70.979,4327,0.217885
71.031,4351,0.219094
71.083,4367,0.219899
71.135,4421,0.222618
71.187,4511,0.22715
71.239,4633,0.233294
71.291,4749,0.239135
71.343,4933,0.2484
71.395,5303,0.267031
71.447,5853,0.294726
71.499,6523,0.328464
71.551,7413,0.37328
71.603,8493,0.427663
71.655,9429,0.474795
71.707,10206,0.513921
71.759,11064,0.557125
71.811,11914,0.599927
71.863,12662,0.637592
71.915,13308,0.670121
71.967,13770,0.693385
72.019,14141,0.712067
72.071,14567,0.733518
72.123,15141,0.762422
72.175,15631,0.787095
72.227,16043,0.807842
72.279,16373,0.824459
72.331,16723,0.842083
72.383,17051,0.858599
72.435,17295,0.870886
72.487,17691,0.890826
72.539,18024,0.907594
72.591,18458,0.929448
72.643,18834,0.948382
72.695,19418,0.977789
72.747,20070,1.01062
72.799,20674,1.041034
72.851,21194,1.067219
72.903,21658,1.090584
72.955,22194,1.117574
73.007,22671,1.141593
73.059,23105,1.163447
73.111,23347,1.175633
73.163,23477,1.182179
73.215,23601,1.188423
73.267,23797,1.198292
73.319,23991,1.208061
73.371,24161,1.216622
73.423,24245,1.220851
73.475,24305,1.223873
73.527,24341,1.225686
73.579,24409,1.22911
73.631,24433,1.230318
73.683,24397,1.228505
73.735,24351,1.226189
73.787,24371,1.227196
73.839,24419,1.229613
73.891,24427,1.230016
73.943,24443,1.230822
73.995,24431,1.230217
74.047,24475,1.232433
74.099,24569,1.237166
74.151,24619,1.239684
74.203,24613,1.239382
74.255,24589,1.238173
74.307,24611,1.239281
74.359,24725,1.245022
74.411,24871,1.252373
74.463,25011,1.259423
74.515,25145,1.266171
74.567,25304,1.274177
74.619,25474,1.282737
74.671,25598,1.288981
74.723,25541,1.286111
74.775,25149,1.266372
74.827,24683,1.242907
74.879,24233,1.220247
74.931,23737,1.195271
74.983,23205,1.168483
75.035,22683,1.142197
75.087,22215,1.118631
75.139,21939,1.104733
75.191,21859,1.100705
75.243,21837,1.099597
75.295,21795,1.097482
75.347,21803,1.097885
75.399,21879,1.101712
75.451,21879,1.101712
75.503,21835,1.099496
75.555,21783,1.096878
75.607,21817,1.09859
75.659,21859,1.100705
75.711,21875,1.101511
75.763,21883,1.101913
75.815,21841,1.099799
75.867,21877,1.101611
75.919,21915,1.103525
75.971,21913,1.103424
76.023,21867,1.101108
76.075,21817,1.09859
76.127,21825,1.098993
76.179,21847,1.100101
76.231,21823,1.098892
76.283,21781,1.096777
76.335,21759,1.095669
76.387,21765,1.095972
76.439,21825,1.098993
76.491,21829,1.099194
76.543,21781,1.096777
76.595,21721,1.093756
76.647,21751,1.095267
76.699,21743,1.094864
76.751,21703,1.09285
76.803,21725,1.093957
76.855,21669,1.091138
76.907,21635,1.089425
76.959,21671,1.091238
77.011,21681,1.091742
77.063,21621,1.08872
77.115,21627,1.089023
77.167,21665,1.090936
77.219,21647,1.09003
77.271,21637,1.089526
77.323,21641,1.089728
77.375,21623,1.088821
77.427,21607,1.088016
77.479,21635,1.089425
77.531,21623,1.088821
77.583,21581,1.086706
77.635,21541,1.084692
77.687,21561,1.085699
77.739,21593,1.087311
77.791,21587,1.087008
77.843,21569,1.086102
77.895,21547,1.084994
77.947,21559,1.085598
77.999,21603,1.087814
78.051,21609,1.088116
78.103,21583,1.086807
78.155,21587,1.087008
78.207,21553,1.085296
78.259,21577,1.086505
78.311,21621,1.08872
78.363,21565,1.085901
78.415,21517,1.083484
78.467,21577,1.086505
78.519,21611,1.088217
78.571,21571,1.086203
78.623,21579,1.086606
78.675,21565,1.085901
78.727,21537,1.084491
78.779,21585,1.086908
78.831,21607,1.088016
78.883,21533,1.084289
78.935,21505,1.082879
78.987,21525,1.083886
79.039,21563,1.0858
79.091,21557,1.085498
79.143,21535,1.08439
79.194,21525,1.083886
79.246,21515,1.083383
79.298,21551,1.085196
79.35,21567,1.086001
79.402,21553,1.085296
79.454,21501,1.082678
79.506,21491,1.082174
79.558,21521,1.083685
79.61,21533,1.084289
79.662,21519,1.083584
79.714,21465,1.080865
79.766,21443,1.079757
79.818,21455,1.080362
79.87,21511,1.083182
79.922,21493,1.082275
79.974,21431,1.079153
80.026,21401,1.077642
80.078,21433,1.079254
80.13,21475,1.081369
80.182,21467,1.080966
80.234,21423,1.07875
80.286,21377,1.076434
80.338,21427,1.078952
80.39,21473,1.081268
80.442,21461,1.080664
80.494,21409,1.078045
80.546,21377,1.076434
80.598,21401,1.077642
80.65,21409,1.078045
80.702,21407,1.077945
80.754,21357,1.075427
80.806,21335,1.074319
80.858,21359,1.075528
80.91,21377,1.076434
80.962,21309,1.07301
81.014,21168,1.06591
81.066,21098,1.062385
81.118,21118,1.063392
81.17,21214,1.068226
81.222,21284,1.071751
81.274,21274,1.071247
81.326,21208,1.067924
81.378,21090,1.061982
81.43,20944,1.05463
81.482,20780,1.046372
81.534,20556,1.035093
81.586,20236,1.018979
81.638,19966,1.005383
81.69,19790,0.996521
81.742,19752,0.994607
81.794,19942,1.004175
81.846,20196,1.016965
81.898,20512,1.032877
81.95,20976,1.056242
82.002,21540,1.084642
82.054,22147,1.115207
82.106,22743,1.145219
82.158,23293,1.172914
82.21,23735,1.19517
82.262,24099,1.2135
82.314,24229,1.220046
82.366,24147,1.215917
82.418,24053,1.211183
82.47,24089,1.212996
82.522,24401,1.228707
82.574,24759,1.246734
82.626,25167,1.267279
82.678,25845,1.301419
82.73,26858,1.352428
82.782,27934,1.40661
82.834,28948,1.45767
82.885,29830,1.502083
82.937,30494,1.535518
82.989,31143,1.568199
83.041,31771,1.599821
83.093,32309,1.626912
83.145,32851,1.654205
83.197,33367,1.680188
83.249,33843,1.704156
83.301,34215,1.722889
83.353,34432,1.733816
83.405,34572,1.740865
83.457,34778,1.751238
83.509,34840,1.75436
83.561,34682,1.746404
83.613,34512,1.737844
83.665,34430,1.733715
83.717,34428,1.733614
83.769,34512,1.737844
83.821,34582,1.741369
83.873,34554,1.739959
83.925,34600,1.742275
83.977,34708,1.747713
84.029,34355,1.729938
84.081,33793,1.701639
84.133,33215,1.672534
84.185,32601,1.641616
84.237,32041,1.613417
84.289,31513,1.58683
84.341,30925,1.557221
84.393,30283,1.524894
84.445,30125,1.516938
84.497,30143,1.517844
84.549,30165,1.518952
84.601,30189,1.52016
84.653,30177,1.519556
84.705,30149,1.518146
84.757,30165,1.518952
84.809,30227,1.522074
84.861,30233,1.522376
84.913,30219,1.521671
84.965,30177,1.519556
85.017,30175,1.519455
85.069,30187,1.52006
85.121,30193,1.520362
85.173,30181,1.519757
85.225,30173,1.519354
85.277,30199,1.520664
85.329,30231,1.522275
85.381,30229,1.522174
85.433,30201,1.520764
85.485,30189,1.52016
85.537,30187,1.52006
85.589,30201,1.520764
85.641,30167,1.519052
85.693,30125,1.516938
85.745,30063,1.513816
85.797,30071,1.514218
85.849,30105,1.51593
85.901,30105,1.51593
85.953,30097,1.515528
86.005,30077,1.51452
86.057,30097,1.515528
86.109,30129,1.517139
86.167,30173,1.519354
86.219,30175,1.519455
86.271,30143,1.517844
86.323,30155,1.518448
86.375,30175,1.519455
86.427,30183,1.519858
86.479,30225,1.521973
86.531,30207,1.521067
86.583,30189,1.52016
86.635,30177,1.519556
86.687,30199,1.520664
86.739,30215,1.52147
86.791,30199,1.520664
86.843,30175,1.519455
86.895,30115,1.516434
86.947,30129,1.517139
86.999,30161,1.51875
87.051,30155,1.518448
87.103,30131,1.51724
87.155,30105,1.51593
87.207,30105,1.51593
87.259,30143,1.517844
87.311,30157,1.518549
87.363,30117,1.516535
87.415,30085,1.514923
87.467,30093,1.515326
87.519,30117,1.516535
87.571,30131,1.51724
87.623,30099,1.515628
87.675,30045,1.512909
87.727,30071,1.514218
87.779,30117,1.516535
87.831,30155,1.518448
87.883,30139,1.517642
87.935,30131,1.51724
87.987,30127,1.517038
88.039,30163,1.518851
88.091,30193,1.520362
88.143,30133,1.51734
88.195,30099,1.515628
88.247,30079,1.514621
88.299,30117,1.516535
88.351,30113,1.516333
88.403,30085,1.514923
88.455,30063,1.513816
88.507,30073,1.514319
88.559,30109,1.516132
88.611,30105,1.51593
88.663,30079,1.514621
88.715,30039,1.512607
88.767,30037,1.512506
88.819,30095,1.515427
88.871,30113,1.516333
88.923,30075,1.51442
88.975,30027,1.512003
89.027,30035,1.512406
89.079,30075,1.51442
89.131,30069,1.514118
89.183,30029,1.512103
89.235,29963,1.50878
89.286,29941,1.507672
89.338,29993,1.510291
89.39,30045,1.512909
89.442,30049,1.51311
89.494,29951,1.508176
89.546,29883,1.504752
89.598,29867,1.503946
89.65,29949,1.508075
89.702,30115,1.516434
89.754,30255,1.523484
89.806,30457,1.533655
89.858,30793,1.550574
89.91,31321,1.577162
89.962,31875,1.605058
90.014,32381,1.630538
90.066,32845,1.653902
90.118,33349,1.679281
90.17,33969,1.710501
90.222,34652,1.744894
90.274,35266,1.775811
90.326,35862,1.805823
90.378,36502,1.83805
90.43,37210,1.873701
90.482,37904,1.908647
90.534,38512,1.939263
90.586,39039,1.9658
90.638,39471,1.987553
90.69,39867,2.007494
90.742,40133,2.020888
90.794,40339,2.031261
90.846,40535,2.041131
90.898,40713,2.050094
90.95,40843,2.05664
91.001,40995,2.064294
91.053,41149,2.072049
91.105,41301,2.079702
91.157,41535,2.091486
91.209,41805,2.105081
91.261,42034,2.116612
91.313,42234,2.126684
91.365,42472,2.138668
91.417,42714,2.150854
91.469,42982,2.164349
91.521,43216,2.176132
91.573,43388,2.184793
91.625,43510,2.190936
91.677,43640,2.197482
91.729,43824,2.206748
91.781,43908,2.210977
91.833,43914,2.21128
91.885,43832,2.20715
91.937,43828,2.206949
91.989,43856,2.208359
92.041,43876,2.209366
92.093,43852,2.208157
92.145,43776,2.20433
92.197,43770,2.204028
92.249,43810,2.206042
92.301,43862,2.208661
92.353,43840,2.207553
92.405,43826,2.206848
92.457,43872,2.209164
92.509,43976,2.214402
92.561,44058,2.21853
92.613,44092,2.220242
92.665,43950,2.213092
92.717,43752,2.203122
92.769,43614,2.196173
92.821,43426,2.186706
92.873,43146,2.172607
92.925,42828,2.156594
92.977,42554,2.142797
93.029,42344,2.132222
93.081,42248,2.127388
93.133,42212,2.125576
93.185,42124,2.121144
93.237,42084,2.11913
93.289,42138,2.121849
93.341,42170,2.123461
93.393,42158,2.122856
93.445,42110,2.12044
93.497,42108,2.120339
93.549,42160,2.122957
93.601,42172,2.123561
93.653,42194,2.124669
93.705,42154,2.122655
93.757,42172,2.123561
93.809,42222,2.126079
93.861,42242,2.127086
93.913,42244,2.127187
93.965,42190,2.124468
94.017,42214,2.125676
94.069,42218,2.125878
94.121,42234,2.126684
94.173,42204,2.125173
94.225,42158,2.122856
94.277,42152,2.122554
94.329,42194,2.124669
94.381,42228,2.126381
94.433,42216,2.125777
94.485,42182,2.124065
94.537,42184,2.124166
94.589,42228,2.126381
94.641,42252,2.12759
94.693,42244,2.127187
94.745,42152,2.122554
94.797,42148,2.122353
94.849,42180,2.123964
94.901,42206,2.125274
94.953,42192,2.124568
95.005,42144,2.122152
95.057,42140,2.12195
95.109,42184,2.124166
95.161,42242,2.127086
95.213,42226,2.12628
95.265,42190,2.124468
95.317,42186,2.124266
95.369,42228,2.126381
95.421,42256,2.127791
95.473,42238,2.126885
95.525,42192,2.124568
95.577,42188,2.124367
95.629,42226,2.12628
95.681,42240,2.126986
95.733,42222,2.126079
95.785,42168,2.12336
95.837,42186,2.124266
95.889,42196,2.12477
95.94,42232,2.126583
95.992,42218,2.125878
96.044,42142,2.122051
96.096,42136,2.121749
96.148,42160,2.122957
96.2,42166,2.123259
96.252,42162,2.123058
96.304,42142,2.122051
96.356,42148,2.122353
96.408,42174,2.123662
96.46,42242,2.127086
96.512,42238,2.126885
96.564,42198,2.12487
96.616,42222,2.126079
96.668,42212,2.125576
96.72,42246,2.127288
96.772,42214,2.125676
96.824,42196,2.12477
96.876,42170,2.123461
96.928,42190,2.124468
96.98,42236,2.126784
97.032,42216,2.125777
97.084,42172,2.123561
97.136,42138,2.121849
97.188,42156,2.122756
97.24,42170,2.123461
97.292,42126,2.121245
97.344,42076,2.118728
97.396,42038,2.116814
97.448,42042,2.117015
97.5,42078,2.118828
97.552,41974,2.113591
97.604,41767,2.103168
97.656,41589,2.094205
97.708,41523,2.090881
97.76,41479,2.088666
97.812,41453,2.087356
97.864,41443,2.086853
97.916,41447,2.087054
97.968,41609,2.095212
98.02,41831,2.10639
98.072,42048,2.117318
98.124,42302,2.130107
98.176,42584,2.144308
98.228,42842,2.157299
98.28,43042,2.16737
98.332,43194,2.175024
98.384,43324,2.18157
98.436,43488,2.189828
98.488,43604,2.19567
98.54,43528,2.191842
98.592,43386,2.184692
98.644,43252,2.177944
98.696,43196,2.175125
98.748,43164,2.173514
98.8,43164,2.173514
98.852,43134,2.172003
98.904,43226,2.176635
98.956,43452,2.188016
99.008,43740,2.202518
99.06,44008,2.216013
99.112,44256,2.228501
99.164,44550,2.243305
99.216,44866,2.259217
99.268,45268,2.27946
99.32,45648,2.298594
99.372,46064,2.319542
99.424,46442,2.338576
99.476,46863,2.359776
99.528,47289,2.381227
99.58,47667,2.400261
99.632,47965,2.415267
99.684,48167,2.425438
99.736,48355,2.434905
99.788,48525,2.443465
99.84,48713,2.452932
99.892,48859,2.460284
99.944,48983,2.466528
99.996,49113,2.473074
100.048,49293,2.482138
100.1,49471,2.491101
100.152,49558,2.495482
100.204,49578,2.496489
100.256,49602,2.497697
100.308,49656,2.500416
100.36,49672,2.501222
100.412,49650,2.500114
100.464,49590,2.497093
100.516,49568,2.495985
100.568,49600,2.497597
100.62,49640,2.499611
100.672,49612,2.498201
100.724,49546,2.494878
100.776,49514,2.493266
100.828,49552,2.49518
100.88,49586,2.496892
100.932,49566,2.495885
100.984,49518,2.493468
101.036,49510,2.493065
101.088,49556,2.495381
101.14,49562,2.495683
101.192,49550,2.495079
101.244,49502,2.492662
101.296,49494,2.492259
101.348,49546,2.494878
101.4,49580,2.49659
101.452,49580,2.49659
101.504,49534,2.494274
101.556,49550,2.495079
101.608,49614,2.498302
101.66,49654,2.500316
101.712,49640,2.499611
101.764,49598,2.497496
101.816,49602,2.497697
101.868,49650,2.500114
101.92,49674,2.501323
101.972,49654,2.500316
102.024,49596,2.497395
102.076,49594,2.497295
102.128,49650,2.500114
102.18,49710,2.503136
102.232,49629,2.499057
102.284,49427,2.488885
102.336,49209,2.477908
102.388,49043,2.469549
102.44,48863,2.460485
102.492,48605,2.447494
102.544,48327,2.433495
102.596,48071,2.420604
102.648,47947,2.41436
102.7,47881,2.411037
102.752,47859,2.409929
102.804,47819,2.407915
102.856,47837,2.408821
102.908,47893,2.411641
102.96,47911,2.412547
103.012,47883,2.411137
103.064,47859,2.409929
103.116,47869,2.410432
103.168,47913,2.412648
103.22,47923,2.413152
103.272,47865,2.410231
103.324,47825,2.408217
103.376,47845,2.409224
103.428,47893,2.411641
103.48,47889,2.41144
103.532,47867,2.410332
103.584,47843,2.409123
103.636,47857,2.409828
103.688,47901,2.412044
103.74,47921,2.413051
103.792,47887,2.411339
103.844,47877,2.410835
103.896,47905,2.412245
103.948,47941,2.414058
104.0,47933,2.413655
104.052,47895,2.411742
104.104,47871,2.410533
104.156,47891,2.41154
104.208,47929,2.413454
104.26,47905,2.412245
104.312,47879,2.410936
104.364,47853,2.409627
104.416,47869,2.410432
104.468,47915,2.412749
104.52,47905,2.412245
104.572,47849,2.409426
104.624,47829,2.408418
104.676,47863,2.41013
104.728,47899,2.411943
104.78,47895,2.411742
104.832,47839,2.408922
104.884,47849,2.409426
104.936,47889,2.41144
104.988,47931,2.413554
105.04,47921,2.413051
105.092,47865,2.410231
105.144,47831,2.408519
105.196,47863,2.41013
105.248,47945,2.41426
105.3,47927,2.413353
105.352,47881,2.411037
105.404,47875,2.410735
105.456,47911,2.412547
105.508,47951,2.414562
105.56,47913,2.412648
105.612,47903,2.412144
105.664,47869,2.410432
105.716,47887,2.411339
105.768,47915,2.412749
105.82,47891,2.41154
105.872,47839,2.408922
105.924,47837,2.408821
105.976,47903,2.412144
106.028,47897,2.411842
106.08,47881,2.411037
106.132,47843,2.409123
106.184,47835,2.40872
106.236,47875,2.410735
106.288,47893,2.411641
106.34,47853,2.409627
106.392,47807,2.40731
106.444,47811,2.407512
106.496,47845,2.409224
106.548,47883,2.411137
106.6,47865,2.410231
106.652,47853,2.409627
106.704,47865,2.410231
106.756,47927,2.413353
106.808,47953,2.414662
106.86,47915,2.412749
106.912,47881,2.411037
106.964,47855,2.409728
107.016,47899,2.411943
107.068,47887,2.411339
107.12,47861,2.41003
107.172,47807,2.40731
107.224,47807,2.40731
107.276,47863,2.41013
107.328,47871,2.410533
107.38,47847,2.409325
107.432,47793,2.406606
107.484,47785,2.406203
107.536,47831,2.408519
107.588,47855,2.409728
107.64,47815,2.407714
107.692,47757,2.404793
107.744,47757,2.404793
107.796,47805,2.40721
107.848,47821,2.408016
107.9,47797,2.406807
107.952,47745,2.404189
108.004,47749,2.40439
108.056,47807,2.40731
108.108,47835,2.40872
108.16,47811,2.407512
108.212,47745,2.404189
108.264,47765,2.405196
108.316,47821,2.408016
108.368,47837,2.408821
108.42,47797,2.406807
108.472,47735,2.403685
108.524,47729,2.403383
108.576,47769,2.405397
108.628,47839,2.408922
108.68,47827,2.408318
108.732,47813,2.407612
108.784,47865,2.410231
108.836,47981,2.416072
108.888,48043,2.419194
108.94,48019,2.417986
108.992,47999,2.416979
109.044,47997,2.416878
109.096,48067,2.420403
109.148,48113,2.422719
109.2,48111,2.422618
109.252,48111,2.422618
109.304,48223,2.428258
109.356,48393,2.436818
109.408,48513,2.442861
109.46,48569,2.445681
109.512,48623,2.4484
109.564,48705,2.452529
109.616,48829,2.458773
109.668,48905,2.4626
109.72,49023,2.468542
109.772,49285,2.481735
109.824,49709,2.503085
109.876,50207,2.528162
109.928,50643,2.550116
109.98,51053,2.570762
110.032,51479,2.592213
110.084,51968,2.616836
110.136,52382,2.637684
110.188,52626,2.64997
110.24,52746,2.656013
110.292,52816,2.659538
110.344,52934,2.66548
110.396,53088,2.673234
110.448,53136,2.675651
110.5,53112,2.674442
110.552,53092,2.673436
110.604,53140,2.675852
110.656,53160,2.67686
110.708,53166,2.677162
110.76,53128,2.675248
110.812,53076,2.67263
110.864,53136,2.675651
110.916,53228,2.680284
110.968,53244,2.68109
111.02,53216,2.679679
111.072,53256,2.681694
111.124,53324,2.685118
111.176,53424,2.690153
111.228,53464,2.692168
111.28,53432,2.690556
111.332,53430,2.690456
111.384,53482,2.693074
111.436,53574,2.697707
111.488,53574,2.697707
111.54,53542,2.696095
111.592,53518,2.694886
111.644,53582,2.698109
111.696,53659,2.701987
111.748,53659,2.701987
111.8,53657,2.701886
111.852,53619,2.699973
111.904,53655,2.701785
111.956,53643,2.701181
112.008,53462,2.692067
112.06,53182,2.677967
112.112,52942,2.665882
112.164,52752,2.656315
112.216,52560,2.646647
112.268,52342,2.63567
112.32,52058,2.621369
112.372,51880,2.612406
112.424,51874,2.612104
112.476,51928,2.614822
112.528,51922,2.61452
112.58,51880,2.612406
112.632,51816,2.609183
112.684,51858,2.611298
112.736,51912,2.614017
112.788,51908,2.613815
112.84,51870,2.611902
112.892,51846,2.610694
112.944,51850,2.610895
112.996,51896,2.613211
113.048,51932,2.615024
113.1,51890,2.612909
113.152,51872,2.612003
113.204,51870,2.611902
113.256,51906,2.613715
113.308,51908,2.613815
113.36,51884,2.612607
113.412,51876,2.612204
113.464,51930,2.614923
113.516,51948,2.61583
113.568,51942,2.615527
113.62,51950,2.61593
113.672,51948,2.61583
113.724,51976,2.61724
113.776,52026,2.619758
113.828,51998,2.618348
113.88,51936,2.615225
113.932,51930,2.614923
113.984,51968,2.616836
114.036,51976,2.61724
114.088,51954,2.616132
114.14,51914,2.614118
114.192,51866,2.6117
114.244,51912,2.614017
114.296,51964,2.616635
114.348,51952,2.616031
114.4,51914,2.614118
114.452,51914,2.614118
114.504,51938,2.615326
114.556,51960,2.616434
114.608,51982,2.617542
114.66,51928,2.614822
114.712,51896,2.613211
114.764,51934,2.615125
114.816,51958,2.616333
114.868,51942,2.615527
114.92,51918,2.614319
114.972,51912,2.614017
115.024,51944,2.615628
115.076,51986,2.617743
115.128,51980,2.617441
115.18,51954,2.616132
115.232,51954,2.616132
115.284,51988,2.617844
115.336,52010,2.618952
115.388,51970,2.616937
115.44,51938,2.615326
115.492,51934,2.615125
115.544,51972,2.617038
115.596,51972,2.617038
115.648,51946,2.615729
115.7,51902,2.613513
115.752,51892,2.61301
115.804,51958,2.616333
115.856,51978,2.61734
115.908,51954,2.616132
115.96,51908,2.613815
116.012,51914,2.614118
116.064,51924,2.614621
116.116,51950,2.61593
116.168,51918,2.614319
116.22,51872,2.612003
116.272,51872,2.612003
116.324,51938,2.615326
116.376,51952,2.616031
116.428,51926,2.614722
116.48,51914,2.614118
116.532,51888,2.612808
116.584,51944,2.615628
116.636,51964,2.616635
116.688,51940,2.615427
116.74,51878,2.612305
116.792,51890,2.612909
116.844,51938,2.615326
116.896,51962,2.616534
116.948,51958,2.616333
117.0,51930,2.614923
117.052,51938,2.615326
117.104,51982,2.617542
117.156,51962,2.616534
117.208,51954,2.616132
117.26,51914,2.614118
117.312,51880,2.612406
117.364,51928,2.614822
117.416,51922,2.61452
117.468,51894,2.61311
117.52,51834,2.610089
117.572,51862,2.611499
117.624,51884,2.612607
117.676,51868,2.611801
117.728,51854,2.611096
117.78,51808,2.60878
117.832,51808,2.60878
117.883,51840,2.610391
117.935,51878,2.612305
117.987,51864,2.6116
118.038,51806,2.608679
118.09,51824,2.609586
118.142,51864,2.6116
118.194,51906,2.613715
118.246,51908,2.613815
118.298,51870,2.611902
118.35,51838,2.61029
118.402,51850,2.610895
118.454,51924,2.614621
118.506,51956,2.616232
118.558,51974,2.617139
118.61,51986,2.617743
118.662,52036,2.620261
118.714,52140,2.625498
118.766,52240,2.630533
118.818,52294,2.633253
118.87,52340,2.635569
118.922,52462,2.641712
118.974,52666,2.651984
119.026,52868,2.662156
119.078,53044,2.671019
119.13,53170,2.677363
119.182,53374,2.687636
119.234,53630,2.700526
119.286,53848,2.711504
119.338,53969,2.717597
119.39,54011,2.719712
119.442,54093,2.72384
119.494,54217,2.730085
119.546,54329,2.735724
119.598,54331,2.735825
119.65,54367,2.737638
119.702,54401,2.73935
119.754,54525,2.745594
119.806,54599,2.74932
119.858,54601,2.749421
119.91,54577,2.748212
119.962,54597,2.74922
120.014,54669,2.752845
120.066,54661,2.752442
120.118,54629,2.750831
120.17,54565,2.747608
120.222,54571,2.74791
120.274,54605,2.749622
120.326,54609,2.749824
120.378,54587,2.748716
120.43,54575,2.748112
120.482,54611,2.749924
120.534,54683,2.75355
120.586,54725,2.755665
120.638,54751,2.756974
120.69,54799,2.759391
120.742,54889,2.763923
120.794,55023,2.77067
120.846,55095,2.774296
120.898,55117,2.775404
120.95,55133,2.77621
121.002,55199,2.779533
121.054,55275,2.78336
121.105,55317,2.785475
121.157,55301,2.784669
121.209,55251,2.782152
121.261,55253,2.782252
121.313,55309,2.785072
121.365,55343,2.786784
121.417,55333,2.78628
121.469,55279,2.783562
121.521,55261,2.782655
121.573,55313,2.785273
121.625,55339,2.786583
121.677,55321,2.785676
121.729,55273,2.783259
121.781,55257,2.782454
121.833,55279,2.783562
121.885,55313,2.785273
121.937,55295,2.784367
121.989,55237,2.781446
122.041,55239,2.781547
122.093,55289,2.784065
122.145,55331,2.78618
122.197,55277,2.783461
122.249,55213,2.780238
122.301,55081,2.773591
122.353,54997,2.769361
122.405,54899,2.764427
122.457,54727,2.755766
122.509,54519,2.745292
122.561,54349,2.736732
122.613,54277,2.733106
122.665,54169,2.727668
122.717,54125,2.725452
122.769,54043,2.721323
122.821,54013,2.719812
122.873,54069,2.722632
122.925,54099,2.724143
122.977,54079,2.723136
123.029,54041,2.721222
123.081,54031,2.720719
123.133,54075,2.722934
123.185,54087,2.723538
123.237,54067,2.722531
123.289,54009,2.719611
123.341,54025,2.720416
123.393,54067,2.722531
123.445,54107,2.724546
123.497,54085,2.723438
123.549,54023,2.720316
123.601,54061,2.722229
123.653,54109,2.724646
123.705,54121,2.72525
123.757,54081,2.723236
123.809,54025,2.720416
123.861,53993,2.718805
123.913,54061,2.722229
123.965,54089,2.723639
124.017,54047,2.721524
124.069,53993,2.718805
124.121,54007,2.71951
124.173,54045,2.721424
124.225,54097,2.724042
124.277,54081,2.723236
124.329,54009,2.719611
124.381,54017,2.720014
124.433,54057,2.722028
124.485,54091,2.72374
124.537,54059,2.722129
124.589,54007,2.71951
124.641,53983,2.718302
124.693,54027,2.720517
124.745,54069,2.722632
124.797,54051,2.721726
124.849,54025,2.720416
124.901,54029,2.720618
124.953,54067,2.722531
125.005,54105,2.724445
125.057,54085,2.723438
125.109,54049,2.721625
125.161,54041,2.721222
125.213,54097,2.724042
125.265,54113,2.724848
125.317,54089,2.723639
125.369,54039,2.721122
125.421,54031,2.720719
125.473,54073,2.722833
125.525,54105,2.724445
125.577,54083,2.723337
125.629,54025,2.720416
125.681,54015,2.719913
125.733,54043,2.721323
125.785,54081,2.723236
125.837,54073,2.722833
125.889,54001,2.719208
125.941,53977,2.718
125.993,53999,2.719107
126.045,54003,2.719309
126.097,53971,2.717697
126.149,53929,2.715583
126.201,53921,2.71518
126.253,53949,2.71659
126.305,54011,2.719712
126.357,53995,2.718906
126.409,53969,2.717597
126.461,53985,2.718402
126.513,54029,2.720618
126.565,54057,2.722028
126.617,54039,2.721122
126.669,53997,2.719006
126.721,53999,2.719107
126.773,54017,2.720014
126.825,54033,2.720819
126.877,54001,2.719208
126.929,53945,2.716388
126.981,53963,2.717294
127.033,53995,2.718906
127.085,54035,2.72092
127.136,54013,2.719812
127.188,53997,2.719006
127.24,53971,2.717697
127.292,54005,2.71941
127.344,54055,2.721927
127.396,54035,2.72092
127.447,54005,2.71941
127.499,53959,2.717093
127.551,53959,2.717093
127.603,54019,2.720114
127.655,54055,2.721927
127.707,54029,2.720618
127.759,53995,2.718906
127.811,53985,2.718402
127.863,54017,2.720014
127.915,54025,2.720416
127.967,54031,2.720719
128.019,53965,2.717395
128.071,53957,2.716992
128.123,53991,2.718704
128.175,54015,2.719913
128.227,54011,2.719712
128.279,53969,2.717597
128.331,53991,2.718704
128.383,53995,2.718906
128.435,54007,2.71951
128.486,54023,2.720316
128.538,53991,2.718704
128.59,53977,2.718
128.642,53991,2.718704
128.694,54037,2.721021
128.746,54027,2.720517
128.798,53989,2.718604
128.85,53989,2.718604
128.902,53981,2.718201
128.954,54013,2.719812
129.006,54017,2.720014
129.058,53991,2.718704
129.11,53957,2.716992
129.162,53967,2.717496
129.214,54029,2.720618
129.266,54039,2.721122
129.318,54007,2.71951
129.37,53977,2.718
129.422,53981,2.718201
129.474,54027,2.720517
129.526,54033,2.720819
129.578,54011,2.719712
129.63,53963,2.717294
129.682,53995,2.718906
129.734,54041,2.721222
129.786,54057,2.722028
129.838,54033,2.720819
129.89,53989,2.718604
129.942,53995,2.718906
129.994,54017,2.720014
130.046,54033,2.720819
130.098,53983,2.718302
130.15,53957,2.716992
130.202,53929,2.715583
130.254,53967,2.717496
130.306,53993,2.718805
130.358,53971,2.717697
130.41,53929,2.715583
130.462,53943,2.716287
130.514,53989,2.718604
130.566,54007,2.71951
130.618,54011,2.719712
130.67,54005,2.71941
130.722,54007,2.71951
130.774,54055,2.721927
130.826,54091,2.72374
130.878,54057,2.722028
130.93,54017,2.720014
130.982,54003,2.719309
131.034,54049,2.721625
131.086,54049,2.721625
131.138,54019,2.720114
131.19,53975,2.717899
131.242,53975,2.717899
131.294,54017,2.720014
131.346,54035,2.72092
131.397,54017,2.720014
131.449,53963,2.717294
131.501,53961,2.717194
131.553,53991,2.718704
131.605,54025,2.720416
131.657,54019,2.720114
131.709,53977,2.718
131.761,53971,2.717697
131.813,53995,2.718906
131.865,54051,2.721726
131.917,54037,2.721021
131.969,54015,2.719913
132.021,53999,2.719107
132.073,54021,2.720215
132.125,54065,2.722431
132.177,54053,2.721826
132.229,54017,2.720014
132.281,53979,2.7181
132.333,54003,2.719309
132.385,54051,2.721726
132.437,54041,2.721222
132.489,54009,2.719611
132.541,53967,2.717496
132.593,54017,2.720014
132.645,54065,2.722431
132.697,54069,2.722632
132.749,54033,2.720819
132.801,53989,2.718604
132.853,54011,2.719712
132.905,54047,2.721524
132.957,54063,2.72233
133.009,54001,2.719208
133.061,53975,2.717899
133.113,53993,2.718805
133.165,54049,2.721625
133.217,54049,2.721625
133.269,54005,2.71941
133.321,53985,2.718402
133.373,54029,2.720618
133.425,54075,2.722934
133.477,54059,2.722129
133.529,54019,2.720114
133.581,53977,2.718
133.633,53999,2.719107
133.685,54049,2.721625
133.737,54047,2.721524
133.789,53985,2.718402
133.841,53965,2.717395
133.893,53995,2.718906
133.945,54063,2.72233
133.997,54063,2.72233
134.049,54025,2.720416
134.101,54003,2.719309
134.153,54025,2.720416
134.205,54069,2.722632
134.257,54059,2.722129
134.309,54053,2.721826
134.361,54009,2.719611
134.413,54019,2.720114
134.465,54057,2.722028
134.517,54051,2.721726
134.569,54021,2.720215
134.621,54003,2.719309
134.673,54017,2.720014
134.725,54023,2.720316
134.777,54007,2.71951
134.829,53983,2.718302
134.881,53989,2.718604
134.933,54005,2.71941
134.985,54037,2.721021
135.037,54011,2.719712
135.089,53987,2.718503
135.141,53967,2.717496
135.193,54005,2.71941
135.245,54049,2.721625
135.297,54007,2.71951
135.348,53981,2.718201
135.4,53955,2.716892
135.452,53979,2.7181
135.504,54019,2.720114
135.556,54031,2.720719
135.608,54005,2.71941
135.66,53965,2.717395
135.712,54011,2.719712
135.764,54059,2.722129
135.816,54067,2.722531
135.868,54043,2.721323
135.92,54037,2.721021
135.972,54041,2.721222
136.024,54073,2.722833
136.076,54091,2.72374
136.128,54041,2.721222
136.18,53997,2.719006
136.232,54013,2.719812
136.284,54059,2.722129
136.336,54043,2.721323
136.388,54017,2.720014
136.44,53975,2.717899
136.492,53981,2.718201
136.544,54041,2.721222
136.596,54083,2.723337
136.648,54043,2.721323
136.7,53999,2.719107
136.752,54011,2.719712
136.804,54057,2.722028
136.856,54083,2.723337
136.908,54065,2.722431
136.96,54011,2.719712
137.012,53981,2.718201
137.064,54025,2.720416
137.116,54049,2.721625
137.168,54019,2.720114
137.22,53979,2.7181
137.272,53979,2.7181
137.324,53987,2.718503
137.376,54027,2.720517
137.428,54015,2.719913
137.48,53963,2.717294
137.532,53971,2.717697
137.584,54017,2.720014
137.636,54057,2.722028
137.688,54021,2.720215
137.74,54013,2.719812
137.792,53999,2.719107
137.844,54023,2.720316
137.896,54051,2.721726
137.948,54025,2.720416
138.0,53969,2.717597
138.052,53941,2.716187
138.104,53991,2.718704
138.156,54005,2.71941
138.208,53977,2.718
138.26,53959,2.717093
138.312,53949,2.71659
138.364,53987,2.718503
138.416,54019,2.720114
138.468,53993,2.718805
138.52,53981,2.718201
138.572,53985,2.718402
138.624,54045,2.721424
138.676,54051,2.721726
138.728,54043,2.721323
138.78,53973,2.717798
138.832,53979,2.7181
138.884,54019,2.720114
138.936,54005,2.71941
138.988,53987,2.718503
139.04,53931,2.715683
139.092,53941,2.716187
139.144,54007,2.71951
139.195,54071,2.722733
139.247,54059,2.722129
139.299,54019,2.720114
139.351,54025,2.720416
139.403,54059,2.722129
139.455,54091,2.72374
139.507,54075,2.722934
139.559,54003,2.719309
139.611,53989,2.718604
139.663,53997,2.719006
139.715,54029,2.720618
139.767,54015,2.719913
139.819,53975,2.717899
139.871,53963,2.717294
139.923,53983,2.718302
139.975,54027,2.720517
140.027,54019,2.720114
140.079,53989,2.718604
140.131,53987,2.718503
140.183,54035,2.72092
140.234,54079,2.723136
140.286,54071,2.722733
140.338,54037,2.721021
140.39,54005,2.71941
140.442,54037,2.721021
140.494,54081,2.723236
140.546,54083,2.723337
140.598,54027,2.720517
140.65,53983,2.718302
140.702,53995,2.718906
140.754,54045,2.721424
140.806,54065,2.722431
140.858,54039,2.721122
140.91,53999,2.719107
140.962,53999,2.719107
141.014,54053,2.721826
141.066,54071,2.722733
141.118,54053,2.721826
141.17,54007,2.71951
141.222,54007,2.71951
141.273,54027,2.720517
141.325,54067,2.722531
141.377,54049,2.721625
141.429,53995,2.718906
141.481,54013,2.719812
141.533,54037,2.721021
141.585,54069,2.722632
141.637,54043,2.721323
141.689,54027,2.720517
141.741,54011,2.719712
141.793,54035,2.72092
141.845,54067,2.722531
141.897,54041,2.721222
141.949,54015,2.719913
142.001,53999,2.719107
142.053,54043,2.721323
142.105,54057,2.722028
142.157,54037,2.721021
142.209,54005,2.71941
142.261,54015,2.719913
142.313,54061,2.722229
142.365,54089,2.723639
142.417,54077,2.723035
142.469,54029,2.720618
142.521,54017,2.720014
142.573,54075,2.722934
142.625,54105,2.724445
142.677,54069,2.722632
142.729,54017,2.720014
142.781,54001,2.719208
142.833,54029,2.720618
142.885,54067,2.722531
142.937,54045,2.721424
142.989,53979,2.7181
143.041,53969,2.717597
143.093,54007,2.71951
143.145,54035,2.72092
143.196,54029,2.720618
143.248,54021,2.720215
143.3,53993,2.718805
143.352,54015,2.719913
143.404,54069,2.722632
143.456,54065,2.722431
143.508,54019,2.720114
143.56,53991,2.718704
143.612,54009,2.719611
143.664,54019,2.720114
143.716,54025,2.720416
143.768,53989,2.718604
143.82,53959,2.717093
143.872,53973,2.717798
143.924,54019,2.720114
143.976,54009,2.719611
144.028,53981,2.718201
144.08,53961,2.717194
144.132,53981,2.718201
144.184,54029,2.720618
144.236,53997,2.719006
144.288,53971,2.717697
144.34,53941,2.716187
144.392,53967,2.717496
144.444,53975,2.717899
144.496,53943,2.716287
144.548,53901,2.714173
144.6,53869,2.712561
144.652,53905,2.714374
144.704,53933,2.715784
144.756,53935,2.715885
144.808,53903,2.714273
144.86,53907,2.714475
144.912,53951,2.71669
144.964,54001,2.719208
145.016,54009,2.719611
145.068,53971,2.717697
145.12,53945,2.716388
145.172,53953,2.716791
145.224,54003,2.719309
145.276,53991,2.718704
145.328,53947,2.716489
145.38,53935,2.715885
145.432,53947,2.716489
145.484,54001,2.719208
145.536,53989,2.718604
145.588,53945,2.716388
145.64,53905,2.714374
145.692,53804,2.709288
145.744,53628,2.700426
145.796,53354,2.686628
145.848,53084,2.673033
145.9,52732,2.655308
145.952,52378,2.637482
146.004,51976,2.61724
146.056,51390,2.587732
146.108,50663,2.551124
146.16,49645,2.499863
146.212,48319,2.433092
146.264,46859,2.359574
146.316,45444,2.288322
146.368,44048,2.218027
146.42,42753,2.152818
146.472,41589,2.094205
146.524,40653,2.047072
146.576,40057,2.017061
146.628,39831,2.005681
146.68,39703,1.999236
146.732,39591,1.993596
146.785,39467,1.987352
146.837,39333,1.980604
146.889,39267,1.977281
146.941,39263,1.977079
146.993,39323,1.980101
147.045,39363,1.982115
147.097,39407,1.98433
147.149,39431,1.985539
147.201,39483,1.988157
147.253,39453,1.986647
147.305,39315,1.979698
147.357,39087,1.968217
147.409,38853,1.956434
147.461,38645,1.94596
147.513,38459,1.936594
147.565,38273,1.927228
147.617,38083,1.917661
147.669,37861,1.906482
147.721,37614,1.894044
147.773,37288,1.877629
147.825,36808,1.853458
147.877,36044,1.814987
147.929,35210,1.772992
147.981,34303,1.72732
148.033,33161,1.669815
148.085,31891,1.605864
148.137,30486,1.535116
148.189,28894,1.454951
148.241,27232,1.371261
148.293,25479,1.282989
148.345,23403,1.178453
148.397,21016,1.058256
148.449,18876,0.950497
148.501,16809,0.846413
148.553,14947,0.752653
148.605,13272,0.668308
148.657,11886,0.598517
148.709,10812,0.544436
148.761,9985,0.502792
148.813,9533,0.480032
148.865,8965,0.451431
148.917,8501,0.428066
148.969,8037,0.404701
149.021,7707,0.388084
149.073,7297,0.367439
149.125,6963,0.35062
149.177,6791,0.341959
149.229,6757,0.340247
149.281,6857,0.345283
149.333,7001,0.352534
149.385,7129,0.358979
149.437,7105,0.357771
149.489,7129,0.358979
149.541,7097,0.357368
149.593,7047,0.35485
149.645,6893,0.347095
149.697,6705,0.337629
149.749,6509,0.327759
149.801,6333,0.318897
149.853,6285,0.31648
149.905,6177,0.311041
149.957,6195,0.311948
150.009,6259,0.31517
150.061,6353,0.319904
150.113,6559,0.330277
150.165,6711,0.337931
150.217,6829,0.343873
150.269,6973,0.351124
150.321,7171,0.361094
150.373,7345,0.369856
150.425,7501,0.377711
150.477,7645,0.384962
150.529,7571,0.381236
150.582,7521,0.378718
150.634,7555,0.38043
150.686,7539,0.379625
150.738,7521,0.378718
150.79,7603,0.382847
150.842,7819,0.393724
150.895,8031,0.404399
150.947,8385,0.422225
150.999,8667,0.436425
151.051,8871,0.446697
151.103,9111,0.458782
151.155,9268,0.466688
151.207,9260,0.466285
151.259,9106,0.458531
151.311,8970,0.451682
151.364,8846,0.445438
151.416,8790,0.442618
151.468,8788,0.442518
151.52,8822,0.44423
151.572,8920,0.449165
151.624,9056,0.456013
151.676,9126,0.459538
151.728,9190,0.46276
151.781,9260,0.466285
151.833,9404,0.473536
151.885,9520,0.479377
151.937,9594,0.483104
151.989,9674,0.487132
152.041,9732,0.490053
152.093,9892,0.498109
152.145,10024,0.504756
152.198,10134,0.510295
152.25,10254,0.516338
152.302,10458,0.52661
152.355,10680,0.537789
152.407,10868,0.547256
152.459,11062,0.557024
152.512,11240,0.565988
152.564,11434,0.575756
152.616,11594,0.583813
152.669,11694,0.588849
152.721,11768,0.592575
152.773,11854,0.596905
152.825,11928,0.600632
152.877,11942,0.601337
152.929,11954,0.601941
152.982,11922,0.60033
153.034,11756,0.591971
153.086,11340,0.571023
153.139,10882,0.547961
153.191,10430,0.5252
153.243,10032,0.505159
153.296,9646,0.485722
153.348,9282,0.467393
153.4,9136,0.460041
153.452,9236,0.465077
153.504,9698,0.488341
153.556,10248,0.516036
153.609,10860,0.546853
153.661,11488,0.578476
153.713,12174,0.613019
153.766,12802,0.644642
153.818,13252,0.667301
153.87,13664,0.688048
153.923,13979,0.703909
153.975,14181,0.714081
154.027,14271,0.718613
154.08,14325,0.721332
154.132,14371,0.723648
154.184,14415,0.725864
154.237,14413,0.725763
154.289,14381,0.724152
154.341,14365,0.723346
154.394,14397,0.724958
154.446,14411,0.725663
154.498,14403,0.72526
154.55,14373,0.723749
154.602,14391,0.724656
154.654,14461,0.72818
154.707,14463,0.728281
154.759,14439,0.727073
154.811,14433,0.72677
154.864,14471,0.728684
154.916,14513,0.730799
154.968,14509,0.730597
155.021,14491,0.729691
155.073,14493,0.729792
155.125,14517,0.731
155.178,14511,0.730698
155.23,14491,0.729691
155.282,14525,0.731403
155.335,14557,0.733014
155.387,14563,0.733317
155.439,14589,0.734626
155.492,14587,0.734525
155.544,14613,0.735834
155.596,14637,0.737043
155.649,14613,0.735834
155.701,14583,0.734324
155.753,14581,0.734223
155.806,14605,0.735431
155.858,14529,0.731604
155.91,14519,0.731101
155.963,14571,0.733719
156.015,14561,0.733216
156.067,14595,0.734928
156.12,14575,0.733921
156.172,14547,0.732511
156.224,14577,0.734021
156.277,14633,0.736841
156.329,14643,0.737345
156.381,14583,0.734324
156.434,14647,0.737546
156.486,14665,0.738453
156.538,14667,0.738553
156.591,14675,0.738956
156.643,14695,0.739963
156.695,14709,0.740668
156.748,14639,0.737144
156.8,14605,0.735431
156.852,14571,0.733719
156.905,14525,0.731403
156.957,14517,0.731
157.009,14443,0.727274
157.061,14225,0.716297
157.114,14075,0.708743
157.166,13909,0.700384
157.218,13727,0.69122
157.271,13577,0.683667
157.323,13501,0.67984
157.375,13373,0.673394
157.428,13277,0.66856
157.48,13301,0.669769
157.532,13325,0.670977
157.585,13403,0.674905
157.637,13449,0.677221
157.689,13403,0.674905
157.742,13335,0.671481
157.794,12562,0.632557
157.846,11464,0.577267
157.899,10372,0.52228
157.951,9161,0.4613
158.003,7993,0.402486
158.056,6839,0.344376
158.108,5680,0.286015
158.16,4508,0.226999
158.212,4042,0.203534
158.264,3952,0.199002
158.317,3822,0.192456
158.369,3778,0.19024
158.421,3722,0.18742
158.473,3656,0.184097
158.525,3636,0.18309
158.577,3620,0.182284
158.629,3630,0.182788
158.682,3620,0.182284
158.734,3664,0.1845
158.786,3688,0.185708
158.839,3726,0.187622
158.891,3752,0.188931
158.943,3750,0.18883
158.995,3742,0.188428
159.047,3714,0.187018
159.1,3678,0.185205
159.152,3610,0.181781
159.204,3584,0.180472
159.257,3530,0.177752
159.309,3514,0.176947
159.361,3524,0.17745
159.414,3562,0.179364
159.466,3596,0.181076
159.518,3656,0.184097
159.57,3704,0.186514
159.622,3770,0.189837
159.674,3846,0.193664
159.726,3892,0.195981
159.778,3938,0.198297
159.831,3966,0.199707
159.883,4036,0.203232
159.935,4084,0.205649
159.988,4146,0.208771
160.04,4172,0.21008
160.092,4210,0.211994
160.145,4252,0.214108
160.197,4296,0.216324
160.249,4343,0.218691
160.301,4371,0.220101
160.353,4389,0.221007
160.406,4409,0.222014
160.458,4425,0.22282
160.51,4425,0.22282
160.562,4451,0.224129
160.614,4475,0.225338
160.667,4505,0.226848
160.719,4561,0.229668
160.771,4663,0.234804
160.824,4793,0.24135
160.876,4917,0.247594
160.928,4989,0.25122
160.98,5049,0.254241
161.032,5093,0.256457
161.085,5125,0.258068
161.137,5125,0.258068
161.189,5089,0.256255
161.241,5043,0.253939
161.293,5035,0.253536
161.346,5049,0.254241
161.398,5035,0.253536
161.45,5071,0.255349
161.503,5117,0.257665
161.555,5163,0.259982
161.607,5237,0.263708
161.66,5283,0.266024
161.712,5315,0.267636
161.764,5371,0.270455
161.817,5447,0.274282
161.869,5481,0.275994
161.921,5509,0.277404
161.973,5543,0.279117
162.025,5533,0.278613
162.078,5513,0.277606
162.13,5493,0.276599
162.182,5495,0.276699
162.235,5511,0.277505
162.287,5541,0.279016
162.339,5609,0.28244
162.392,5689,0.286468
162.444,5793,0.291705
162.496,5899,0.297043
162.548,5967,0.300467
162.6,6051,0.304697
162.652,6151,0.309732
162.704,6221,0.313257
162.757,6251,0.314768
162.809,6267,0.315573
162.861,6287,0.31658
162.913,6351,0.319803
162.965,6413,0.322925
163.018,6433,0.323932
163.07,6441,0.324335
163.122,6489,0.326752
163.175,6527,0.328666
163.227,6545,0.329572
163.279,6565,0.330579
163.332,6613,0.332996
163.384,6669,0.335816
163.436,6703,0.337528
163.488,6727,0.338737
163.54,6753,0.340046
163.593,6823,0.343571
163.645,6905,0.3477
163.697,6961,0.35052
163.749,6973,0.351124
163.801,7037,0.354347
163.854,7181,0.361598
163.906,7337,0.369453
163.958,7469,0.3761
164.011,7601,0.382747
164.063,7801,0.392818
164.115,7999,0.402788
164.168,8189,0.412355
164.22,8403,0.423131
164.272,8643,0.435216
164.325,8885,0.447402
164.377,9100,0.458228
164.429,9292,0.467897
164.481,9446,0.475651
164.533,9612,0.48401
164.586,9734,0.490153
164.638,9736,0.490254
164.69,9692,0.488038
164.742,9644,0.485621
164.794,9624,0.484614
164.846,9584,0.4826
164.898,9482,0.477464
164.95,9394,0.473033
165.003,9392,0.472932
165.055,9468,0.476759
165.107,9554,0.481089
165.159,9628,0.484816
165.211,9752,0.49106
165.263,9916,0.499318
165.316,10078,0.507475
165.368,10200,0.513619
165.42,10284,0.517848
165.472,10374,0.52238
165.524,10430,0.5252
165.576,10452,0.526308
165.628,10404,0.523891
165.681,10332,0.520265
165.733,10368,0.522078
165.785,10384,0.522884
165.837,10374,0.52238
165.889,10332,0.520265
165.941,10316,0.51946
165.993,10378,0.522582
166.046,10001,0.503598
166.098,9469,0.476809
166.15,8887,0.447503
166.202,8363,0.421117
166.254,7847,0.395134
166.306,7345,0.369856
166.358,6805,0.342664
166.41,6287,0.31658
166.462,6233,0.313861
166.514,6365,0.320508
166.567,6447,0.324637
166.619,6525,0.328565
166.671,6635,0.334104
166.724,6741,0.339442
166.776,6831,0.343973
166.828,6863,0.345585
166.88,6899,0.347398
166.932,6903,0.347599
166.984,6969,0.350922
167.036,7019,0.35344
167.089,7055,0.355253
167.141,7131,0.35908
167.193,7199,0.362504
167.245,7259,0.365525
167.297,7291,0.367137
167.349,7311,0.368144
167.402,7331,0.369151
167.454,7381,0.371669
167.506,7407,0.372978
167.559,7373,0.371266
167.611,7407,0.372978
167.663,7449,0.375093
167.716,7493,0.377308
167.768,7533,0.379322
167.82,7587,0.382042
167.872,7629,0.384157
167.924,7677,0.386574
167.977,7721,0.388789
168.029,7745,0.389998
168.081,7783,0.391911
168.133,7863,0.39594
168.185,7957,0.400673
168.237,7949,0.40027
168.29,7977,0.40168
168.342,8013,0.403493
168.394,8071,0.406413
168.446,8099,0.407823
168.498,8069,0.406313
168.551,8065,0.406111
168.603,8059,0.405809
168.655,8111,0.408428
168.707,8111,0.408428
168.759,8131,0.409435
168.812,8167,0.411247
168.864,8221,0.413967
168.916,8271,0.416484
168.969,8285,0.417189
169.021,8319,0.418901
169.073,8363,0.421117
169.126,8393,0.422628
169.178,8379,0.421923
169.23,8413,0.423635
169.283,8407,0.423333
169.335,8464,0.426203
169.387,8494,0.427713
169.44,8502,0.428116
169.492,8526,0.429325
169.544,8568,0.43144
169.597,8624,0.43426
169.649,8598,0.43295
169.701,8628,0.434461
169.754,8648,0.435468
169.806,8660,0.436072
169.858,8652,0.435669
169.91,8638,0.434965
169.962,8656,0.435871
170.015,8676,0.436878
170.067,8686,0.437382
170.119,8690,0.437583
170.172,8714,0.438791
170.224,8752,0.440705
170.276,8778,0.442014
170.329,8816,0.443928
170.381,8820,0.444129
170.433,8840,0.445136
170.485,8880,0.44715
170.537,8884,0.447352
170.59,8880,0.44715
170.642,8896,0.447956
170.694,8956,0.450977
170.746,8960,0.451179
170.798,8950,0.450675
170.851,8952,0.450776
170.903,8988,0.452589
170.955,9022,0.454301
171.008,9008,0.453596
171.06,9004,0.453394
171.112,8966,0.451481
171.164,9000,0.453193
171.216,9022,0.454301
171.269,9010,0.453696
171.321,8998,0.453092
171.373,9022,0.454301
171.426,9054,0.455912
171.478,9046,0.455509
171.53,9076,0.45702
171.582,9078,0.457121
171.634,9106,0.458531
171.687,9124,0.459437
171.739,9114,0.458933
171.791,9114,0.458933
171.844,9152,0.460847
171.896,9172,0.461854
171.948,9166,0.461552
172.0,9160,0.46125
172.052,9178,0.462156
172.105,9216,0.46407
172.157,9240,0.465278
172.209,9246,0.46558
172.262,9254,0.465983
172.314,9308,0.468702
172.366,9344,0.470515
172.419,9354,0.471019
172.471,9360,0.471321
172.523,9384,0.472529
172.576,9408,0.473738
172.628,9410,0.473838
172.68,9428,0.474745
172.733,9430,0.474846
172.785,9450,0.475853
172.837,9444,0.47555
172.89,9432,0.474946
172.942,9430,0.474846
172.994,9452,0.475953
173.046,9472,0.47696
173.104,9510,0.478874
173.156,9504,0.478572
173.208,9502,0.478471
173.26,9538,0.480284
173.312,9574,0.482097
173.365,9640,0.48542
173.417,9658,0.486326
173.469,9642,0.485521
173.522,9634,0.485118
173.574,9676,0.487233
173.626,9724,0.48965
173.679,9722,0.489549
173.731,9718,0.489348
173.783,9680,0.487434
173.835,9698,0.488341
173.887,9720,0.489448
173.94,9710,0.488945
173.992,9688,0.487837
174.044,9690,0.487938
174.097,9706,0.488743
174.149,9686,0.487736
174.201,9668,0.48683
174.254,9660,0.486427
174.306,9674,0.487132
174.358,9644,0.485621
174.411,9632,0.485017
174.463,9618,0.484312
174.515,9636,0.485219
174.567,9652,0.486024
174.619,9628,0.484816
174.672,9590,0.482902
174.724,9606,0.483708
174.776,9604,0.483607
174.829,9564,0.481593
174.881,9618,0.484312
174.933,9614,0.484111
174.986,9750,0.490959
175.038,9950,0.50103
175.09,10150,0.511101
175.142,10310,0.519158
175.194,10450,0.526207
175.247,10502,0.528826
175.299,10414,0.524395
175.351,10424,0.524898
175.404,10400,0.52369
175.456,10244,0.515834
175.508,10192,0.513216
175.56,10218,0.514525
175.612,10272,0.517244
175.664,10446,0.526006
175.716,10764,0.542019
175.768,10960,0.551888
175.82,11008,0.554305
175.873,11122,0.560046
175.925,11166,0.562261
175.977,11172,0.562563
176.03,11148,0.561355
176.082,11080,0.557931
176.134,10876,0.547658
176.186,10742,0.540911
176.238,10668,0.537185
176.291,10648,0.536178
176.343,10666,0.537084
176.395,10722,0.539904
176.447,10852,0.54645
176.499,11128,0.560348
176.551,11568,0.582504
176.603,12220,0.615335
176.655,13084,0.658842
176.707,14044,0.707182
176.759,15021,0.756379
176.811,15935,0.802403
176.864,16965,0.854269
176.916,18007,0.906738
176.968,18920,0.952712
177.021,19702,0.99209
177.073,20326,1.023511
177.125,20824,1.048588
177.177,21222,1.068629
177.229,21584,1.086857
177.282,21875,1.101511
177.334,22103,1.112991
177.386,22291,1.122458
177.439,22391,1.127494
177.491,22471,1.131522
177.543,22567,1.136356
177.596,22649,1.140485
177.648,22737,1.144916
177.7,22755,1.145823
177.753,22741,1.145118
177.805,22793,1.147736
177.857,22819,1.149046
177.909,22793,1.147736
177.961,22739,1.145017
178.014,22749,1.145521
178.066,22791,1.147636
178.118,22813,1.148743
178.171,22793,1.147736
178.223,22807,1.148441
178.275,23029,1.15962
178.327,23345,1.175532
178.379,23701,1.193458
178.432,24039,1.210478
178.484,24437,1.23052
178.536,24849,1.251266
178.589,25299,1.273925
178.641,25709,1.294571
178.693,25976,1.308016
178.745,26166,1.317583
178.797,26228,1.320705
178.849,26176,1.318086
178.901,26020,1.310231
178.953,25854,1.301872
179.006,25645,1.291348
179.058,25365,1.277249
179.11,25047,1.261236
179.162,24747,1.24613
179.214,24565,1.236965
179.266,24481,1.232735
179.319,24419,1.229613
179.371,24393,1.228304
179.423,24393,1.228304
179.475,24435,1.230419
179.527,24487,1.233037
179.58,24527,1.235052
179.632,24545,1.235958
179.684,24555,1.236461
179.737,24641,1.240792
179.789,24735,1.245525
179.841,24841,1.250863
179.894,24967,1.257208
179.946,25119,1.264862
179.998,25241,1.271005
180.05,25366,1.277299
180.102,25514,1.284752
180.155,25610,1.289586
180.207,25670,1.292607
180.259,25682,1.293211
180.311,25678,1.29301
180.363,25658,1.292003
180.416,25670,1.292607
180.468,25489,1.283493
180.52,25091,1.263452
180.573,24693,1.24341
180.625,24339,1.225585
180.677,24001,1.208565
180.729,23609,1.188826
180.781,23199,1.16818
180.834,22815,1.148844
180.886,22643,1.140183
180.938,22617,1.138874
180.991,22583,1.137162
181.043,22537,1.134846
181.095,22531,1.134543
181.148,22531,1.134543
181.2,22533,1.134644
181.252,22519,1.133939
181.304,22511,1.133536
181.356,22563,1.136155
181.408,22553,1.135651
181.461,22523,1.13414
181.513,22487,1.132328
181.565,22501,1.133033
181.617,22529,1.134443
181.669,22501,1.133033
181.722,22453,1.130616
181.774,22413,1.128601
181.826,22411,1.128501
181.879,22409,1.1284
181.93,22385,1.127192
181.983,22349,1.125379
182.035,22313,1.123566
182.087,22341,1.124976
182.139,22333,1.124573
182.191,22295,1.12266
182.243,22301,1.122962
182.296,22363,1.126084
182.348,22373,1.126587
182.4,22357,1.125782
182.453,22365,1.126184
182.505,22369,1.126386
182.557,22399,1.127896
182.609,22431,1.129508
182.661,22407,1.128299
182.714,22353,1.12558
182.766,22399,1.127896
182.818,22415,1.128702
182.871,22383,1.127091
182.923,22359,1.125882
182.975,22361,1.125983
183.028,22347,1.125278
183.08,22313,1.123566
183.132,22295,1.12266
183.184,22261,1.120948
183.236,22285,1.122156
183.288,22315,1.123667
183.341,22291,1.122458
183.393,22271,1.121451
183.445,22297,1.12276
183.498,22355,1.125681
183.55,22351,1.125479
183.602,22323,1.12407
183.654,22309,1.123365
183.706,22333,1.124573
183.758,22363,1.126084
183.81,22375,1.126688
183.862,22329,1.124372
183.914,22335,1.124674
183.966,22419,1.128904
184.018,22435,1.129709
184.07,22407,1.128299
184.123,22381,1.12699
184.175,22425,1.129206
184.227,22433,1.129609
184.279,22435,1.129709
184.331,22415,1.128702
184.383,22377,1.126789
184.435,22357,1.125782
184.488,22391,1.127494
184.54,22379,1.126889
184.592,22319,1.123868
184.645,22309,1.123365
184.697,22351,1.125479
184.749,22355,1.125681
184.802,22299,1.122861
184.854,22331,1.124472
184.906,22347,1.125278
184.958,22363,1.126084
185.011,22387,1.127292
185.063,22339,1.124875
185.115,22313,1.123566
185.167,22329,1.124372
185.219,22353,1.12558
185.271,22323,1.12407
185.323,22289,1.122358
185.375,22295,1.12266
185.427,22315,1.123667
185.479,22347,1.125278
185.532,22319,1.123868
185.584,22327,1.124271
185.636,22363,1.126084
185.689,22367,1.126285
185.741,22345,1.125177
185.793,22311,1.123465
185.845,22283,1.122055
185.897,22329,1.124372
185.949,22373,1.126587
186.001,22321,1.123969
186.054,22299,1.122861
186.106,22261,1.120948
186.158,22285,1.122156
186.21,22305,1.123163
186.263,22259,1.120847
186.315,22165,1.116114
186.367,22163,1.116013
186.42,22181,1.116919
186.472,22133,1.114502
186.524,22149,1.115308
186.577,22165,1.116114
186.629,22143,1.115006
186.681,22121,1.113898
186.733,22157,1.115711
186.785,22097,1.112689
186.838,22101,1.112891
186.89,22093,1.112488
186.942,22067,1.111179
186.994,22047,1.110172
187.046,22089,1.112286
187.099,22133,1.114502
187.151,22105,1.113092
187.203,22147,1.115207
187.256,22147,1.115207
187.308,22187,1.117221
187.36,22209,1.118329
187.412,22159,1.115811
187.464,22117,1.113697
187.517,22141,1.114905
187.569,22155,1.11561
187.621,22113,1.113495
187.673,22073,1.111481
187.725,22059,1.110776
187.778,22093,1.112488
187.83,22105,1.113092
187.882,22063,1.110977
187.934,22007,1.108158
187.986,22005,1.108057
188.039,22031,1.109366
188.091,22009,1.108258
188.143,21965,1.106043
188.195,21945,1.105035
188.247,22009,1.108258
188.3,22089,1.112286
188.352,22133,1.114502
188.404,22139,1.114804
188.456,22289,1.122358
188.508,22619,1.138975
188.561,23077,1.162037
188.613,23573,1.187013
188.665,24083,1.212694
188.718,24693,1.24341
188.77,25243,1.271106
188.822,25793,1.298801
188.875,26187,1.31864
188.927,26594,1.339135
188.979,26978,1.358471
189.031,27316,1.375491
189.083,27584,1.388986
189.135,27650,1.392309
189.187,27856,1.402683
189.239,27996,1.409732
189.292,28026,1.411243
189.344,27730,1.396338
189.396,27068,1.363003
189.449,26241,1.32136
189.501,25683,1.293262
189.553,25305,1.274228
189.606,24943,1.255999
189.658,24629,1.240188
189.71,24483,1.232836
189.763,24453,1.231325
189.815,24727,1.245122
189.867,25175,1.267681
189.919,25380,1.278004
189.971,25542,1.286162
190.024,25696,1.293916
190.076,25926,1.305498
190.128,26150,1.316777
190.181,26486,1.333696
190.233,26812,1.350112
190.285,27226,1.370959
190.337,27810,1.400366
190.389,28436,1.431888
190.441,28960,1.458274
190.493,29490,1.484962
190.546,30066,1.513967
190.598,30646,1.543172
190.65,31095,1.565782
190.703,31397,1.580989
190.755,31601,1.591261
190.807,31757,1.599117
190.859,31941,1.608382
190.911,32063,1.614525
190.963,32113,1.617043
191.015,32143,1.618553
191.067,32285,1.625704
191.119,32443,1.63366
191.172,32505,1.636782
191.224,32583,1.64071
191.276,32719,1.647558
191.328,32917,1.657528
191.38,33081,1.665786
191.432,33213,1.672433
191.484,33337,1.678677
191.536,33501,1.686935
191.588,33746,1.699272
191.641,33944,1.709242
191.693,34092,1.716695
191.745,34274,1.725859
191.798,34442,1.734319
191.85,34580,1.741268
191.902,34644,1.744491
191.955,34736,1.749123
192.007,34804,1.752547
192.059,34896,1.75718
192.112,34996,1.762216
192.164,35066,1.76574
192.216,35172,1.771078
192.269,35334,1.779236
192.321,35496,1.787393
192.373,35594,1.792328
192.425,35702,1.797766
192.477,35826,1.80401
192.529,35950,1.810254
192.581,36010,1.813275
192.634,36034,1.814484
192.686,36128,1.819217
192.738,36262,1.825965
192.791,36340,1.829892
192.843,36346,1.830194
192.895,36356,1.830698
192.948,36370,1.831403
193.0,36320,1.828885
193.052,36204,1.823044
193.105,35744,1.799881
193.157,35221,1.773545
193.209,34703,1.747462
193.262,34197,1.721982
193.314,33621,1.692978
193.366,33071,1.665283
193.419,32619,1.642522
193.471,32195,1.621172
193.523,32033,1.613014
193.576,31961,1.609389
193.628,31961,1.609389
193.68,31935,1.60808
193.733,31925,1.607576
193.785,31897,1.606166
193.837,31869,1.604756
193.889,31905,1.606569
193.941,31889,1.605763
193.994,31889,1.605763
194.046,31863,1.604454
194.098,31877,1.605159
194.15,31919,1.607274
194.202,31901,1.606368
194.254,31869,1.604756
194.307,31849,1.603749
194.359,31865,1.604555
194.411,31841,1.603346
194.464,31811,1.601836
194.516,31793,1.600929
194.568,31743,1.598412
194.621,31757,1.599117
194.673,31725,1.597505
194.725,31695,1.595994
194.778,31707,1.596599
194.83,31703,1.596397
194.882,31687,1.595592
194.934,31657,1.594081
194.986,31675,1.594987
195.039,31683,1.59539
195.091,31695,1.595994
195.143,31679,1.595189
195.196,31661,1.594282
195.248,31689,1.595692
195.3,31717,1.597102
195.352,31721,1.597304
195.404,31697,1.596095
195.456,31685,1.595491
195.508,31721,1.597304
195.561,31731,1.597807
195.613,31657,1.594081
195.665,31635,1.592973
195.718,31657,1.594081
195.77,31675,1.594987
195.822,31633,1.592872
195.875,31649,1.593678
195.927,31651,1.593779
195.979,31675,1.594987
196.031,31729,1.597707
196.083,31703,1.596397
196.136,31677,1.595088
196.188,31699,1.596196
196.24,31735,1.598009
196.293,31693,1.595894
196.345,31665,1.594484
196.397,31665,1.594484
196.45,31667,1.594585
196.502,31673,1.594887
196.554,31647,1.593578
196.606,31631,1.592772
196.658,31657,1.594081
196.711,31643,1.593376
196.763,31647,1.593578
196.815,31635,1.592973
196.867,31623,1.592369
196.919,31677,1.595088
196.971,31703,1.596397
197.024,31655,1.59398
197.076,31649,1.593678
197.128,31691,1.595793
197.181,31695,1.595994
197.233,31665,1.594484
197.285,31677,1.595088
197.338,31677,1.595088
197.39,31661,1.594282
197.442,31663,1.594383
197.494,31631,1.592772
197.546,31625,1.59247
197.599,31635,1.592973
197.651,31637,1.593074
197.703,31611,1.591765
197.755,31551,1.588743
197.807,31571,1.58975
197.859,31597,1.59106
197.912,31609,1.591664
197.964,31569,1.58965
198.016,31543,1.58834
198.068,31585,1.590456
198.12,31619,1.592168
198.172,31611,1.591765
198.225,31571,1.58975
198.277,31585,1.590456
198.329,31607,1.591563
198.382,31601,1.591261
198.434,31557,1.589046
198.486,31505,1.586427
198.538,31515,1.586931
198.59,31519,1.587132
198.642,31501,1.586226
198.694,31465,1.584413
198.746,31433,1.582802
198.799,31423,1.582298
198.851,31415,1.581895
198.903,31363,1.579277
198.955,31269,1.574543
199.007,31245,1.573335
199.059,31267,1.574443
199.112,31247,1.573436
199.164,31301,1.576155
199.216,31463,1.584312
199.268,31809,1.601735
199.32,32231,1.622985
199.373,32687,1.645946
199.425,33083,1.665887
199.477,33575,1.690661
199.53,34093,1.716745
199.582,34617,1.743131
199.634,35114,1.768157
199.687,35606,1.792932
199.739,36138,1.819721
199.791,36726,1.849329
199.843,37390,1.882765
199.895,37990,1.912978
199.948,38624,1.944903
200.0,39168,1.972296
200.052,39623,1.995207
200.105,39933,2.010817
200.157,40197,2.024111
200.209,40375,2.033074
200.261,40453,2.037001
200.313,40469,2.037807
200.365,40521,2.040426
200.417,40615,2.045159
200.47,40745,2.051705
200.522,40853,2.057144
200.574,40955,2.06228
200.627,41139,2.071545
200.679,41453,2.087356
200.731,41753,2.102463
200.783,41950,2.112383
200.835,42128,2.121346
200.888,42358,2.132928
200.94,42566,2.143401
200.992,42708,2.150552
201.045,42772,2.153774
201.097,42760,2.15317
201.149,42818,2.15609
201.201,42906,2.160522
201.253,42936,2.162032
201.305,42912,2.160824
201.357,42974,2.163946
201.409,43086,2.169586
201.461,43144,2.172506
201.513,43190,2.174822
201.566,43232,2.176937
201.618,43302,2.180462
201.67,43380,2.18439
201.722,43418,2.186303
201.774,43384,2.184592
201.827,43364,2.183584
201.879,43404,2.185599
201.931,43424,2.186606
201.984,43386,2.184692
202.036,43368,2.183786
202.088,43410,2.185901
202.14,43478,2.189325
202.192,43552,2.193051
202.244,43550,2.19295
202.296,43558,2.193353
202.349,43634,2.19718
202.401,43706,2.200806
202.453,43730,2.202014
202.506,43764,2.203726
202.558,43836,2.207352
202.61,43888,2.20997
202.661,43962,2.213696
202.713,43974,2.214301
202.765,43976,2.214402
202.817,44022,2.216718
202.869,44084,2.21984
202.921,44074,2.219336
202.973,44032,2.217221
203.025,44052,2.218228
203.077,44096,2.220444
203.129,44168,2.224069
203.181,44184,2.224875
203.233,44158,2.223566
203.285,44130,2.222156
203.337,44188,2.225076
203.389,44232,2.227292
203.441,44210,2.226184
203.493,44170,2.22417
203.546,44166,2.223969
203.598,44220,2.226688
203.65,44264,2.228904
203.703,44270,2.229206
203.755,44252,2.228299
203.807,44268,2.229105
203.859,44328,2.232126
203.911,44358,2.233637
203.964,44086,2.21994
204.016,43658,2.198388
204.068,43258,2.178246
204.12,42861,2.158256
204.172,42427,2.136402
204.224,41987,2.114246
204.276,41529,2.091184
204.328,41115,2.070336
204.38,40973,2.063186
204.432,40937,2.061373
204.484,40845,2.056741
204.536,40849,2.056942
204.588,40863,2.057647
204.641,40857,2.057345
204.693,40823,2.055633
204.745,40809,2.054928
204.798,40809,2.054928
204.85,40817,2.055331
204.902,40853,2.057144
204.954,40817,2.055331
205.006,40805,2.054727
205.058,40811,2.055029
205.111,40831,2.056036
205.163,40807,2.054827
205.215,40781,2.053518
205.267,40783,2.053618
205.319,40815,2.05523
205.372,40813,2.055129
205.424,40785,2.053719
205.476,40773,2.053115
205.529,40789,2.053921
205.581,40797,2.054324
205.633,40781,2.053518
205.685,40765,2.052712
205.737,40755,2.052209
205.789,40791,2.054021
205.841,40799,2.054424
205.894,40771,2.053014
205.946,40749,2.051906
205.998,40763,2.052611
206.051,40779,2.053417
206.103,40729,2.0509
206.155,40713,2.050094
206.207,40695,2.049188
206.259,40719,2.050396
206.311,40691,2.048986
206.363,40693,2.049086
206.415,40691,2.048986
206.467,40697,2.049288
206.519,40765,2.052712
206.571,40765,2.052712
206.623,40739,2.051403
206.676,40727,2.050799
206.728,40797,2.054324
206.78,40787,2.05382
206.832,40751,2.052007
206.884,40733,2.051101
206.937,40717,2.050295
206.989,40735,2.051202
207.041,40733,2.051101
207.094,40725,2.050698
207.146,40701,2.04949
207.198,40727,2.050799
207.251,40743,2.051604
207.303,40757,2.052309
207.355,40769,2.052914
207.408,40779,2.053417
207.46,40823,2.055633
207.512,40813,2.055129
207.564,40793,2.054122
207.616,40769,2.052914
207.668,40799,2.054424
207.72,40783,2.053618
207.772,40747,2.051806
207.825,40727,2.050799
207.877,40705,2.049691
207.929,40731,2.051
207.98,40751,2.052007
208.032,40735,2.051202
208.084,40695,2.049188
208.136,40713,2.050094
208.189,40755,2.052209
208.241,40711,2.049993
208.293,40683,2.048583
208.346,40665,2.047677
208.398,40689,2.048885
208.45,40711,2.049993
208.502,40705,2.049691
208.554,40635,2.046166
208.606,40603,2.044555
208.658,40657,2.047274
208.71,40683,2.048583
208.762,40653,2.047072
208.814,40603,2.044555
208.866,40613,2.045058
208.918,40653,2.047072
208.97,40731,2.051
209.022,40705,2.049691
209.074,40647,2.04677
209.126,40629,2.045864
209.178,40671,2.047979
209.23,40685,2.048684
209.282,40625,2.045663
209.334,40565,2.042641
209.386,40525,2.040627
209.438,40565,2.042641
209.491,40589,2.04385
209.542,40535,2.041131
209.594,40491,2.038915
209.646,40485,2.038613
209.699,40539,2.041332
209.751,40573,2.043044
209.803,40555,2.042138
209.855,40545,2.041634
209.907,40565,2.042641
209.96,40633,2.046065
210.012,40641,2.046468
210.064,40615,2.045159
210.116,40597,2.044253
210.169,40627,2.045763
210.221,40647,2.04677
210.273,40609,2.044857
210.326,40589,2.04385
210.377,40609,2.044857
210.43,40603,2.044555
210.482,40611,2.044958
210.534,40575,2.043145
210.586,40541,2.041433
210.638,40581,2.043447
210.69,40621,2.045461
210.742,40605,2.044656
210.794,40555,2.042138
210.847,40583,2.043548
210.899,40619,2.04536
210.951,40633,2.046065
211.004,40603,2.044555
211.056,40565,2.042641
211.108,40575,2.043145
211.16,40597,2.044253
211.212,40589,2.04385
211.264,40553,2.042037
211.316,40541,2.041433
211.368,40585,2.043648
211.42,40617,2.04526
211.472,40597,2.044253
211.524,40541,2.041433
211.576,40527,2.040728
211.628,40585,2.043648
211.68,40601,2.044454
211.732,40567,2.042742
211.784,40507,2.039721
211.836,40505,2.03962
211.888,40541,2.041433
211.94,40573,2.043044
211.992,40557,2.042238
212.044,40503,2.039519
212.096,40511,2.039922
212.148,40559,2.042339
212.201,40591,2.04395
212.253,40563,2.04254
212.305,40529,2.040829
212.357,40511,2.039922
212.409,40543,2.041534
212.462,40545,2.041634
212.514,40501,2.039419
212.566,40435,2.036095
212.619,40417,2.035189
212.671,40383,2.033476
212.723,40381,2.033376
212.775,40363,2.03247
212.827,40331,2.030858
212.879,40335,2.03106
212.931,40377,2.033174
212.983,40355,2.032067
213.036,40355,2.032067
213.088,40447,2.036699
213.14,40475,2.038109
213.193,40521,2.040426
213.245,40583,2.043548
213.297,40669,2.047878
213.35,40715,2.050194
213.402,40821,2.055532
213.454,40881,2.058554
213.506,40893,2.059158
213.558,40981,2.063589
213.61,40993,2.064193
213.662,40877,2.058352
213.714,40771,2.053014
213.766,40771,2.053014
213.818,40771,2.053014
213.87,40725,2.050698
213.922,40673,2.04808
213.974,40605,2.044656
214.026,40627,2.045763
214.078,40829,2.055935
214.131,40979,2.063488
214.183,40945,2.061776
214.235,40819,2.055432
214.287,40751,2.052007
214.339,40625,2.045663
214.392,40429,2.035793
214.444,40213,2.024916
214.496,39901,2.009206
214.549,39623,1.995207
214.601,39391,1.983525
214.653,39197,1.973756
214.706,38969,1.962275
214.758,38785,1.95301
214.81,38661,1.946766
214.862,38503,1.93881
214.914,38351,1.931156
214.966,38145,1.920783
215.018,37971,1.912021
215.07,37817,1.904266
215.122,37655,1.896109
215.174,37527,1.889664
215.226,37419,1.884225
215.278,37365,1.881506
215.33,37337,1.880096
215.382,37351,1.880801
215.434,37463,1.886441
215.486,37673,1.897015
215.539,37955,1.911215
215.591,38273,1.927228
215.643,38553,1.941327
215.695,38903,1.958952
215.747,39359,1.981913
215.8,39857,2.00699
215.851,40293,2.028945
215.903,40637,2.046267
215.955,40977,2.063387
216.008,41335,2.081414
216.06,41729,2.101254
216.112,42102,2.120037
216.164,42422,2.13615
216.216,42774,2.153875
216.269,43218,2.176232
216.321,43666,2.198792
216.373,44070,2.219135
216.425,44436,2.237564
216.477,44856,2.258714
216.529,45214,2.276741
216.581,45374,2.284798
216.634,45348,2.283488
216.686,45268,2.27946
216.738,45250,2.278554
216.791,45244,2.278252
216.843,45214,2.276741
216.895,45158,2.273921
216.947,45160,2.274022
216.999,45306,2.281373
217.052,45500,2.291142
217.104,45676,2.300004
217.156,45843,2.308414
217.208,46055,2.319089
217.26,46229,2.327851
217.312,46335,2.333188
217.365,46451,2.33903
217.417,46671,2.350108
217.469,46965,2.364912
217.521,47177,2.375587
217.573,47339,2.383745
217.626,47489,2.391298
217.678,47799,2.406908
217.73,48105,2.422316
217.783,48321,2.433193
217.835,48439,2.439135
217.887,48547,2.444573
217.939,48723,2.453436
217.991,48915,2.463104
218.044,49027,2.468743
218.096,49047,2.46975
218.148,49139,2.474383
218.2,49315,2.483246
218.252,49463,2.490698
218.305,49591,2.497144
218.357,49727,2.503992
218.409,49889,2.512149
218.461,50060,2.52076
218.513,50150,2.525292
218.565,50174,2.5265
218.617,50186,2.527105
218.669,50192,2.527407
218.721,50160,2.525796
218.773,50042,2.519853
218.825,49908,2.513106
218.877,49826,2.508977
218.929,49800,2.507668
218.981,49770,2.506157
219.033,49660,2.500618
219.085,49592,2.497194
219.137,49564,2.495784
219.189,49628,2.499006
219.241,49666,2.50092
219.292,49670,2.501122
219.344,49642,2.499712
219.396,49626,2.498906
219.448,49672,2.501222
219.5,49676,2.501424
219.552,49624,2.498805
219.604,49560,2.495582
219.656,49552,2.49518
219.708,49580,2.49659
219.76,49624,2.498805
219.812,49628,2.499006
219.864,49578,2.496489
219.916,49564,2.495784
219.968,49576,2.496388
220.02,49313,2.483145
220.072,48947,2.464715
220.124,48551,2.444774
220.176,48167,2.425438
220.228,47869,2.410432
220.28,47567,2.395225
220.332,47227,2.378105
220.384,46891,2.361186
220.436,46823,2.357761
220.488,46865,2.359876
220.54,46909,2.362092
220.592,46911,2.362193
220.644,46849,2.359071
220.696,46835,2.358366
220.748,46851,2.359171
220.8,46897,2.361488
220.852,46905,2.36189
220.904,46863,2.359776
220.956,46849,2.359071
221.008,46887,2.360984
221.06,46931,2.3632
221.112,46929,2.363099
221.164,46889,2.361085
221.216,46873,2.360279
221.268,46905,2.36189
221.32,46933,2.3633
221.372,46921,2.362696
221.424,46889,2.361085
221.476,46865,2.359876
221.528,46881,2.360682
221.58,46925,2.362898
221.632,46915,2.362394
221.684,46879,2.360581
221.736,46841,2.358668
221.788,46871,2.360178
221.84,46903,2.36179
221.892,46903,2.36179
221.944,46869,2.360078
221.996,46847,2.35897
222.047,46861,2.359675
222.099,46903,2.36179
222.151,46943,2.363804
222.203,46905,2.36189
222.255,46875,2.36038
222.306,46885,2.360884
222.358,46921,2.362696
222.41,46945,2.363905
222.462,46937,2.363502
222.514,46885,2.360884
222.566,46875,2.36038
222.617,46901,2.361689
222.669,46951,2.364207
222.721,46959,2.36461
222.773,46921,2.362696
222.825,46909,2.362092
222.877,46939,2.363603
222.929,46987,2.36602
222.981,47021,2.367732
223.033,47015,2.36743
223.085,46961,2.36471
223.137,46955,2.364408
223.189,47027,2.368034
223.241,47047,2.369041
223.293,47009,2.367128
223.345,46971,2.365214
223.397,46941,2.363703
223.449,46961,2.36471
223.501,46993,2.366322
223.553,46965,2.364912
223.605,46879,2.360581
223.657,46851,2.359171
223.709,46875,2.36038
223.76,46905,2.36189
223.812,46901,2.361689
223.864,46861,2.359675
223.916,46841,2.358668
223.968,46869,2.360078
224.02,46915,2.362394
224.072,46905,2.36189
224.124,46889,2.361085
224.176,46839,2.358567
224.228,46859,2.359574
224.28,46891,2.361186
224.332,46907,2.361991
224.384,46879,2.360581
224.436,46855,2.359373
224.488,46867,2.359977
224.54,46885,2.360884
224.592,46897,2.361488
224.644,46831,2.358164
224.696,46797,2.356452
224.748,46779,2.355546
224.8,46817,2.357459
224.852,46809,2.357057
224.904,46761,2.35464
224.956,46695,2.351316
225.008,46725,2.352827
225.06,46783,2.355747
225.112,46785,2.355848
225.164,46737,2.353431
225.216,46693,2.351215
225.268,46717,2.352424
225.32,46773,2.355244
225.372,46797,2.356452
225.424,46745,2.353834
225.476,46711,2.352122
225.528,46725,2.352827
225.58,46781,2.355647
225.632,46785,2.355848
225.684,46735,2.35333
225.736,46691,2.351114
225.788,46713,2.352222
225.84,46757,2.354438
225.892,46773,2.355244
225.944,46679,2.35051
225.996,46617,2.347388
226.048,46563,2.344669
226.1,46561,2.344568
226.152,46529,2.342957
226.204,46487,2.340842
226.256,46453,2.33913
226.308,46467,2.339835
226.36,46571,2.345072
226.412,46649,2.349
226.464,46767,2.354942
226.516,46881,2.360682
226.568,46977,2.365516
226.62,47063,2.369846
226.672,47223,2.377903
226.724,47339,2.383745
226.776,47481,2.390895
226.828,47659,2.399858
226.88,47865,2.410231
226.932,48059,2.42
226.983,48335,2.433898
227.035,48565,2.44548
227.087,48747,2.454644
227.139,48985,2.466628
227.191,49209,2.477908
227.243,49395,2.487274
227.295,49591,2.497144
227.347,49841,2.509732
227.399,50161,2.525846
227.451,50546,2.545232
227.503,50886,2.562353
227.555,51198,2.578064
227.607,51498,2.59317
227.658,51834,2.610089
227.71,52122,2.624591
227.762,52330,2.635065
227.814,52404,2.638792
227.866,52474,2.642316
227.918,52578,2.647553
227.97,52670,2.652186
228.022,52742,2.655811
228.074,52750,2.656214
228.126,52774,2.657423
228.178,52840,2.660746
228.23,52928,2.665177
228.282,52986,2.668098
228.334,52990,2.6683
228.386,53008,2.669206
228.438,53066,2.672126
228.49,53150,2.676356
228.542,53178,2.677766
228.594,53158,2.676759
228.646,53150,2.676356
228.698,53166,2.677162
228.75,53202,2.678974
228.802,53196,2.678672
228.854,53152,2.676457
228.906,53104,2.67404
228.958,53132,2.67545
229.01,53190,2.67837
229.062,53196,2.678672
229.114,53168,2.677262
229.166,53154,2.676558
229.218,53192,2.678471
229.27,53160,2.67686
229.322,52962,2.66689
229.374,52674,2.652387
229.426,52346,2.635871
229.478,52094,2.623182
229.53,51870,2.611902
229.582,51592,2.597903
229.634,51274,2.58189
229.686,51066,2.571417
229.738,51036,2.569906
229.79,51068,2.571518
229.842,51092,2.572726
229.894,51064,2.571316
229.946,51062,2.571215
229.998,51106,2.573431
230.05,51162,2.576251
230.102,51176,2.576956
230.154,51150,2.575647
230.206,51122,2.574237
230.258,51170,2.576654
230.31,51204,2.578366
230.362,51206,2.578466
230.414,51178,2.577056
230.466,51148,2.575546
230.518,51166,2.576452
230.57,51212,2.578768
230.622,51220,2.579172
230.674,51166,2.576452
230.726,51152,2.575747
230.778,51156,2.575949
230.83,51202,2.578265
230.882,51210,2.578668
230.934,51174,2.576855
230.986,51148,2.575546
231.038,51166,2.576452
231.09,51218,2.57907
231.142,51220,2.579172
231.194,51170,2.576654
231.246,51156,2.575949
231.298,51192,2.577762
231.35,51224,2.579373
231.402,51228,2.579574
231.454,51206,2.578466
231.506,51182,2.577258
231.558,51216,2.57897
231.609,51282,2.582293
231.661,51268,2.581588
231.713,51230,2.579675
231.765,51202,2.578265
231.817,51214,2.578869
231.869,51244,2.58038
231.92,51266,2.581488
231.972,51216,2.57897
232.023,51164,2.576352
232.075,51148,2.575546
232.127,51156,2.575949
232.179,51200,2.578164
232.231,51188,2.57756
232.282,51174,2.576855
232.334,51138,2.575042
232.386,51120,2.574136
232.438,51148,2.575546
232.49,51178,2.577056
232.542,51168,2.576553
232.594,51108,2.573532
232.646,51094,2.572827
232.698,51096,2.572928
232.75,51112,2.573733
232.802,51130,2.57464
232.854,51098,2.573028
232.906,51068,2.571518
232.958,51060,2.571115
233.01,51108,2.573532
233.062,51106,2.573431
233.114,51058,2.571014
233.166,51032,2.569704
233.218,51060,2.571115
233.27,51092,2.572726
233.322,51076,2.57192
233.374,51038,2.570007
233.426,51012,2.568698
233.478,51034,2.569805
233.53,51082,2.572222
233.582,51082,2.572222
233.634,51042,2.570208
233.686,51018,2.569
233.738,51062,2.571215
233.79,51132,2.57474
233.842,51132,2.57474
233.894,51090,2.572625
233.946,51068,2.571518
233.998,51102,2.57323
234.05,51142,2.575244
234.102,51140,2.575143
234.154,51088,2.572524
234.206,51060,2.571115
234.258,51086,2.572424
234.31,51130,2.57464
234.362,51110,2.573632
234.414,51058,2.571014
234.466,51036,2.569906
234.518,51068,2.571518
234.57,51110,2.573632
234.622,51106,2.573431
234.674,51058,2.571014
234.726,51030,2.569604
234.778,51074,2.57182
234.83,51120,2.574136
234.882,51136,2.574942
234.934,51076,2.57192
234.986,51042,2.570208
235.038,51088,2.572524
235.09,51144,2.575344
235.142,51132,2.57474
235.194,51070,2.571618
235.246,51046,2.57041
235.298,51052,2.570712
235.35,51094,2.572827
235.402,51100,2.573129
235.454,51056,2.570913
235.506,51046,2.57041
235.558,51144,2.575344
235.61,51260,2.581186
235.662,51330,2.58471
235.714,51366,2.586523
235.766,51432,2.589847
235.818,51588,2.597702
235.87,51760,2.606363
235.922,51898,2.613312
235.974,51976,2.61724
236.026,52082,2.622577
236.078,52206,2.628821
236.13,52350,2.636072
236.182,52492,2.643222
236.234,52584,2.647855
236.286,52682,2.65279
236.337,52796,2.65853
236.389,52942,2.665882
236.441,53026,2.670112
236.493,53114,2.674543
236.545,53226,2.680183
236.597,53356,2.686729
236.649,53522,2.695088
236.701,53632,2.700627
236.753,53734,2.705763
236.805,53878,2.713014
236.857,54109,2.724646
236.909,54385,2.738544
236.961,54593,2.749018
237.013,54745,2.756672
237.065,54895,2.764225
237.117,55085,2.773793
237.169,55301,2.784669
237.221,55429,2.791115
237.273,55485,2.793934
237.325,55497,2.794539
237.377,55575,2.798466
237.429,55671,2.8033
237.481,55669,2.8032
237.533,55635,2.801488
237.585,55571,2.798265
237.637,55559,2.797661
237.689,55569,2.798164
237.741,55541,2.796754
237.793,55471,2.79323
237.845,55355,2.787388
237.897,55371,2.788194
237.949,55425,2.790913
238.001,55443,2.79182
238.053,55421,2.790712
238.105,55421,2.790712
238.157,55475,2.793431
238.209,55545,2.796956
238.261,55607,2.800078
238.313,55593,2.799373
238.365,55605,2.799977
238.417,55677,2.803602
238.469,55765,2.808034
238.521,55789,2.809242
238.573,55775,2.808538
238.625,55783,2.80894
238.677,55881,2.813875
238.729,55977,2.818709
238.781,55971,2.818407
238.833,55899,2.814782
238.885,55877,2.813674
238.937,55929,2.816292
238.989,55971,2.818407
239.041,55959,2.817803
239.093,55905,2.815084
239.145,55861,2.812868
239.197,55865,2.813069
239.249,55931,2.816393
239.301,55923,2.81599
239.353,55869,2.813271
239.405,55881,2.813875
239.457,55919,2.815788
239.509,55971,2.818407
239.561,55979,2.81881
239.613,55977,2.818709
239.665,55977,2.818709
239.717,56025,2.821126
239.769,56065,2.82314
239.821,56029,2.821328
239.873,55981,2.81891
239.925,55907,2.815184
239.977,55903,2.814983
240.029,55913,2.815486
240.081,55863,2.812968
240.133,55773,2.808437
240.185,55739,2.806725
240.237,55741,2.806825
240.289,55757,2.807631
240.341,55767,2.808134
240.393,55717,2.805617
240.445,55699,2.804711
240.497,55723,2.805919
240.549,55769,2.808236
240.601,55747,2.807128
240.653,55705,2.805013
240.705,55675,2.803502
240.757,55687,2.804106
240.809,55735,2.806523
240.861,55731,2.806322
240.913,55727,2.80612
240.965,55703,2.804912
241.017,55753,2.80743
241.069,55807,2.810149
241.121,55817,2.810652
241.173,55811,2.81035
241.225,55747,2.807128
241.277,55635,2.801488
241.329,55517,2.795546
241.381,55371,2.788194
241.433,55153,2.777217
241.485,54971,2.768052
241.537,54853,2.76211
241.589,54713,2.75506
241.641,54613,2.750025
241.693,54579,2.748313
241.745,54553,2.747004
241.797,54581,2.748414
241.849,54653,2.752039
241.901,54677,2.753248
241.953,54627,2.75073
242.004,54619,2.750327
242.056,54641,2.751435
242.108,54657,2.752241
242.16,54661,2.752442
242.212,54631,2.750932
242.264,54547,2.746702
242.316,54557,2.747205
242.368,54617,2.750226
242.42,54647,2.751737
242.472,54607,2.749723
242.524,54575,2.748112
242.576,54573,2.748011
242.628,54607,2.749723
242.68,54655,2.75214
242.731,54625,2.75063
242.783,54573,2.748011
242.835,54565,2.747608
242.887,54619,2.750327
242.939,54661,2.752442
242.991,54655,2.75214
243.042,54613,2.750025
243.094,54599,2.74932
243.146,54631,2.750932
243.198,54671,2.752946
243.25,54659,2.752342
243.302,54607,2.749723
243.354,54525,2.745594
243.406,54541,2.7464
243.458,54533,2.745997
243.51,54551,2.746903
243.562,54503,2.744486
243.614,54463,2.742472
243.666,54481,2.743378
243.718,54519,2.745292
243.77,54577,2.748212
243.822,54535,2.746098
243.874,54535,2.746098
243.926,54551,2.746903
243.978,54605,2.749622
244.03,54633,2.751032
244.082,54605,2.749622
244.134,54551,2.746903
244.186,54555,2.747105
244.238,54603,2.749522
244.29,54635,2.751133
244.342,54619,2.750327
244.394,54583,2.748514
244.446,54573,2.748011
244.498,54603,2.749522
244.55,54645,2.751636
244.602,54625,2.75063
244.654,54591,2.748917
244.706,54551,2.746903
244.758,54573,2.748011
244.81,54583,2.748514
244.862,54585,2.748615
244.914,54539,2.746299
244.966,54535,2.746098
245.018,54571,2.74791
245.07,54591,2.748917
245.122,54607,2.749723
245.174,54569,2.74781
245.226,54565,2.747608
245.278,54585,2.748615
245.33,54611,2.749924
245.382,54591,2.748917
245.434,54559,2.747306
245.486,54557,2.747205
245.538,54599,2.74932
245.59,54623,2.750528
245.642,54607,2.749723
245.694,54569,2.74781
245.746,54587,2.748716
245.798,54619,2.750327
245.85,54639,2.751334
245.902,54617,2.750226
245.954,54573,2.748011
246.006,54565,2.747608
246.058,54589,2.748817
246.11,54603,2.749522
246.162,54571,2.74791
246.214,54535,2.746098
246.266,54533,2.745997
246.318,54565,2.747608
246.37,54591,2.748917
246.422,54555,2.747105
246.474,54551,2.746903
246.526,54557,2.747205
246.578,54587,2.748716
246.63,54609,2.749824
246.682,54593,2.749018
246.734,54549,2.746802
246.786,54555,2.747105
246.838,54605,2.749622
246.89,54611,2.749924
246.942,54589,2.748817
246.994,54551,2.746903
247.046,54551,2.746903
247.098,54559,2.747306
247.15,54593,2.749018
247.202,54561,2.747407
247.254,54527,2.745695
247.306,54513,2.74499
247.358,54555,2.747105
247.41,54579,2.748313
247.462,54555,2.747105
247.514,54541,2.7464
247.566,54535,2.746098
247.618,54575,2.748112
247.67,54605,2.749622
247.722,54577,2.748212
247.774,54541,2.7464
247.826,54543,2.7465
247.878,54577,2.748212
247.93,54605,2.749622
247.982,54591,2.748917
248.034,54553,2.747004
248.086,54543,2.7465
248.138,54595,2.749119
248.19,54619,2.750327
248.242,54599,2.74932
248.294,54563,2.747507
248.346,54569,2.74781
248.398,54611,2.749924
248.45,54639,2.751334
248.502,54613,2.750025
248.554,54559,2.747306
248.606,54553,2.747004
248.658,54583,2.748514
248.71,54607,2.749723
248.762,54575,2.748112
248.814,54531,2.745896
248.866,54495,2.744084
248.918,54533,2.745997
248.97,54569,2.74781
249.022,54533,2.745997
249.074,54499,2.744285
249.126,54503,2.744486
249.178,54535,2.746098
249.23,54531,2.745896
249.282,54553,2.747004
249.334,54517,2.745191
249.386,54513,2.74499
249.438,54565,2.747608
249.49,54589,2.748817
249.542,54565,2.747608
249.594,54531,2.745896
249.646,54547,2.746702
249.698,54567,2.747709
249.75,54591,2.748917
249.802,54539,2.746299
249.854,54513,2.74499
249.906,54509,2.744788
249.958,54541,2.7464
250.01,54585,2.748615
250.062,54575,2.748112
250.114,54539,2.746299
250.166,54531,2.745896
250.218,54591,2.748917
250.27,54599,2.74932
250.322,54537,2.746198
250.374,54501,2.744386
250.426,54475,2.743076
250.478,54511,2.744889
250.53,54525,2.745594
250.582,54519,2.745292
250.634,54487,2.74368
250.686,54487,2.74368
250.738,54565,2.747608
250.79,54587,2.748716
250.842,54579,2.748313
250.894,54513,2.74499
250.946,54523,2.745493
250.998,54547,2.746702
251.05,54577,2.748212
251.102,54575,2.748112
251.154,54557,2.747205
251.206,54551,2.746903
251.258,54575,2.748112
251.31,54631,2.750932
251.362,54605,2.749622
251.414,54567,2.747709
251.466,54561,2.747407
251.518,54575,2.748112
251.57,54581,2.748414
251.622,54567,2.747709
251.674,54529,2.745796
251.726,54519,2.745292
251.778,54555,2.747105
251.83,54583,2.748514
251.882,54563,2.747507
251.934,54543,2.7465
251.986,54537,2.746198
252.038,54567,2.747709
252.09,54591,2.748917
252.142,54575,2.748112
252.194,54541,2.7464
252.246,54537,2.746198
252.298,54567,2.747709
252.35,54579,2.748313
252.402,54569,2.74781
252.454,54537,2.746198
252.506,54533,2.745997
252.558,54567,2.747709
252.61,54591,2.748917
252.662,54573,2.748011
252.714,54547,2.746702
252.766,54541,2.7464
252.818,54565,2.747608
252.87,54597,2.74922
252.922,54577,2.748212
252.974,54533,2.745997
253.026,54527,2.745695
253.078,54557,2.747205
253.13,54603,2.749522
253.182,54577,2.748212
253.234,54525,2.745594
253.286,54493,2.743982
253.338,54547,2.746702
253.39,54609,2.749824
253.442,54577,2.748212
253.494,54537,2.746198
253.546,54503,2.744486
253.598,54559,2.747306
253.65,54599,2.74932
253.702,54603,2.749522
253.754,54541,2.7464
253.806,54499,2.744285
253.858,54533,2.745997
253.91,54573,2.748011
253.962,54575,2.748112
254.014,54523,2.745493
254.066,54517,2.745191
254.118,54541,2.7464
254.17,54573,2.748011
254.222,54553,2.747004
254.274,54523,2.745493
254.326,54493,2.743982
254.378,54497,2.744184
254.43,54491,2.743882
254.482,54471,2.742875
254.534,54427,2.740659
254.586,54441,2.741364
254.638,54469,2.742774
254.69,54517,2.745191
254.742,54515,2.74509
254.794,54483,2.743479
254.846,54515,2.74509
254.898,54553,2.747004
254.95,54595,2.749119
255.002,54553,2.747004
255.054,54521,2.745392
255.106,54493,2.743982
255.158,54523,2.745493
255.21,54555,2.747105
255.262,54535,2.746098
255.314,54507,2.744688
255.366,54501,2.744386
255.418,54539,2.746299
255.47,54573,2.748011
255.522,54577,2.748212
255.574,54553,2.747004
255.626,54551,2.746903
255.678,54565,2.747608
255.73,54585,2.748615
255.782,54571,2.74791
255.834,54537,2.746198
255.886,54529,2.745796
255.938,54539,2.746299
255.99,54555,2.747105
256.042,54533,2.745997
256.094,54507,2.744688
256.146,54497,2.744184
256.198,54519,2.745292
256.25,54543,2.7465
256.302,54545,2.746601
256.354,54505,2.744587
256.406,54499,2.744285
256.458,54525,2.745594
256.51,54539,2.746299
256.562,54525,2.745594
256.614,54493,2.743982
256.666,54479,2.743278
256.718,54491,2.743882
256.77,54531,2.745896
256.822,54503,2.744486
256.874,54473,2.742976
256.926,54477,2.743177
256.978,54509,2.744788
257.03,54521,2.745392
257.082,54511,2.744889
257.134,54485,2.74358
257.186,54471,2.742875
257.238,54505,2.744587
257.29,54541,2.7464
257.342,54527,2.745695
257.394,54473,2.742976
257.446,54475,2.743076
257.498,54503,2.744486
257.55,54517,2.745191
257.602,54507,2.744688
257.654,54467,2.742673
257.706,54437,2.741162
257.758,54463,2.742472
257.81,54515,2.74509
257.862,54507,2.744688
257.914,54491,2.743882
257.966,54487,2.74368
258.018,54509,2.744788
258.07,54559,2.747306
258.122,54559,2.747306
258.174,54555,2.747105
258.226,54533,2.745997
258.278,54559,2.747306
258.33,54585,2.748615
258.382,54573,2.748011
258.434,54539,2.746299
258.486,54517,2.745191
258.538,54545,2.746601
258.59,54559,2.747306
258.642,54553,2.747004
258.694,54519,2.745292
258.746,54495,2.744084
258.798,54513,2.74499
258.85,54525,2.745594
258.902,54507,2.744688
258.954,54473,2.742976
259.006,54451,2.741868
259.058,54473,2.742976
259.11,54535,2.746098
259.162,54505,2.744587
259.214,54477,2.743177
259.266,54497,2.744184
259.318,54529,2.745796
259.37,54575,2.748112
259.422,54565,2.747608
259.474,54533,2.745997
259.526,54493,2.743982
259.578,54537,2.746198
259.63,54575,2.748112
259.682,54557,2.747205
259.734,54523,2.745493
259.786,54481,2.743378
259.838,54505,2.744587
259.89,54547,2.746702
259.942,54529,2.745796
259.994,54495,2.744084
260.046,54457,2.74217
260.103,54439,2.741263
260.155,54445,2.741566
260.207,54485,2.74358
260.259,54481,2.743378
260.311,54461,2.742371
260.363,54457,2.74217
260.415,54465,2.742573
260.467,54491,2.743882
260.519,54545,2.746601
260.571,54569,2.74781
260.623,54523,2.745493
260.675,54513,2.74499
260.727,54519,2.745292
260.779,54559,2.747306
260.831,54591,2.748917
260.883,54571,2.74791
260.935,54531,2.745896
260.987,54531,2.745896
261.039,54571,2.74791
261.091,54603,2.749522
261.143,54565,2.747608
261.195,54521,2.745392
261.247,54515,2.74509
261.299,54547,2.746702
261.351,54567,2.747709
261.403,54539,2.746299
261.455,54513,2.74499
261.507,54473,2.742976
261.559,54529,2.745796
261.611,54561,2.747407
261.663,54533,2.745997
261.715,54497,2.744184
261.767,54489,2.743781
261.819,54525,2.745594
261.871,54541,2.7464
261.923,54533,2.745997
261.975,54459,2.742271
262.027,54449,2.741767
262.079,54487,2.74368
262.131,54513,2.74499
262.183,54501,2.744386
262.235,54465,2.742573
262.287,54459,2.742271
262.339,54507,2.744688
262.391,54563,2.747507
262.443,54539,2.746299
262.495,54499,2.744285
262.547,54493,2.743982
262.599,54513,2.74499
262.651,54541,2.7464
262.703,54511,2.744889
262.755,54477,2.743177
262.807,54461,2.742371
262.859,54505,2.744587
262.911,54527,2.745695
262.963,54521,2.745392
263.015,54489,2.743781
263.067,54483,2.743479
263.119,54521,2.745392
263.171,54521,2.745392
263.223,54521,2.745392
263.275,54479,2.743278
263.327,54477,2.743177
263.379,54493,2.743982
263.431,54533,2.745997
263.483,54517,2.745191
263.535,54483,2.743479
263.587,54493,2.743982
263.639,54519,2.745292
263.691,54553,2.747004
263.743,54525,2.745594
263.795,54507,2.744688
263.847,54495,2.744084
263.899,54497,2.744184
263.951,54545,2.746601
264.003,54525,2.745594
264.055,54485,2.74358
264.107,54477,2.743177
264.159,54513,2.74499
264.211,54535,2.746098
264.263,54515,2.74509
264.315,54505,2.744587
264.367,54479,2.743278
264.419,54507,2.744688
264.471,54531,2.745896
264.523,54537,2.746198
264.575,54515,2.74509
264.627,54507,2.744688
264.679,54547,2.746702
264.731,54589,2.748817
264.783,54707,2.754758
264.835,54915,2.765232
264.887,55133,2.77621
264.939,55345,2.786885
264.991,55579,2.798668
265.043,55787,2.809142
265.095,55965,2.818105
265.147,56171,2.828478
265.199,56275,2.833715
265.251,56283,2.834118
265.303,56269,2.833413
265.355,56249,2.832406
265.407,56205,2.83019
265.458,56199,2.829888
265.51,56223,2.831096
265.562,56219,2.830895
265.614,56185,2.829183
265.666,56171,2.828478
265.718,56163,2.828075
265.77,56183,2.829082
265.822,56213,2.830593
265.874,56209,2.830392
265.926,56175,2.828679
265.978,56165,2.828176
